2026-10-05 07:13:53 === run pusht_vit (vit) started 2026-10-05 07:13:53 ===
2026-10-05 07:13:53 config: {"run_name": "pusht_vit", "out_dir": "/home/world-models/lewm-cus/checkpoints/pusht", "exp_id": "vit", "seed": 3072, "device": "cuda", "compile": false, "data": {"task": "pusht", "h5_path": "/home/world-models/.stable_worldmodel/datasets/pusht/pusht_expert_train.h5", "frameskip": 5, "history": 3, "num_preds": 1, "img_size": 224, "obs_key": "pixels", "train_stride": 2, "val_stride": 5, "max_episodes": null, "val_episodes": 1000, "stats_path": null, "stats_max_rows": 200000, "rdcc_mb": 256}, "model": {"encoder": "vit", "freeze_encoder": false, "vit_name": "vit_tiny_patch16_224", "vit_pretrained": false, "vit_pool": "cls", "dino_name": "dinov2_vits14", "dino_tokens": "patch", "dino_img_size": 196, "mlp_hidden": 512, "embed_dim": 192, "act_smooth_dim": 64, "act_mlp_scale": 4, "depth": 6, "heads": 16, "dim_head": 64, "mlp_dim": 2048, "dropout": 0.1, "use_projector": true, "proj_hidden": 2048, "proj_norm": "batch"}, "optim": {"epochs": 100, "stop_epoch": 6, "batch_size": 128, "lr": 5e-05, "weight_decay": 0.001, "betas": [0.9, 0.999], "warmup_epochs": 2.0, "min_lr_scale": 0.01, "grad_clip": 1.0, "amp_dtype": "bf16", "num_workers": 12, "prefetch_factor": 4, "persistent_workers": true, "pin_memory": true, "steps_per_epoch": 2000, "val_steps": 100, "log_every": 20, "ckpt_every": 1, "select_metric": "pred_vs_static"}, "loss": {"use_sigreg": true, "sigreg_weight": 0.09, "sigreg_knots": 17, "sigreg_proj": 1024}, "wandb": {"enabled": false, "project": "lewm-cus", "entity": null, "name": null, "mode": "online"}}
2026-10-05 07:14:14 [     20] train/loss=3.522  train/pred_loss=0.2513  train/sigreg_loss=36.35  train/emb_std=0.3231  train/emb_norm=4.779  train/pred_vs_static=1.914  train/grad_norm=6.531  train/lr=1.312e-07  train/samples_per_sec=123.9
2026-10-05 07:14:23 [     40] train/loss=3.472  train/pred_loss=0.2546  train/sigreg_loss=35.79  train/emb_std=0.3311  train/emb_norm=4.882  train/pred_vs_static=1.872  train/grad_norm=6.448  train/lr=3.813e-07  train/samples_per_sec=174.4
2026-10-05 07:14:31 [     60] train/loss=3.395  train/pred_loss=0.2596  train/sigreg_loss=34.85  train/emb_std=0.3422  train/emb_norm=5.016  train/pred_vs_static=1.821  train/grad_norm=6.358  train/lr=6.312e-07  train/samples_per_sec=203.9
2026-10-05 07:14:39 [     80] train/loss=3.289  train/pred_loss=0.2658  train/sigreg_loss=33.59  train/emb_std=0.357  train/emb_norm=5.2  train/pred_vs_static=1.76  train/grad_norm=6.411  train/lr=8.813e-07  train/samples_per_sec=223
2026-10-05 07:14:47 [    100] train/loss=3.155  train/pred_loss=0.2746  train/sigreg_loss=31.99  train/emb_std=0.3761  train/emb_norm=5.422  train/pred_vs_static=1.737  train/grad_norm=6.763  train/lr=1.131e-06  train/samples_per_sec=236.1
2026-10-05 07:14:56 [    120] train/loss=2.978  train/pred_loss=0.2877  train/sigreg_loss=29.87  train/emb_std=0.4016  train/emb_norm=5.707  train/pred_vs_static=1.728  train/grad_norm=7.475  train/lr=1.381e-06  train/samples_per_sec=245.6
2026-10-05 07:15:04 [    140] train/loss=2.807  train/pred_loss=0.3028  train/sigreg_loss=27.82  train/emb_std=0.4281  train/emb_norm=6.024  train/pred_vs_static=1.702  train/grad_norm=8.68  train/lr=1.631e-06  train/samples_per_sec=252.9
2026-10-05 07:15:13 [    160] train/loss=2.638  train/pred_loss=0.3173  train/sigreg_loss=25.79  train/emb_std=0.4557  train/emb_norm=6.345  train/pred_vs_static=1.653  train/grad_norm=11.75  train/lr=1.881e-06  train/samples_per_sec=258.3
2026-10-05 07:15:21 [    180] train/loss=2.518  train/pred_loss=0.326  train/sigreg_loss=24.36  train/emb_std=0.4781  train/emb_norm=6.623  train/pred_vs_static=1.609  train/grad_norm=23.12  train/lr=2.131e-06  train/samples_per_sec=263.1
2026-10-05 07:15:29 [    200] train/loss=2.418  train/pred_loss=0.3335  train/sigreg_loss=23.16  train/emb_std=0.4948  train/emb_norm=6.839  train/pred_vs_static=1.538  train/grad_norm=25.49  train/lr=2.381e-06  train/samples_per_sec=266.7
2026-10-05 07:15:38 [    220] train/loss=2.336  train/pred_loss=0.3393  train/sigreg_loss=22.19  train/emb_std=0.5112  train/emb_norm=7.033  train/pred_vs_static=1.451  train/grad_norm=22.82  train/lr=2.631e-06  train/samples_per_sec=269.9
2026-10-05 07:15:46 [    240] train/loss=2.233  train/pred_loss=0.3428  train/sigreg_loss=21.01  train/emb_std=0.5309  train/emb_norm=7.301  train/pred_vs_static=1.445  train/grad_norm=26.07  train/lr=2.881e-06  train/samples_per_sec=272.8
2026-10-05 07:15:54 [    260] train/loss=2.166  train/pred_loss=0.3489  train/sigreg_loss=20.19  train/emb_std=0.5461  train/emb_norm=7.478  train/pred_vs_static=1.388  train/grad_norm=30.46  train/lr=3.131e-06  train/samples_per_sec=275.3
2026-10-05 07:16:03 [    280] train/loss=2.093  train/pred_loss=0.3539  train/sigreg_loss=19.31  train/emb_std=0.5629  train/emb_norm=7.716  train/pred_vs_static=1.351  train/grad_norm=35.62  train/lr=3.381e-06  train/samples_per_sec=277.2
2026-10-05 07:16:11 [    300] train/loss=2.031  train/pred_loss=0.3558  train/sigreg_loss=18.62  train/emb_std=0.5773  train/emb_norm=7.917  train/pred_vs_static=1.289  train/grad_norm=35.36  train/lr=3.631e-06  train/samples_per_sec=279
2026-10-05 07:16:19 [    320] train/loss=1.956  train/pred_loss=0.357  train/sigreg_loss=17.77  train/emb_std=0.5902  train/emb_norm=8.073  train/pred_vs_static=1.222  train/grad_norm=44.68  train/lr=3.881e-06  train/samples_per_sec=280.6
2026-10-05 07:16:28 [    340] train/loss=1.92  train/pred_loss=0.3557  train/sigreg_loss=17.39  train/emb_std=0.5994  train/emb_norm=8.21  train/pred_vs_static=1.222  train/grad_norm=58.09  train/lr=4.131e-06  train/samples_per_sec=282.1
2026-10-05 07:16:36 [    360] train/loss=1.865  train/pred_loss=0.3595  train/sigreg_loss=16.73  train/emb_std=0.6094  train/emb_norm=8.338  train/pred_vs_static=1.186  train/grad_norm=60.93  train/lr=4.381e-06  train/samples_per_sec=283.5
2026-10-05 07:16:44 [    380] train/loss=1.848  train/pred_loss=0.3515  train/sigreg_loss=16.63  train/emb_std=0.6152  train/emb_norm=8.415  train/pred_vs_static=1.135  train/grad_norm=71.11  train/lr=4.631e-06  train/samples_per_sec=284.7
2026-10-05 07:16:52 [    400] train/loss=1.8  train/pred_loss=0.3569  train/sigreg_loss=16.04  train/emb_std=0.6264  train/emb_norm=8.593  train/pred_vs_static=1.117  train/grad_norm=60.05  train/lr=4.881e-06  train/samples_per_sec=285.7
2026-10-05 07:17:01 [    420] train/loss=1.78  train/pred_loss=0.3598  train/sigreg_loss=15.77  train/emb_std=0.6348  train/emb_norm=8.682  train/pred_vs_static=1.085  train/grad_norm=69.92  train/lr=5.131e-06  train/samples_per_sec=286.7
2026-10-05 07:17:09 [    440] train/loss=1.719  train/pred_loss=0.363  train/sigreg_loss=15.07  train/emb_std=0.6457  train/emb_norm=8.827  train/pred_vs_static=1.063  train/grad_norm=51.36  train/lr=5.381e-06  train/samples_per_sec=287.5
2026-10-05 07:17:17 [    460] train/loss=1.703  train/pred_loss=0.3579  train/sigreg_loss=14.94  train/emb_std=0.6521  train/emb_norm=8.937  train/pred_vs_static=1.014  train/grad_norm=84.12  train/lr=5.631e-06  train/samples_per_sec=288.4
2026-10-05 07:17:26 [    480] train/loss=1.665  train/pred_loss=0.3633  train/sigreg_loss=14.47  train/emb_std=0.6635  train/emb_norm=9.088  train/pred_vs_static=1.018  train/grad_norm=73.35  train/lr=5.881e-06  train/samples_per_sec=289.3
2026-10-05 07:17:34 [    500] train/loss=1.641  train/pred_loss=0.3617  train/sigreg_loss=14.22  train/emb_std=0.666  train/emb_norm=9.113  train/pred_vs_static=0.9941  train/grad_norm=83.9  train/lr=6.131e-06  train/samples_per_sec=289.9
2026-10-05 07:17:42 [    520] train/loss=1.61  train/pred_loss=0.3651  train/sigreg_loss=13.82  train/emb_std=0.675  train/emb_norm=9.227  train/pred_vs_static=0.9705  train/grad_norm=80.07  train/lr=6.381e-06  train/samples_per_sec=290.6
2026-10-05 07:17:51 [    540] train/loss=1.584  train/pred_loss=0.3599  train/sigreg_loss=13.6  train/emb_std=0.6828  train/emb_norm=9.362  train/pred_vs_static=0.9548  train/grad_norm=69.69  train/lr=6.631e-06  train/samples_per_sec=291.1
2026-10-05 07:17:59 [    560] train/loss=1.568  train/pred_loss=0.3657  train/sigreg_loss=13.35  train/emb_std=0.6889  train/emb_norm=9.401  train/pred_vs_static=0.9545  train/grad_norm=72.24  train/lr=6.881e-06  train/samples_per_sec=291.6
2026-10-05 07:18:07 [    580] train/loss=1.531  train/pred_loss=0.3613  train/sigreg_loss=13  train/emb_std=0.6986  train/emb_norm=9.563  train/pred_vs_static=0.9368  train/grad_norm=57.44  train/lr=7.131e-06  train/samples_per_sec=292.1
2026-10-05 07:18:16 [    600] train/loss=1.514  train/pred_loss=0.3596  train/sigreg_loss=12.84  train/emb_std=0.7057  train/emb_norm=9.651  train/pred_vs_static=0.9268  train/grad_norm=60.16  train/lr=7.381e-06  train/samples_per_sec=292.7
2026-10-05 07:18:24 [    620] train/loss=1.478  train/pred_loss=0.3701  train/sigreg_loss=12.32  train/emb_std=0.7152  train/emb_norm=9.762  train/pred_vs_static=0.9031  train/grad_norm=53.3  train/lr=7.631e-06  train/samples_per_sec=293.2
2026-10-05 07:18:32 [    640] train/loss=1.432  train/pred_loss=0.3674  train/sigreg_loss=11.84  train/emb_std=0.7264  train/emb_norm=9.936  train/pred_vs_static=0.8985  train/grad_norm=51.59  train/lr=7.881e-06  train/samples_per_sec=293.7
2026-10-05 07:18:40 [    660] train/loss=1.421  train/pred_loss=0.3725  train/sigreg_loss=11.64  train/emb_std=0.7297  train/emb_norm=9.973  train/pred_vs_static=0.873  train/grad_norm=50.59  train/lr=8.131e-06  train/samples_per_sec=294.1
2026-10-05 07:18:49 [    680] train/loss=1.401  train/pred_loss=0.3686  train/sigreg_loss=11.47  train/emb_std=0.7309  train/emb_norm=9.972  train/pred_vs_static=0.8616  train/grad_norm=58.38  train/lr=8.381e-06  train/samples_per_sec=294.6
2026-10-05 07:18:57 [    700] train/loss=1.364  train/pred_loss=0.3716  train/sigreg_loss=11.03  train/emb_std=0.742  train/emb_norm=10.13  train/pred_vs_static=0.8588  train/grad_norm=45.03  train/lr=8.631e-06  train/samples_per_sec=295
2026-10-05 07:19:05 [    720] train/loss=1.341  train/pred_loss=0.3781  train/sigreg_loss=10.7  train/emb_std=0.7564  train/emb_norm=10.31  train/pred_vs_static=0.8391  train/grad_norm=39.99  train/lr=8.881e-06  train/samples_per_sec=295.4
2026-10-05 07:19:14 [    740] train/loss=1.313  train/pred_loss=0.3805  train/sigreg_loss=10.36  train/emb_std=0.7641  train/emb_norm=10.44  train/pred_vs_static=0.8386  train/grad_norm=37.26  train/lr=9.131e-06  train/samples_per_sec=295.8
2026-10-05 07:19:22 [    760] train/loss=1.288  train/pred_loss=0.3892  train/sigreg_loss=9.984  train/emb_std=0.7764  train/emb_norm=10.59  train/pred_vs_static=0.8217  train/grad_norm=28.91  train/lr=9.381e-06  train/samples_per_sec=296.1
2026-10-05 07:19:30 [    780] train/loss=1.261  train/pred_loss=0.3907  train/sigreg_loss=9.666  train/emb_std=0.7889  train/emb_norm=10.75  train/pred_vs_static=0.8316  train/grad_norm=25.94  train/lr=9.631e-06  train/samples_per_sec=296.4
2026-10-05 07:19:38 [    800] train/loss=1.235  train/pred_loss=0.394  train/sigreg_loss=9.341  train/emb_std=0.7943  train/emb_norm=10.8  train/pred_vs_static=0.8278  train/grad_norm=27.9  train/lr=9.881e-06  train/samples_per_sec=296.8
2026-10-05 07:19:47 [    820] train/loss=1.222  train/pred_loss=0.3927  train/sigreg_loss=9.219  train/emb_std=0.8018  train/emb_norm=10.93  train/pred_vs_static=0.829  train/grad_norm=21.18  train/lr=1.013e-05  train/samples_per_sec=297.1
2026-10-05 07:19:55 [    840] train/loss=1.177  train/pred_loss=0.386  train/sigreg_loss=8.787  train/emb_std=0.8121  train/emb_norm=11.06  train/pred_vs_static=0.8342  train/grad_norm=17.98  train/lr=1.038e-05  train/samples_per_sec=297.4
2026-10-05 07:20:03 [    860] train/loss=1.164  train/pred_loss=0.4076  train/sigreg_loss=8.403  train/emb_std=0.8186  train/emb_norm=11.17  train/pred_vs_static=0.8117  train/grad_norm=14.18  train/lr=1.063e-05  train/samples_per_sec=297.7
2026-10-05 07:20:11 [    880] train/loss=1.128  train/pred_loss=0.3956  train/sigreg_loss=8.134  train/emb_std=0.8248  train/emb_norm=11.25  train/pred_vs_static=0.8159  train/grad_norm=14.32  train/lr=1.088e-05  train/samples_per_sec=297.9
2026-10-05 07:20:20 [    900] train/loss=1.099  train/pred_loss=0.4097  train/sigreg_loss=7.658  train/emb_std=0.8332  train/emb_norm=11.37  train/pred_vs_static=0.8226  train/grad_norm=10.91  train/lr=1.113e-05  train/samples_per_sec=298.1
2026-10-05 07:20:28 [    920] train/loss=1.075  train/pred_loss=0.4008  train/sigreg_loss=7.497  train/emb_std=0.8414  train/emb_norm=11.45  train/pred_vs_static=0.8218  train/grad_norm=11.02  train/lr=1.138e-05  train/samples_per_sec=298.3
2026-10-05 07:20:36 [    940] train/loss=1.041  train/pred_loss=0.4082  train/sigreg_loss=7.023  train/emb_std=0.8547  train/emb_norm=11.69  train/pred_vs_static=0.8128  train/grad_norm=8.827  train/lr=1.163e-05  train/samples_per_sec=298.5
2026-10-05 07:20:45 [    960] train/loss=1.023  train/pred_loss=0.416  train/sigreg_loss=6.748  train/emb_std=0.8654  train/emb_norm=11.81  train/pred_vs_static=0.8092  train/grad_norm=8.485  train/lr=1.188e-05  train/samples_per_sec=298.8
2026-10-05 07:20:53 [    980] train/loss=1.007  train/pred_loss=0.4092  train/sigreg_loss=6.647  train/emb_std=0.8666  train/emb_norm=11.82  train/pred_vs_static=0.8082  train/grad_norm=9.227  train/lr=1.213e-05  train/samples_per_sec=299
2026-10-05 07:21:01 [   1000] train/loss=0.9891  train/pred_loss=0.4016  train/sigreg_loss=6.528  train/emb_std=0.8703  train/emb_norm=11.89  train/pred_vs_static=0.8122  train/grad_norm=7.065  train/lr=1.238e-05  train/samples_per_sec=299.2
2026-10-05 07:21:09 [   1020] train/loss=0.9656  train/pred_loss=0.3976  train/sigreg_loss=6.311  train/emb_std=0.876  train/emb_norm=11.99  train/pred_vs_static=0.8172  train/grad_norm=6.293  train/lr=1.263e-05  train/samples_per_sec=299.4
2026-10-05 07:21:18 [   1040] train/loss=0.9334  train/pred_loss=0.3777  train/sigreg_loss=6.169  train/emb_std=0.8814  train/emb_norm=12.06  train/pred_vs_static=0.8491  train/grad_norm=6.553  train/lr=1.288e-05  train/samples_per_sec=299.6
2026-10-05 07:21:26 [   1060] train/loss=0.9239  train/pred_loss=0.3612  train/sigreg_loss=6.253  train/emb_std=0.8805  train/emb_norm=12.07  train/pred_vs_static=0.8455  train/grad_norm=6.011  train/lr=1.313e-05  train/samples_per_sec=299.7
2026-10-05 07:21:34 [   1080] train/loss=0.8849  train/pred_loss=0.3357  train/sigreg_loss=6.103  train/emb_std=0.8852  train/emb_norm=12.16  train/pred_vs_static=0.875  train/grad_norm=6.781  train/lr=1.338e-05  train/samples_per_sec=299.9
2026-10-05 07:21:42 [   1100] train/loss=0.8612  train/pred_loss=0.3162  train/sigreg_loss=6.058  train/emb_std=0.8934  train/emb_norm=12.24  train/pred_vs_static=0.8851  train/grad_norm=6.029  train/lr=1.363e-05  train/samples_per_sec=300.1
2026-10-05 07:21:51 [   1120] train/loss=0.8479  train/pred_loss=0.3081  train/sigreg_loss=5.998  train/emb_std=0.8936  train/emb_norm=12.28  train/pred_vs_static=0.879  train/grad_norm=5.115  train/lr=1.388e-05  train/samples_per_sec=300.2
2026-10-05 07:21:59 [   1140] train/loss=0.8202  train/pred_loss=0.2935  train/sigreg_loss=5.853  train/emb_std=0.9  train/emb_norm=12.37  train/pred_vs_static=0.8962  train/grad_norm=5.082  train/lr=1.413e-05  train/samples_per_sec=300.4
2026-10-05 07:22:07 [   1160] train/loss=0.8174  train/pred_loss=0.292  train/sigreg_loss=5.838  train/emb_std=0.9012  train/emb_norm=12.42  train/pred_vs_static=0.8844  train/grad_norm=4.8  train/lr=1.438e-05  train/samples_per_sec=300.5
2026-10-05 07:22:16 [   1180] train/loss=0.8137  train/pred_loss=0.2847  train/sigreg_loss=5.875  train/emb_std=0.8988  train/emb_norm=12.39  train/pred_vs_static=0.8884  train/grad_norm=5.185  train/lr=1.463e-05  train/samples_per_sec=300.6
2026-10-05 07:22:24 [   1200] train/loss=0.7877  train/pred_loss=0.2763  train/sigreg_loss=5.678  train/emb_std=0.9018  train/emb_norm=12.42  train/pred_vs_static=0.8874  train/grad_norm=4.547  train/lr=1.488e-05  train/samples_per_sec=300.7
2026-10-05 07:22:32 [   1220] train/loss=0.7716  train/pred_loss=0.2836  train/sigreg_loss=5.422  train/emb_std=0.9025  train/emb_norm=12.44  train/pred_vs_static=0.8816  train/grad_norm=4.15  train/lr=1.513e-05  train/samples_per_sec=300.8
2026-10-05 07:22:41 [   1240] train/loss=0.768  train/pred_loss=0.2778  train/sigreg_loss=5.45  train/emb_std=0.9039  train/emb_norm=12.48  train/pred_vs_static=0.8876  train/grad_norm=4.124  train/lr=1.538e-05  train/samples_per_sec=301
2026-10-05 07:22:49 [   1260] train/loss=0.7628  train/pred_loss=0.2797  train/sigreg_loss=5.367  train/emb_std=0.9074  train/emb_norm=12.52  train/pred_vs_static=0.8709  train/grad_norm=4.338  train/lr=1.563e-05  train/samples_per_sec=301.1
2026-10-05 07:22:57 [   1280] train/loss=0.743  train/pred_loss=0.2652  train/sigreg_loss=5.309  train/emb_std=0.909  train/emb_norm=12.58  train/pred_vs_static=0.8786  train/grad_norm=3.348  train/lr=1.588e-05  train/samples_per_sec=301.2
2026-10-05 07:23:05 [   1300] train/loss=0.7343  train/pred_loss=0.2594  train/sigreg_loss=5.277  train/emb_std=0.9127  train/emb_norm=12.61  train/pred_vs_static=0.8855  train/grad_norm=3.844  train/lr=1.613e-05  train/samples_per_sec=301.3
2026-10-05 07:23:14 [   1320] train/loss=0.7243  train/pred_loss=0.2605  train/sigreg_loss=5.155  train/emb_std=0.9102  train/emb_norm=12.55  train/pred_vs_static=0.8852  train/grad_norm=3.362  train/lr=1.638e-05  train/samples_per_sec=301.4
2026-10-05 07:23:22 [   1340] train/loss=0.7417  train/pred_loss=0.2631  train/sigreg_loss=5.316  train/emb_std=0.9172  train/emb_norm=12.65  train/pred_vs_static=0.8753  train/grad_norm=3.382  train/lr=1.663e-05  train/samples_per_sec=301.5
2026-10-05 07:23:30 [   1360] train/loss=0.7205  train/pred_loss=0.2586  train/sigreg_loss=5.131  train/emb_std=0.9139  train/emb_norm=12.62  train/pred_vs_static=0.8743  train/grad_norm=3.303  train/lr=1.688e-05  train/samples_per_sec=301.6
2026-10-05 07:23:39 [   1380] train/loss=0.7009  train/pred_loss=0.251  train/sigreg_loss=4.997  train/emb_std=0.9117  train/emb_norm=12.58  train/pred_vs_static=0.8845  train/grad_norm=3.518  train/lr=1.713e-05  train/samples_per_sec=301.7
2026-10-05 07:23:47 [   1400] train/loss=0.7006  train/pred_loss=0.2479  train/sigreg_loss=5.028  train/emb_std=0.918  train/emb_norm=12.63  train/pred_vs_static=0.8838  train/grad_norm=3.464  train/lr=1.738e-05  train/samples_per_sec=301.8
2026-10-05 07:23:55 [   1420] train/loss=0.689  train/pred_loss=0.2506  train/sigreg_loss=4.87  train/emb_std=0.9162  train/emb_norm=12.67  train/pred_vs_static=0.8793  train/grad_norm=3.199  train/lr=1.763e-05  train/samples_per_sec=301.9
2026-10-05 07:24:03 [   1440] train/loss=0.6778  train/pred_loss=0.243  train/sigreg_loss=4.831  train/emb_std=0.9166  train/emb_norm=12.61  train/pred_vs_static=0.8844  train/grad_norm=3.218  train/lr=1.788e-05  train/samples_per_sec=302
2026-10-05 07:24:12 [   1460] train/loss=0.6715  train/pred_loss=0.2453  train/sigreg_loss=4.736  train/emb_std=0.9174  train/emb_norm=12.66  train/pred_vs_static=0.8835  train/grad_norm=3.449  train/lr=1.813e-05  train/samples_per_sec=302.2
2026-10-05 07:24:20 [   1480] train/loss=0.6682  train/pred_loss=0.2485  train/sigreg_loss=4.662  train/emb_std=0.9184  train/emb_norm=12.67  train/pred_vs_static=0.8752  train/grad_norm=3.164  train/lr=1.838e-05  train/samples_per_sec=302.3
2026-10-05 07:24:28 [   1500] train/loss=0.6478  train/pred_loss=0.2406  train/sigreg_loss=4.525  train/emb_std=0.9191  train/emb_norm=12.67  train/pred_vs_static=0.885  train/grad_norm=2.795  train/lr=1.863e-05  train/samples_per_sec=302.3
2026-10-05 07:24:37 [   1520] train/loss=0.6396  train/pred_loss=0.236  train/sigreg_loss=4.484  train/emb_std=0.9215  train/emb_norm=12.73  train/pred_vs_static=0.8777  train/grad_norm=3.176  train/lr=1.888e-05  train/samples_per_sec=302.4
2026-10-05 07:24:45 [   1540] train/loss=0.6378  train/pred_loss=0.2418  train/sigreg_loss=4.402  train/emb_std=0.924  train/emb_norm=12.75  train/pred_vs_static=0.8756  train/grad_norm=2.899  train/lr=1.913e-05  train/samples_per_sec=302.5
2026-10-05 07:24:53 [   1560] train/loss=0.6214  train/pred_loss=0.235  train/sigreg_loss=4.294  train/emb_std=0.9213  train/emb_norm=12.71  train/pred_vs_static=0.874  train/grad_norm=2.766  train/lr=1.938e-05  train/samples_per_sec=302.6
2026-10-05 07:25:01 [   1580] train/loss=0.6199  train/pred_loss=0.2344  train/sigreg_loss=4.283  train/emb_std=0.9252  train/emb_norm=12.77  train/pred_vs_static=0.8709  train/grad_norm=2.825  train/lr=1.963e-05  train/samples_per_sec=302.7
2026-10-05 07:25:10 [   1600] train/loss=0.6066  train/pred_loss=0.2289  train/sigreg_loss=4.196  train/emb_std=0.9307  train/emb_norm=12.82  train/pred_vs_static=0.8732  train/grad_norm=2.961  train/lr=1.988e-05  train/samples_per_sec=302.7
2026-10-05 07:25:18 [   1620] train/loss=0.605  train/pred_loss=0.2281  train/sigreg_loss=4.188  train/emb_std=0.9299  train/emb_norm=12.83  train/pred_vs_static=0.871  train/grad_norm=3.028  train/lr=2.013e-05  train/samples_per_sec=302.8
2026-10-05 07:25:26 [   1640] train/loss=0.5914  train/pred_loss=0.2212  train/sigreg_loss=4.112  train/emb_std=0.9283  train/emb_norm=12.81  train/pred_vs_static=0.8707  train/grad_norm=2.888  train/lr=2.038e-05  train/samples_per_sec=302.9
2026-10-05 07:25:35 [   1660] train/loss=0.6011  train/pred_loss=0.2255  train/sigreg_loss=4.171  train/emb_std=0.9309  train/emb_norm=12.83  train/pred_vs_static=0.8552  train/grad_norm=2.89  train/lr=2.063e-05  train/samples_per_sec=302.9
2026-10-05 07:25:43 [   1680] train/loss=0.5805  train/pred_loss=0.2135  train/sigreg_loss=4.077  train/emb_std=0.9313  train/emb_norm=12.85  train/pred_vs_static=0.8696  train/grad_norm=2.829  train/lr=2.088e-05  train/samples_per_sec=303
2026-10-05 07:25:51 [   1700] train/loss=0.5716  train/pred_loss=0.2145  train/sigreg_loss=3.967  train/emb_std=0.9326  train/emb_norm=12.87  train/pred_vs_static=0.8658  train/grad_norm=2.653  train/lr=2.113e-05  train/samples_per_sec=303.1
2026-10-05 07:26:00 [   1720] train/loss=0.5809  train/pred_loss=0.2146  train/sigreg_loss=4.069  train/emb_std=0.9314  train/emb_norm=12.85  train/pred_vs_static=0.8644  train/grad_norm=3.158  train/lr=2.138e-05  train/samples_per_sec=303.1
2026-10-05 07:26:08 [   1740] train/loss=0.5773  train/pred_loss=0.2134  train/sigreg_loss=4.041  train/emb_std=0.9332  train/emb_norm=12.86  train/pred_vs_static=0.8473  train/grad_norm=2.883  train/lr=2.163e-05  train/samples_per_sec=303.2
2026-10-05 07:26:16 [   1760] train/loss=0.5727  train/pred_loss=0.2128  train/sigreg_loss=3.998  train/emb_std=0.932  train/emb_norm=12.86  train/pred_vs_static=0.8518  train/grad_norm=2.83  train/lr=2.188e-05  train/samples_per_sec=303.3
2026-10-05 07:26:24 [   1780] train/loss=0.5591  train/pred_loss=0.2116  train/sigreg_loss=3.857  train/emb_std=0.9309  train/emb_norm=12.81  train/pred_vs_static=0.858  train/grad_norm=2.695  train/lr=2.213e-05  train/samples_per_sec=303.3
2026-10-05 07:26:33 [   1800] train/loss=0.5494  train/pred_loss=0.2042  train/sigreg_loss=3.837  train/emb_std=0.9355  train/emb_norm=12.91  train/pred_vs_static=0.8464  train/grad_norm=2.747  train/lr=2.238e-05  train/samples_per_sec=303.4
2026-10-05 07:26:41 [   1820] train/loss=0.546  train/pred_loss=0.2041  train/sigreg_loss=3.798  train/emb_std=0.9361  train/emb_norm=12.9  train/pred_vs_static=0.849  train/grad_norm=2.797  train/lr=2.263e-05  train/samples_per_sec=303.4
2026-10-05 07:26:49 [   1840] train/loss=0.5544  train/pred_loss=0.2101  train/sigreg_loss=3.826  train/emb_std=0.9361  train/emb_norm=12.9  train/pred_vs_static=0.8414  train/grad_norm=2.82  train/lr=2.288e-05  train/samples_per_sec=303.4
2026-10-05 07:26:58 [   1860] train/loss=0.5364  train/pred_loss=0.2004  train/sigreg_loss=3.735  train/emb_std=0.934  train/emb_norm=12.87  train/pred_vs_static=0.8452  train/grad_norm=2.724  train/lr=2.313e-05  train/samples_per_sec=303.5
2026-10-05 07:27:06 [   1880] train/loss=0.5397  train/pred_loss=0.2045  train/sigreg_loss=3.724  train/emb_std=0.9352  train/emb_norm=12.89  train/pred_vs_static=0.844  train/grad_norm=2.866  train/lr=2.338e-05  train/samples_per_sec=303.6
2026-10-05 07:27:14 [   1900] train/loss=0.5302  train/pred_loss=0.2009  train/sigreg_loss=3.657  train/emb_std=0.94  train/emb_norm=12.94  train/pred_vs_static=0.8395  train/grad_norm=2.891  train/lr=2.363e-05  train/samples_per_sec=303.6
2026-10-05 07:27:23 [   1920] train/loss=0.5236  train/pred_loss=0.2004  train/sigreg_loss=3.591  train/emb_std=0.9404  train/emb_norm=12.93  train/pred_vs_static=0.8326  train/grad_norm=2.453  train/lr=2.388e-05  train/samples_per_sec=303.7
2026-10-05 07:27:31 [   1940] train/loss=0.5213  train/pred_loss=0.2003  train/sigreg_loss=3.566  train/emb_std=0.9414  train/emb_norm=12.94  train/pred_vs_static=0.8352  train/grad_norm=2.489  train/lr=2.413e-05  train/samples_per_sec=303.7
2026-10-05 07:27:39 [   1960] train/loss=0.5162  train/pred_loss=0.195  train/sigreg_loss=3.57  train/emb_std=0.9416  train/emb_norm=12.96  train/pred_vs_static=0.8324  train/grad_norm=2.534  train/lr=2.438e-05  train/samples_per_sec=303.8
2026-10-05 07:27:47 [   1980] train/loss=0.505  train/pred_loss=0.1887  train/sigreg_loss=3.515  train/emb_std=0.9453  train/emb_norm=12.99  train/pred_vs_static=0.8382  train/grad_norm=2.486  train/lr=2.463e-05  train/samples_per_sec=303.8
2026-10-05 07:27:56 [   2000] train/loss=0.5032  train/pred_loss=0.1914  train/sigreg_loss=3.465  train/emb_std=0.9457  train/emb_norm=13  train/pred_vs_static=0.8342  train/grad_norm=2.56  train/lr=2.488e-05  train/samples_per_sec=303.9
2026-10-05 07:27:56 [   2000] train_epoch/loss=1.248  train_epoch/pred_loss=0.3027  train_epoch/sigreg_loss=10.5  train_epoch/emb_std=0.7832  train_epoch/emb_norm=10.78  train_epoch/pred_vs_static=1.001  train_epoch/grad_norm=19.77  train_epoch/lr=1.251e-05  train_epoch/epoch=0
2026-10-05 07:28:18 [   2000] val/loss=1.079  val/pred_loss=0.1872  val/sigreg_loss=9.908  val/emb_std=0.9096  val/emb_norm=13.06  val/pred_vs_static=0.8244  val/epoch=0
2026-10-05 07:28:19 epoch   0 | val pred_vs_static 0.82435 | best 0.82435 @ epoch 0 | saved epoch_000.pt
2026-10-05 07:28:34 [   2020] train/loss=0.4977  train/pred_loss=0.1842  train/sigreg_loss=3.482  train/emb_std=0.9471  train/emb_norm=13.01  train/pred_vs_static=0.8296  train/grad_norm=2.762  train/lr=2.513e-05  train/samples_per_sec=172.7
2026-10-05 07:28:43 [   2040] train/loss=0.4971  train/pred_loss=0.1852  train/sigreg_loss=3.466  train/emb_std=0.948  train/emb_norm=13.02  train/pred_vs_static=0.8194  train/grad_norm=2.58  train/lr=2.538e-05  train/samples_per_sec=210.4
2026-10-05 07:28:52 [   2060] train/loss=0.4953  train/pred_loss=0.1862  train/sigreg_loss=3.435  train/emb_std=0.9482  train/emb_norm=13.03  train/pred_vs_static=0.8187  train/grad_norm=2.536  train/lr=2.563e-05  train/samples_per_sec=235.1
2026-10-05 07:29:00 [   2080] train/loss=0.4807  train/pred_loss=0.1772  train/sigreg_loss=3.37  train/emb_std=0.9486  train/emb_norm=13.03  train/pred_vs_static=0.8225  train/grad_norm=2.557  train/lr=2.588e-05  train/samples_per_sec=250.3
2026-10-05 07:29:08 [   2100] train/loss=0.4777  train/pred_loss=0.1762  train/sigreg_loss=3.35  train/emb_std=0.951  train/emb_norm=13.06  train/pred_vs_static=0.8206  train/grad_norm=2.701  train/lr=2.613e-05  train/samples_per_sec=260.4
2026-10-05 07:29:16 [   2120] train/loss=0.4778  train/pred_loss=0.175  train/sigreg_loss=3.362  train/emb_std=0.9506  train/emb_norm=13.07  train/pred_vs_static=0.7996  train/grad_norm=3.182  train/lr=2.638e-05  train/samples_per_sec=267.5
2026-10-05 07:29:25 [   2140] train/loss=0.4651  train/pred_loss=0.1687  train/sigreg_loss=3.295  train/emb_std=0.9518  train/emb_norm=13.08  train/pred_vs_static=0.8109  train/grad_norm=3.268  train/lr=2.663e-05  train/samples_per_sec=272.7
2026-10-05 07:29:33 [   2160] train/loss=0.4651  train/pred_loss=0.1666  train/sigreg_loss=3.319  train/emb_std=0.9514  train/emb_norm=13.08  train/pred_vs_static=0.8115  train/grad_norm=3.11  train/lr=2.688e-05  train/samples_per_sec=276.8
2026-10-05 07:29:41 [   2180] train/loss=0.4584  train/pred_loss=0.1651  train/sigreg_loss=3.259  train/emb_std=0.9479  train/emb_norm=13.05  train/pred_vs_static=0.8006  train/grad_norm=3.631  train/lr=2.713e-05  train/samples_per_sec=279.9
2026-10-05 07:29:49 [   2200] train/loss=0.454  train/pred_loss=0.163  train/sigreg_loss=3.234  train/emb_std=0.9514  train/emb_norm=13.09  train/pred_vs_static=0.7865  train/grad_norm=2.942  train/lr=2.738e-05  train/samples_per_sec=282.7
2026-10-05 07:29:58 [   2220] train/loss=0.4605  train/pred_loss=0.1605  train/sigreg_loss=3.333  train/emb_std=0.9508  train/emb_norm=13.07  train/pred_vs_static=0.7875  train/grad_norm=3.302  train/lr=2.763e-05  train/samples_per_sec=284.9
2026-10-05 07:30:06 [   2240] train/loss=0.4436  train/pred_loss=0.1562  train/sigreg_loss=3.191  train/emb_std=0.9568  train/emb_norm=13.15  train/pred_vs_static=0.7908  train/grad_norm=3.027  train/lr=2.788e-05  train/samples_per_sec=286.8
2026-10-05 07:30:14 [   2260] train/loss=0.4437  train/pred_loss=0.1569  train/sigreg_loss=3.186  train/emb_std=0.9541  train/emb_norm=13.12  train/pred_vs_static=0.776  train/grad_norm=3.183  train/lr=2.813e-05  train/samples_per_sec=288.4
2026-10-05 07:30:23 [   2280] train/loss=0.4348  train/pred_loss=0.1507  train/sigreg_loss=3.155  train/emb_std=0.9555  train/emb_norm=13.13  train/pred_vs_static=0.7841  train/grad_norm=3.399  train/lr=2.838e-05  train/samples_per_sec=289.5
2026-10-05 07:30:31 [   2300] train/loss=0.4443  train/pred_loss=0.1516  train/sigreg_loss=3.253  train/emb_std=0.9537  train/emb_norm=13.12  train/pred_vs_static=0.7802  train/grad_norm=3.827  train/lr=2.863e-05  train/samples_per_sec=290.6
2026-10-05 07:30:39 [   2320] train/loss=0.4397  train/pred_loss=0.1539  train/sigreg_loss=3.173  train/emb_std=0.9527  train/emb_norm=13.12  train/pred_vs_static=0.7745  train/grad_norm=3.496  train/lr=2.888e-05  train/samples_per_sec=291.5
2026-10-05 07:30:48 [   2340] train/loss=0.4363  train/pred_loss=0.1523  train/sigreg_loss=3.156  train/emb_std=0.9549  train/emb_norm=13.14  train/pred_vs_static=0.7655  train/grad_norm=2.822  train/lr=2.913e-05  train/samples_per_sec=292.2
2026-10-05 07:30:56 [   2360] train/loss=0.4339  train/pred_loss=0.1494  train/sigreg_loss=3.16  train/emb_std=0.9527  train/emb_norm=13.11  train/pred_vs_static=0.7668  train/grad_norm=3.322  train/lr=2.938e-05  train/samples_per_sec=293
2026-10-05 07:31:04 [   2380] train/loss=0.4249  train/pred_loss=0.1448  train/sigreg_loss=3.114  train/emb_std=0.9572  train/emb_norm=13.16  train/pred_vs_static=0.7665  train/grad_norm=2.618  train/lr=2.963e-05  train/samples_per_sec=293.7
2026-10-05 07:31:13 [   2400] train/loss=0.4246  train/pred_loss=0.1459  train/sigreg_loss=3.095  train/emb_std=0.958  train/emb_norm=13.17  train/pred_vs_static=0.7675  train/grad_norm=2.715  train/lr=2.988e-05  train/samples_per_sec=294.4
2026-10-05 07:31:21 [   2420] train/loss=0.4158  train/pred_loss=0.1403  train/sigreg_loss=3.062  train/emb_std=0.9611  train/emb_norm=13.21  train/pred_vs_static=0.7717  train/grad_norm=2.756  train/lr=3.013e-05  train/samples_per_sec=294.8
2026-10-05 07:31:30 [   2440] train/loss=0.4184  train/pred_loss=0.1446  train/sigreg_loss=3.04  train/emb_std=0.9611  train/emb_norm=13.21  train/pred_vs_static=0.7619  train/grad_norm=2.659  train/lr=3.038e-05  train/samples_per_sec=295.4
2026-10-05 07:31:38 [   2460] train/loss=0.415  train/pred_loss=0.1428  train/sigreg_loss=3.023  train/emb_std=0.9582  train/emb_norm=13.17  train/pred_vs_static=0.7583  train/grad_norm=2.687  train/lr=3.063e-05  train/samples_per_sec=295.8
2026-10-05 07:31:46 [   2480] train/loss=0.4139  train/pred_loss=0.1422  train/sigreg_loss=3.02  train/emb_std=0.9604  train/emb_norm=13.19  train/pred_vs_static=0.7451  train/grad_norm=3.155  train/lr=3.088e-05  train/samples_per_sec=296.3
2026-10-05 07:31:55 [   2500] train/loss=0.4121  train/pred_loss=0.1391  train/sigreg_loss=3.036  train/emb_std=0.9598  train/emb_norm=13.21  train/pred_vs_static=0.739  train/grad_norm=3.127  train/lr=3.113e-05  train/samples_per_sec=296.8
2026-10-05 07:32:03 [   2520] train/loss=0.4069  train/pred_loss=0.1356  train/sigreg_loss=3.016  train/emb_std=0.9598  train/emb_norm=13.2  train/pred_vs_static=0.7404  train/grad_norm=2.352  train/lr=3.138e-05  train/samples_per_sec=297.1
2026-10-05 07:32:11 [   2540] train/loss=0.4123  train/pred_loss=0.1388  train/sigreg_loss=3.039  train/emb_std=0.9576  train/emb_norm=13.16  train/pred_vs_static=0.742  train/grad_norm=3.385  train/lr=3.163e-05  train/samples_per_sec=297.6
2026-10-05 07:32:19 [   2560] train/loss=0.4024  train/pred_loss=0.1362  train/sigreg_loss=2.957  train/emb_std=0.9607  train/emb_norm=13.2  train/pred_vs_static=0.7398  train/grad_norm=2.86  train/lr=3.188e-05  train/samples_per_sec=298
2026-10-05 07:32:28 [   2580] train/loss=0.4021  train/pred_loss=0.1385  train/sigreg_loss=2.93  train/emb_std=0.9605  train/emb_norm=13.21  train/pred_vs_static=0.7319  train/grad_norm=2.625  train/lr=3.213e-05  train/samples_per_sec=298.3
2026-10-05 07:32:36 [   2600] train/loss=0.3989  train/pred_loss=0.1333  train/sigreg_loss=2.951  train/emb_std=0.9623  train/emb_norm=13.22  train/pred_vs_static=0.72  train/grad_norm=2.516  train/lr=3.238e-05  train/samples_per_sec=298.6
2026-10-05 07:32:44 [   2620] train/loss=0.3951  train/pred_loss=0.1319  train/sigreg_loss=2.927  train/emb_std=0.9635  train/emb_norm=13.23  train/pred_vs_static=0.7408  train/grad_norm=2.466  train/lr=3.263e-05  train/samples_per_sec=299
2026-10-05 07:32:53 [   2640] train/loss=0.3941  train/pred_loss=0.1346  train/sigreg_loss=2.883  train/emb_std=0.9631  train/emb_norm=13.22  train/pred_vs_static=0.7291  train/grad_norm=2.709  train/lr=3.288e-05  train/samples_per_sec=299.3
2026-10-05 07:33:01 [   2660] train/loss=0.3904  train/pred_loss=0.1295  train/sigreg_loss=2.898  train/emb_std=0.9617  train/emb_norm=13.22  train/pred_vs_static=0.7298  train/grad_norm=2.449  train/lr=3.313e-05  train/samples_per_sec=299.6
2026-10-05 07:33:09 [   2680] train/loss=0.3962  train/pred_loss=0.1326  train/sigreg_loss=2.927  train/emb_std=0.9648  train/emb_norm=13.25  train/pred_vs_static=0.7163  train/grad_norm=2.144  train/lr=3.338e-05  train/samples_per_sec=299.9
2026-10-05 07:33:17 [   2700] train/loss=0.3879  train/pred_loss=0.1279  train/sigreg_loss=2.888  train/emb_std=0.9688  train/emb_norm=13.3  train/pred_vs_static=0.7024  train/grad_norm=2.247  train/lr=3.363e-05  train/samples_per_sec=300.1
2026-10-05 07:33:26 [   2720] train/loss=0.3866  train/pred_loss=0.1269  train/sigreg_loss=2.885  train/emb_std=0.9646  train/emb_norm=13.25  train/pred_vs_static=0.7166  train/grad_norm=2.265  train/lr=3.388e-05  train/samples_per_sec=300.3
2026-10-05 07:33:34 [   2740] train/loss=0.387  train/pred_loss=0.1289  train/sigreg_loss=2.869  train/emb_std=0.967  train/emb_norm=13.27  train/pred_vs_static=0.7171  train/grad_norm=2.712  train/lr=3.413e-05  train/samples_per_sec=300.5
2026-10-05 07:33:42 [   2760] train/loss=0.3822  train/pred_loss=0.1279  train/sigreg_loss=2.824  train/emb_std=0.9631  train/emb_norm=13.24  train/pred_vs_static=0.7053  train/grad_norm=2.698  train/lr=3.438e-05  train/samples_per_sec=300.7
2026-10-05 07:33:51 [   2780] train/loss=0.3881  train/pred_loss=0.1301  train/sigreg_loss=2.866  train/emb_std=0.9633  train/emb_norm=13.23  train/pred_vs_static=0.695  train/grad_norm=2.901  train/lr=3.463e-05  train/samples_per_sec=300.9
2026-10-05 07:33:59 [   2800] train/loss=0.3821  train/pred_loss=0.1274  train/sigreg_loss=2.831  train/emb_std=0.9654  train/emb_norm=13.26  train/pred_vs_static=0.6919  train/grad_norm=2.64  train/lr=3.488e-05  train/samples_per_sec=301.1
2026-10-05 07:34:07 [   2820] train/loss=0.3796  train/pred_loss=0.1251  train/sigreg_loss=2.829  train/emb_std=0.9658  train/emb_norm=13.26  train/pred_vs_static=0.6844  train/grad_norm=2.308  train/lr=3.513e-05  train/samples_per_sec=301.3
2026-10-05 07:34:16 [   2840] train/loss=0.3757  train/pred_loss=0.1255  train/sigreg_loss=2.779  train/emb_std=0.9691  train/emb_norm=13.31  train/pred_vs_static=0.684  train/grad_norm=2.283  train/lr=3.538e-05  train/samples_per_sec=301.4
2026-10-05 07:34:24 [   2860] train/loss=0.3769  train/pred_loss=0.1241  train/sigreg_loss=2.81  train/emb_std=0.9676  train/emb_norm=13.29  train/pred_vs_static=0.6864  train/grad_norm=2.076  train/lr=3.563e-05  train/samples_per_sec=301.6
2026-10-05 07:34:32 [   2880] train/loss=0.371  train/pred_loss=0.1234  train/sigreg_loss=2.75  train/emb_std=0.9668  train/emb_norm=13.29  train/pred_vs_static=0.6976  train/grad_norm=2.234  train/lr=3.588e-05  train/samples_per_sec=301.7
2026-10-05 07:34:40 [   2900] train/loss=0.3718  train/pred_loss=0.1211  train/sigreg_loss=2.784  train/emb_std=0.9678  train/emb_norm=13.29  train/pred_vs_static=0.6839  train/grad_norm=2.48  train/lr=3.613e-05  train/samples_per_sec=301.9
2026-10-05 07:34:49 [   2920] train/loss=0.3675  train/pred_loss=0.121  train/sigreg_loss=2.737  train/emb_std=0.9695  train/emb_norm=13.31  train/pred_vs_static=0.6792  train/grad_norm=2.1  train/lr=3.638e-05  train/samples_per_sec=302.1
2026-10-05 07:34:57 [   2940] train/loss=0.3644  train/pred_loss=0.1192  train/sigreg_loss=2.725  train/emb_std=0.9703  train/emb_norm=13.31  train/pred_vs_static=0.679  train/grad_norm=2.232  train/lr=3.663e-05  train/samples_per_sec=302.2
2026-10-05 07:35:05 [   2960] train/loss=0.3639  train/pred_loss=0.1198  train/sigreg_loss=2.712  train/emb_std=0.9723  train/emb_norm=13.35  train/pred_vs_static=0.679  train/grad_norm=2.051  train/lr=3.688e-05  train/samples_per_sec=302.3
2026-10-05 07:35:14 [   2980] train/loss=0.3632  train/pred_loss=0.1197  train/sigreg_loss=2.705  train/emb_std=0.9719  train/emb_norm=13.36  train/pred_vs_static=0.6742  train/grad_norm=2.115  train/lr=3.713e-05  train/samples_per_sec=302.4
2026-10-05 07:35:22 [   3000] train/loss=0.3601  train/pred_loss=0.1188  train/sigreg_loss=2.68  train/emb_std=0.9676  train/emb_norm=13.3  train/pred_vs_static=0.6749  train/grad_norm=2.303  train/lr=3.738e-05  train/samples_per_sec=302.6
2026-10-05 07:35:30 [   3020] train/loss=0.3651  train/pred_loss=0.1189  train/sigreg_loss=2.734  train/emb_std=0.9684  train/emb_norm=13.32  train/pred_vs_static=0.669  train/grad_norm=2.218  train/lr=3.763e-05  train/samples_per_sec=302.7
2026-10-05 07:35:38 [   3040] train/loss=0.3588  train/pred_loss=0.1178  train/sigreg_loss=2.677  train/emb_std=0.9686  train/emb_norm=13.31  train/pred_vs_static=0.6488  train/grad_norm=2.288  train/lr=3.788e-05  train/samples_per_sec=302.8
2026-10-05 07:35:47 [   3060] train/loss=0.3547  train/pred_loss=0.1163  train/sigreg_loss=2.648  train/emb_std=0.9707  train/emb_norm=13.33  train/pred_vs_static=0.6618  train/grad_norm=2.19  train/lr=3.813e-05  train/samples_per_sec=302.9
2026-10-05 07:35:55 [   3080] train/loss=0.356  train/pred_loss=0.1164  train/sigreg_loss=2.663  train/emb_std=0.9686  train/emb_norm=13.32  train/pred_vs_static=0.655  train/grad_norm=2.439  train/lr=3.838e-05  train/samples_per_sec=303
2026-10-05 07:36:03 [   3100] train/loss=0.3533  train/pred_loss=0.1143  train/sigreg_loss=2.655  train/emb_std=0.9699  train/emb_norm=13.33  train/pred_vs_static=0.6435  train/grad_norm=2.199  train/lr=3.863e-05  train/samples_per_sec=303.1
2026-10-05 07:36:12 [   3120] train/loss=0.3529  train/pred_loss=0.115  train/sigreg_loss=2.644  train/emb_std=0.9707  train/emb_norm=13.34  train/pred_vs_static=0.6528  train/grad_norm=2.065  train/lr=3.888e-05  train/samples_per_sec=303.2
2026-10-05 07:36:20 [   3140] train/loss=0.3558  train/pred_loss=0.118  train/sigreg_loss=2.641  train/emb_std=0.9703  train/emb_norm=13.31  train/pred_vs_static=0.6466  train/grad_norm=2.636  train/lr=3.913e-05  train/samples_per_sec=303.3
2026-10-05 07:36:28 [   3160] train/loss=0.3574  train/pred_loss=0.117  train/sigreg_loss=2.671  train/emb_std=0.9701  train/emb_norm=13.3  train/pred_vs_static=0.6406  train/grad_norm=2.866  train/lr=3.938e-05  train/samples_per_sec=303.4
2026-10-05 07:36:37 [   3180] train/loss=0.3472  train/pred_loss=0.1127  train/sigreg_loss=2.605  train/emb_std=0.9717  train/emb_norm=13.34  train/pred_vs_static=0.6323  train/grad_norm=2.188  train/lr=3.963e-05  train/samples_per_sec=303.5
2026-10-05 07:36:45 [   3200] train/loss=0.3528  train/pred_loss=0.1161  train/sigreg_loss=2.63  train/emb_std=0.9703  train/emb_norm=13.33  train/pred_vs_static=0.6417  train/grad_norm=2.161  train/lr=3.988e-05  train/samples_per_sec=303.6
2026-10-05 07:36:53 [   3220] train/loss=0.3483  train/pred_loss=0.1125  train/sigreg_loss=2.62  train/emb_std=0.9738  train/emb_norm=13.37  train/pred_vs_static=0.6348  train/grad_norm=2.075  train/lr=4.013e-05  train/samples_per_sec=303.7
2026-10-05 07:37:01 [   3240] train/loss=0.3472  train/pred_loss=0.1124  train/sigreg_loss=2.609  train/emb_std=0.9725  train/emb_norm=13.36  train/pred_vs_static=0.6244  train/grad_norm=2.178  train/lr=4.038e-05  train/samples_per_sec=303.8
2026-10-05 07:37:10 [   3260] train/loss=0.3479  train/pred_loss=0.1131  train/sigreg_loss=2.608  train/emb_std=0.9703  train/emb_norm=13.32  train/pred_vs_static=0.6242  train/grad_norm=2.349  train/lr=4.063e-05  train/samples_per_sec=303.9
2026-10-05 07:37:18 [   3280] train/loss=0.3394  train/pred_loss=0.1104  train/sigreg_loss=2.544  train/emb_std=0.9748  train/emb_norm=13.38  train/pred_vs_static=0.6237  train/grad_norm=1.938  train/lr=4.088e-05  train/samples_per_sec=304
2026-10-05 07:37:26 [   3300] train/loss=0.3475  train/pred_loss=0.1138  train/sigreg_loss=2.597  train/emb_std=0.9701  train/emb_norm=13.33  train/pred_vs_static=0.6131  train/grad_norm=2.433  train/lr=4.113e-05  train/samples_per_sec=304
2026-10-05 07:37:34 [   3320] train/loss=0.3446  train/pred_loss=0.1132  train/sigreg_loss=2.573  train/emb_std=0.9723  train/emb_norm=13.35  train/pred_vs_static=0.6404  train/grad_norm=2.569  train/lr=4.138e-05  train/samples_per_sec=304.1
2026-10-05 07:37:43 [   3340] train/loss=0.3435  train/pred_loss=0.112  train/sigreg_loss=2.572  train/emb_std=0.9729  train/emb_norm=13.36  train/pred_vs_static=0.6194  train/grad_norm=2.206  train/lr=4.163e-05  train/samples_per_sec=304.2
2026-10-05 07:37:51 [   3360] train/loss=0.3371  train/pred_loss=0.1078  train/sigreg_loss=2.548  train/emb_std=0.9727  train/emb_norm=13.35  train/pred_vs_static=0.6138  train/grad_norm=2.03  train/lr=4.188e-05  train/samples_per_sec=304.3
2026-10-05 07:37:59 [   3380] train/loss=0.3377  train/pred_loss=0.1088  train/sigreg_loss=2.544  train/emb_std=0.9719  train/emb_norm=13.35  train/pred_vs_static=0.6151  train/grad_norm=2.116  train/lr=4.213e-05  train/samples_per_sec=304.4
2026-10-05 07:38:07 [   3400] train/loss=0.335  train/pred_loss=0.1058  train/sigreg_loss=2.546  train/emb_std=0.9756  train/emb_norm=13.39  train/pred_vs_static=0.6131  train/grad_norm=2.192  train/lr=4.238e-05  train/samples_per_sec=304.5
2026-10-05 07:38:16 [   3420] train/loss=0.3366  train/pred_loss=0.1081  train/sigreg_loss=2.538  train/emb_std=0.9738  train/emb_norm=13.35  train/pred_vs_static=0.6151  train/grad_norm=2.21  train/lr=4.263e-05  train/samples_per_sec=304.5
2026-10-05 07:38:24 [   3440] train/loss=0.3367  train/pred_loss=0.1089  train/sigreg_loss=2.532  train/emb_std=0.976  train/emb_norm=13.4  train/pred_vs_static=0.6083  train/grad_norm=2.067  train/lr=4.288e-05  train/samples_per_sec=304.6
2026-10-05 07:38:32 [   3460] train/loss=0.3418  train/pred_loss=0.1131  train/sigreg_loss=2.541  train/emb_std=0.9703  train/emb_norm=13.33  train/pred_vs_static=0.5981  train/grad_norm=2.269  train/lr=4.313e-05  train/samples_per_sec=304.6
2026-10-05 07:38:41 [   3480] train/loss=0.3357  train/pred_loss=0.1089  train/sigreg_loss=2.52  train/emb_std=0.975  train/emb_norm=13.39  train/pred_vs_static=0.6131  train/grad_norm=2.013  train/lr=4.338e-05  train/samples_per_sec=304.7
2026-10-05 07:38:49 [   3500] train/loss=0.3354  train/pred_loss=0.1092  train/sigreg_loss=2.514  train/emb_std=0.977  train/emb_norm=13.41  train/pred_vs_static=0.5971  train/grad_norm=2.138  train/lr=4.363e-05  train/samples_per_sec=304.8
2026-10-05 07:38:57 [   3520] train/loss=0.3329  train/pred_loss=0.1049  train/sigreg_loss=2.534  train/emb_std=0.9725  train/emb_norm=13.35  train/pred_vs_static=0.588  train/grad_norm=1.965  train/lr=4.388e-05  train/samples_per_sec=304.9
2026-10-05 07:39:05 [   3540] train/loss=0.3331  train/pred_loss=0.1103  train/sigreg_loss=2.476  train/emb_std=0.9766  train/emb_norm=13.4  train/pred_vs_static=0.596  train/grad_norm=2.194  train/lr=4.413e-05  train/samples_per_sec=304.9
2026-10-05 07:39:14 [   3560] train/loss=0.3344  train/pred_loss=0.1084  train/sigreg_loss=2.512  train/emb_std=0.9754  train/emb_norm=13.4  train/pred_vs_static=0.5905  train/grad_norm=2.307  train/lr=4.438e-05  train/samples_per_sec=305
2026-10-05 07:39:22 [   3580] train/loss=0.326  train/pred_loss=0.1072  train/sigreg_loss=2.43  train/emb_std=0.9711  train/emb_norm=13.35  train/pred_vs_static=0.5879  train/grad_norm=2.053  train/lr=4.463e-05  train/samples_per_sec=305
2026-10-05 07:39:30 [   3600] train/loss=0.3309  train/pred_loss=0.107  train/sigreg_loss=2.487  train/emb_std=0.975  train/emb_norm=13.38  train/pred_vs_static=0.5736  train/grad_norm=2.221  train/lr=4.488e-05  train/samples_per_sec=305.1
2026-10-05 07:39:38 [   3620] train/loss=0.3317  train/pred_loss=0.1066  train/sigreg_loss=2.502  train/emb_std=0.9756  train/emb_norm=13.39  train/pred_vs_static=0.5933  train/grad_norm=2.36  train/lr=4.513e-05  train/samples_per_sec=305.1
2026-10-05 07:39:47 [   3640] train/loss=0.3244  train/pred_loss=0.1053  train/sigreg_loss=2.434  train/emb_std=0.9744  train/emb_norm=13.38  train/pred_vs_static=0.589  train/grad_norm=2.077  train/lr=4.538e-05  train/samples_per_sec=305.2
2026-10-05 07:39:55 [   3660] train/loss=0.3232  train/pred_loss=0.1049  train/sigreg_loss=2.426  train/emb_std=0.9773  train/emb_norm=13.42  train/pred_vs_static=0.5828  train/grad_norm=2.043  train/lr=4.563e-05  train/samples_per_sec=305.2
2026-10-05 07:40:03 [   3680] train/loss=0.327  train/pred_loss=0.1076  train/sigreg_loss=2.437  train/emb_std=0.9742  train/emb_norm=13.37  train/pred_vs_static=0.5788  train/grad_norm=2.238  train/lr=4.588e-05  train/samples_per_sec=305.3
2026-10-05 07:40:12 [   3700] train/loss=0.3247  train/pred_loss=0.1048  train/sigreg_loss=2.443  train/emb_std=0.9729  train/emb_norm=13.37  train/pred_vs_static=0.5703  train/grad_norm=2.027  train/lr=4.613e-05  train/samples_per_sec=305.3
2026-10-05 07:40:20 [   3720] train/loss=0.3259  train/pred_loss=0.1067  train/sigreg_loss=2.436  train/emb_std=0.9752  train/emb_norm=13.39  train/pred_vs_static=0.5773  train/grad_norm=2.018  train/lr=4.638e-05  train/samples_per_sec=305.4
2026-10-05 07:40:28 [   3740] train/loss=0.3223  train/pred_loss=0.1059  train/sigreg_loss=2.405  train/emb_std=0.976  train/emb_norm=13.39  train/pred_vs_static=0.5677  train/grad_norm=2.068  train/lr=4.663e-05  train/samples_per_sec=305.4
2026-10-05 07:40:36 [   3760] train/loss=0.3263  train/pred_loss=0.1068  train/sigreg_loss=2.438  train/emb_std=0.9723  train/emb_norm=13.34  train/pred_vs_static=0.5713  train/grad_norm=2.22  train/lr=4.688e-05  train/samples_per_sec=305.5
2026-10-05 07:40:45 [   3780] train/loss=0.3251  train/pred_loss=0.1059  train/sigreg_loss=2.435  train/emb_std=0.9779  train/emb_norm=13.43  train/pred_vs_static=0.5622  train/grad_norm=2.017  train/lr=4.713e-05  train/samples_per_sec=305.5
2026-10-05 07:40:53 [   3800] train/loss=0.3179  train/pred_loss=0.1023  train/sigreg_loss=2.395  train/emb_std=0.9779  train/emb_norm=13.42  train/pred_vs_static=0.5659  train/grad_norm=1.835  train/lr=4.738e-05  train/samples_per_sec=305.6
2026-10-05 07:41:01 [   3820] train/loss=0.3156  train/pred_loss=0.1022  train/sigreg_loss=2.371  train/emb_std=0.9752  train/emb_norm=13.4  train/pred_vs_static=0.559  train/grad_norm=1.893  train/lr=4.763e-05  train/samples_per_sec=305.6
2026-10-05 07:41:09 [   3840] train/loss=0.313  train/pred_loss=0.1005  train/sigreg_loss=2.36  train/emb_std=0.975  train/emb_norm=13.39  train/pred_vs_static=0.5548  train/grad_norm=2.056  train/lr=4.788e-05  train/samples_per_sec=305.6
2026-10-05 07:41:18 [   3860] train/loss=0.3134  train/pred_loss=0.104  train/sigreg_loss=2.328  train/emb_std=0.9789  train/emb_norm=13.43  train/pred_vs_static=0.5573  train/grad_norm=2.03  train/lr=4.813e-05  train/samples_per_sec=305.7
2026-10-05 07:41:26 [   3880] train/loss=0.3171  train/pred_loss=0.1025  train/sigreg_loss=2.384  train/emb_std=0.9787  train/emb_norm=13.43  train/pred_vs_static=0.5428  train/grad_norm=2.097  train/lr=4.838e-05  train/samples_per_sec=305.7
2026-10-05 07:41:34 [   3900] train/loss=0.3159  train/pred_loss=0.1012  train/sigreg_loss=2.384  train/emb_std=0.9734  train/emb_norm=13.37  train/pred_vs_static=0.5471  train/grad_norm=2.074  train/lr=4.863e-05  train/samples_per_sec=305.8
2026-10-05 07:41:43 [   3920] train/loss=0.3139  train/pred_loss=0.1018  train/sigreg_loss=2.356  train/emb_std=0.9779  train/emb_norm=13.43  train/pred_vs_static=0.5463  train/grad_norm=1.824  train/lr=4.888e-05  train/samples_per_sec=305.8
2026-10-05 07:41:51 [   3940] train/loss=0.3115  train/pred_loss=0.1013  train/sigreg_loss=2.334  train/emb_std=0.9768  train/emb_norm=13.4  train/pred_vs_static=0.5626  train/grad_norm=1.799  train/lr=4.913e-05  train/samples_per_sec=305.8
2026-10-05 07:41:59 [   3960] train/loss=0.3129  train/pred_loss=0.102  train/sigreg_loss=2.343  train/emb_std=0.9762  train/emb_norm=13.4  train/pred_vs_static=0.5548  train/grad_norm=2.001  train/lr=4.938e-05  train/samples_per_sec=305.9
2026-10-05 07:42:07 [   3980] train/loss=0.3119  train/pred_loss=0.102  train/sigreg_loss=2.334  train/emb_std=0.9783  train/emb_norm=13.42  train/pred_vs_static=0.5418  train/grad_norm=2.016  train/lr=4.963e-05  train/samples_per_sec=305.9
2026-10-05 07:42:16 [   4000] train/loss=0.3087  train/pred_loss=0.09899  train/sigreg_loss=2.33  train/emb_std=0.9797  train/emb_norm=13.43  train/pred_vs_static=0.5502  train/grad_norm=2.164  train/lr=4.988e-05  train/samples_per_sec=306
2026-10-05 07:42:16 [   4000] train_epoch/loss=0.3755  train_epoch/pred_loss=0.1261  train_epoch/sigreg_loss=2.771  train_epoch/emb_std=0.9667  train_epoch/emb_norm=13.28  train_epoch/pred_vs_static=0.6725  train_epoch/grad_norm=2.441  train_epoch/lr=3.751e-05  train_epoch/epoch=1
2026-10-05 07:42:37 [   4000] val/loss=0.9271  val/pred_loss=0.09666  val/sigreg_loss=9.227  val/emb_std=0.9395  val/emb_norm=13.51  val/pred_vs_static=0.5413  val/epoch=1
2026-10-05 07:42:38 epoch   1 | val pred_vs_static 0.54131 | best 0.54131 @ epoch 1 | saved epoch_001.pt
2026-10-05 07:42:49 [   4020] train/loss=0.3099  train/pred_loss=0.1001  train/sigreg_loss=2.33  train/emb_std=0.9785  train/emb_norm=13.43  train/pred_vs_static=0.5328  train/grad_norm=1.941  train/lr=5e-05  train/samples_per_sec=228
2026-10-05 07:42:57 [   4040] train/loss=0.305  train/pred_loss=0.09626  train/sigreg_loss=2.319  train/emb_std=0.9773  train/emb_norm=13.42  train/pred_vs_static=0.5258  train/grad_norm=1.772  train/lr=5e-05  train/samples_per_sec=261.5
2026-10-05 07:43:06 [   4060] train/loss=0.3042  train/pred_loss=0.09844  train/sigreg_loss=2.287  train/emb_std=0.9777  train/emb_norm=13.41  train/pred_vs_static=0.5442  train/grad_norm=1.885  train/lr=5e-05  train/samples_per_sec=274.5
2026-10-05 07:43:14 [   4080] train/loss=0.3104  train/pred_loss=0.1006  train/sigreg_loss=2.331  train/emb_std=0.9777  train/emb_norm=13.43  train/pred_vs_static=0.5264  train/grad_norm=2.042  train/lr=5e-05  train/samples_per_sec=282.2
2026-10-05 07:43:22 [   4100] train/loss=0.2999  train/pred_loss=0.09482  train/sigreg_loss=2.278  train/emb_std=0.9791  train/emb_norm=13.45  train/pred_vs_static=0.536  train/grad_norm=1.762  train/lr=5e-05  train/samples_per_sec=287.1
2026-10-05 07:43:31 [   4120] train/loss=0.3042  train/pred_loss=0.09946  train/sigreg_loss=2.275  train/emb_std=0.9824  train/emb_norm=13.46  train/pred_vs_static=0.5381  train/grad_norm=1.892  train/lr=5e-05  train/samples_per_sec=290.4
2026-10-05 07:43:39 [   4140] train/loss=0.3014  train/pred_loss=0.09938  train/sigreg_loss=2.244  train/emb_std=0.9818  train/emb_norm=13.46  train/pred_vs_static=0.5209  train/grad_norm=1.915  train/lr=5e-05  train/samples_per_sec=292.4
2026-10-05 07:43:47 [   4160] train/loss=0.3045  train/pred_loss=0.09857  train/sigreg_loss=2.289  train/emb_std=0.9801  train/emb_norm=13.44  train/pred_vs_static=0.5302  train/grad_norm=1.791  train/lr=5e-05  train/samples_per_sec=294.3
2026-10-05 07:43:56 [   4180] train/loss=0.306  train/pred_loss=0.1015  train/sigreg_loss=2.272  train/emb_std=0.9826  train/emb_norm=13.46  train/pred_vs_static=0.5413  train/grad_norm=1.952  train/lr=5e-05  train/samples_per_sec=295.8
2026-10-05 07:44:04 [   4200] train/loss=0.301  train/pred_loss=0.097  train/sigreg_loss=2.266  train/emb_std=0.9826  train/emb_norm=13.46  train/pred_vs_static=0.5358  train/grad_norm=1.939  train/lr=5e-05  train/samples_per_sec=297.1
2026-10-05 07:44:12 [   4220] train/loss=0.3024  train/pred_loss=0.09782  train/sigreg_loss=2.272  train/emb_std=0.9771  train/emb_norm=13.4  train/pred_vs_static=0.5297  train/grad_norm=1.817  train/lr=5e-05  train/samples_per_sec=298.1
2026-10-05 07:44:21 [   4240] train/loss=0.2944  train/pred_loss=0.09522  train/sigreg_loss=2.214  train/emb_std=0.9828  train/emb_norm=13.47  train/pred_vs_static=0.5248  train/grad_norm=1.802  train/lr=5e-05  train/samples_per_sec=298.8
2026-10-05 07:44:29 [   4260] train/loss=0.3013  train/pred_loss=0.0978  train/sigreg_loss=2.262  train/emb_std=0.9787  train/emb_norm=13.41  train/pred_vs_static=0.5165  train/grad_norm=1.847  train/lr=5e-05  train/samples_per_sec=299.5
2026-10-05 07:44:37 [   4280] train/loss=0.3002  train/pred_loss=0.09653  train/sigreg_loss=2.263  train/emb_std=0.9822  train/emb_norm=13.47  train/pred_vs_static=0.5286  train/grad_norm=2.107  train/lr=5e-05  train/samples_per_sec=300.2
2026-10-05 07:44:45 [   4300] train/loss=0.2931  train/pred_loss=0.09587  train/sigreg_loss=2.192  train/emb_std=0.9822  train/emb_norm=13.47  train/pred_vs_static=0.5138  train/grad_norm=1.679  train/lr=5e-05  train/samples_per_sec=300.6
2026-10-05 07:44:54 [   4320] train/loss=0.299  train/pred_loss=0.09794  train/sigreg_loss=2.234  train/emb_std=0.9756  train/emb_norm=13.38  train/pred_vs_static=0.512  train/grad_norm=1.988  train/lr=5e-05  train/samples_per_sec=300.9
2026-10-05 07:45:02 [   4340] train/loss=0.2916  train/pred_loss=0.0947  train/sigreg_loss=2.188  train/emb_std=0.9834  train/emb_norm=13.47  train/pred_vs_static=0.5142  train/grad_norm=1.81  train/lr=5e-05  train/samples_per_sec=301.2
2026-10-05 07:45:11 [   4360] train/loss=0.2936  train/pred_loss=0.09413  train/sigreg_loss=2.216  train/emb_std=0.9803  train/emb_norm=13.44  train/pred_vs_static=0.5061  train/grad_norm=1.628  train/lr=5e-05  train/samples_per_sec=301.4
2026-10-05 07:45:19 [   4380] train/loss=0.2976  train/pred_loss=0.09727  train/sigreg_loss=2.226  train/emb_std=0.9777  train/emb_norm=13.4  train/pred_vs_static=0.5057  train/grad_norm=1.847  train/lr=5e-05  train/samples_per_sec=301.7
2026-10-05 07:45:27 [   4400] train/loss=0.2942  train/pred_loss=0.09468  train/sigreg_loss=2.216  train/emb_std=0.9826  train/emb_norm=13.48  train/pred_vs_static=0.5024  train/grad_norm=1.741  train/lr=5e-05  train/samples_per_sec=302
2026-10-05 07:45:36 [   4420] train/loss=0.2941  train/pred_loss=0.09544  train/sigreg_loss=2.207  train/emb_std=0.9803  train/emb_norm=13.45  train/pred_vs_static=0.5053  train/grad_norm=1.61  train/lr=5e-05  train/samples_per_sec=302.2
2026-10-05 07:45:44 [   4440] train/loss=0.2915  train/pred_loss=0.09594  train/sigreg_loss=2.173  train/emb_std=0.9816  train/emb_norm=13.46  train/pred_vs_static=0.5173  train/grad_norm=1.723  train/lr=5e-05  train/samples_per_sec=302.4
2026-10-05 07:45:52 [   4460] train/loss=0.294  train/pred_loss=0.09396  train/sigreg_loss=2.223  train/emb_std=0.9791  train/emb_norm=13.43  train/pred_vs_static=0.5166  train/grad_norm=1.732  train/lr=5e-05  train/samples_per_sec=302.6
2026-10-05 07:46:01 [   4480] train/loss=0.2939  train/pred_loss=0.09626  train/sigreg_loss=2.195  train/emb_std=0.9809  train/emb_norm=13.44  train/pred_vs_static=0.5105  train/grad_norm=1.527  train/lr=5e-05  train/samples_per_sec=302.7
2026-10-05 07:46:09 [   4500] train/loss=0.2875  train/pred_loss=0.09333  train/sigreg_loss=2.158  train/emb_std=0.9828  train/emb_norm=13.47  train/pred_vs_static=0.5073  train/grad_norm=1.641  train/lr=5e-05  train/samples_per_sec=302.8
2026-10-05 07:46:17 [   4520] train/loss=0.2862  train/pred_loss=0.09252  train/sigreg_loss=2.152  train/emb_std=0.9824  train/emb_norm=13.47  train/pred_vs_static=0.5004  train/grad_norm=1.444  train/lr=5e-05  train/samples_per_sec=303
2026-10-05 07:46:26 [   4540] train/loss=0.2848  train/pred_loss=0.09019  train/sigreg_loss=2.163  train/emb_std=0.9789  train/emb_norm=13.44  train/pred_vs_static=0.4825  train/grad_norm=1.463  train/lr=5e-05  train/samples_per_sec=303.1
2026-10-05 07:46:34 [   4560] train/loss=0.2878  train/pred_loss=0.09238  train/sigreg_loss=2.171  train/emb_std=0.9805  train/emb_norm=13.46  train/pred_vs_static=0.4895  train/grad_norm=1.422  train/lr=5e-05  train/samples_per_sec=303.3
2026-10-05 07:46:43 [   4580] train/loss=0.2848  train/pred_loss=0.09387  train/sigreg_loss=2.122  train/emb_std=0.9799  train/emb_norm=13.44  train/pred_vs_static=0.4937  train/grad_norm=1.348  train/lr=5e-05  train/samples_per_sec=303.3
2026-10-05 07:46:51 [   4600] train/loss=0.2864  train/pred_loss=0.09066  train/sigreg_loss=2.175  train/emb_std=0.982  train/emb_norm=13.47  train/pred_vs_static=0.4937  train/grad_norm=1.48  train/lr=5e-05  train/samples_per_sec=303.3
2026-10-05 07:46:59 [   4620] train/loss=0.2874  train/pred_loss=0.09452  train/sigreg_loss=2.143  train/emb_std=0.9797  train/emb_norm=13.45  train/pred_vs_static=0.4991  train/grad_norm=1.52  train/lr=5e-05  train/samples_per_sec=303.3
2026-10-05 07:47:08 [   4640] train/loss=0.2811  train/pred_loss=0.09001  train/sigreg_loss=2.123  train/emb_std=0.9795  train/emb_norm=13.46  train/pred_vs_static=0.4911  train/grad_norm=1.429  train/lr=5e-05  train/samples_per_sec=303.3
2026-10-05 07:47:16 [   4660] train/loss=0.2849  train/pred_loss=0.09143  train/sigreg_loss=2.15  train/emb_std=0.9803  train/emb_norm=13.46  train/pred_vs_static=0.4783  train/grad_norm=1.372  train/lr=5e-05  train/samples_per_sec=303.4
2026-10-05 07:47:25 [   4680] train/loss=0.2787  train/pred_loss=0.09  train/sigreg_loss=2.095  train/emb_std=0.9828  train/emb_norm=13.47  train/pred_vs_static=0.4807  train/grad_norm=1.325  train/lr=5e-05  train/samples_per_sec=303.4
2026-10-05 07:47:33 [   4700] train/loss=0.2831  train/pred_loss=0.09217  train/sigreg_loss=2.122  train/emb_std=0.9824  train/emb_norm=13.47  train/pred_vs_static=0.4898  train/grad_norm=1.488  train/lr=5e-05  train/samples_per_sec=303.4
2026-10-05 07:47:41 [   4720] train/loss=0.2759  train/pred_loss=0.08595  train/sigreg_loss=2.111  train/emb_std=0.982  train/emb_norm=13.49  train/pred_vs_static=0.4768  train/grad_norm=1.381  train/lr=5e-05  train/samples_per_sec=303.5
2026-10-05 07:47:50 [   4740] train/loss=0.273  train/pred_loss=0.08415  train/sigreg_loss=2.099  train/emb_std=0.9834  train/emb_norm=13.5  train/pred_vs_static=0.4767  train/grad_norm=1.233  train/lr=5e-05  train/samples_per_sec=303.6
2026-10-05 07:47:58 [   4760] train/loss=0.2777  train/pred_loss=0.0866  train/sigreg_loss=2.124  train/emb_std=0.984  train/emb_norm=13.49  train/pred_vs_static=0.4691  train/grad_norm=1.407  train/lr=5e-05  train/samples_per_sec=303.6
2026-10-05 07:48:07 [   4780] train/loss=0.2765  train/pred_loss=0.08814  train/sigreg_loss=2.093  train/emb_std=0.9842  train/emb_norm=13.5  train/pred_vs_static=0.4737  train/grad_norm=1.264  train/lr=5e-05  train/samples_per_sec=303.6
2026-10-05 07:48:15 [   4800] train/loss=0.274  train/pred_loss=0.08534  train/sigreg_loss=2.096  train/emb_std=0.983  train/emb_norm=13.49  train/pred_vs_static=0.4638  train/grad_norm=1.314  train/lr=5e-05  train/samples_per_sec=303.7
2026-10-05 07:48:23 [   4820] train/loss=0.2699  train/pred_loss=0.08469  train/sigreg_loss=2.058  train/emb_std=0.9803  train/emb_norm=13.46  train/pred_vs_static=0.4583  train/grad_norm=1.286  train/lr=5e-05  train/samples_per_sec=303.7
2026-10-05 07:48:32 [   4840] train/loss=0.2739  train/pred_loss=0.08688  train/sigreg_loss=2.077  train/emb_std=0.9824  train/emb_norm=13.48  train/pred_vs_static=0.4626  train/grad_norm=1.388  train/lr=5e-05  train/samples_per_sec=303.7
2026-10-05 07:48:40 [   4860] train/loss=0.2742  train/pred_loss=0.08661  train/sigreg_loss=2.083  train/emb_std=0.9824  train/emb_norm=13.48  train/pred_vs_static=0.4577  train/grad_norm=1.341  train/lr=5e-05  train/samples_per_sec=303.7
2026-10-05 07:48:49 [   4880] train/loss=0.2708  train/pred_loss=0.08447  train/sigreg_loss=2.07  train/emb_std=0.9844  train/emb_norm=13.51  train/pred_vs_static=0.4529  train/grad_norm=1.206  train/lr=5e-05  train/samples_per_sec=303.7
2026-10-05 07:48:57 [   4900] train/loss=0.2706  train/pred_loss=0.08445  train/sigreg_loss=2.068  train/emb_std=0.9852  train/emb_norm=13.51  train/pred_vs_static=0.457  train/grad_norm=1.208  train/lr=5e-05  train/samples_per_sec=303.7
2026-10-05 07:49:05 [   4920] train/loss=0.2705  train/pred_loss=0.08294  train/sigreg_loss=2.082  train/emb_std=0.9803  train/emb_norm=13.45  train/pred_vs_static=0.4528  train/grad_norm=1.27  train/lr=5e-05  train/samples_per_sec=303.8
2026-10-05 07:49:14 [   4940] train/loss=0.2701  train/pred_loss=0.0842  train/sigreg_loss=2.065  train/emb_std=0.9824  train/emb_norm=13.47  train/pred_vs_static=0.4578  train/grad_norm=1.303  train/lr=5e-05  train/samples_per_sec=303.7
2026-10-05 07:49:22 [   4960] train/loss=0.2652  train/pred_loss=0.08199  train/sigreg_loss=2.035  train/emb_std=0.9863  train/emb_norm=13.54  train/pred_vs_static=0.4435  train/grad_norm=1.244  train/lr=5e-05  train/samples_per_sec=303.7
2026-10-05 07:49:31 [   4980] train/loss=0.2686  train/pred_loss=0.08333  train/sigreg_loss=2.059  train/emb_std=0.9834  train/emb_norm=13.5  train/pred_vs_static=0.4616  train/grad_norm=1.415  train/lr=5e-05  train/samples_per_sec=303.8
2026-10-05 07:49:39 [   5000] train/loss=0.2689  train/pred_loss=0.08183  train/sigreg_loss=2.079  train/emb_std=0.9822  train/emb_norm=13.5  train/pred_vs_static=0.4377  train/grad_norm=1.265  train/lr=5e-05  train/samples_per_sec=303.8
2026-10-05 07:49:48 [   5020] train/loss=0.264  train/pred_loss=0.08343  train/sigreg_loss=2.007  train/emb_std=0.982  train/emb_norm=13.49  train/pred_vs_static=0.4446  train/grad_norm=1.291  train/lr=5e-05  train/samples_per_sec=303.8
2026-10-05 07:49:56 [   5040] train/loss=0.2688  train/pred_loss=0.0825  train/sigreg_loss=2.069  train/emb_std=0.9822  train/emb_norm=13.51  train/pred_vs_static=0.4421  train/grad_norm=1.378  train/lr=5e-05  train/samples_per_sec=303.8
2026-10-05 07:50:04 [   5060] train/loss=0.2676  train/pred_loss=0.08256  train/sigreg_loss=2.055  train/emb_std=0.9789  train/emb_norm=13.44  train/pred_vs_static=0.4353  train/grad_norm=1.293  train/lr=5e-05  train/samples_per_sec=303.9
2026-10-05 07:50:13 [   5080] train/loss=0.2647  train/pred_loss=0.08107  train/sigreg_loss=2.041  train/emb_std=0.9854  train/emb_norm=13.52  train/pred_vs_static=0.432  train/grad_norm=1.272  train/lr=5e-05  train/samples_per_sec=304
2026-10-05 07:50:21 [   5100] train/loss=0.2639  train/pred_loss=0.08053  train/sigreg_loss=2.038  train/emb_std=0.9826  train/emb_norm=13.5  train/pred_vs_static=0.4454  train/grad_norm=1.217  train/lr=5e-05  train/samples_per_sec=304
2026-10-05 07:50:29 [   5120] train/loss=0.2605  train/pred_loss=0.0796  train/sigreg_loss=2.009  train/emb_std=0.9828  train/emb_norm=13.5  train/pred_vs_static=0.4325  train/grad_norm=1.215  train/lr=5e-05  train/samples_per_sec=304.1
2026-10-05 07:50:38 [   5140] train/loss=0.2615  train/pred_loss=0.08047  train/sigreg_loss=2.012  train/emb_std=0.9865  train/emb_norm=13.53  train/pred_vs_static=0.4377  train/grad_norm=1.278  train/lr=5e-05  train/samples_per_sec=304.1
2026-10-05 07:50:46 [   5160] train/loss=0.2598  train/pred_loss=0.08014  train/sigreg_loss=1.996  train/emb_std=0.9826  train/emb_norm=13.49  train/pred_vs_static=0.4333  train/grad_norm=1.185  train/lr=5e-05  train/samples_per_sec=304.1
2026-10-05 07:50:54 [   5180] train/loss=0.2608  train/pred_loss=0.07986  train/sigreg_loss=2.009  train/emb_std=0.9854  train/emb_norm=13.52  train/pred_vs_static=0.4302  train/grad_norm=1.068  train/lr=5e-05  train/samples_per_sec=304.1
2026-10-05 07:51:03 [   5200] train/loss=0.258  train/pred_loss=0.07723  train/sigreg_loss=2.007  train/emb_std=0.9846  train/emb_norm=13.52  train/pred_vs_static=0.4298  train/grad_norm=1.366  train/lr=5e-05  train/samples_per_sec=304.2
2026-10-05 07:51:11 [   5220] train/loss=0.2597  train/pred_loss=0.07961  train/sigreg_loss=2.002  train/emb_std=0.9814  train/emb_norm=13.47  train/pred_vs_static=0.4218  train/grad_norm=1.084  train/lr=5e-05  train/samples_per_sec=304.2
2026-10-05 07:51:19 [   5240] train/loss=0.2595  train/pred_loss=0.07899  train/sigreg_loss=2.005  train/emb_std=0.9838  train/emb_norm=13.5  train/pred_vs_static=0.4309  train/grad_norm=1.186  train/lr=5e-05  train/samples_per_sec=304.2
2026-10-05 07:51:28 [   5260] train/loss=0.2593  train/pred_loss=0.08108  train/sigreg_loss=1.98  train/emb_std=0.9877  train/emb_norm=13.56  train/pred_vs_static=0.415  train/grad_norm=1.211  train/lr=5e-05  train/samples_per_sec=304.3
2026-10-05 07:51:36 [   5280] train/loss=0.2569  train/pred_loss=0.07807  train/sigreg_loss=1.987  train/emb_std=0.9834  train/emb_norm=13.49  train/pred_vs_static=0.4265  train/grad_norm=1.349  train/lr=4.999e-05  train/samples_per_sec=304.3
2026-10-05 07:51:45 [   5300] train/loss=0.2535  train/pred_loss=0.07682  train/sigreg_loss=1.962  train/emb_std=0.983  train/emb_norm=13.5  train/pred_vs_static=0.4074  train/grad_norm=1.091  train/lr=4.999e-05  train/samples_per_sec=304.3
2026-10-05 07:51:53 [   5320] train/loss=0.2553  train/pred_loss=0.07513  train/sigreg_loss=2.001  train/emb_std=0.984  train/emb_norm=13.52  train/pred_vs_static=0.4136  train/grad_norm=1.139  train/lr=4.999e-05  train/samples_per_sec=304.4
2026-10-05 07:52:01 [   5340] train/loss=0.2532  train/pred_loss=0.07675  train/sigreg_loss=1.961  train/emb_std=0.9844  train/emb_norm=13.52  train/pred_vs_static=0.4089  train/grad_norm=1.185  train/lr=4.999e-05  train/samples_per_sec=304.4
2026-10-05 07:52:10 [   5360] train/loss=0.2529  train/pred_loss=0.07577  train/sigreg_loss=1.967  train/emb_std=0.9822  train/emb_norm=13.5  train/pred_vs_static=0.4028  train/grad_norm=1.123  train/lr=4.999e-05  train/samples_per_sec=304.4
2026-10-05 07:52:18 [   5380] train/loss=0.2516  train/pred_loss=0.07591  train/sigreg_loss=1.952  train/emb_std=0.984  train/emb_norm=13.52  train/pred_vs_static=0.4072  train/grad_norm=1.348  train/lr=4.999e-05  train/samples_per_sec=304.4
2026-10-05 07:52:27 [   5400] train/loss=0.2505  train/pred_loss=0.07483  train/sigreg_loss=1.953  train/emb_std=0.9838  train/emb_norm=13.51  train/pred_vs_static=0.4031  train/grad_norm=1.12  train/lr=4.999e-05  train/samples_per_sec=304.3
2026-10-05 07:52:35 [   5420] train/loss=0.2484  train/pred_loss=0.0721  train/sigreg_loss=1.958  train/emb_std=0.9848  train/emb_norm=13.53  train/pred_vs_static=0.4003  train/grad_norm=1.087  train/lr=4.999e-05  train/samples_per_sec=304.3
2026-10-05 07:52:43 [   5440] train/loss=0.2552  train/pred_loss=0.07712  train/sigreg_loss=1.979  train/emb_std=0.985  train/emb_norm=13.52  train/pred_vs_static=0.4036  train/grad_norm=1.191  train/lr=4.999e-05  train/samples_per_sec=304.4
2026-10-05 07:52:52 [   5460] train/loss=0.2519  train/pred_loss=0.07659  train/sigreg_loss=1.948  train/emb_std=0.9846  train/emb_norm=13.51  train/pred_vs_static=0.4084  train/grad_norm=1.122  train/lr=4.999e-05  train/samples_per_sec=304.4
2026-10-05 07:53:00 [   5480] train/loss=0.2503  train/pred_loss=0.07476  train/sigreg_loss=1.95  train/emb_std=0.985  train/emb_norm=13.53  train/pred_vs_static=0.3966  train/grad_norm=1.158  train/lr=4.999e-05  train/samples_per_sec=304.4
2026-10-05 07:53:09 [   5500] train/loss=0.2519  train/pred_loss=0.07513  train/sigreg_loss=1.963  train/emb_std=0.9871  train/emb_norm=13.56  train/pred_vs_static=0.3932  train/grad_norm=1.103  train/lr=4.999e-05  train/samples_per_sec=304.4
2026-10-05 07:53:17 [   5520] train/loss=0.2503  train/pred_loss=0.07381  train/sigreg_loss=1.961  train/emb_std=0.9857  train/emb_norm=13.53  train/pred_vs_static=0.4037  train/grad_norm=1.102  train/lr=4.999e-05  train/samples_per_sec=304.4
2026-10-05 07:53:25 [   5540] train/loss=0.248  train/pred_loss=0.07408  train/sigreg_loss=1.931  train/emb_std=0.9828  train/emb_norm=13.5  train/pred_vs_static=0.4081  train/grad_norm=1.469  train/lr=4.999e-05  train/samples_per_sec=304.4
2026-10-05 07:53:34 [   5560] train/loss=0.2449  train/pred_loss=0.07127  train/sigreg_loss=1.927  train/emb_std=0.9844  train/emb_norm=13.52  train/pred_vs_static=0.3881  train/grad_norm=1.076  train/lr=4.999e-05  train/samples_per_sec=304.5
2026-10-05 07:53:42 [   5580] train/loss=0.2443  train/pred_loss=0.07128  train/sigreg_loss=1.922  train/emb_std=0.9848  train/emb_norm=13.54  train/pred_vs_static=0.3839  train/grad_norm=1.082  train/lr=4.999e-05  train/samples_per_sec=304.4
2026-10-05 07:53:50 [   5600] train/loss=0.2467  train/pred_loss=0.07176  train/sigreg_loss=1.944  train/emb_std=0.9873  train/emb_norm=13.55  train/pred_vs_static=0.3878  train/grad_norm=1.048  train/lr=4.999e-05  train/samples_per_sec=304.5
2026-10-05 07:53:59 [   5620] train/loss=0.2442  train/pred_loss=0.0713  train/sigreg_loss=1.92  train/emb_std=0.9854  train/emb_norm=13.52  train/pred_vs_static=0.3929  train/grad_norm=1.111  train/lr=4.999e-05  train/samples_per_sec=304.5
2026-10-05 07:54:07 [   5640] train/loss=0.2469  train/pred_loss=0.07203  train/sigreg_loss=1.943  train/emb_std=0.9832  train/emb_norm=13.51  train/pred_vs_static=0.3912  train/grad_norm=1.084  train/lr=4.999e-05  train/samples_per_sec=304.5
2026-10-05 07:54:16 [   5660] train/loss=0.2433  train/pred_loss=0.07233  train/sigreg_loss=1.898  train/emb_std=0.9854  train/emb_norm=13.54  train/pred_vs_static=0.3872  train/grad_norm=1.154  train/lr=4.999e-05  train/samples_per_sec=304.5
2026-10-05 07:54:24 [   5680] train/loss=0.24  train/pred_loss=0.06929  train/sigreg_loss=1.896  train/emb_std=0.9887  train/emb_norm=13.58  train/pred_vs_static=0.3859  train/grad_norm=1.039  train/lr=4.999e-05  train/samples_per_sec=304.5
2026-10-05 07:54:32 [   5700] train/loss=0.2439  train/pred_loss=0.07163  train/sigreg_loss=1.913  train/emb_std=0.9836  train/emb_norm=13.52  train/pred_vs_static=0.3916  train/grad_norm=1.048  train/lr=4.999e-05  train/samples_per_sec=304.5
2026-10-05 07:54:41 [   5720] train/loss=0.2405  train/pred_loss=0.06883  train/sigreg_loss=1.907  train/emb_std=0.9848  train/emb_norm=13.53  train/pred_vs_static=0.387  train/grad_norm=1.024  train/lr=4.999e-05  train/samples_per_sec=304.6
2026-10-05 07:54:49 [   5740] train/loss=0.2403  train/pred_loss=0.07103  train/sigreg_loss=1.88  train/emb_std=0.9844  train/emb_norm=13.53  train/pred_vs_static=0.3834  train/grad_norm=1.034  train/lr=4.999e-05  train/samples_per_sec=304.6
2026-10-05 07:54:57 [   5760] train/loss=0.2453  train/pred_loss=0.07365  train/sigreg_loss=1.907  train/emb_std=0.9844  train/emb_norm=13.53  train/pred_vs_static=0.3852  train/grad_norm=1.076  train/lr=4.999e-05  train/samples_per_sec=304.6
2026-10-05 07:55:06 [   5780] train/loss=0.2406  train/pred_loss=0.06953  train/sigreg_loss=1.901  train/emb_std=0.9855  train/emb_norm=13.53  train/pred_vs_static=0.3695  train/grad_norm=1.004  train/lr=4.999e-05  train/samples_per_sec=304.6
2026-10-05 07:55:14 [   5800] train/loss=0.2408  train/pred_loss=0.0695  train/sigreg_loss=1.903  train/emb_std=0.9857  train/emb_norm=13.54  train/pred_vs_static=0.3702  train/grad_norm=1.067  train/lr=4.999e-05  train/samples_per_sec=304.6
2026-10-05 07:55:22 [   5820] train/loss=0.2416  train/pred_loss=0.07044  train/sigreg_loss=1.902  train/emb_std=0.9857  train/emb_norm=13.54  train/pred_vs_static=0.3844  train/grad_norm=1.1  train/lr=4.999e-05  train/samples_per_sec=304.6
2026-10-05 07:55:31 [   5840] train/loss=0.2423  train/pred_loss=0.07168  train/sigreg_loss=1.897  train/emb_std=0.9863  train/emb_norm=13.54  train/pred_vs_static=0.3825  train/grad_norm=1.103  train/lr=4.999e-05  train/samples_per_sec=304.6
2026-10-05 07:55:39 [   5860] train/loss=0.2405  train/pred_loss=0.0694  train/sigreg_loss=1.902  train/emb_std=0.9877  train/emb_norm=13.56  train/pred_vs_static=0.367  train/grad_norm=1.081  train/lr=4.999e-05  train/samples_per_sec=304.7
2026-10-05 07:55:48 [   5880] train/loss=0.2368  train/pred_loss=0.0679  train/sigreg_loss=1.877  train/emb_std=0.9883  train/emb_norm=13.58  train/pred_vs_static=0.3781  train/grad_norm=1.028  train/lr=4.999e-05  train/samples_per_sec=304.7
2026-10-05 07:55:56 [   5900] train/loss=0.2353  train/pred_loss=0.06702  train/sigreg_loss=1.87  train/emb_std=0.9844  train/emb_norm=13.53  train/pred_vs_static=0.3766  train/grad_norm=1.303  train/lr=4.999e-05  train/samples_per_sec=304.7
2026-10-05 07:56:04 [   5920] train/loss=0.2364  train/pred_loss=0.06803  train/sigreg_loss=1.871  train/emb_std=0.9869  train/emb_norm=13.56  train/pred_vs_static=0.3699  train/grad_norm=1.083  train/lr=4.999e-05  train/samples_per_sec=304.7
2026-10-05 07:56:13 [   5940] train/loss=0.2403  train/pred_loss=0.069  train/sigreg_loss=1.903  train/emb_std=0.984  train/emb_norm=13.53  train/pred_vs_static=0.3622  train/grad_norm=1.032  train/lr=4.999e-05  train/samples_per_sec=304.7
2026-10-05 07:56:21 [   5960] train/loss=0.2366  train/pred_loss=0.06886  train/sigreg_loss=1.864  train/emb_std=0.9869  train/emb_norm=13.54  train/pred_vs_static=0.3694  train/grad_norm=1.128  train/lr=4.999e-05  train/samples_per_sec=304.8
2026-10-05 07:56:29 [   5980] train/loss=0.2325  train/pred_loss=0.06705  train/sigreg_loss=1.838  train/emb_std=0.9852  train/emb_norm=13.54  train/pred_vs_static=0.3625  train/grad_norm=0.9941  train/lr=4.999e-05  train/samples_per_sec=304.8
2026-10-05 07:56:37 [   6000] train/loss=0.2358  train/pred_loss=0.06816  train/sigreg_loss=1.863  train/emb_std=0.9871  train/emb_norm=13.55  train/pred_vs_static=0.3684  train/grad_norm=1.085  train/lr=4.999e-05  train/samples_per_sec=304.9
2026-10-05 07:56:37 [   6000] train_epoch/loss=0.2688  train_epoch/pred_loss=0.08327  train_epoch/sigreg_loss=2.061  train_epoch/emb_std=0.983  train_epoch/emb_norm=13.49  train_epoch/pred_vs_static=0.4488  train_epoch/grad_norm=1.366  train_epoch/lr=5e-05  train_epoch/epoch=2
2026-10-05 07:57:00 [   6000] val/loss=0.8442  val/pred_loss=0.0627  val/sigreg_loss=8.682  val/emb_std=0.9432  val/emb_norm=13.56  val/pred_vs_static=0.3524  val/epoch=2
2026-10-05 07:57:00 epoch   2 | val pred_vs_static 0.35244 | best 0.35244 @ epoch 2 | saved epoch_002.pt
2026-10-05 07:57:10 [   6020] train/loss=0.2347  train/pred_loss=0.06549  train/sigreg_loss=1.881  train/emb_std=0.985  train/emb_norm=13.54  train/pred_vs_static=0.3528  train/grad_norm=1.187  train/lr=4.999e-05  train/samples_per_sec=257.8
2026-10-05 07:57:18 [   6040] train/loss=0.2341  train/pred_loss=0.06877  train/sigreg_loss=1.838  train/emb_std=0.9859  train/emb_norm=13.53  train/pred_vs_static=0.3718  train/grad_norm=1.043  train/lr=4.999e-05  train/samples_per_sec=280.1
2026-10-05 07:57:26 [   6060] train/loss=0.2372  train/pred_loss=0.06763  train/sigreg_loss=1.884  train/emb_std=0.9857  train/emb_norm=13.54  train/pred_vs_static=0.3723  train/grad_norm=1.083  train/lr=4.999e-05  train/samples_per_sec=288.3
2026-10-05 07:57:35 [   6080] train/loss=0.2307  train/pred_loss=0.06659  train/sigreg_loss=1.824  train/emb_std=0.9871  train/emb_norm=13.57  train/pred_vs_static=0.3701  train/grad_norm=0.9739  train/lr=4.999e-05  train/samples_per_sec=292.7
2026-10-05 07:57:43 [   6100] train/loss=0.2296  train/pred_loss=0.06592  train/sigreg_loss=1.821  train/emb_std=0.9854  train/emb_norm=13.53  train/pred_vs_static=0.3603  train/grad_norm=0.9691  train/lr=4.999e-05  train/samples_per_sec=295.1
2026-10-05 07:57:52 [   6120] train/loss=0.237  train/pred_loss=0.06811  train/sigreg_loss=1.875  train/emb_std=0.9848  train/emb_norm=13.53  train/pred_vs_static=0.363  train/grad_norm=0.9522  train/lr=4.999e-05  train/samples_per_sec=295.5
2026-10-05 07:58:00 [   6140] train/loss=0.2353  train/pred_loss=0.06913  train/sigreg_loss=1.846  train/emb_std=0.9863  train/emb_norm=13.55  train/pred_vs_static=0.3617  train/grad_norm=1.031  train/lr=4.999e-05  train/samples_per_sec=296.5
2026-10-05 07:58:09 [   6160] train/loss=0.2344  train/pred_loss=0.06646  train/sigreg_loss=1.866  train/emb_std=0.9842  train/emb_norm=13.53  train/pred_vs_static=0.3494  train/grad_norm=1.067  train/lr=4.999e-05  train/samples_per_sec=296.3
2026-10-05 07:58:18 [   6180] train/loss=0.2325  train/pred_loss=0.0661  train/sigreg_loss=1.85  train/emb_std=0.9863  train/emb_norm=13.55  train/pred_vs_static=0.3621  train/grad_norm=1.097  train/lr=4.999e-05  train/samples_per_sec=296.6
2026-10-05 07:58:26 [   6200] train/loss=0.2314  train/pred_loss=0.06524  train/sigreg_loss=1.845  train/emb_std=0.9867  train/emb_norm=13.55  train/pred_vs_static=0.3505  train/grad_norm=0.9856  train/lr=4.998e-05  train/samples_per_sec=296.9
2026-10-05 07:58:35 [   6220] train/loss=0.2303  train/pred_loss=0.06532  train/sigreg_loss=1.833  train/emb_std=0.9875  train/emb_norm=13.56  train/pred_vs_static=0.3515  train/grad_norm=0.9655  train/lr=4.998e-05  train/samples_per_sec=296.8
2026-10-05 07:58:43 [   6240] train/loss=0.2338  train/pred_loss=0.06685  train/sigreg_loss=1.855  train/emb_std=0.9838  train/emb_norm=13.51  train/pred_vs_static=0.3611  train/grad_norm=1.075  train/lr=4.998e-05  train/samples_per_sec=297.1
2026-10-05 07:58:52 [   6260] train/loss=0.2358  train/pred_loss=0.06863  train/sigreg_loss=1.857  train/emb_std=0.9867  train/emb_norm=13.55  train/pred_vs_static=0.3476  train/grad_norm=1.041  train/lr=4.998e-05  train/samples_per_sec=297.3
2026-10-05 07:59:00 [   6280] train/loss=0.2299  train/pred_loss=0.06515  train/sigreg_loss=1.829  train/emb_std=0.9869  train/emb_norm=13.57  train/pred_vs_static=0.3509  train/grad_norm=0.9621  train/lr=4.998e-05  train/samples_per_sec=297.4
2026-10-05 07:59:09 [   6300] train/loss=0.2297  train/pred_loss=0.0652  train/sigreg_loss=1.828  train/emb_std=0.9875  train/emb_norm=13.56  train/pred_vs_static=0.3438  train/grad_norm=0.9315  train/lr=4.998e-05  train/samples_per_sec=297.7
2026-10-05 07:59:17 [   6320] train/loss=0.2322  train/pred_loss=0.06616  train/sigreg_loss=1.845  train/emb_std=0.985  train/emb_norm=13.54  train/pred_vs_static=0.3534  train/grad_norm=0.9551  train/lr=4.998e-05  train/samples_per_sec=297.8
2026-10-05 07:59:26 [   6340] train/loss=0.2268  train/pred_loss=0.06458  train/sigreg_loss=1.804  train/emb_std=0.9873  train/emb_norm=13.57  train/pred_vs_static=0.3511  train/grad_norm=1.094  train/lr=4.998e-05  train/samples_per_sec=297.9
2026-10-05 07:59:34 [   6360] train/loss=0.2307  train/pred_loss=0.06599  train/sigreg_loss=1.83  train/emb_std=0.9873  train/emb_norm=13.57  train/pred_vs_static=0.3514  train/grad_norm=0.9525  train/lr=4.998e-05  train/samples_per_sec=298.2
2026-10-05 07:59:43 [   6380] train/loss=0.2265  train/pred_loss=0.06429  train/sigreg_loss=1.804  train/emb_std=0.9863  train/emb_norm=13.56  train/pred_vs_static=0.3438  train/grad_norm=1.083  train/lr=4.998e-05  train/samples_per_sec=298.4
2026-10-05 07:59:51 [   6400] train/loss=0.2296  train/pred_loss=0.06518  train/sigreg_loss=1.826  train/emb_std=0.9871  train/emb_norm=13.56  train/pred_vs_static=0.3534  train/grad_norm=0.9446  train/lr=4.998e-05  train/samples_per_sec=298.6
2026-10-05 08:00:00 [   6420] train/loss=0.2252  train/pred_loss=0.06446  train/sigreg_loss=1.787  train/emb_std=0.9857  train/emb_norm=13.54  train/pred_vs_static=0.3417  train/grad_norm=0.9339  train/lr=4.998e-05  train/samples_per_sec=298.6
2026-10-05 08:00:08 [   6440] train/loss=0.2225  train/pred_loss=0.06236  train/sigreg_loss=1.778  train/emb_std=0.985  train/emb_norm=13.54  train/pred_vs_static=0.3489  train/grad_norm=0.9383  train/lr=4.998e-05  train/samples_per_sec=298.8
2026-10-05 08:00:17 [   6460] train/loss=0.2261  train/pred_loss=0.06339  train/sigreg_loss=1.809  train/emb_std=0.9885  train/emb_norm=13.58  train/pred_vs_static=0.3431  train/grad_norm=0.9825  train/lr=4.998e-05  train/samples_per_sec=298.8
2026-10-05 08:00:25 [   6480] train/loss=0.2258  train/pred_loss=0.06341  train/sigreg_loss=1.805  train/emb_std=0.984  train/emb_norm=13.53  train/pred_vs_static=0.3406  train/grad_norm=0.9641  train/lr=4.998e-05  train/samples_per_sec=299
2026-10-05 08:00:34 [   6500] train/loss=0.2286  train/pred_loss=0.06436  train/sigreg_loss=1.825  train/emb_std=0.9877  train/emb_norm=13.57  train/pred_vs_static=0.3518  train/grad_norm=1.101  train/lr=4.998e-05  train/samples_per_sec=299
2026-10-05 08:00:42 [   6520] train/loss=0.2286  train/pred_loss=0.06395  train/sigreg_loss=1.829  train/emb_std=0.984  train/emb_norm=13.54  train/pred_vs_static=0.335  train/grad_norm=1.013  train/lr=4.998e-05  train/samples_per_sec=299.1
2026-10-05 08:00:51 [   6540] train/loss=0.2251  train/pred_loss=0.06237  train/sigreg_loss=1.809  train/emb_std=0.9861  train/emb_norm=13.56  train/pred_vs_static=0.3223  train/grad_norm=0.9756  train/lr=4.998e-05  train/samples_per_sec=299.3
2026-10-05 08:00:59 [   6560] train/loss=0.2252  train/pred_loss=0.06329  train/sigreg_loss=1.799  train/emb_std=0.9863  train/emb_norm=13.56  train/pred_vs_static=0.3385  train/grad_norm=0.9857  train/lr=4.998e-05  train/samples_per_sec=299.4
2026-10-05 08:01:08 [   6580] train/loss=0.2248  train/pred_loss=0.06394  train/sigreg_loss=1.786  train/emb_std=0.9842  train/emb_norm=13.53  train/pred_vs_static=0.3299  train/grad_norm=0.9908  train/lr=4.998e-05  train/samples_per_sec=299.6
2026-10-05 08:01:16 [   6600] train/loss=0.2234  train/pred_loss=0.063  train/sigreg_loss=1.782  train/emb_std=0.9877  train/emb_norm=13.58  train/pred_vs_static=0.3344  train/grad_norm=0.9446  train/lr=4.998e-05  train/samples_per_sec=299.7
2026-10-05 08:01:25 [   6620] train/loss=0.2239  train/pred_loss=0.06203  train/sigreg_loss=1.8  train/emb_std=0.9863  train/emb_norm=13.56  train/pred_vs_static=0.3287  train/grad_norm=0.8907  train/lr=4.998e-05  train/samples_per_sec=299.9
2026-10-05 08:01:33 [   6640] train/loss=0.2192  train/pred_loss=0.06085  train/sigreg_loss=1.759  train/emb_std=0.9859  train/emb_norm=13.55  train/pred_vs_static=0.3289  train/grad_norm=0.9309  train/lr=4.998e-05  train/samples_per_sec=300
2026-10-05 08:01:41 [   6660] train/loss=0.2229  train/pred_loss=0.06129  train/sigreg_loss=1.796  train/emb_std=0.9869  train/emb_norm=13.56  train/pred_vs_static=0.3291  train/grad_norm=0.9219  train/lr=4.998e-05  train/samples_per_sec=300.2
2026-10-05 08:01:50 [   6680] train/loss=0.2232  train/pred_loss=0.06236  train/sigreg_loss=1.788  train/emb_std=0.9857  train/emb_norm=13.55  train/pred_vs_static=0.3258  train/grad_norm=0.9768  train/lr=4.998e-05  train/samples_per_sec=300.3
2026-10-05 08:01:58 [   6700] train/loss=0.222  train/pred_loss=0.0628  train/sigreg_loss=1.77  train/emb_std=0.9875  train/emb_norm=13.57  train/pred_vs_static=0.3345  train/grad_norm=0.9811  train/lr=4.998e-05  train/samples_per_sec=300.5
2026-10-05 08:02:06 [   6720] train/loss=0.2261  train/pred_loss=0.06362  train/sigreg_loss=1.806  train/emb_std=0.9875  train/emb_norm=13.57  train/pred_vs_static=0.3265  train/grad_norm=0.9754  train/lr=4.998e-05  train/samples_per_sec=300.6
2026-10-05 08:02:15 [   6740] train/loss=0.2239  train/pred_loss=0.06339  train/sigreg_loss=1.784  train/emb_std=0.9875  train/emb_norm=13.58  train/pred_vs_static=0.3388  train/grad_norm=0.9375  train/lr=4.998e-05  train/samples_per_sec=300.8
2026-10-05 08:02:23 [   6760] train/loss=0.2233  train/pred_loss=0.06145  train/sigreg_loss=1.798  train/emb_std=0.9871  train/emb_norm=13.56  train/pred_vs_static=0.3278  train/grad_norm=0.9716  train/lr=4.998e-05  train/samples_per_sec=300.9
2026-10-05 08:02:32 [   6780] train/loss=0.2241  train/pred_loss=0.06351  train/sigreg_loss=1.785  train/emb_std=0.9867  train/emb_norm=13.56  train/pred_vs_static=0.3252  train/grad_norm=1.038  train/lr=4.998e-05  train/samples_per_sec=301
2026-10-05 08:02:40 [   6800] train/loss=0.217  train/pred_loss=0.05984  train/sigreg_loss=1.747  train/emb_std=0.9852  train/emb_norm=13.55  train/pred_vs_static=0.3179  train/grad_norm=0.8592  train/lr=4.998e-05  train/samples_per_sec=301.2
2026-10-05 08:02:48 [   6820] train/loss=0.2228  train/pred_loss=0.05962  train/sigreg_loss=1.813  train/emb_std=0.9885  train/emb_norm=13.58  train/pred_vs_static=0.313  train/grad_norm=0.9103  train/lr=4.997e-05  train/samples_per_sec=301.3
2026-10-05 08:02:57 [   6840] train/loss=0.2201  train/pred_loss=0.05982  train/sigreg_loss=1.781  train/emb_std=0.9875  train/emb_norm=13.57  train/pred_vs_static=0.3289  train/grad_norm=0.8909  train/lr=4.997e-05  train/samples_per_sec=301.4
2026-10-05 08:03:05 [   6860] train/loss=0.2236  train/pred_loss=0.06231  train/sigreg_loss=1.794  train/emb_std=0.9848  train/emb_norm=13.53  train/pred_vs_static=0.3226  train/grad_norm=1.095  train/lr=4.997e-05  train/samples_per_sec=301.5
2026-10-05 08:03:13 [   6880] train/loss=0.2172  train/pred_loss=0.06044  train/sigreg_loss=1.741  train/emb_std=0.9867  train/emb_norm=13.56  train/pred_vs_static=0.321  train/grad_norm=0.901  train/lr=4.997e-05  train/samples_per_sec=301.6
2026-10-05 08:03:22 [   6900] train/loss=0.2174  train/pred_loss=0.0599  train/sigreg_loss=1.75  train/emb_std=0.9881  train/emb_norm=13.57  train/pred_vs_static=0.3238  train/grad_norm=0.9035  train/lr=4.997e-05  train/samples_per_sec=301.6
2026-10-05 08:03:30 [   6920] train/loss=0.2183  train/pred_loss=0.0602  train/sigreg_loss=1.756  train/emb_std=0.9859  train/emb_norm=13.55  train/pred_vs_static=0.3258  train/grad_norm=0.9046  train/lr=4.997e-05  train/samples_per_sec=301.6
2026-10-05 08:03:39 [   6940] train/loss=0.2197  train/pred_loss=0.06177  train/sigreg_loss=1.755  train/emb_std=0.9846  train/emb_norm=13.56  train/pred_vs_static=0.3269  train/grad_norm=0.9876  train/lr=4.997e-05  train/samples_per_sec=301.6
2026-10-05 08:03:47 [   6960] train/loss=0.2182  train/pred_loss=0.05819  train/sigreg_loss=1.779  train/emb_std=0.9859  train/emb_norm=13.55  train/pred_vs_static=0.3112  train/grad_norm=0.9138  train/lr=4.997e-05  train/samples_per_sec=301.7
2026-10-05 08:03:56 [   6980] train/loss=0.2161  train/pred_loss=0.05858  train/sigreg_loss=1.752  train/emb_std=0.9873  train/emb_norm=13.57  train/pred_vs_static=0.3115  train/grad_norm=0.8795  train/lr=4.997e-05  train/samples_per_sec=301.7
2026-10-05 08:04:04 [   7000] train/loss=0.2174  train/pred_loss=0.05938  train/sigreg_loss=1.755  train/emb_std=0.9861  train/emb_norm=13.55  train/pred_vs_static=0.3312  train/grad_norm=0.8881  train/lr=4.997e-05  train/samples_per_sec=301.8
2026-10-05 08:04:12 [   7020] train/loss=0.2212  train/pred_loss=0.06232  train/sigreg_loss=1.764  train/emb_std=0.9873  train/emb_norm=13.57  train/pred_vs_static=0.3263  train/grad_norm=0.9684  train/lr=4.997e-05  train/samples_per_sec=301.8
2026-10-05 08:04:21 [   7040] train/loss=0.2185  train/pred_loss=0.05998  train/sigreg_loss=1.761  train/emb_std=0.9857  train/emb_norm=13.55  train/pred_vs_static=0.3115  train/grad_norm=0.8736  train/lr=4.997e-05  train/samples_per_sec=301.9
2026-10-05 08:04:29 [   7060] train/loss=0.2191  train/pred_loss=0.06124  train/sigreg_loss=1.753  train/emb_std=0.9836  train/emb_norm=13.53  train/pred_vs_static=0.3173  train/grad_norm=0.9141  train/lr=4.997e-05  train/samples_per_sec=301.9
2026-10-05 08:04:38 [   7080] train/loss=0.219  train/pred_loss=0.05991  train/sigreg_loss=1.767  train/emb_std=0.9865  train/emb_norm=13.56  train/pred_vs_static=0.3198  train/grad_norm=0.908  train/lr=4.997e-05  train/samples_per_sec=301.9
2026-10-05 08:04:46 [   7100] train/loss=0.217  train/pred_loss=0.0588  train/sigreg_loss=1.758  train/emb_std=0.9844  train/emb_norm=13.53  train/pred_vs_static=0.3223  train/grad_norm=0.9295  train/lr=4.997e-05  train/samples_per_sec=302
2026-10-05 08:04:54 [   7120] train/loss=0.2169  train/pred_loss=0.06099  train/sigreg_loss=1.732  train/emb_std=0.9861  train/emb_norm=13.55  train/pred_vs_static=0.3107  train/grad_norm=0.9833  train/lr=4.997e-05  train/samples_per_sec=302.1
2026-10-05 08:05:03 [   7140] train/loss=0.2163  train/pred_loss=0.05923  train/sigreg_loss=1.745  train/emb_std=0.9885  train/emb_norm=13.59  train/pred_vs_static=0.31  train/grad_norm=0.959  train/lr=4.997e-05  train/samples_per_sec=302
2026-10-05 08:05:11 [   7160] train/loss=0.2127  train/pred_loss=0.05713  train/sigreg_loss=1.729  train/emb_std=0.9875  train/emb_norm=13.57  train/pred_vs_static=0.3054  train/grad_norm=0.9346  train/lr=4.997e-05  train/samples_per_sec=302.1
2026-10-05 08:05:20 [   7180] train/loss=0.2158  train/pred_loss=0.05824  train/sigreg_loss=1.75  train/emb_std=0.9852  train/emb_norm=13.54  train/pred_vs_static=0.3055  train/grad_norm=0.9422  train/lr=4.997e-05  train/samples_per_sec=302.1
2026-10-05 08:05:28 [   7200] train/loss=0.2139  train/pred_loss=0.05784  train/sigreg_loss=1.734  train/emb_std=0.9904  train/emb_norm=13.6  train/pred_vs_static=0.3107  train/grad_norm=0.8874  train/lr=4.997e-05  train/samples_per_sec=302.1
2026-10-05 08:05:37 [   7220] train/loss=0.2174  train/pred_loss=0.05835  train/sigreg_loss=1.767  train/emb_std=0.9859  train/emb_norm=13.55  train/pred_vs_static=0.3007  train/grad_norm=0.8755  train/lr=4.997e-05  train/samples_per_sec=302.2
2026-10-05 08:05:45 [   7240] train/loss=0.2156  train/pred_loss=0.05791  train/sigreg_loss=1.752  train/emb_std=0.9867  train/emb_norm=13.56  train/pred_vs_static=0.3126  train/grad_norm=0.8931  train/lr=4.997e-05  train/samples_per_sec=302.2
2026-10-05 08:05:53 [   7260] train/loss=0.214  train/pred_loss=0.05661  train/sigreg_loss=1.748  train/emb_std=0.9852  train/emb_norm=13.55  train/pred_vs_static=0.3113  train/grad_norm=0.9093  train/lr=4.997e-05  train/samples_per_sec=302.2
2026-10-05 08:06:02 [   7280] train/loss=0.2117  train/pred_loss=0.05664  train/sigreg_loss=1.723  train/emb_std=0.9879  train/emb_norm=13.58  train/pred_vs_static=0.3113  train/grad_norm=0.8581  train/lr=4.997e-05  train/samples_per_sec=302.3
2026-10-05 08:06:10 [   7300] train/loss=0.2106  train/pred_loss=0.05548  train/sigreg_loss=1.724  train/emb_std=0.9887  train/emb_norm=13.58  train/pred_vs_static=0.3078  train/grad_norm=0.8499  train/lr=4.997e-05  train/samples_per_sec=302.3
2026-10-05 08:06:19 [   7320] train/loss=0.2142  train/pred_loss=0.06018  train/sigreg_loss=1.711  train/emb_std=0.9855  train/emb_norm=13.54  train/pred_vs_static=0.3127  train/grad_norm=0.8835  train/lr=4.997e-05  train/samples_per_sec=302.3
2026-10-05 08:06:27 [   7340] train/loss=0.2154  train/pred_loss=0.05903  train/sigreg_loss=1.736  train/emb_std=0.9879  train/emb_norm=13.57  train/pred_vs_static=0.3127  train/grad_norm=0.8826  train/lr=4.996e-05  train/samples_per_sec=302.4
2026-10-05 08:06:35 [   7360] train/loss=0.2114  train/pred_loss=0.05703  train/sigreg_loss=1.715  train/emb_std=0.9893  train/emb_norm=13.59  train/pred_vs_static=0.3039  train/grad_norm=0.9317  train/lr=4.996e-05  train/samples_per_sec=302.4
2026-10-05 08:06:44 [   7380] train/loss=0.2163  train/pred_loss=0.05844  train/sigreg_loss=1.753  train/emb_std=0.9887  train/emb_norm=13.58  train/pred_vs_static=0.3137  train/grad_norm=0.8972  train/lr=4.996e-05  train/samples_per_sec=302.5
2026-10-05 08:06:52 [   7400] train/loss=0.2105  train/pred_loss=0.05634  train/sigreg_loss=1.714  train/emb_std=0.9887  train/emb_norm=13.59  train/pred_vs_static=0.3035  train/grad_norm=0.8396  train/lr=4.996e-05  train/samples_per_sec=302.5
2026-10-05 08:07:01 [   7420] train/loss=0.211  train/pred_loss=0.05783  train/sigreg_loss=1.702  train/emb_std=0.9871  train/emb_norm=13.56  train/pred_vs_static=0.3128  train/grad_norm=0.8687  train/lr=4.996e-05  train/samples_per_sec=302.6
2026-10-05 08:07:09 [   7440] train/loss=0.2124  train/pred_loss=0.05684  train/sigreg_loss=1.728  train/emb_std=0.9877  train/emb_norm=13.57  train/pred_vs_static=0.3111  train/grad_norm=0.8776  train/lr=4.996e-05  train/samples_per_sec=302.6
2026-10-05 08:07:17 [   7460] train/loss=0.2126  train/pred_loss=0.05669  train/sigreg_loss=1.734  train/emb_std=0.9871  train/emb_norm=13.56  train/pred_vs_static=0.3028  train/grad_norm=0.888  train/lr=4.996e-05  train/samples_per_sec=302.6
2026-10-05 08:07:26 [   7480] train/loss=0.2061  train/pred_loss=0.0544  train/sigreg_loss=1.686  train/emb_std=0.9881  train/emb_norm=13.57  train/pred_vs_static=0.2882  train/grad_norm=0.7928  train/lr=4.996e-05  train/samples_per_sec=302.6
2026-10-05 08:07:34 [   7500] train/loss=0.2114  train/pred_loss=0.05759  train/sigreg_loss=1.709  train/emb_std=0.9891  train/emb_norm=13.59  train/pred_vs_static=0.3061  train/grad_norm=0.876  train/lr=4.996e-05  train/samples_per_sec=302.6
2026-10-05 08:07:43 [   7520] train/loss=0.2109  train/pred_loss=0.05675  train/sigreg_loss=1.712  train/emb_std=0.9859  train/emb_norm=13.56  train/pred_vs_static=0.3002  train/grad_norm=0.9315  train/lr=4.996e-05  train/samples_per_sec=302.7
2026-10-05 08:07:51 [   7540] train/loss=0.2082  train/pred_loss=0.05576  train/sigreg_loss=1.693  train/emb_std=0.9877  train/emb_norm=13.57  train/pred_vs_static=0.3014  train/grad_norm=0.8451  train/lr=4.996e-05  train/samples_per_sec=302.8
2026-10-05 08:07:59 [   7560] train/loss=0.2099  train/pred_loss=0.05601  train/sigreg_loss=1.71  train/emb_std=0.9891  train/emb_norm=13.6  train/pred_vs_static=0.2948  train/grad_norm=0.8612  train/lr=4.996e-05  train/samples_per_sec=302.8
2026-10-05 08:08:08 [   7580] train/loss=0.2116  train/pred_loss=0.05751  train/sigreg_loss=1.712  train/emb_std=0.9865  train/emb_norm=13.56  train/pred_vs_static=0.3076  train/grad_norm=0.9639  train/lr=4.996e-05  train/samples_per_sec=302.9
2026-10-05 08:08:16 [   7600] train/loss=0.2033  train/pred_loss=0.05277  train/sigreg_loss=1.672  train/emb_std=0.9887  train/emb_norm=13.6  train/pred_vs_static=0.2895  train/grad_norm=0.8565  train/lr=4.996e-05  train/samples_per_sec=302.9
2026-10-05 08:08:24 [   7620] train/loss=0.2132  train/pred_loss=0.05826  train/sigreg_loss=1.721  train/emb_std=0.9871  train/emb_norm=13.57  train/pred_vs_static=0.3012  train/grad_norm=0.8956  train/lr=4.996e-05  train/samples_per_sec=303
2026-10-05 08:08:33 [   7640] train/loss=0.2088  train/pred_loss=0.05547  train/sigreg_loss=1.703  train/emb_std=0.9885  train/emb_norm=13.59  train/pred_vs_static=0.2973  train/grad_norm=0.8379  train/lr=4.996e-05  train/samples_per_sec=303
2026-10-05 08:08:41 [   7660] train/loss=0.2089  train/pred_loss=0.05494  train/sigreg_loss=1.712  train/emb_std=0.9869  train/emb_norm=13.56  train/pred_vs_static=0.2892  train/grad_norm=0.8473  train/lr=4.996e-05  train/samples_per_sec=303
2026-10-05 08:08:50 [   7680] train/loss=0.2084  train/pred_loss=0.056  train/sigreg_loss=1.694  train/emb_std=0.9904  train/emb_norm=13.61  train/pred_vs_static=0.2959  train/grad_norm=0.7906  train/lr=4.996e-05  train/samples_per_sec=303
2026-10-05 08:08:58 [   7700] train/loss=0.2074  train/pred_loss=0.05517  train/sigreg_loss=1.691  train/emb_std=0.9857  train/emb_norm=13.57  train/pred_vs_static=0.2923  train/grad_norm=0.8361  train/lr=4.996e-05  train/samples_per_sec=303
2026-10-05 08:09:06 [   7720] train/loss=0.2069  train/pred_loss=0.056  train/sigreg_loss=1.677  train/emb_std=0.9873  train/emb_norm=13.57  train/pred_vs_static=0.3008  train/grad_norm=0.858  train/lr=4.996e-05  train/samples_per_sec=303
2026-10-05 08:09:15 [   7740] train/loss=0.2076  train/pred_loss=0.05571  train/sigreg_loss=1.688  train/emb_std=0.9871  train/emb_norm=13.58  train/pred_vs_static=0.2915  train/grad_norm=0.8058  train/lr=4.996e-05  train/samples_per_sec=303
2026-10-05 08:09:23 [   7760] train/loss=0.2089  train/pred_loss=0.05451  train/sigreg_loss=1.715  train/emb_std=0.9881  train/emb_norm=13.58  train/pred_vs_static=0.2935  train/grad_norm=0.8916  train/lr=4.996e-05  train/samples_per_sec=303
2026-10-05 08:09:32 [   7780] train/loss=0.2089  train/pred_loss=0.05573  train/sigreg_loss=1.702  train/emb_std=0.9857  train/emb_norm=13.57  train/pred_vs_static=0.2896  train/grad_norm=0.8568  train/lr=4.995e-05  train/samples_per_sec=303
2026-10-05 08:09:40 [   7800] train/loss=0.2053  train/pred_loss=0.05322  train/sigreg_loss=1.689  train/emb_std=0.9887  train/emb_norm=13.59  train/pred_vs_static=0.2884  train/grad_norm=0.8761  train/lr=4.995e-05  train/samples_per_sec=303
2026-10-05 08:09:49 [   7820] train/loss=0.2065  train/pred_loss=0.05447  train/sigreg_loss=1.689  train/emb_std=0.9859  train/emb_norm=13.56  train/pred_vs_static=0.2865  train/grad_norm=0.8478  train/lr=4.995e-05  train/samples_per_sec=303
2026-10-05 08:09:57 [   7840] train/loss=0.2064  train/pred_loss=0.05415  train/sigreg_loss=1.691  train/emb_std=0.9867  train/emb_norm=13.58  train/pred_vs_static=0.2892  train/grad_norm=0.8556  train/lr=4.995e-05  train/samples_per_sec=303
2026-10-05 08:10:06 [   7860] train/loss=0.2038  train/pred_loss=0.05311  train/sigreg_loss=1.674  train/emb_std=0.9859  train/emb_norm=13.56  train/pred_vs_static=0.2831  train/grad_norm=0.8083  train/lr=4.995e-05  train/samples_per_sec=303
2026-10-05 08:10:14 [   7880] train/loss=0.2025  train/pred_loss=0.05301  train/sigreg_loss=1.661  train/emb_std=0.9893  train/emb_norm=13.6  train/pred_vs_static=0.2948  train/grad_norm=0.8039  train/lr=4.995e-05  train/samples_per_sec=303
2026-10-05 08:10:23 [   7900] train/loss=0.2051  train/pred_loss=0.05413  train/sigreg_loss=1.676  train/emb_std=0.9873  train/emb_norm=13.59  train/pred_vs_static=0.2951  train/grad_norm=0.8303  train/lr=4.995e-05  train/samples_per_sec=303
2026-10-05 08:10:31 [   7920] train/loss=0.2021  train/pred_loss=0.05412  train/sigreg_loss=1.644  train/emb_std=0.9838  train/emb_norm=13.53  train/pred_vs_static=0.283  train/grad_norm=0.828  train/lr=4.995e-05  train/samples_per_sec=303
2026-10-05 08:10:39 [   7940] train/loss=0.2053  train/pred_loss=0.05385  train/sigreg_loss=1.682  train/emb_std=0.9895  train/emb_norm=13.6  train/pred_vs_static=0.2808  train/grad_norm=0.8657  train/lr=4.995e-05  train/samples_per_sec=303
2026-10-05 08:10:48 [   7960] train/loss=0.2031  train/pred_loss=0.05354  train/sigreg_loss=1.663  train/emb_std=0.9867  train/emb_norm=13.58  train/pred_vs_static=0.2872  train/grad_norm=0.817  train/lr=4.995e-05  train/samples_per_sec=303.1
2026-10-05 08:10:56 [   7980] train/loss=0.2042  train/pred_loss=0.05278  train/sigreg_loss=1.684  train/emb_std=0.9867  train/emb_norm=13.58  train/pred_vs_static=0.2877  train/grad_norm=0.811  train/lr=4.995e-05  train/samples_per_sec=303.2
2026-10-05 08:11:04 [   8000] train/loss=0.2028  train/pred_loss=0.05459  train/sigreg_loss=1.647  train/emb_std=0.9877  train/emb_norm=13.59  train/pred_vs_static=0.2913  train/grad_norm=0.9775  train/lr=4.995e-05  train/samples_per_sec=303.2
2026-10-05 08:11:04 [   8000] train_epoch/loss=0.2184  train_epoch/pred_loss=0.06009  train_epoch/sigreg_loss=1.76  train_epoch/emb_std=0.9868  train_epoch/emb_norm=13.56  train_epoch/pred_vs_static=0.3207  train_epoch/grad_norm=0.928  train_epoch/lr=4.997e-05  train_epoch/epoch=3
2026-10-05 08:11:27 [   8000] val/loss=0.8215  val/pred_loss=0.04981  val/sigreg_loss=8.575  val/emb_std=0.9557  val/emb_norm=13.75  val/pred_vs_static=0.2737  val/epoch=3
2026-10-05 08:11:27 epoch   3 | val pred_vs_static 0.27372 | best 0.27372 @ epoch 3 | saved epoch_003.pt
2026-10-05 08:11:39 [   8020] train/loss=0.203  train/pred_loss=0.05435  train/sigreg_loss=1.652  train/emb_std=0.9885  train/emb_norm=13.59  train/pred_vs_static=0.2913  train/grad_norm=0.8648  train/lr=4.995e-05  train/samples_per_sec=218.2
2026-10-05 08:11:47 [   8040] train/loss=0.2069  train/pred_loss=0.05529  train/sigreg_loss=1.685  train/emb_std=0.9865  train/emb_norm=13.57  train/pred_vs_static=0.2915  train/grad_norm=0.8534  train/lr=4.995e-05  train/samples_per_sec=255
2026-10-05 08:11:56 [   8060] train/loss=0.1997  train/pred_loss=0.05233  train/sigreg_loss=1.639  train/emb_std=0.9885  train/emb_norm=13.6  train/pred_vs_static=0.2868  train/grad_norm=0.8552  train/lr=4.995e-05  train/samples_per_sec=270.7
2026-10-05 08:12:04 [   8080] train/loss=0.2027  train/pred_loss=0.05297  train/sigreg_loss=1.663  train/emb_std=0.9885  train/emb_norm=13.59  train/pred_vs_static=0.2789  train/grad_norm=0.8258  train/lr=4.995e-05  train/samples_per_sec=278.9
2026-10-05 08:12:12 [   8100] train/loss=0.2052  train/pred_loss=0.05465  train/sigreg_loss=1.672  train/emb_std=0.9861  train/emb_norm=13.55  train/pred_vs_static=0.2777  train/grad_norm=0.8261  train/lr=4.995e-05  train/samples_per_sec=284.4
2026-10-05 08:12:21 [   8120] train/loss=0.2041  train/pred_loss=0.05485  train/sigreg_loss=1.659  train/emb_std=0.9885  train/emb_norm=13.6  train/pred_vs_static=0.2817  train/grad_norm=0.8738  train/lr=4.995e-05  train/samples_per_sec=288
2026-10-05 08:12:29 [   8140] train/loss=0.2037  train/pred_loss=0.05408  train/sigreg_loss=1.663  train/emb_std=0.9873  train/emb_norm=13.57  train/pred_vs_static=0.2907  train/grad_norm=0.8075  train/lr=4.995e-05  train/samples_per_sec=290.9
2026-10-05 08:12:37 [   8160] train/loss=0.203  train/pred_loss=0.05542  train/sigreg_loss=1.638  train/emb_std=0.9906  train/emb_norm=13.61  train/pred_vs_static=0.2944  train/grad_norm=0.8338  train/lr=4.995e-05  train/samples_per_sec=292.7
2026-10-05 08:12:46 [   8180] train/loss=0.2043  train/pred_loss=0.05389  train/sigreg_loss=1.671  train/emb_std=0.9869  train/emb_norm=13.56  train/pred_vs_static=0.2874  train/grad_norm=0.8201  train/lr=4.994e-05  train/samples_per_sec=294
2026-10-05 08:12:54 [   8200] train/loss=0.2004  train/pred_loss=0.05222  train/sigreg_loss=1.646  train/emb_std=0.9865  train/emb_norm=13.56  train/pred_vs_static=0.2746  train/grad_norm=0.8179  train/lr=4.994e-05  train/samples_per_sec=295.2
2026-10-05 08:13:02 [   8220] train/loss=0.2034  train/pred_loss=0.05459  train/sigreg_loss=1.654  train/emb_std=0.9895  train/emb_norm=13.6  train/pred_vs_static=0.2793  train/grad_norm=0.8528  train/lr=4.994e-05  train/samples_per_sec=296.2
2026-10-05 08:13:11 [   8240] train/loss=0.2055  train/pred_loss=0.05481  train/sigreg_loss=1.674  train/emb_std=0.9883  train/emb_norm=13.58  train/pred_vs_static=0.2732  train/grad_norm=0.839  train/lr=4.994e-05  train/samples_per_sec=297.1
2026-10-05 08:13:19 [   8260] train/loss=0.2045  train/pred_loss=0.05414  train/sigreg_loss=1.671  train/emb_std=0.9879  train/emb_norm=13.59  train/pred_vs_static=0.2847  train/grad_norm=0.8242  train/lr=4.994e-05  train/samples_per_sec=297.9
2026-10-05 08:13:27 [   8280] train/loss=0.2017  train/pred_loss=0.05286  train/sigreg_loss=1.655  train/emb_std=0.9869  train/emb_norm=13.58  train/pred_vs_static=0.2722  train/grad_norm=0.7927  train/lr=4.994e-05  train/samples_per_sec=298.6
2026-10-05 08:13:36 [   8300] train/loss=0.2049  train/pred_loss=0.05387  train/sigreg_loss=1.679  train/emb_std=0.9865  train/emb_norm=13.57  train/pred_vs_static=0.273  train/grad_norm=0.8076  train/lr=4.994e-05  train/samples_per_sec=299.2
2026-10-05 08:13:44 [   8320] train/loss=0.2031  train/pred_loss=0.05379  train/sigreg_loss=1.658  train/emb_std=0.9889  train/emb_norm=13.6  train/pred_vs_static=0.2674  train/grad_norm=0.8385  train/lr=4.994e-05  train/samples_per_sec=299.6
2026-10-05 08:13:52 [   8340] train/loss=0.2029  train/pred_loss=0.05383  train/sigreg_loss=1.655  train/emb_std=0.9902  train/emb_norm=13.6  train/pred_vs_static=0.2776  train/grad_norm=0.8214  train/lr=4.994e-05  train/samples_per_sec=300.1
2026-10-05 08:14:01 [   8360] train/loss=0.202  train/pred_loss=0.05265  train/sigreg_loss=1.66  train/emb_std=0.9887  train/emb_norm=13.59  train/pred_vs_static=0.2769  train/grad_norm=0.7954  train/lr=4.994e-05  train/samples_per_sec=300.6
2026-10-05 08:14:09 [   8380] train/loss=0.2007  train/pred_loss=0.0515  train/sigreg_loss=1.658  train/emb_std=0.9877  train/emb_norm=13.57  train/pred_vs_static=0.2749  train/grad_norm=0.8011  train/lr=4.994e-05  train/samples_per_sec=300.9
2026-10-05 08:14:17 [   8400] train/loss=0.2014  train/pred_loss=0.05279  train/sigreg_loss=1.652  train/emb_std=0.9922  train/emb_norm=13.65  train/pred_vs_static=0.2719  train/grad_norm=0.8485  train/lr=4.994e-05  train/samples_per_sec=301.2
2026-10-05 08:14:26 [   8420] train/loss=0.201  train/pred_loss=0.05315  train/sigreg_loss=1.643  train/emb_std=0.9883  train/emb_norm=13.58  train/pred_vs_static=0.2712  train/grad_norm=0.8621  train/lr=4.994e-05  train/samples_per_sec=301.2
2026-10-05 08:14:34 [   8440] train/loss=0.1991  train/pred_loss=0.05233  train/sigreg_loss=1.632  train/emb_std=0.9852  train/emb_norm=13.56  train/pred_vs_static=0.2788  train/grad_norm=0.7881  train/lr=4.994e-05  train/samples_per_sec=301.4
2026-10-05 08:14:43 [   8460] train/loss=0.1993  train/pred_loss=0.05295  train/sigreg_loss=1.625  train/emb_std=0.9883  train/emb_norm=13.59  train/pred_vs_static=0.2772  train/grad_norm=0.8084  train/lr=4.994e-05  train/samples_per_sec=301.5
2026-10-05 08:14:51 [   8480] train/loss=0.1983  train/pred_loss=0.05132  train/sigreg_loss=1.634  train/emb_std=0.9869  train/emb_norm=13.58  train/pred_vs_static=0.2754  train/grad_norm=0.8486  train/lr=4.994e-05  train/samples_per_sec=301.7
2026-10-05 08:14:59 [   8500] train/loss=0.197  train/pred_loss=0.05094  train/sigreg_loss=1.625  train/emb_std=0.9859  train/emb_norm=13.57  train/pred_vs_static=0.2697  train/grad_norm=0.8419  train/lr=4.994e-05  train/samples_per_sec=301.7
2026-10-05 08:15:08 [   8520] train/loss=0.1988  train/pred_loss=0.05134  train/sigreg_loss=1.64  train/emb_std=0.9895  train/emb_norm=13.61  train/pred_vs_static=0.2783  train/grad_norm=0.7904  train/lr=4.994e-05  train/samples_per_sec=302
2026-10-05 08:15:16 [   8540] train/loss=0.1959  train/pred_loss=0.04945  train/sigreg_loss=1.629  train/emb_std=0.9871  train/emb_norm=13.59  train/pred_vs_static=0.2582  train/grad_norm=0.7984  train/lr=4.993e-05  train/samples_per_sec=302
2026-10-05 08:15:25 [   8560] train/loss=0.1956  train/pred_loss=0.04896  train/sigreg_loss=1.629  train/emb_std=0.9881  train/emb_norm=13.6  train/pred_vs_static=0.2684  train/grad_norm=0.8226  train/lr=4.993e-05  train/samples_per_sec=302
2026-10-05 08:15:33 [   8580] train/loss=0.1979  train/pred_loss=0.05188  train/sigreg_loss=1.622  train/emb_std=0.9875  train/emb_norm=13.58  train/pred_vs_static=0.2795  train/grad_norm=0.8246  train/lr=4.993e-05  train/samples_per_sec=302
2026-10-05 08:15:42 [   8600] train/loss=0.1935  train/pred_loss=0.04862  train/sigreg_loss=1.609  train/emb_std=0.9879  train/emb_norm=13.58  train/pred_vs_static=0.2665  train/grad_norm=0.7763  train/lr=4.993e-05  train/samples_per_sec=302
2026-10-05 08:15:50 [   8620] train/loss=0.1964  train/pred_loss=0.05195  train/sigreg_loss=1.605  train/emb_std=0.9859  train/emb_norm=13.56  train/pred_vs_static=0.2706  train/grad_norm=0.7891  train/lr=4.993e-05  train/samples_per_sec=302.1
2026-10-05 08:15:58 [   8640] train/loss=0.1959  train/pred_loss=0.05027  train/sigreg_loss=1.618  train/emb_std=0.9885  train/emb_norm=13.59  train/pred_vs_static=0.2749  train/grad_norm=0.7933  train/lr=4.993e-05  train/samples_per_sec=302.2
2026-10-05 08:16:07 [   8660] train/loss=0.2  train/pred_loss=0.05249  train/sigreg_loss=1.641  train/emb_std=0.9879  train/emb_norm=13.59  train/pred_vs_static=0.2718  train/grad_norm=0.8416  train/lr=4.993e-05  train/samples_per_sec=302.2
2026-10-05 08:16:15 [   8680] train/loss=0.1951  train/pred_loss=0.05031  train/sigreg_loss=1.608  train/emb_std=0.9879  train/emb_norm=13.58  train/pred_vs_static=0.2733  train/grad_norm=0.8173  train/lr=4.993e-05  train/samples_per_sec=302.3
2026-10-05 08:16:24 [   8700] train/loss=0.1962  train/pred_loss=0.0489  train/sigreg_loss=1.637  train/emb_std=0.9881  train/emb_norm=13.59  train/pred_vs_static=0.2637  train/grad_norm=0.8217  train/lr=4.993e-05  train/samples_per_sec=302.4
2026-10-05 08:16:32 [   8720] train/loss=0.1966  train/pred_loss=0.05108  train/sigreg_loss=1.618  train/emb_std=0.9875  train/emb_norm=13.58  train/pred_vs_static=0.274  train/grad_norm=0.773  train/lr=4.993e-05  train/samples_per_sec=302.5
2026-10-05 08:16:40 [   8740] train/loss=0.1948  train/pred_loss=0.04983  train/sigreg_loss=1.611  train/emb_std=0.9887  train/emb_norm=13.59  train/pred_vs_static=0.2584  train/grad_norm=0.7958  train/lr=4.993e-05  train/samples_per_sec=302.6
2026-10-05 08:16:49 [   8760] train/loss=0.1944  train/pred_loss=0.0498  train/sigreg_loss=1.607  train/emb_std=0.9867  train/emb_norm=13.57  train/pred_vs_static=0.2611  train/grad_norm=0.826  train/lr=4.993e-05  train/samples_per_sec=302.7
2026-10-05 08:16:57 [   8780] train/loss=0.1994  train/pred_loss=0.05267  train/sigreg_loss=1.63  train/emb_std=0.9885  train/emb_norm=13.59  train/pred_vs_static=0.2628  train/grad_norm=0.8291  train/lr=4.993e-05  train/samples_per_sec=302.8
2026-10-05 08:17:05 [   8800] train/loss=0.1952  train/pred_loss=0.05106  train/sigreg_loss=1.601  train/emb_std=0.9906  train/emb_norm=13.62  train/pred_vs_static=0.2724  train/grad_norm=0.7927  train/lr=4.993e-05  train/samples_per_sec=302.8
2026-10-05 08:17:14 [   8820] train/loss=0.1938  train/pred_loss=0.04947  train/sigreg_loss=1.604  train/emb_std=0.9877  train/emb_norm=13.58  train/pred_vs_static=0.2659  train/grad_norm=0.7655  train/lr=4.993e-05  train/samples_per_sec=302.9
2026-10-05 08:17:22 [   8840] train/loss=0.1909  train/pred_loss=0.04946  train/sigreg_loss=1.574  train/emb_std=0.9879  train/emb_norm=13.58  train/pred_vs_static=0.274  train/grad_norm=0.7751  train/lr=4.993e-05  train/samples_per_sec=303
2026-10-05 08:17:31 [   8860] train/loss=0.1964  train/pred_loss=0.05139  train/sigreg_loss=1.611  train/emb_std=0.9871  train/emb_norm=13.58  train/pred_vs_static=0.2731  train/grad_norm=0.7832  train/lr=4.993e-05  train/samples_per_sec=303
2026-10-05 08:17:39 [   8880] train/loss=0.1992  train/pred_loss=0.05329  train/sigreg_loss=1.621  train/emb_std=0.9875  train/emb_norm=13.59  train/pred_vs_static=0.2719  train/grad_norm=0.8344  train/lr=4.992e-05  train/samples_per_sec=303.1
2026-10-05 08:17:47 [   8900] train/loss=0.1944  train/pred_loss=0.05076  train/sigreg_loss=1.595  train/emb_std=0.9875  train/emb_norm=13.58  train/pred_vs_static=0.2641  train/grad_norm=0.7771  train/lr=4.992e-05  train/samples_per_sec=303.2
2026-10-05 08:17:56 [   8920] train/loss=0.1964  train/pred_loss=0.05052  train/sigreg_loss=1.62  train/emb_std=0.9875  train/emb_norm=13.58  train/pred_vs_static=0.2625  train/grad_norm=0.8049  train/lr=4.992e-05  train/samples_per_sec=303.2
2026-10-05 08:18:04 [   8940] train/loss=0.1907  train/pred_loss=0.04888  train/sigreg_loss=1.575  train/emb_std=0.9889  train/emb_norm=13.6  train/pred_vs_static=0.261  train/grad_norm=0.7815  train/lr=4.992e-05  train/samples_per_sec=303.2
2026-10-05 08:18:12 [   8960] train/loss=0.1959  train/pred_loss=0.05049  train/sigreg_loss=1.614  train/emb_std=0.9887  train/emb_norm=13.59  train/pred_vs_static=0.2575  train/grad_norm=0.792  train/lr=4.992e-05  train/samples_per_sec=303.3
2026-10-05 08:18:21 [   8980] train/loss=0.1907  train/pred_loss=0.04863  train/sigreg_loss=1.578  train/emb_std=0.9895  train/emb_norm=13.61  train/pred_vs_static=0.2665  train/grad_norm=0.7659  train/lr=4.992e-05  train/samples_per_sec=303.3
2026-10-05 08:18:29 [   9000] train/loss=0.1947  train/pred_loss=0.04909  train/sigreg_loss=1.617  train/emb_std=0.9861  train/emb_norm=13.57  train/pred_vs_static=0.2537  train/grad_norm=0.7697  train/lr=4.992e-05  train/samples_per_sec=303.4
2026-10-05 08:18:38 [   9020] train/loss=0.1927  train/pred_loss=0.04899  train/sigreg_loss=1.597  train/emb_std=0.9879  train/emb_norm=13.58  train/pred_vs_static=0.2552  train/grad_norm=0.7663  train/lr=4.992e-05  train/samples_per_sec=303.4
2026-10-05 08:18:46 [   9040] train/loss=0.1928  train/pred_loss=0.04998  train/sigreg_loss=1.587  train/emb_std=0.9883  train/emb_norm=13.59  train/pred_vs_static=0.2608  train/grad_norm=0.8026  train/lr=4.992e-05  train/samples_per_sec=303.5
2026-10-05 08:18:54 [   9060] train/loss=0.1907  train/pred_loss=0.04811  train/sigreg_loss=1.583  train/emb_std=0.9893  train/emb_norm=13.6  train/pred_vs_static=0.2555  train/grad_norm=0.7678  train/lr=4.992e-05  train/samples_per_sec=303.5
2026-10-05 08:19:03 [   9080] train/loss=0.1935  train/pred_loss=0.04956  train/sigreg_loss=1.6  train/emb_std=0.9881  train/emb_norm=13.59  train/pred_vs_static=0.2672  train/grad_norm=0.814  train/lr=4.992e-05  train/samples_per_sec=303.6
2026-10-05 08:19:11 [   9100] train/loss=0.1944  train/pred_loss=0.04943  train/sigreg_loss=1.61  train/emb_std=0.9873  train/emb_norm=13.59  train/pred_vs_static=0.2619  train/grad_norm=0.7694  train/lr=4.992e-05  train/samples_per_sec=303.6
2026-10-05 08:19:19 [   9120] train/loss=0.1929  train/pred_loss=0.04887  train/sigreg_loss=1.601  train/emb_std=0.9895  train/emb_norm=13.61  train/pred_vs_static=0.2552  train/grad_norm=0.7905  train/lr=4.992e-05  train/samples_per_sec=303.6
2026-10-05 08:19:28 [   9140] train/loss=0.1899  train/pred_loss=0.05029  train/sigreg_loss=1.55  train/emb_std=0.9893  train/emb_norm=13.61  train/pred_vs_static=0.2662  train/grad_norm=0.7581  train/lr=4.992e-05  train/samples_per_sec=303.7
2026-10-05 08:19:36 [   9160] train/loss=0.1935  train/pred_loss=0.04945  train/sigreg_loss=1.601  train/emb_std=0.9865  train/emb_norm=13.57  train/pred_vs_static=0.2558  train/grad_norm=0.7897  train/lr=4.992e-05  train/samples_per_sec=303.8
2026-10-05 08:19:44 [   9180] train/loss=0.1938  train/pred_loss=0.04954  train/sigreg_loss=1.601  train/emb_std=0.9891  train/emb_norm=13.61  train/pred_vs_static=0.2507  train/grad_norm=0.8734  train/lr=4.992e-05  train/samples_per_sec=303.8
2026-10-05 08:19:53 [   9200] train/loss=0.1911  train/pred_loss=0.04946  train/sigreg_loss=1.574  train/emb_std=0.9896  train/emb_norm=13.6  train/pred_vs_static=0.2513  train/grad_norm=0.7737  train/lr=4.991e-05  train/samples_per_sec=303.9
2026-10-05 08:20:01 [   9220] train/loss=0.1898  train/pred_loss=0.04819  train/sigreg_loss=1.573  train/emb_std=0.9898  train/emb_norm=13.61  train/pred_vs_static=0.2633  train/grad_norm=0.7615  train/lr=4.991e-05  train/samples_per_sec=303.9
2026-10-05 08:20:09 [   9240] train/loss=0.1895  train/pred_loss=0.04753  train/sigreg_loss=1.575  train/emb_std=0.9875  train/emb_norm=13.59  train/pred_vs_static=0.2616  train/grad_norm=0.7609  train/lr=4.991e-05  train/samples_per_sec=304
2026-10-05 08:20:18 [   9260] train/loss=0.1887  train/pred_loss=0.04862  train/sigreg_loss=1.556  train/emb_std=0.9893  train/emb_norm=13.61  train/pred_vs_static=0.2638  train/grad_norm=0.7618  train/lr=4.991e-05  train/samples_per_sec=304
2026-10-05 08:20:26 [   9280] train/loss=0.1909  train/pred_loss=0.04902  train/sigreg_loss=1.577  train/emb_std=0.9889  train/emb_norm=13.61  train/pred_vs_static=0.2547  train/grad_norm=0.7839  train/lr=4.991e-05  train/samples_per_sec=304
2026-10-05 08:20:34 [   9300] train/loss=0.1924  train/pred_loss=0.04922  train/sigreg_loss=1.591  train/emb_std=0.9861  train/emb_norm=13.56  train/pred_vs_static=0.2537  train/grad_norm=0.7729  train/lr=4.991e-05  train/samples_per_sec=304.1
2026-10-05 08:20:43 [   9320] train/loss=0.1879  train/pred_loss=0.048  train/sigreg_loss=1.554  train/emb_std=0.9875  train/emb_norm=13.6  train/pred_vs_static=0.2526  train/grad_norm=0.7585  train/lr=4.991e-05  train/samples_per_sec=304.2
2026-10-05 08:20:51 [   9340] train/loss=0.1896  train/pred_loss=0.04815  train/sigreg_loss=1.573  train/emb_std=0.9873  train/emb_norm=13.59  train/pred_vs_static=0.2587  train/grad_norm=0.7466  train/lr=4.991e-05  train/samples_per_sec=304.2
2026-10-05 08:20:59 [   9360] train/loss=0.1901  train/pred_loss=0.04712  train/sigreg_loss=1.589  train/emb_std=0.9904  train/emb_norm=13.63  train/pred_vs_static=0.2507  train/grad_norm=0.7589  train/lr=4.991e-05  train/samples_per_sec=304.3
2026-10-05 08:21:08 [   9380] train/loss=0.1914  train/pred_loss=0.05025  train/sigreg_loss=1.568  train/emb_std=0.9863  train/emb_norm=13.57  train/pred_vs_static=0.2621  train/grad_norm=0.7825  train/lr=4.991e-05  train/samples_per_sec=304.3
2026-10-05 08:21:16 [   9400] train/loss=0.1875  train/pred_loss=0.04779  train/sigreg_loss=1.553  train/emb_std=0.9879  train/emb_norm=13.6  train/pred_vs_static=0.2545  train/grad_norm=0.753  train/lr=4.991e-05  train/samples_per_sec=304.4
2026-10-05 08:21:24 [   9420] train/loss=0.1882  train/pred_loss=0.04774  train/sigreg_loss=1.56  train/emb_std=0.9889  train/emb_norm=13.6  train/pred_vs_static=0.2516  train/grad_norm=0.7573  train/lr=4.991e-05  train/samples_per_sec=304.4
2026-10-05 08:21:33 [   9440] train/loss=0.1906  train/pred_loss=0.04861  train/sigreg_loss=1.577  train/emb_std=0.9877  train/emb_norm=13.59  train/pred_vs_static=0.2554  train/grad_norm=0.7679  train/lr=4.991e-05  train/samples_per_sec=304.5
2026-10-05 08:21:41 [   9460] train/loss=0.1911  train/pred_loss=0.04984  train/sigreg_loss=1.57  train/emb_std=0.9881  train/emb_norm=13.59  train/pred_vs_static=0.2614  train/grad_norm=0.7674  train/lr=4.991e-05  train/samples_per_sec=304.5
2026-10-05 08:21:49 [   9480] train/loss=0.1876  train/pred_loss=0.04652  train/sigreg_loss=1.566  train/emb_std=0.9869  train/emb_norm=13.57  train/pred_vs_static=0.2456  train/grad_norm=0.7311  train/lr=4.99e-05  train/samples_per_sec=304.5
2026-10-05 08:21:58 [   9500] train/loss=0.1885  train/pred_loss=0.04637  train/sigreg_loss=1.58  train/emb_std=0.9875  train/emb_norm=13.59  train/pred_vs_static=0.2548  train/grad_norm=0.7663  train/lr=4.99e-05  train/samples_per_sec=304.6
2026-10-05 08:22:06 [   9520] train/loss=0.1896  train/pred_loss=0.0481  train/sigreg_loss=1.572  train/emb_std=0.99  train/emb_norm=13.63  train/pred_vs_static=0.2524  train/grad_norm=0.7876  train/lr=4.99e-05  train/samples_per_sec=304.6
2026-10-05 08:22:14 [   9540] train/loss=0.188  train/pred_loss=0.0472  train/sigreg_loss=1.565  train/emb_std=0.9871  train/emb_norm=13.58  train/pred_vs_static=0.2535  train/grad_norm=0.765  train/lr=4.99e-05  train/samples_per_sec=304.6
2026-10-05 08:22:23 [   9560] train/loss=0.1873  train/pred_loss=0.04861  train/sigreg_loss=1.541  train/emb_std=0.9855  train/emb_norm=13.57  train/pred_vs_static=0.2491  train/grad_norm=0.7694  train/lr=4.99e-05  train/samples_per_sec=304.7
2026-10-05 08:22:31 [   9580] train/loss=0.1875  train/pred_loss=0.04653  train/sigreg_loss=1.568  train/emb_std=0.9895  train/emb_norm=13.61  train/pred_vs_static=0.2476  train/grad_norm=0.7483  train/lr=4.99e-05  train/samples_per_sec=304.7
2026-10-05 08:22:39 [   9600] train/loss=0.1869  train/pred_loss=0.0478  train/sigreg_loss=1.546  train/emb_std=0.9869  train/emb_norm=13.59  train/pred_vs_static=0.242  train/grad_norm=0.7558  train/lr=4.99e-05  train/samples_per_sec=304.7
2026-10-05 08:22:48 [   9620] train/loss=0.1874  train/pred_loss=0.04771  train/sigreg_loss=1.552  train/emb_std=0.9889  train/emb_norm=13.61  train/pred_vs_static=0.249  train/grad_norm=0.7498  train/lr=4.99e-05  train/samples_per_sec=304.7
2026-10-05 08:22:56 [   9640] train/loss=0.1859  train/pred_loss=0.04623  train/sigreg_loss=1.552  train/emb_std=0.9908  train/emb_norm=13.64  train/pred_vs_static=0.2496  train/grad_norm=0.765  train/lr=4.99e-05  train/samples_per_sec=304.7
2026-10-05 08:23:05 [   9660] train/loss=0.1885  train/pred_loss=0.04814  train/sigreg_loss=1.559  train/emb_std=0.9893  train/emb_norm=13.62  train/pred_vs_static=0.2544  train/grad_norm=0.7887  train/lr=4.99e-05  train/samples_per_sec=304.7
2026-10-05 08:23:13 [   9680] train/loss=0.1841  train/pred_loss=0.0461  train/sigreg_loss=1.533  train/emb_std=0.9871  train/emb_norm=13.59  train/pred_vs_static=0.2522  train/grad_norm=0.7397  train/lr=4.99e-05  train/samples_per_sec=304.8
2026-10-05 08:23:21 [   9700] train/loss=0.1882  train/pred_loss=0.04693  train/sigreg_loss=1.57  train/emb_std=0.9873  train/emb_norm=13.58  train/pred_vs_static=0.256  train/grad_norm=0.7499  train/lr=4.99e-05  train/samples_per_sec=304.8
2026-10-05 08:23:30 [   9720] train/loss=0.1866  train/pred_loss=0.0468  train/sigreg_loss=1.554  train/emb_std=0.9896  train/emb_norm=13.62  train/pred_vs_static=0.2454  train/grad_norm=0.7284  train/lr=4.99e-05  train/samples_per_sec=304.8
2026-10-05 08:23:38 [   9740] train/loss=0.1869  train/pred_loss=0.04585  train/sigreg_loss=1.568  train/emb_std=0.9887  train/emb_norm=13.61  train/pred_vs_static=0.2433  train/grad_norm=0.7273  train/lr=4.99e-05  train/samples_per_sec=304.8
2026-10-05 08:23:46 [   9760] train/loss=0.1906  train/pred_loss=0.04851  train/sigreg_loss=1.58  train/emb_std=0.9879  train/emb_norm=13.6  train/pred_vs_static=0.2585  train/grad_norm=0.7566  train/lr=4.989e-05  train/samples_per_sec=304.8
2026-10-05 08:23:55 [   9780] train/loss=0.1868  train/pred_loss=0.04645  train/sigreg_loss=1.56  train/emb_std=0.9893  train/emb_norm=13.62  train/pred_vs_static=0.2501  train/grad_norm=0.7942  train/lr=4.989e-05  train/samples_per_sec=304.9
2026-10-05 08:24:03 [   9800] train/loss=0.188  train/pred_loss=0.04738  train/sigreg_loss=1.562  train/emb_std=0.9863  train/emb_norm=13.58  train/pred_vs_static=0.2421  train/grad_norm=0.7369  train/lr=4.989e-05  train/samples_per_sec=304.9
2026-10-05 08:24:11 [   9820] train/loss=0.1882  train/pred_loss=0.04795  train/sigreg_loss=1.559  train/emb_std=0.9865  train/emb_norm=13.58  train/pred_vs_static=0.2466  train/grad_norm=0.7284  train/lr=4.989e-05  train/samples_per_sec=304.9
2026-10-05 08:24:20 [   9840] train/loss=0.1853  train/pred_loss=0.04602  train/sigreg_loss=1.548  train/emb_std=0.9891  train/emb_norm=13.62  train/pred_vs_static=0.2405  train/grad_norm=0.7472  train/lr=4.989e-05  train/samples_per_sec=304.9
2026-10-05 08:24:28 [   9860] train/loss=0.1872  train/pred_loss=0.0462  train/sigreg_loss=1.567  train/emb_std=0.9873  train/emb_norm=13.59  train/pred_vs_static=0.2453  train/grad_norm=0.7466  train/lr=4.989e-05  train/samples_per_sec=304.9
2026-10-05 08:24:36 [   9880] train/loss=0.1863  train/pred_loss=0.04659  train/sigreg_loss=1.554  train/emb_std=0.9885  train/emb_norm=13.6  train/pred_vs_static=0.2483  train/grad_norm=0.7507  train/lr=4.989e-05  train/samples_per_sec=304.9
2026-10-05 08:24:45 [   9900] train/loss=0.1838  train/pred_loss=0.04513  train/sigreg_loss=1.54  train/emb_std=0.9873  train/emb_norm=13.6  train/pred_vs_static=0.2267  train/grad_norm=0.7232  train/lr=4.989e-05  train/samples_per_sec=304.9
2026-10-05 08:24:53 [   9920] train/loss=0.1835  train/pred_loss=0.04487  train/sigreg_loss=1.539  train/emb_std=0.9891  train/emb_norm=13.61  train/pred_vs_static=0.2327  train/grad_norm=0.7299  train/lr=4.989e-05  train/samples_per_sec=305
2026-10-05 08:25:01 [   9940] train/loss=0.1837  train/pred_loss=0.04511  train/sigreg_loss=1.541  train/emb_std=0.9877  train/emb_norm=13.6  train/pred_vs_static=0.2372  train/grad_norm=0.7418  train/lr=4.989e-05  train/samples_per_sec=305
2026-10-05 08:25:10 [   9960] train/loss=0.1843  train/pred_loss=0.04587  train/sigreg_loss=1.538  train/emb_std=0.9891  train/emb_norm=13.61  train/pred_vs_static=0.2341  train/grad_norm=0.737  train/lr=4.989e-05  train/samples_per_sec=305
2026-10-05 08:25:18 [   9980] train/loss=0.1847  train/pred_loss=0.04748  train/sigreg_loss=1.525  train/emb_std=0.9889  train/emb_norm=13.61  train/pred_vs_static=0.2452  train/grad_norm=0.7526  train/lr=4.989e-05  train/samples_per_sec=305
2026-10-05 08:25:26 [  10000] train/loss=0.1868  train/pred_loss=0.04758  train/sigreg_loss=1.548  train/emb_std=0.9867  train/emb_norm=13.58  train/pred_vs_static=0.2501  train/grad_norm=0.7685  train/lr=4.989e-05  train/samples_per_sec=305.1
2026-10-05 08:25:26 [  10000] train_epoch/loss=0.1938  train_epoch/pred_loss=0.04984  train_epoch/sigreg_loss=1.6  train_epoch/emb_std=0.9881  train_epoch/emb_norm=13.59  train_epoch/pred_vs_static=0.2624  train_epoch/grad_norm=0.7881  train_epoch/lr=4.992e-05  train_epoch/epoch=4
2026-10-05 08:25:49 [  10000] val/loss=0.7902  val/pred_loss=0.04175  val/sigreg_loss=8.314  val/emb_std=0.9536  val/emb_norm=13.72  val/pred_vs_static=0.2295  val/epoch=4
2026-10-05 08:25:50 epoch   4 | val pred_vs_static 0.22947 | best 0.22947 @ epoch 4 | saved epoch_004.pt
2026-10-05 08:26:02 [  10020] train/loss=0.1838  train/pred_loss=0.04578  train/sigreg_loss=1.536  train/emb_std=0.9871  train/emb_norm=13.59  train/pred_vs_static=0.239  train/grad_norm=0.7348  train/lr=4.989e-05  train/samples_per_sec=213.4
2026-10-05 08:26:10 [  10040] train/loss=0.1871  train/pred_loss=0.04789  train/sigreg_loss=1.546  train/emb_std=0.9842  train/emb_norm=13.56  train/pred_vs_static=0.2438  train/grad_norm=0.7718  train/lr=4.988e-05  train/samples_per_sec=249.7
2026-10-05 08:26:19 [  10060] train/loss=0.1843  train/pred_loss=0.04483  train/sigreg_loss=1.549  train/emb_std=0.9898  train/emb_norm=13.62  train/pred_vs_static=0.2337  train/grad_norm=0.7292  train/lr=4.988e-05  train/samples_per_sec=265
2026-10-05 08:26:27 [  10080] train/loss=0.1849  train/pred_loss=0.0465  train/sigreg_loss=1.537  train/emb_std=0.9855  train/emb_norm=13.57  train/pred_vs_static=0.2428  train/grad_norm=0.7475  train/lr=4.988e-05  train/samples_per_sec=273.3
2026-10-05 08:26:36 [  10100] train/loss=0.1868  train/pred_loss=0.04727  train/sigreg_loss=1.55  train/emb_std=0.9877  train/emb_norm=13.6  train/pred_vs_static=0.2447  train/grad_norm=0.7571  train/lr=4.988e-05  train/samples_per_sec=278.4
2026-10-05 08:26:44 [  10120] train/loss=0.1848  train/pred_loss=0.04748  train/sigreg_loss=1.526  train/emb_std=0.9881  train/emb_norm=13.61  train/pred_vs_static=0.2456  train/grad_norm=0.758  train/lr=4.988e-05  train/samples_per_sec=282.1
2026-10-05 08:26:53 [  10140] train/loss=0.1843  train/pred_loss=0.04541  train/sigreg_loss=1.542  train/emb_std=0.9893  train/emb_norm=13.62  train/pred_vs_static=0.232  train/grad_norm=0.7341  train/lr=4.988e-05  train/samples_per_sec=284.8
2026-10-05 08:27:01 [  10160] train/loss=0.1821  train/pred_loss=0.04501  train/sigreg_loss=1.524  train/emb_std=0.9889  train/emb_norm=13.61  train/pred_vs_static=0.236  train/grad_norm=0.7527  train/lr=4.988e-05  train/samples_per_sec=286.6
2026-10-05 08:27:10 [  10180] train/loss=0.1792  train/pred_loss=0.0445  train/sigreg_loss=1.496  train/emb_std=0.9891  train/emb_norm=13.62  train/pred_vs_static=0.2379  train/grad_norm=0.7295  train/lr=4.988e-05  train/samples_per_sec=288
2026-10-05 08:27:18 [  10200] train/loss=0.185  train/pred_loss=0.04582  train/sigreg_loss=1.546  train/emb_std=0.9859  train/emb_norm=13.57  train/pred_vs_static=0.2284  train/grad_norm=0.7375  train/lr=4.988e-05  train/samples_per_sec=289.2
2026-10-05 08:27:27 [  10220] train/loss=0.1822  train/pred_loss=0.04415  train/sigreg_loss=1.534  train/emb_std=0.9902  train/emb_norm=13.63  train/pred_vs_static=0.2352  train/grad_norm=0.7209  train/lr=4.988e-05  train/samples_per_sec=290
2026-10-05 08:27:35 [  10240] train/loss=0.1831  train/pred_loss=0.04605  train/sigreg_loss=1.524  train/emb_std=0.9877  train/emb_norm=13.6  train/pred_vs_static=0.2389  train/grad_norm=0.7322  train/lr=4.988e-05  train/samples_per_sec=290.9
2026-10-05 08:27:44 [  10260] train/loss=0.1827  train/pred_loss=0.04584  train/sigreg_loss=1.519  train/emb_std=0.9896  train/emb_norm=13.62  train/pred_vs_static=0.2381  train/grad_norm=0.7471  train/lr=4.988e-05  train/samples_per_sec=291.7
2026-10-05 08:27:52 [  10280] train/loss=0.1821  train/pred_loss=0.04465  train/sigreg_loss=1.526  train/emb_std=0.9881  train/emb_norm=13.61  train/pred_vs_static=0.2357  train/grad_norm=0.7261  train/lr=4.988e-05  train/samples_per_sec=292.2
2026-10-05 08:28:01 [  10300] train/loss=0.1851  train/pred_loss=0.04547  train/sigreg_loss=1.551  train/emb_std=0.9883  train/emb_norm=13.61  train/pred_vs_static=0.2339  train/grad_norm=0.7426  train/lr=4.987e-05  train/samples_per_sec=292.9
2026-10-05 08:28:09 [  10320] train/loss=0.1847  train/pred_loss=0.04632  train/sigreg_loss=1.538  train/emb_std=0.9869  train/emb_norm=13.58  train/pred_vs_static=0.2367  train/grad_norm=0.7201  train/lr=4.987e-05  train/samples_per_sec=293.5
2026-10-05 08:28:18 [  10340] train/loss=0.1846  train/pred_loss=0.04671  train/sigreg_loss=1.533  train/emb_std=0.9893  train/emb_norm=13.61  train/pred_vs_static=0.2377  train/grad_norm=0.7283  train/lr=4.987e-05  train/samples_per_sec=293.8
2026-10-05 08:28:26 [  10360] train/loss=0.1835  train/pred_loss=0.04602  train/sigreg_loss=1.528  train/emb_std=0.9873  train/emb_norm=13.59  train/pred_vs_static=0.2409  train/grad_norm=0.7573  train/lr=4.987e-05  train/samples_per_sec=294.2
2026-10-05 08:28:35 [  10380] train/loss=0.1812  train/pred_loss=0.04602  train/sigreg_loss=1.503  train/emb_std=0.9885  train/emb_norm=13.61  train/pred_vs_static=0.2451  train/grad_norm=0.7248  train/lr=4.987e-05  train/samples_per_sec=294.7
2026-10-05 08:28:43 [  10400] train/loss=0.1802  train/pred_loss=0.04452  train/sigreg_loss=1.508  train/emb_std=0.9875  train/emb_norm=13.59  train/pred_vs_static=0.2446  train/grad_norm=0.735  train/lr=4.987e-05  train/samples_per_sec=295.2
2026-10-05 08:28:52 [  10420] train/loss=0.1831  train/pred_loss=0.04548  train/sigreg_loss=1.529  train/emb_std=0.9887  train/emb_norm=13.61  train/pred_vs_static=0.2289  train/grad_norm=0.7264  train/lr=4.987e-05  train/samples_per_sec=295.6
2026-10-05 08:29:00 [  10440] train/loss=0.1812  train/pred_loss=0.04497  train/sigreg_loss=1.513  train/emb_std=0.9867  train/emb_norm=13.6  train/pred_vs_static=0.2299  train/grad_norm=0.7358  train/lr=4.987e-05  train/samples_per_sec=295.9
2026-10-05 08:29:09 [  10460] train/loss=0.1797  train/pred_loss=0.04472  train/sigreg_loss=1.5  train/emb_std=0.9871  train/emb_norm=13.59  train/pred_vs_static=0.2283  train/grad_norm=0.7117  train/lr=4.987e-05  train/samples_per_sec=296.2
2026-10-05 08:29:17 [  10480] train/loss=0.1791  train/pred_loss=0.04324  train/sigreg_loss=1.51  train/emb_std=0.9889  train/emb_norm=13.62  train/pred_vs_static=0.2268  train/grad_norm=0.7443  train/lr=4.987e-05  train/samples_per_sec=296.5
2026-10-05 08:29:25 [  10500] train/loss=0.1818  train/pred_loss=0.04496  train/sigreg_loss=1.52  train/emb_std=0.9879  train/emb_norm=13.59  train/pred_vs_static=0.2356  train/grad_norm=0.7399  train/lr=4.987e-05  train/samples_per_sec=296.9
2026-10-05 08:29:34 [  10520] train/loss=0.1808  train/pred_loss=0.04642  train/sigreg_loss=1.494  train/emb_std=0.9883  train/emb_norm=13.6  train/pred_vs_static=0.2282  train/grad_norm=0.7434  train/lr=4.987e-05  train/samples_per_sec=297.1
2026-10-05 08:29:42 [  10540] train/loss=0.1794  train/pred_loss=0.04444  train/sigreg_loss=1.5  train/emb_std=0.9883  train/emb_norm=13.6  train/pred_vs_static=0.2302  train/grad_norm=0.7129  train/lr=4.986e-05  train/samples_per_sec=297.3
2026-10-05 08:29:51 [  10560] train/loss=0.183  train/pred_loss=0.04491  train/sigreg_loss=1.535  train/emb_std=0.9893  train/emb_norm=13.61  train/pred_vs_static=0.2302  train/grad_norm=0.7545  train/lr=4.986e-05  train/samples_per_sec=297.6
2026-10-05 08:29:59 [  10580] train/loss=0.1817  train/pred_loss=0.04423  train/sigreg_loss=1.527  train/emb_std=0.9859  train/emb_norm=13.58  train/pred_vs_static=0.2309  train/grad_norm=0.7224  train/lr=4.986e-05  train/samples_per_sec=297.8
2026-10-05 08:30:07 [  10600] train/loss=0.1791  train/pred_loss=0.04394  train/sigreg_loss=1.5  train/emb_std=0.9895  train/emb_norm=13.63  train/pred_vs_static=0.2302  train/grad_norm=0.7018  train/lr=4.986e-05  train/samples_per_sec=298.1
2026-10-05 08:30:16 [  10620] train/loss=0.1805  train/pred_loss=0.04515  train/sigreg_loss=1.504  train/emb_std=0.9885  train/emb_norm=13.61  train/pred_vs_static=0.2325  train/grad_norm=0.7294  train/lr=4.986e-05  train/samples_per_sec=298.3
2026-10-05 08:30:24 [  10640] train/loss=0.1797  train/pred_loss=0.04394  train/sigreg_loss=1.509  train/emb_std=0.9867  train/emb_norm=13.59  train/pred_vs_static=0.228  train/grad_norm=0.7282  train/lr=4.986e-05  train/samples_per_sec=298.4
2026-10-05 08:30:33 [  10660] train/loss=0.1806  train/pred_loss=0.04489  train/sigreg_loss=1.507  train/emb_std=0.9885  train/emb_norm=13.6  train/pred_vs_static=0.2395  train/grad_norm=0.7386  train/lr=4.986e-05  train/samples_per_sec=298.6
2026-10-05 08:30:41 [  10680] train/loss=0.1785  train/pred_loss=0.04354  train/sigreg_loss=1.5  train/emb_std=0.9893  train/emb_norm=13.61  train/pred_vs_static=0.22  train/grad_norm=0.7179  train/lr=4.986e-05  train/samples_per_sec=298.8
2026-10-05 08:30:49 [  10700] train/loss=0.1771  train/pred_loss=0.04336  train/sigreg_loss=1.486  train/emb_std=0.9885  train/emb_norm=13.61  train/pred_vs_static=0.2338  train/grad_norm=0.7096  train/lr=4.986e-05  train/samples_per_sec=299
2026-10-05 08:30:58 [  10720] train/loss=0.1812  train/pred_loss=0.04487  train/sigreg_loss=1.516  train/emb_std=0.9889  train/emb_norm=13.61  train/pred_vs_static=0.2281  train/grad_norm=0.7055  train/lr=4.986e-05  train/samples_per_sec=299
2026-10-05 08:31:07 [  10740] train/loss=0.1789  train/pred_loss=0.04408  train/sigreg_loss=1.499  train/emb_std=0.9904  train/emb_norm=13.63  train/pred_vs_static=0.2323  train/grad_norm=0.7091  train/lr=4.986e-05  train/samples_per_sec=299
2026-10-05 08:31:15 [  10760] train/loss=0.1803  train/pred_loss=0.04459  train/sigreg_loss=1.508  train/emb_std=0.9875  train/emb_norm=13.59  train/pred_vs_static=0.224  train/grad_norm=0.7134  train/lr=4.986e-05  train/samples_per_sec=299.1
2026-10-05 08:31:24 [  10780] train/loss=0.1779  train/pred_loss=0.04406  train/sigreg_loss=1.486  train/emb_std=0.9871  train/emb_norm=13.59  train/pred_vs_static=0.2281  train/grad_norm=0.7191  train/lr=4.985e-05  train/samples_per_sec=299.1
2026-10-05 08:31:32 [  10800] train/loss=0.1763  train/pred_loss=0.04376  train/sigreg_loss=1.474  train/emb_std=0.9875  train/emb_norm=13.61  train/pred_vs_static=0.2311  train/grad_norm=0.6852  train/lr=4.985e-05  train/samples_per_sec=299.1
2026-10-05 08:31:41 [  10820] train/loss=0.1783  train/pred_loss=0.0435  train/sigreg_loss=1.497  train/emb_std=0.9885  train/emb_norm=13.6  train/pred_vs_static=0.2222  train/grad_norm=0.7125  train/lr=4.985e-05  train/samples_per_sec=299.2
2026-10-05 08:31:49 [  10840] train/loss=0.1758  train/pred_loss=0.04294  train/sigreg_loss=1.474  train/emb_std=0.9891  train/emb_norm=13.62  train/pred_vs_static=0.233  train/grad_norm=0.7164  train/lr=4.985e-05  train/samples_per_sec=299.3
2026-10-05 08:31:57 [  10860] train/loss=0.178  train/pred_loss=0.04393  train/sigreg_loss=1.49  train/emb_std=0.9881  train/emb_norm=13.6  train/pred_vs_static=0.2236  train/grad_norm=0.7133  train/lr=4.985e-05  train/samples_per_sec=299.4
2026-10-05 08:32:06 [  10880] train/loss=0.1794  train/pred_loss=0.04541  train/sigreg_loss=1.489  train/emb_std=0.9875  train/emb_norm=13.61  train/pred_vs_static=0.2437  train/grad_norm=0.7216  train/lr=4.985e-05  train/samples_per_sec=299.5
2026-10-05 08:32:14 [  10900] train/loss=0.1802  train/pred_loss=0.04537  train/sigreg_loss=1.499  train/emb_std=0.9867  train/emb_norm=13.59  train/pred_vs_static=0.2306  train/grad_norm=0.7227  train/lr=4.985e-05  train/samples_per_sec=299.6
2026-10-05 08:32:23 [  10920] train/loss=0.1792  train/pred_loss=0.04484  train/sigreg_loss=1.495  train/emb_std=0.9891  train/emb_norm=13.62  train/pred_vs_static=0.241  train/grad_norm=0.7131  train/lr=4.985e-05  train/samples_per_sec=299.6
2026-10-05 08:32:31 [  10940] train/loss=0.1788  train/pred_loss=0.04441  train/sigreg_loss=1.493  train/emb_std=0.9871  train/emb_norm=13.6  train/pred_vs_static=0.2338  train/grad_norm=0.7043  train/lr=4.985e-05  train/samples_per_sec=299.7
2026-10-05 08:32:40 [  10960] train/loss=0.1777  train/pred_loss=0.04321  train/sigreg_loss=1.495  train/emb_std=0.9893  train/emb_norm=13.62  train/pred_vs_static=0.2217  train/grad_norm=0.7004  train/lr=4.985e-05  train/samples_per_sec=299.7
2026-10-05 08:32:48 [  10980] train/loss=0.178  train/pred_loss=0.0437  train/sigreg_loss=1.493  train/emb_std=0.9871  train/emb_norm=13.59  train/pred_vs_static=0.2276  train/grad_norm=0.705  train/lr=4.985e-05  train/samples_per_sec=299.8
2026-10-05 08:32:57 [  11000] train/loss=0.178  train/pred_loss=0.04363  train/sigreg_loss=1.493  train/emb_std=0.9902  train/emb_norm=13.64  train/pred_vs_static=0.222  train/grad_norm=0.6984  train/lr=4.984e-05  train/samples_per_sec=299.8
2026-10-05 08:33:05 [  11020] train/loss=0.1767  train/pred_loss=0.04333  train/sigreg_loss=1.48  train/emb_std=0.985  train/emb_norm=13.57  train/pred_vs_static=0.2288  train/grad_norm=0.7354  train/lr=4.984e-05  train/samples_per_sec=299.9
2026-10-05 08:33:14 [  11040] train/loss=0.1782  train/pred_loss=0.04366  train/sigreg_loss=1.495  train/emb_std=0.9875  train/emb_norm=13.6  train/pred_vs_static=0.2285  train/grad_norm=0.7226  train/lr=4.984e-05  train/samples_per_sec=299.9
2026-10-05 08:33:22 [  11060] train/loss=0.1791  train/pred_loss=0.04264  train/sigreg_loss=1.516  train/emb_std=0.9893  train/emb_norm=13.63  train/pred_vs_static=0.2199  train/grad_norm=0.706  train/lr=4.984e-05  train/samples_per_sec=300
2026-10-05 08:33:31 [  11080] train/loss=0.1778  train/pred_loss=0.04392  train/sigreg_loss=1.488  train/emb_std=0.9863  train/emb_norm=13.58  train/pred_vs_static=0.2239  train/grad_norm=0.7378  train/lr=4.984e-05  train/samples_per_sec=300
2026-10-05 08:33:39 [  11100] train/loss=0.1769  train/pred_loss=0.04265  train/sigreg_loss=1.492  train/emb_std=0.9875  train/emb_norm=13.61  train/pred_vs_static=0.2227  train/grad_norm=0.7218  train/lr=4.984e-05  train/samples_per_sec=300
2026-10-05 08:33:48 [  11120] train/loss=0.1808  train/pred_loss=0.04532  train/sigreg_loss=1.505  train/emb_std=0.9883  train/emb_norm=13.61  train/pred_vs_static=0.221  train/grad_norm=0.7226  train/lr=4.984e-05  train/samples_per_sec=300.1
2026-10-05 08:33:56 [  11140] train/loss=0.1791  train/pred_loss=0.04308  train/sigreg_loss=1.511  train/emb_std=0.9873  train/emb_norm=13.6  train/pred_vs_static=0.2253  train/grad_norm=0.7226  train/lr=4.984e-05  train/samples_per_sec=300.1
2026-10-05 08:34:04 [  11160] train/loss=0.1752  train/pred_loss=0.04193  train/sigreg_loss=1.481  train/emb_std=0.9881  train/emb_norm=13.61  train/pred_vs_static=0.2252  train/grad_norm=0.6917  train/lr=4.984e-05  train/samples_per_sec=300.2
2026-10-05 08:34:13 [  11180] train/loss=0.1801  train/pred_loss=0.04299  train/sigreg_loss=1.524  train/emb_std=0.9869  train/emb_norm=13.59  train/pred_vs_static=0.2242  train/grad_norm=0.7239  train/lr=4.984e-05  train/samples_per_sec=300.2
2026-10-05 08:34:21 [  11200] train/loss=0.1764  train/pred_loss=0.04336  train/sigreg_loss=1.479  train/emb_std=0.9873  train/emb_norm=13.59  train/pred_vs_static=0.2263  train/grad_norm=0.7264  train/lr=4.984e-05  train/samples_per_sec=300.3
2026-10-05 08:34:30 [  11220] train/loss=0.1783  train/pred_loss=0.04389  train/sigreg_loss=1.493  train/emb_std=0.9887  train/emb_norm=13.62  train/pred_vs_static=0.2172  train/grad_norm=0.7057  train/lr=4.983e-05  train/samples_per_sec=300.4
2026-10-05 08:34:38 [  11240] train/loss=0.1741  train/pred_loss=0.04102  train/sigreg_loss=1.478  train/emb_std=0.9881  train/emb_norm=13.6  train/pred_vs_static=0.2175  train/grad_norm=0.6978  train/lr=4.983e-05  train/samples_per_sec=300.5
2026-10-05 08:34:47 [  11260] train/loss=0.1763  train/pred_loss=0.04383  train/sigreg_loss=1.472  train/emb_std=0.9893  train/emb_norm=13.61  train/pred_vs_static=0.2197  train/grad_norm=0.6997  train/lr=4.983e-05  train/samples_per_sec=300.4
2026-10-05 08:34:55 [  11280] train/loss=0.178  train/pred_loss=0.04369  train/sigreg_loss=1.494  train/emb_std=0.9873  train/emb_norm=13.6  train/pred_vs_static=0.2262  train/grad_norm=0.7147  train/lr=4.983e-05  train/samples_per_sec=300.4
2026-10-05 08:35:04 [  11300] train/loss=0.1757  train/pred_loss=0.04313  train/sigreg_loss=1.473  train/emb_std=0.9871  train/emb_norm=13.6  train/pred_vs_static=0.222  train/grad_norm=0.711  train/lr=4.983e-05  train/samples_per_sec=300.4
2026-10-05 08:35:12 [  11320] train/loss=0.1746  train/pred_loss=0.04203  train/sigreg_loss=1.473  train/emb_std=0.9877  train/emb_norm=13.6  train/pred_vs_static=0.2236  train/grad_norm=0.7145  train/lr=4.983e-05  train/samples_per_sec=300.5
2026-10-05 08:35:21 [  11340] train/loss=0.1758  train/pred_loss=0.04205  train/sigreg_loss=1.484  train/emb_std=0.9889  train/emb_norm=13.62  train/pred_vs_static=0.2147  train/grad_norm=0.7004  train/lr=4.983e-05  train/samples_per_sec=300.5
2026-10-05 08:35:29 [  11360] train/loss=0.1749  train/pred_loss=0.04319  train/sigreg_loss=1.464  train/emb_std=0.9891  train/emb_norm=13.62  train/pred_vs_static=0.2231  train/grad_norm=0.6988  train/lr=4.983e-05  train/samples_per_sec=300.6
2026-10-05 08:35:37 [  11380] train/loss=0.1723  train/pred_loss=0.04081  train/sigreg_loss=1.461  train/emb_std=0.9865  train/emb_norm=13.6  train/pred_vs_static=0.2132  train/grad_norm=0.69  train/lr=4.983e-05  train/samples_per_sec=300.6
2026-10-05 08:35:46 [  11400] train/loss=0.1744  train/pred_loss=0.04272  train/sigreg_loss=1.463  train/emb_std=0.9889  train/emb_norm=13.62  train/pred_vs_static=0.2312  train/grad_norm=0.6769  train/lr=4.983e-05  train/samples_per_sec=300.7
2026-10-05 08:35:54 [  11420] train/loss=0.174  train/pred_loss=0.04256  train/sigreg_loss=1.46  train/emb_std=0.9867  train/emb_norm=13.6  train/pred_vs_static=0.2153  train/grad_norm=0.689  train/lr=4.983e-05  train/samples_per_sec=300.7
2026-10-05 08:36:03 [  11440] train/loss=0.1734  train/pred_loss=0.04207  train/sigreg_loss=1.459  train/emb_std=0.9895  train/emb_norm=13.62  train/pred_vs_static=0.2222  train/grad_norm=0.6959  train/lr=4.982e-05  train/samples_per_sec=300.7
2026-10-05 08:36:11 [  11460] train/loss=0.1754  train/pred_loss=0.04216  train/sigreg_loss=1.481  train/emb_std=0.9887  train/emb_norm=13.62  train/pred_vs_static=0.2224  train/grad_norm=0.6992  train/lr=4.982e-05  train/samples_per_sec=300.8
2026-10-05 08:36:20 [  11480] train/loss=0.1785  train/pred_loss=0.04372  train/sigreg_loss=1.496  train/emb_std=0.9885  train/emb_norm=13.6  train/pred_vs_static=0.2168  train/grad_norm=0.7114  train/lr=4.982e-05  train/samples_per_sec=300.8
2026-10-05 08:36:28 [  11500] train/loss=0.1739  train/pred_loss=0.04185  train/sigreg_loss=1.469  train/emb_std=0.9871  train/emb_norm=13.59  train/pred_vs_static=0.2198  train/grad_norm=0.7151  train/lr=4.982e-05  train/samples_per_sec=300.8
2026-10-05 08:36:37 [  11520] train/loss=0.1731  train/pred_loss=0.04213  train/sigreg_loss=1.455  train/emb_std=0.9895  train/emb_norm=13.61  train/pred_vs_static=0.2174  train/grad_norm=0.6829  train/lr=4.982e-05  train/samples_per_sec=300.8
2026-10-05 08:36:45 [  11540] train/loss=0.1736  train/pred_loss=0.04262  train/sigreg_loss=1.455  train/emb_std=0.9893  train/emb_norm=13.62  train/pred_vs_static=0.2293  train/grad_norm=0.7029  train/lr=4.982e-05  train/samples_per_sec=300.8
2026-10-05 08:36:54 [  11560] train/loss=0.173  train/pred_loss=0.04176  train/sigreg_loss=1.458  train/emb_std=0.9891  train/emb_norm=13.62  train/pred_vs_static=0.2116  train/grad_norm=0.7062  train/lr=4.982e-05  train/samples_per_sec=300.8
2026-10-05 08:37:02 [  11580] train/loss=0.1749  train/pred_loss=0.04259  train/sigreg_loss=1.47  train/emb_std=0.9889  train/emb_norm=13.62  train/pred_vs_static=0.2178  train/grad_norm=0.7312  train/lr=4.982e-05  train/samples_per_sec=300.8
2026-10-05 08:37:11 [  11600] train/loss=0.1721  train/pred_loss=0.04124  train/sigreg_loss=1.455  train/emb_std=0.9889  train/emb_norm=13.61  train/pred_vs_static=0.2155  train/grad_norm=0.6925  train/lr=4.982e-05  train/samples_per_sec=300.8
2026-10-05 08:37:19 [  11620] train/loss=0.1728  train/pred_loss=0.04169  train/sigreg_loss=1.456  train/emb_std=0.9926  train/emb_norm=13.66  train/pred_vs_static=0.22  train/grad_norm=0.6768  train/lr=4.982e-05  train/samples_per_sec=300.8
2026-10-05 08:37:28 [  11640] train/loss=0.175  train/pred_loss=0.04382  train/sigreg_loss=1.457  train/emb_std=0.9877  train/emb_norm=13.6  train/pred_vs_static=0.2205  train/grad_norm=0.6984  train/lr=4.982e-05  train/samples_per_sec=300.8
2026-10-05 08:37:36 [  11660] train/loss=0.1774  train/pred_loss=0.04294  train/sigreg_loss=1.494  train/emb_std=0.9869  train/emb_norm=13.6  train/pred_vs_static=0.2199  train/grad_norm=0.7562  train/lr=4.981e-05  train/samples_per_sec=300.8
2026-10-05 08:37:45 [  11680] train/loss=0.1751  train/pred_loss=0.04171  train/sigreg_loss=1.481  train/emb_std=0.9869  train/emb_norm=13.59  train/pred_vs_static=0.2163  train/grad_norm=0.6893  train/lr=4.981e-05  train/samples_per_sec=300.8
2026-10-05 08:37:53 [  11700] train/loss=0.1748  train/pred_loss=0.04206  train/sigreg_loss=1.475  train/emb_std=0.9893  train/emb_norm=13.63  train/pred_vs_static=0.2242  train/grad_norm=0.7015  train/lr=4.981e-05  train/samples_per_sec=300.8
2026-10-05 08:38:02 [  11720] train/loss=0.1716  train/pred_loss=0.04192  train/sigreg_loss=1.441  train/emb_std=0.9871  train/emb_norm=13.6  train/pred_vs_static=0.2097  train/grad_norm=0.695  train/lr=4.981e-05  train/samples_per_sec=300.8
2026-10-05 08:38:10 [  11740] train/loss=0.1732  train/pred_loss=0.04262  train/sigreg_loss=1.451  train/emb_std=0.9887  train/emb_norm=13.61  train/pred_vs_static=0.2165  train/grad_norm=0.6922  train/lr=4.981e-05  train/samples_per_sec=300.8
2026-10-05 08:38:19 [  11760] train/loss=0.1705  train/pred_loss=0.03997  train/sigreg_loss=1.45  train/emb_std=0.9875  train/emb_norm=13.6  train/pred_vs_static=0.2057  train/grad_norm=0.6623  train/lr=4.981e-05  train/samples_per_sec=300.8
2026-10-05 08:38:27 [  11780] train/loss=0.1754  train/pred_loss=0.042  train/sigreg_loss=1.482  train/emb_std=0.9875  train/emb_norm=13.61  train/pred_vs_static=0.2191  train/grad_norm=0.7061  train/lr=4.981e-05  train/samples_per_sec=300.8
2026-10-05 08:38:36 [  11800] train/loss=0.1732  train/pred_loss=0.04174  train/sigreg_loss=1.46  train/emb_std=0.9887  train/emb_norm=13.61  train/pred_vs_static=0.215  train/grad_norm=0.7123  train/lr=4.981e-05  train/samples_per_sec=300.8
2026-10-05 08:38:44 [  11820] train/loss=0.1742  train/pred_loss=0.04256  train/sigreg_loss=1.464  train/emb_std=0.9893  train/emb_norm=13.62  train/pred_vs_static=0.2161  train/grad_norm=0.7077  train/lr=4.981e-05  train/samples_per_sec=300.8
2026-10-05 08:38:53 [  11840] train/loss=0.1752  train/pred_loss=0.04134  train/sigreg_loss=1.487  train/emb_std=0.9902  train/emb_norm=13.64  train/pred_vs_static=0.2169  train/grad_norm=0.708  train/lr=4.981e-05  train/samples_per_sec=300.8
2026-10-05 08:39:01 [  11860] train/loss=0.1719  train/pred_loss=0.04074  train/sigreg_loss=1.458  train/emb_std=0.9885  train/emb_norm=13.6  train/pred_vs_static=0.2079  train/grad_norm=0.6745  train/lr=4.98e-05  train/samples_per_sec=300.8
2026-10-05 08:39:10 [  11880] train/loss=0.1707  train/pred_loss=0.04132  train/sigreg_loss=1.438  train/emb_std=0.9873  train/emb_norm=13.6  train/pred_vs_static=0.213  train/grad_norm=0.7052  train/lr=4.98e-05  train/samples_per_sec=300.8
2026-10-05 08:39:18 [  11900] train/loss=0.1703  train/pred_loss=0.03979  train/sigreg_loss=1.45  train/emb_std=0.9891  train/emb_norm=13.62  train/pred_vs_static=0.215  train/grad_norm=0.7007  train/lr=4.98e-05  train/samples_per_sec=300.8
2026-10-05 08:39:27 [  11920] train/loss=0.169  train/pred_loss=0.03969  train/sigreg_loss=1.438  train/emb_std=0.9891  train/emb_norm=13.62  train/pred_vs_static=0.2028  train/grad_norm=0.6705  train/lr=4.98e-05  train/samples_per_sec=300.9
2026-10-05 08:39:35 [  11940] train/loss=0.1737  train/pred_loss=0.04133  train/sigreg_loss=1.471  train/emb_std=0.9869  train/emb_norm=13.59  train/pred_vs_static=0.2175  train/grad_norm=0.7275  train/lr=4.98e-05  train/samples_per_sec=300.9
2026-10-05 08:39:43 [  11960] train/loss=0.1739  train/pred_loss=0.04213  train/sigreg_loss=1.464  train/emb_std=0.9883  train/emb_norm=13.62  train/pred_vs_static=0.2222  train/grad_norm=0.7301  train/lr=4.98e-05  train/samples_per_sec=301
2026-10-05 08:39:52 [  11980] train/loss=0.1732  train/pred_loss=0.04159  train/sigreg_loss=1.463  train/emb_std=0.9875  train/emb_norm=13.6  train/pred_vs_static=0.2124  train/grad_norm=0.7118  train/lr=4.98e-05  train/samples_per_sec=301.1
2026-10-05 08:40:00 [  12000] train/loss=0.1711  train/pred_loss=0.04108  train/sigreg_loss=1.444  train/emb_std=0.9865  train/emb_norm=13.58  train/pred_vs_static=0.2111  train/grad_norm=0.6829  train/lr=4.98e-05  train/samples_per_sec=301.2
2026-10-05 08:40:00 [  12000] train_epoch/loss=0.1779  train_epoch/pred_loss=0.04361  train_epoch/sigreg_loss=1.493  train_epoch/emb_std=0.9881  train_epoch/emb_norm=13.61  train_epoch/pred_vs_static=0.2261  train_epoch/grad_norm=0.716  train_epoch/lr=4.984e-05  train_epoch/epoch=5
2026-10-05 08:40:23 [  12000] val/loss=0.7665  val/pred_loss=0.03619  val/sigreg_loss=8.114  val/emb_std=0.9559  val/emb_norm=13.76  val/pred_vs_static=0.1993  val/epoch=5
2026-10-05 08:40:23 epoch   5 | val pred_vs_static 0.19932 | best 0.19932 @ epoch 5 | saved epoch_005.pt
2026-10-05 08:40:36 [  12020] train/loss=0.1718  train/pred_loss=0.04144  train/sigreg_loss=1.448  train/emb_std=0.99  train/emb_norm=13.63  train/pred_vs_static=0.2131  train/grad_norm=0.7188  train/lr=4.98e-05  train/samples_per_sec=207.8
2026-10-05 08:40:44 [  12040] train/loss=0.1697  train/pred_loss=0.04106  train/sigreg_loss=1.429  train/emb_std=0.9875  train/emb_norm=13.61  train/pred_vs_static=0.211  train/grad_norm=0.6847  train/lr=4.98e-05  train/samples_per_sec=248.1
2026-10-05 08:40:52 [  12060] train/loss=0.1712  train/pred_loss=0.04084  train/sigreg_loss=1.448  train/emb_std=0.99  train/emb_norm=13.63  train/pred_vs_static=0.2054  train/grad_norm=0.6794  train/lr=4.979e-05  train/samples_per_sec=265.9
2026-10-05 08:41:00 [  12080] train/loss=0.1724  train/pred_loss=0.04063  train/sigreg_loss=1.465  train/emb_std=0.99  train/emb_norm=13.63  train/pred_vs_static=0.2088  train/grad_norm=0.6911  train/lr=4.979e-05  train/samples_per_sec=275.8
2026-10-05 08:41:09 [  12100] train/loss=0.1688  train/pred_loss=0.04028  train/sigreg_loss=1.429  train/emb_std=0.9895  train/emb_norm=13.63  train/pred_vs_static=0.212  train/grad_norm=0.6896  train/lr=4.979e-05  train/samples_per_sec=281.6
2026-10-05 08:41:17 [  12120] train/loss=0.171  train/pred_loss=0.04143  train/sigreg_loss=1.44  train/emb_std=0.9883  train/emb_norm=13.62  train/pred_vs_static=0.2205  train/grad_norm=0.7061  train/lr=4.979e-05  train/samples_per_sec=286.1
2026-10-05 08:41:25 [  12140] train/loss=0.1701  train/pred_loss=0.04047  train/sigreg_loss=1.44  train/emb_std=0.9895  train/emb_norm=13.62  train/pred_vs_static=0.2114  train/grad_norm=0.6709  train/lr=4.979e-05  train/samples_per_sec=289.1
2026-10-05 08:41:34 [  12160] train/loss=0.1715  train/pred_loss=0.04055  train/sigreg_loss=1.455  train/emb_std=0.9895  train/emb_norm=13.63  train/pred_vs_static=0.2133  train/grad_norm=0.6823  train/lr=4.979e-05  train/samples_per_sec=291.4
2026-10-05 08:41:42 [  12180] train/loss=0.1699  train/pred_loss=0.04025  train/sigreg_loss=1.441  train/emb_std=0.9865  train/emb_norm=13.6  train/pred_vs_static=0.2119  train/grad_norm=0.6813  train/lr=4.979e-05  train/samples_per_sec=293
2026-10-05 08:41:50 [  12200] train/loss=0.1682  train/pred_loss=0.03971  train/sigreg_loss=1.429  train/emb_std=0.9877  train/emb_norm=13.61  train/pred_vs_static=0.2108  train/grad_norm=0.6817  train/lr=4.979e-05  train/samples_per_sec=294.5
2026-10-05 08:41:59 [  12220] train/loss=0.1693  train/pred_loss=0.03859  train/sigreg_loss=1.451  train/emb_std=0.9902  train/emb_norm=13.64  train/pred_vs_static=0.2047  train/grad_norm=0.6587  train/lr=4.979e-05  train/samples_per_sec=295.5
2026-10-05 08:42:07 [  12240] train/loss=0.1708  train/pred_loss=0.04031  train/sigreg_loss=1.45  train/emb_std=0.9873  train/emb_norm=13.61  train/pred_vs_static=0.2065  train/grad_norm=0.6879  train/lr=4.978e-05  train/samples_per_sec=296.4
2026-10-05 08:42:15 [  12260] train/loss=0.1695  train/pred_loss=0.03912  train/sigreg_loss=1.451  train/emb_std=0.9881  train/emb_norm=13.62  train/pred_vs_static=0.2061  train/grad_norm=0.6666  train/lr=4.978e-05  train/samples_per_sec=297.1
2026-10-05 08:42:24 [  12280] train/loss=0.1697  train/pred_loss=0.04039  train/sigreg_loss=1.437  train/emb_std=0.9895  train/emb_norm=13.63  train/pred_vs_static=0.2062  train/grad_norm=0.6762  train/lr=4.978e-05  train/samples_per_sec=297.8
2026-10-05 08:42:32 [  12300] train/loss=0.1665  train/pred_loss=0.03832  train/sigreg_loss=1.426  train/emb_std=0.9893  train/emb_norm=13.63  train/pred_vs_static=0.2026  train/grad_norm=0.6644  train/lr=4.978e-05  train/samples_per_sec=298.5
2026-10-05 08:42:40 [  12320] train/loss=0.1712  train/pred_loss=0.04006  train/sigreg_loss=1.457  train/emb_std=0.9871  train/emb_norm=13.6  train/pred_vs_static=0.2032  train/grad_norm=0.6923  train/lr=4.978e-05  train/samples_per_sec=299
2026-10-05 08:42:49 [  12340] train/loss=0.1689  train/pred_loss=0.03951  train/sigreg_loss=1.438  train/emb_std=0.9863  train/emb_norm=13.59  train/pred_vs_static=0.2027  train/grad_norm=0.6744  train/lr=4.978e-05  train/samples_per_sec=299.5
2026-10-05 08:42:57 [  12360] train/loss=0.1689  train/pred_loss=0.04023  train/sigreg_loss=1.429  train/emb_std=0.9895  train/emb_norm=13.63  train/pred_vs_static=0.207  train/grad_norm=0.7019  train/lr=4.978e-05  train/samples_per_sec=299.9
2026-10-05 08:43:05 [  12380] train/loss=0.1672  train/pred_loss=0.0387  train/sigreg_loss=1.428  train/emb_std=0.9879  train/emb_norm=13.62  train/pred_vs_static=0.215  train/grad_norm=0.6668  train/lr=4.978e-05  train/samples_per_sec=300.3
2026-10-05 08:43:14 [  12400] train/loss=0.1716  train/pred_loss=0.04134  train/sigreg_loss=1.448  train/emb_std=0.9898  train/emb_norm=13.63  train/pred_vs_static=0.2043  train/grad_norm=0.6911  train/lr=4.978e-05  train/samples_per_sec=300.7
2026-10-05 08:43:22 [  12420] train/loss=0.1649  train/pred_loss=0.03811  train/sigreg_loss=1.409  train/emb_std=0.9893  train/emb_norm=13.63  train/pred_vs_static=0.1995  train/grad_norm=0.6522  train/lr=4.978e-05  train/samples_per_sec=301
2026-10-05 08:43:30 [  12440] train/loss=0.1694  train/pred_loss=0.03969  train/sigreg_loss=1.441  train/emb_std=0.9883  train/emb_norm=13.62  train/pred_vs_static=0.2053  train/grad_norm=0.7012  train/lr=4.977e-05  train/samples_per_sec=301.2
2026-10-05 08:43:39 [  12460] train/loss=0.1705  train/pred_loss=0.0411  train/sigreg_loss=1.437  train/emb_std=0.9906  train/emb_norm=13.64  train/pred_vs_static=0.207  train/grad_norm=0.6941  train/lr=4.977e-05  train/samples_per_sec=301.5
2026-10-05 08:43:47 [  12480] train/loss=0.1695  train/pred_loss=0.03962  train/sigreg_loss=1.443  train/emb_std=0.9885  train/emb_norm=13.62  train/pred_vs_static=0.2037  train/grad_norm=0.6798  train/lr=4.977e-05  train/samples_per_sec=301.8
2026-10-05 08:43:55 [  12500] train/loss=0.1676  train/pred_loss=0.03984  train/sigreg_loss=1.421  train/emb_std=0.9895  train/emb_norm=13.62  train/pred_vs_static=0.2047  train/grad_norm=0.6781  train/lr=4.977e-05  train/samples_per_sec=302.1
2026-10-05 08:44:04 [  12520] train/loss=0.17  train/pred_loss=0.04005  train/sigreg_loss=1.443  train/emb_std=0.9898  train/emb_norm=13.63  train/pred_vs_static=0.2076  train/grad_norm=0.6788  train/lr=4.977e-05  train/samples_per_sec=302.3
2026-10-05 08:44:12 [  12540] train/loss=0.1684  train/pred_loss=0.03944  train/sigreg_loss=1.433  train/emb_std=0.9902  train/emb_norm=13.63  train/pred_vs_static=0.2011  train/grad_norm=0.6754  train/lr=4.977e-05  train/samples_per_sec=302.5
2026-10-05 08:44:20 [  12560] train/loss=0.1676  train/pred_loss=0.03961  train/sigreg_loss=1.423  train/emb_std=0.9881  train/emb_norm=13.61  train/pred_vs_static=0.2017  train/grad_norm=0.6744  train/lr=4.977e-05  train/samples_per_sec=302.7
2026-10-05 08:44:28 [  12580] train/loss=0.1693  train/pred_loss=0.03946  train/sigreg_loss=1.443  train/emb_std=0.99  train/emb_norm=13.63  train/pred_vs_static=0.2087  train/grad_norm=0.6955  train/lr=4.977e-05  train/samples_per_sec=302.9
2026-10-05 08:44:37 [  12600] train/loss=0.1685  train/pred_loss=0.03901  train/sigreg_loss=1.439  train/emb_std=0.9865  train/emb_norm=13.59  train/pred_vs_static=0.1956  train/grad_norm=0.7208  train/lr=4.977e-05  train/samples_per_sec=303
2026-10-05 08:44:45 [  12620] train/loss=0.1682  train/pred_loss=0.0401  train/sigreg_loss=1.423  train/emb_std=0.9891  train/emb_norm=13.62  train/pred_vs_static=0.2017  train/grad_norm=0.683  train/lr=4.976e-05  train/samples_per_sec=303.2
2026-10-05 08:44:53 [  12640] train/loss=0.1661  train/pred_loss=0.0383  train/sigreg_loss=1.42  train/emb_std=0.9898  train/emb_norm=13.64  train/pred_vs_static=0.1976  train/grad_norm=0.7044  train/lr=4.976e-05  train/samples_per_sec=303.3
2026-10-05 08:45:02 [  12660] train/loss=0.1665  train/pred_loss=0.03887  train/sigreg_loss=1.418  train/emb_std=0.9881  train/emb_norm=13.62  train/pred_vs_static=0.1999  train/grad_norm=0.6789  train/lr=4.976e-05  train/samples_per_sec=303.5
2026-10-05 08:45:10 [  12680] train/loss=0.1707  train/pred_loss=0.04154  train/sigreg_loss=1.436  train/emb_std=0.9887  train/emb_norm=13.63  train/pred_vs_static=0.206  train/grad_norm=0.6954  train/lr=4.976e-05  train/samples_per_sec=303.6
2026-10-05 08:45:18 [  12700] train/loss=0.1687  train/pred_loss=0.04028  train/sigreg_loss=1.426  train/emb_std=0.9898  train/emb_norm=13.64  train/pred_vs_static=0.204  train/grad_norm=0.6847  train/lr=4.976e-05  train/samples_per_sec=303.7
2026-10-05 08:45:27 [  12720] train/loss=0.1668  train/pred_loss=0.03936  train/sigreg_loss=1.416  train/emb_std=0.99  train/emb_norm=13.63  train/pred_vs_static=0.1994  train/grad_norm=0.7006  train/lr=4.976e-05  train/samples_per_sec=303.8
2026-10-05 08:45:35 [  12740] train/loss=0.1666  train/pred_loss=0.03986  train/sigreg_loss=1.409  train/emb_std=0.9883  train/emb_norm=13.62  train/pred_vs_static=0.2011  train/grad_norm=0.6766  train/lr=4.976e-05  train/samples_per_sec=303.9
2026-10-05 08:45:43 [  12760] train/loss=0.1668  train/pred_loss=0.03928  train/sigreg_loss=1.418  train/emb_std=0.9895  train/emb_norm=13.64  train/pred_vs_static=0.2033  train/grad_norm=0.6768  train/lr=4.976e-05  train/samples_per_sec=304
2026-10-05 08:45:52 [  12780] train/loss=0.1649  train/pred_loss=0.03772  train/sigreg_loss=1.415  train/emb_std=0.9902  train/emb_norm=13.65  train/pred_vs_static=0.2004  train/grad_norm=0.699  train/lr=4.976e-05  train/samples_per_sec=304.2
2026-10-05 08:46:00 [  12800] train/loss=0.1665  train/pred_loss=0.03745  train/sigreg_loss=1.434  train/emb_std=0.9885  train/emb_norm=13.63  train/pred_vs_static=0.1989  train/grad_norm=0.6855  train/lr=4.975e-05  train/samples_per_sec=304.3
2026-10-05 08:46:08 [  12820] train/loss=0.1671  train/pred_loss=0.03946  train/sigreg_loss=1.418  train/emb_std=0.9893  train/emb_norm=13.62  train/pred_vs_static=0.2055  train/grad_norm=0.6876  train/lr=4.975e-05  train/samples_per_sec=304.4
2026-10-05 08:46:16 [  12840] train/loss=0.1661  train/pred_loss=0.03865  train/sigreg_loss=1.416  train/emb_std=0.9881  train/emb_norm=13.62  train/pred_vs_static=0.2021  train/grad_norm=0.66  train/lr=4.975e-05  train/samples_per_sec=304.5
2026-10-05 08:46:25 [  12860] train/loss=0.1698  train/pred_loss=0.03943  train/sigreg_loss=1.448  train/emb_std=0.9883  train/emb_norm=13.63  train/pred_vs_static=0.2027  train/grad_norm=0.7128  train/lr=4.975e-05  train/samples_per_sec=304.6
2026-10-05 08:46:33 [  12880] train/loss=0.1685  train/pred_loss=0.04036  train/sigreg_loss=1.424  train/emb_std=0.9863  train/emb_norm=13.59  train/pred_vs_static=0.2078  train/grad_norm=0.7152  train/lr=4.975e-05  train/samples_per_sec=304.7
2026-10-05 08:46:41 [  12900] train/loss=0.1671  train/pred_loss=0.03896  train/sigreg_loss=1.422  train/emb_std=0.9879  train/emb_norm=13.62  train/pred_vs_static=0.2023  train/grad_norm=0.6807  train/lr=4.975e-05  train/samples_per_sec=304.8
2026-10-05 08:46:50 [  12920] train/loss=0.1633  train/pred_loss=0.03709  train/sigreg_loss=1.402  train/emb_std=0.9889  train/emb_norm=13.63  train/pred_vs_static=0.1907  train/grad_norm=0.6489  train/lr=4.975e-05  train/samples_per_sec=304.8
2026-10-05 08:46:58 [  12940] train/loss=0.1657  train/pred_loss=0.03797  train/sigreg_loss=1.42  train/emb_std=0.99  train/emb_norm=13.65  train/pred_vs_static=0.1943  train/grad_norm=0.6864  train/lr=4.975e-05  train/samples_per_sec=304.9
2026-10-05 08:47:06 [  12960] train/loss=0.1673  train/pred_loss=0.03899  train/sigreg_loss=1.426  train/emb_std=0.9877  train/emb_norm=13.62  train/pred_vs_static=0.2015  train/grad_norm=0.6767  train/lr=4.975e-05  train/samples_per_sec=305
2026-10-05 08:47:15 [  12980] train/loss=0.1669  train/pred_loss=0.03995  train/sigreg_loss=1.411  train/emb_std=0.9869  train/emb_norm=13.6  train/pred_vs_static=0.2036  train/grad_norm=0.714  train/lr=4.974e-05  train/samples_per_sec=305.1
2026-10-05 08:47:23 [  13000] train/loss=0.168  train/pred_loss=0.0409  train/sigreg_loss=1.412  train/emb_std=0.9885  train/emb_norm=13.62  train/pred_vs_static=0.2024  train/grad_norm=0.6927  train/lr=4.974e-05  train/samples_per_sec=305.2
2026-10-05 08:47:31 [  13020] train/loss=0.1637  train/pred_loss=0.03815  train/sigreg_loss=1.396  train/emb_std=0.9893  train/emb_norm=13.63  train/pred_vs_static=0.2006  train/grad_norm=0.6685  train/lr=4.974e-05  train/samples_per_sec=305.1
2026-10-05 08:47:40 [  13040] train/loss=0.1654  train/pred_loss=0.03845  train/sigreg_loss=1.411  train/emb_std=0.9863  train/emb_norm=13.59  train/pred_vs_static=0.201  train/grad_norm=0.6916  train/lr=4.974e-05  train/samples_per_sec=305.1
2026-10-05 08:47:48 [  13060] train/loss=0.1656  train/pred_loss=0.03863  train/sigreg_loss=1.412  train/emb_std=0.9889  train/emb_norm=13.63  train/pred_vs_static=0.1986  train/grad_norm=0.6705  train/lr=4.974e-05  train/samples_per_sec=305
2026-10-05 08:47:57 [  13080] train/loss=0.1682  train/pred_loss=0.03844  train/sigreg_loss=1.443  train/emb_std=0.9887  train/emb_norm=13.63  train/pred_vs_static=0.192  train/grad_norm=0.7051  train/lr=4.974e-05  train/samples_per_sec=305
2026-10-05 08:48:05 [  13100] train/loss=0.1643  train/pred_loss=0.03859  train/sigreg_loss=1.396  train/emb_std=0.9869  train/emb_norm=13.6  train/pred_vs_static=0.2015  train/grad_norm=0.6541  train/lr=4.974e-05  train/samples_per_sec=305
2026-10-05 08:48:13 [  13120] train/loss=0.1633  train/pred_loss=0.03845  train/sigreg_loss=1.387  train/emb_std=0.9883  train/emb_norm=13.63  train/pred_vs_static=0.1961  train/grad_norm=0.6641  train/lr=4.974e-05  train/samples_per_sec=305
2026-10-05 08:48:22 [  13140] train/loss=0.1677  train/pred_loss=0.03867  train/sigreg_loss=1.434  train/emb_std=0.9879  train/emb_norm=13.62  train/pred_vs_static=0.1975  train/grad_norm=0.6749  train/lr=4.974e-05  train/samples_per_sec=305
2026-10-05 08:48:30 [  13160] train/loss=0.1653  train/pred_loss=0.03792  train/sigreg_loss=1.415  train/emb_std=0.9887  train/emb_norm=13.63  train/pred_vs_static=0.1873  train/grad_norm=0.6992  train/lr=4.973e-05  train/samples_per_sec=305
2026-10-05 08:48:39 [  13180] train/loss=0.1664  train/pred_loss=0.0386  train/sigreg_loss=1.42  train/emb_std=0.9883  train/emb_norm=13.63  train/pred_vs_static=0.1914  train/grad_norm=0.6959  train/lr=4.973e-05  train/samples_per_sec=305
2026-10-05 08:48:47 [  13200] train/loss=0.1643  train/pred_loss=0.0388  train/sigreg_loss=1.395  train/emb_std=0.9885  train/emb_norm=13.62  train/pred_vs_static=0.2007  train/grad_norm=0.674  train/lr=4.973e-05  train/samples_per_sec=305
2026-10-05 08:48:55 [  13220] train/loss=0.1635  train/pred_loss=0.03867  train/sigreg_loss=1.387  train/emb_std=0.9887  train/emb_norm=13.64  train/pred_vs_static=0.2045  train/grad_norm=0.6589  train/lr=4.973e-05  train/samples_per_sec=304.9
2026-10-05 08:49:04 [  13240] train/loss=0.1657  train/pred_loss=0.03898  train/sigreg_loss=1.408  train/emb_std=0.9861  train/emb_norm=13.59  train/pred_vs_static=0.1965  train/grad_norm=0.6661  train/lr=4.973e-05  train/samples_per_sec=305
2026-10-05 08:49:12 [  13260] train/loss=0.1638  train/pred_loss=0.03778  train/sigreg_loss=1.4  train/emb_std=0.9865  train/emb_norm=13.61  train/pred_vs_static=0.1965  train/grad_norm=0.7049  train/lr=4.973e-05  train/samples_per_sec=305
2026-10-05 08:49:21 [  13280] train/loss=0.1655  train/pred_loss=0.03813  train/sigreg_loss=1.415  train/emb_std=0.9865  train/emb_norm=13.61  train/pred_vs_static=0.1923  train/grad_norm=0.6875  train/lr=4.973e-05  train/samples_per_sec=305
2026-10-05 08:49:29 [  13300] train/loss=0.1623  train/pred_loss=0.03803  train/sigreg_loss=1.38  train/emb_std=0.9902  train/emb_norm=13.64  train/pred_vs_static=0.1924  train/grad_norm=0.6618  train/lr=4.973e-05  train/samples_per_sec=305
2026-10-05 08:49:37 [  13320] train/loss=0.1619  train/pred_loss=0.038  train/sigreg_loss=1.376  train/emb_std=0.9906  train/emb_norm=13.63  train/pred_vs_static=0.1992  train/grad_norm=0.6524  train/lr=4.972e-05  train/samples_per_sec=304.9
2026-10-05 08:49:46 [  13340] train/loss=0.1634  train/pred_loss=0.03752  train/sigreg_loss=1.399  train/emb_std=0.9871  train/emb_norm=13.6  train/pred_vs_static=0.2021  train/grad_norm=0.6693  train/lr=4.972e-05  train/samples_per_sec=305
2026-10-05 08:49:54 [  13360] train/loss=0.1658  train/pred_loss=0.03878  train/sigreg_loss=1.412  train/emb_std=0.9881  train/emb_norm=13.62  train/pred_vs_static=0.2025  train/grad_norm=0.6874  train/lr=4.972e-05  train/samples_per_sec=305
2026-10-05 08:50:02 [  13380] train/loss=0.1636  train/pred_loss=0.03812  train/sigreg_loss=1.395  train/emb_std=0.9875  train/emb_norm=13.6  train/pred_vs_static=0.1979  train/grad_norm=0.6624  train/lr=4.972e-05  train/samples_per_sec=305
2026-10-05 08:50:11 [  13400] train/loss=0.1644  train/pred_loss=0.03766  train/sigreg_loss=1.407  train/emb_std=0.9877  train/emb_norm=13.61  train/pred_vs_static=0.1925  train/grad_norm=0.669  train/lr=4.972e-05  train/samples_per_sec=305
2026-10-05 08:50:19 [  13420] train/loss=0.1662  train/pred_loss=0.03874  train/sigreg_loss=1.416  train/emb_std=0.9883  train/emb_norm=13.62  train/pred_vs_static=0.1968  train/grad_norm=0.677  train/lr=4.972e-05  train/samples_per_sec=305
2026-10-05 08:50:28 [  13440] train/loss=0.1635  train/pred_loss=0.03836  train/sigreg_loss=1.39  train/emb_std=0.9877  train/emb_norm=13.61  train/pred_vs_static=0.1956  train/grad_norm=0.6765  train/lr=4.972e-05  train/samples_per_sec=305.1
2026-10-05 08:50:36 [  13460] train/loss=0.1639  train/pred_loss=0.03683  train/sigreg_loss=1.413  train/emb_std=0.9859  train/emb_norm=13.59  train/pred_vs_static=0.1931  train/grad_norm=0.6596  train/lr=4.972e-05  train/samples_per_sec=305.1
2026-10-05 08:50:44 [  13480] train/loss=0.1657  train/pred_loss=0.03846  train/sigreg_loss=1.413  train/emb_std=0.9902  train/emb_norm=13.65  train/pred_vs_static=0.1913  train/grad_norm=0.6643  train/lr=4.972e-05  train/samples_per_sec=305.1
2026-10-05 08:50:53 [  13500] train/loss=0.1653  train/pred_loss=0.03851  train/sigreg_loss=1.408  train/emb_std=0.9873  train/emb_norm=13.61  train/pred_vs_static=0.1962  train/grad_norm=0.6743  train/lr=4.971e-05  train/samples_per_sec=305.1
2026-10-05 08:51:01 [  13520] train/loss=0.1631  train/pred_loss=0.03749  train/sigreg_loss=1.396  train/emb_std=0.9889  train/emb_norm=13.63  train/pred_vs_static=0.1896  train/grad_norm=0.6576  train/lr=4.971e-05  train/samples_per_sec=305.2
2026-10-05 08:51:09 [  13540] train/loss=0.1635  train/pred_loss=0.03712  train/sigreg_loss=1.405  train/emb_std=0.9871  train/emb_norm=13.6  train/pred_vs_static=0.1865  train/grad_norm=0.6698  train/lr=4.971e-05  train/samples_per_sec=305.2
2026-10-05 08:51:18 [  13560] train/loss=0.164  train/pred_loss=0.03762  train/sigreg_loss=1.404  train/emb_std=0.9867  train/emb_norm=13.6  train/pred_vs_static=0.1958  train/grad_norm=0.6955  train/lr=4.971e-05  train/samples_per_sec=305.2
2026-10-05 08:51:26 [  13580] train/loss=0.1636  train/pred_loss=0.0376  train/sigreg_loss=1.4  train/emb_std=0.9885  train/emb_norm=13.63  train/pred_vs_static=0.1942  train/grad_norm=0.6676  train/lr=4.971e-05  train/samples_per_sec=305.3
2026-10-05 08:51:34 [  13600] train/loss=0.1622  train/pred_loss=0.0377  train/sigreg_loss=1.383  train/emb_std=0.99  train/emb_norm=13.65  train/pred_vs_static=0.1955  train/grad_norm=0.6735  train/lr=4.971e-05  train/samples_per_sec=305.3
2026-10-05 08:51:42 [  13620] train/loss=0.1648  train/pred_loss=0.03756  train/sigreg_loss=1.414  train/emb_std=0.9883  train/emb_norm=13.62  train/pred_vs_static=0.1832  train/grad_norm=0.6806  train/lr=4.971e-05  train/samples_per_sec=305.4
2026-10-05 08:51:51 [  13640] train/loss=0.1626  train/pred_loss=0.03807  train/sigreg_loss=1.382  train/emb_std=0.9895  train/emb_norm=13.63  train/pred_vs_static=0.1919  train/grad_norm=0.6912  train/lr=4.971e-05  train/samples_per_sec=305.4
2026-10-05 08:51:59 [  13660] train/loss=0.1621  train/pred_loss=0.03776  train/sigreg_loss=1.382  train/emb_std=0.9902  train/emb_norm=13.65  train/pred_vs_static=0.1901  train/grad_norm=0.6584  train/lr=4.97e-05  train/samples_per_sec=305.4
2026-10-05 08:52:07 [  13680] train/loss=0.162  train/pred_loss=0.03765  train/sigreg_loss=1.382  train/emb_std=0.9885  train/emb_norm=13.63  train/pred_vs_static=0.1891  train/grad_norm=0.6838  train/lr=4.97e-05  train/samples_per_sec=305.4
2026-10-05 08:52:16 [  13700] train/loss=0.1645  train/pred_loss=0.03893  train/sigreg_loss=1.395  train/emb_std=0.9879  train/emb_norm=13.6  train/pred_vs_static=0.1936  train/grad_norm=0.6851  train/lr=4.97e-05  train/samples_per_sec=305.5
2026-10-05 08:52:24 [  13720] train/loss=0.1608  train/pred_loss=0.03585  train/sigreg_loss=1.387  train/emb_std=0.9887  train/emb_norm=13.63  train/pred_vs_static=0.1887  train/grad_norm=0.6615  train/lr=4.97e-05  train/samples_per_sec=305.5
2026-10-05 08:52:32 [  13740] train/loss=0.1618  train/pred_loss=0.0362  train/sigreg_loss=1.395  train/emb_std=0.9877  train/emb_norm=13.62  train/pred_vs_static=0.1861  train/grad_norm=0.6888  train/lr=4.97e-05  train/samples_per_sec=305.6
2026-10-05 08:52:40 [  13760] train/loss=0.1593  train/pred_loss=0.0359  train/sigreg_loss=1.372  train/emb_std=0.9873  train/emb_norm=13.62  train/pred_vs_static=0.187  train/grad_norm=0.6377  train/lr=4.97e-05  train/samples_per_sec=305.6
2026-10-05 08:52:49 [  13780] train/loss=0.1625  train/pred_loss=0.03711  train/sigreg_loss=1.393  train/emb_std=0.9891  train/emb_norm=13.63  train/pred_vs_static=0.1899  train/grad_norm=0.6633  train/lr=4.97e-05  train/samples_per_sec=305.6
2026-10-05 08:52:57 [  13800] train/loss=0.1646  train/pred_loss=0.03891  train/sigreg_loss=1.396  train/emb_std=0.9865  train/emb_norm=13.6  train/pred_vs_static=0.1949  train/grad_norm=0.6893  train/lr=4.97e-05  train/samples_per_sec=305.7
2026-10-05 08:53:05 [  13820] train/loss=0.1626  train/pred_loss=0.0382  train/sigreg_loss=1.383  train/emb_std=0.9891  train/emb_norm=13.64  train/pred_vs_static=0.1979  train/grad_norm=0.6752  train/lr=4.969e-05  train/samples_per_sec=305.7
2026-10-05 08:53:14 [  13840] train/loss=0.1617  train/pred_loss=0.0367  train/sigreg_loss=1.389  train/emb_std=0.9889  train/emb_norm=13.64  train/pred_vs_static=0.1916  train/grad_norm=0.6572  train/lr=4.969e-05  train/samples_per_sec=305.7
2026-10-05 08:53:22 [  13860] train/loss=0.1619  train/pred_loss=0.03701  train/sigreg_loss=1.387  train/emb_std=0.9898  train/emb_norm=13.64  train/pred_vs_static=0.1917  train/grad_norm=0.6577  train/lr=4.969e-05  train/samples_per_sec=305.7
2026-10-05 08:53:31 [  13880] train/loss=0.1622  train/pred_loss=0.03625  train/sigreg_loss=1.4  train/emb_std=0.9877  train/emb_norm=13.62  train/pred_vs_static=0.1884  train/grad_norm=0.6507  train/lr=4.969e-05  train/samples_per_sec=305.7
2026-10-05 08:53:39 [  13900] train/loss=0.1618  train/pred_loss=0.03809  train/sigreg_loss=1.376  train/emb_std=0.9879  train/emb_norm=13.62  train/pred_vs_static=0.1979  train/grad_norm=0.6707  train/lr=4.969e-05  train/samples_per_sec=305.7
2026-10-05 08:53:47 [  13920] train/loss=0.1609  train/pred_loss=0.0373  train/sigreg_loss=1.374  train/emb_std=0.9873  train/emb_norm=13.61  train/pred_vs_static=0.1961  train/grad_norm=0.6554  train/lr=4.969e-05  train/samples_per_sec=305.7
2026-10-05 08:53:56 [  13940] train/loss=0.1605  train/pred_loss=0.03597  train/sigreg_loss=1.384  train/emb_std=0.9895  train/emb_norm=13.65  train/pred_vs_static=0.1828  train/grad_norm=0.674  train/lr=4.969e-05  train/samples_per_sec=305.7
2026-10-05 08:54:04 [  13960] train/loss=0.1612  train/pred_loss=0.03692  train/sigreg_loss=1.381  train/emb_std=0.9873  train/emb_norm=13.61  train/pred_vs_static=0.1898  train/grad_norm=0.6744  train/lr=4.969e-05  train/samples_per_sec=305.7
2026-10-05 08:54:12 [  13980] train/loss=0.1616  train/pred_loss=0.03634  train/sigreg_loss=1.393  train/emb_std=0.9889  train/emb_norm=13.63  train/pred_vs_static=0.1865  train/grad_norm=0.6728  train/lr=4.968e-05  train/samples_per_sec=305.8
2026-10-05 08:54:20 [  14000] train/loss=0.1591  train/pred_loss=0.03691  train/sigreg_loss=1.357  train/emb_std=0.9881  train/emb_norm=13.62  train/pred_vs_static=0.1822  train/grad_norm=0.6576  train/lr=4.968e-05  train/samples_per_sec=305.8
2026-10-05 08:54:20 [  14000] train_epoch/loss=0.166  train_epoch/pred_loss=0.03872  train_epoch/sigreg_loss=1.414  train_epoch/emb_std=0.9885  train_epoch/emb_norm=13.62  train_epoch/pred_vs_static=0.1991  train_epoch/grad_norm=0.679  train_epoch/lr=4.974e-05  train_epoch/epoch=6
2026-10-05 08:54:43 [  14000] val/loss=0.7531  val/pred_loss=0.03161  val/sigreg_loss=8.014  val/emb_std=0.953  val/emb_norm=13.73  val/pred_vs_static=0.1724  val/epoch=6
2026-10-05 08:54:43 epoch   6 | val pred_vs_static 0.17244 | best 0.17244 @ epoch 6 | saved epoch_006.pt
2026-10-05 08:54:43 === finished 2026-10-05 08:54:43 ===
