2026-10-04 05:52:27 === run lewm_acrobot (exp_1791093146) started 2026-10-04 05:52:27 ===
2026-10-04 05:52:27 config: {"run_name": "lewm_acrobot", "out_dir": "/home/world-models/lewm-cus/checkpoints", "exp_id": "exp_1791093146", "seed": 3072, "device": "cuda", "compile": false, "data": {"backend": "h5", "h5_path": "/home/world-models/.stable_worldmodel/datasets/mmbench/acrobot-swingup.h5", "frameskip": 5, "history": 3, "num_preds": 1, "img_size": 224, "obs_key": "pixels", "train_stride": 2, "val_stride": 5, "max_episodes": null, "val_episodes": 26, "stats_path": null, "stats_max_rows": 200000, "rdcc_mb": 256}, "scene": {"data_dir": "/home/world-models/lewm-cus/ogbench_scene_single", "train_npz": "visual-scene-play-v0.npz", "val_npz": "visual-scene-play-v0-val.npz", "store_dir": null, "train_pairs": "train_pairs.npz", "val_pairs": null, "v1_pairs": "v1_pairs.npz", "p_task": 0.5, "balance_tasks": true, "hindsight_min_gap": 30, "hindsight_max_gap": 160, "resample_start": true, "samples_per_epoch": 200000, "val_samples": 20000, "env_id": "visual-scene-v0", "num_eval": null, "eval_batch": 50, "budget": 250, "cube_tol": 0.04, "slide_tol": 0.03, "render_size": 64}, "model": {"encoder": "vit", "freeze_encoder": false, "vit_name": "vit_tiny_patch16_224", "vit_pretrained": false, "vit_pool": "cls", "dino_name": "dinov2_vits14", "dino_tokens": "patch", "dino_img_size": 196, "mlp_hidden": 512, "drop_obs": "", "oracle_obs": "", "oracle_hidden": 512, "embed_dim": 192, "act_smooth_dim": 64, "act_mlp_scale": 4, "depth": 6, "heads": 16, "dim_head": 64, "mlp_dim": 2048, "dropout": 0.1, "use_projector": true, "proj_hidden": 2048, "proj_norm": "batch", "cost": "final_mse"}, "optim": {"epochs": 100, "batch_size": 128, "lr": 5e-05, "weight_decay": 0.001, "betas": [0.9, 0.999], "warmup_epochs": 2.0, "min_lr_scale": 0.01, "grad_clip": 1.0, "amp_dtype": "bf16", "num_workers": 12, "prefetch_factor": 4, "persistent_workers": true, "pin_memory": true, "steps_per_epoch": 2000, "val_steps": 100, "log_every": 20, "ckpt_every": 1, "select_metric": "pred_vs_static"}, "loss": {"use_sigreg": true, "sigreg_weight": 0.09, "sigreg_knots": 17, "sigreg_proj": 1024}, "plan": {"planner": "mpc", "solver": "cem", "horizon": 5, "receding_horizon": 5, "action_block": 5, "history_len": 1, "warm_start": true, "num_samples": 300, "n_iters": 30, "topk": 30, "var_scale": 1.0, "momentum": 0.1, "min_std": 0.01, "temperature": 1.0, "chunk_size": 0, "diffusion_samples": 1, "ddim_steps": 10}, "policy": {"chunk": 5, "goal_offset_min": 5, "goal_offset_max": 50, "goal": "cube_xyz", "proprio": "arm", "use_proprio": true, "use_contact": false, "random_backbone": false, "goal_noise": 0.0, "width": 256, "depth": 8, "heads": 4, "cond_layers": 2, "dropout": 0.1, "train_timesteps": 100, "ema_decay": 0.999}, "eval": {"num_eval": 50, "num_envs": 50, "goal_offset": 25, "eval_budget": 50, "min_goal_distance": 0.1, "cube_tol": 0.04, "env_id": "swm/OGBCube-v0", "env_type": "single", "terminate_at_goal": true, "grasp_contact": 0.5, "grasp_dist_cm": 3.0, "lift_cm": 2.0, "save_video": true, "num_videos": 8, "video_fps": 10}, "rollout": {"num_sequences": 256, "horizon": 10, "batch_size": 32, "retrieval_video": true, "retrieval_bank": 2048, "num_videos": 4}, "wandb": {"enabled": false, "project": "lewm-cus", "entity": null, "name": null, "mode": "online"}}
2026-10-04 05:52:51 [     20] train/loss=3.343  train/pred_loss=0.2665  train/sigreg_loss=34.21  train/emb_std=0.3538  train/emb_norm=5.082  train/pred_vs_static=1.184  train/grad_norm=6.619  train/lr=1.312e-07  train/samples_per_sec=104.2
2026-10-04 05:53:00 [     40] train/loss=3.296  train/pred_loss=0.2714  train/sigreg_loss=33.59  train/emb_std=0.3609  train/emb_norm=5.166  train/pred_vs_static=1.149  train/grad_norm=6.693  train/lr=3.813e-07  train/samples_per_sec=155.7
2026-10-04 05:53:08 [     60] train/loss=3.219  train/pred_loss=0.2765  train/sigreg_loss=32.66  train/emb_std=0.3721  train/emb_norm=5.284  train/pred_vs_static=1.1  train/grad_norm=6.664  train/lr=6.312e-07  train/samples_per_sec=186.1
2026-10-04 05:53:17 [     80] train/loss=3.108  train/pred_loss=0.2839  train/sigreg_loss=31.39  train/emb_std=0.3872  train/emb_norm=5.461  train/pred_vs_static=1.056  train/grad_norm=6.696  train/lr=8.813e-07  train/samples_per_sec=206.1
2026-10-04 05:53:25 [    100] train/loss=2.978  train/pred_loss=0.2957  train/sigreg_loss=29.79  train/emb_std=0.408  train/emb_norm=5.687  train/pred_vs_static=0.9887  train/grad_norm=6.887  train/lr=1.131e-06  train/samples_per_sec=220.7
2026-10-04 05:53:33 [    120] train/loss=2.83  train/pred_loss=0.3115  train/sigreg_loss=27.98  train/emb_std=0.432  train/emb_norm=5.95  train/pred_vs_static=0.9443  train/grad_norm=7.235  train/lr=1.381e-06  train/samples_per_sec=231.5
2026-10-04 05:53:42 [    140] train/loss=2.675  train/pred_loss=0.3271  train/sigreg_loss=26.1  train/emb_std=0.4568  train/emb_norm=6.243  train/pred_vs_static=0.8606  train/grad_norm=8.194  train/lr=1.631e-06  train/samples_per_sec=239.9
2026-10-04 05:53:50 [    160] train/loss=2.528  train/pred_loss=0.3474  train/sigreg_loss=24.23  train/emb_std=0.4832  train/emb_norm=6.545  train/pred_vs_static=0.8306  train/grad_norm=8.442  train/lr=1.881e-06  train/samples_per_sec=246.4
2026-10-04 05:53:58 [    180] train/loss=2.382  train/pred_loss=0.3652  train/sigreg_loss=22.41  train/emb_std=0.5066  train/emb_norm=6.846  train/pred_vs_static=0.8054  train/grad_norm=10.14  train/lr=2.131e-06  train/samples_per_sec=252.1
2026-10-04 05:54:07 [    200] train/loss=2.282  train/pred_loss=0.3785  train/sigreg_loss=21.15  train/emb_std=0.5289  train/emb_norm=7.121  train/pred_vs_static=0.7523  train/grad_norm=11.87  train/lr=2.381e-06  train/samples_per_sec=256.8
2026-10-04 05:54:15 [    220] train/loss=2.179  train/pred_loss=0.3961  train/sigreg_loss=19.81  train/emb_std=0.5471  train/emb_norm=7.381  train/pred_vs_static=0.7351  train/grad_norm=16.62  train/lr=2.631e-06  train/samples_per_sec=260.3
2026-10-04 05:54:23 [    240] train/loss=2.089  train/pred_loss=0.4074  train/sigreg_loss=18.69  train/emb_std=0.5635  train/emb_norm=7.603  train/pred_vs_static=0.7256  train/grad_norm=16.44  train/lr=2.881e-06  train/samples_per_sec=263.7
2026-10-04 05:54:32 [    260] train/loss=2.021  train/pred_loss=0.4136  train/sigreg_loss=17.86  train/emb_std=0.577  train/emb_norm=7.789  train/pred_vs_static=0.7091  train/grad_norm=18.37  train/lr=3.131e-06  train/samples_per_sec=266.3
2026-10-04 05:54:40 [    280] train/loss=1.972  train/pred_loss=0.4258  train/sigreg_loss=17.17  train/emb_std=0.5889  train/emb_norm=7.967  train/pred_vs_static=0.7168  train/grad_norm=32.58  train/lr=3.381e-06  train/samples_per_sec=268.9
2026-10-04 05:54:49 [    300] train/loss=1.916  train/pred_loss=0.4286  train/sigreg_loss=16.51  train/emb_std=0.5996  train/emb_norm=8.121  train/pred_vs_static=0.6882  train/grad_norm=27.83  train/lr=3.631e-06  train/samples_per_sec=270.8
2026-10-04 05:54:57 [    320] train/loss=1.859  train/pred_loss=0.4337  train/sigreg_loss=15.84  train/emb_std=0.6084  train/emb_norm=8.243  train/pred_vs_static=0.6895  train/grad_norm=35.95  train/lr=3.881e-06  train/samples_per_sec=272.8
2026-10-04 05:55:05 [    340] train/loss=1.823  train/pred_loss=0.4404  train/sigreg_loss=15.36  train/emb_std=0.6168  train/emb_norm=8.365  train/pred_vs_static=0.6855  train/grad_norm=32.84  train/lr=4.131e-06  train/samples_per_sec=274.4
2026-10-04 05:55:14 [    360] train/loss=1.786  train/pred_loss=0.4422  train/sigreg_loss=14.93  train/emb_std=0.6254  train/emb_norm=8.501  train/pred_vs_static=0.6793  train/grad_norm=42.09  train/lr=4.381e-06  train/samples_per_sec=276
2026-10-04 05:55:22 [    380] train/loss=1.743  train/pred_loss=0.4467  train/sigreg_loss=14.4  train/emb_std=0.6336  train/emb_norm=8.624  train/pred_vs_static=0.675  train/grad_norm=40.28  train/lr=4.631e-06  train/samples_per_sec=277.5
2026-10-04 05:55:31 [    400] train/loss=1.719  train/pred_loss=0.4511  train/sigreg_loss=14.09  train/emb_std=0.6418  train/emb_norm=8.732  train/pred_vs_static=0.6789  train/grad_norm=49.65  train/lr=4.881e-06  train/samples_per_sec=278.7
2026-10-04 05:55:39 [    420] train/loss=1.699  train/pred_loss=0.4495  train/sigreg_loss=13.88  train/emb_std=0.6459  train/emb_norm=8.787  train/pred_vs_static=0.6637  train/grad_norm=59.54  train/lr=5.131e-06  train/samples_per_sec=279.9
2026-10-04 05:55:47 [    440] train/loss=1.658  train/pred_loss=0.4542  train/sigreg_loss=13.38  train/emb_std=0.6527  train/emb_norm=8.872  train/pred_vs_static=0.671  train/grad_norm=49.95  train/lr=5.381e-06  train/samples_per_sec=280.9
2026-10-04 05:55:56 [    460] train/loss=1.652  train/pred_loss=0.4543  train/sigreg_loss=13.31  train/emb_std=0.659  train/emb_norm=8.963  train/pred_vs_static=0.6654  train/grad_norm=64.19  train/lr=5.631e-06  train/samples_per_sec=281.7
2026-10-04 05:56:04 [    480] train/loss=1.609  train/pred_loss=0.4578  train/sigreg_loss=12.79  train/emb_std=0.6648  train/emb_norm=9.058  train/pred_vs_static=0.6623  train/grad_norm=59.8  train/lr=5.881e-06  train/samples_per_sec=282.5
2026-10-04 05:56:13 [    500] train/loss=1.598  train/pred_loss=0.4628  train/sigreg_loss=12.62  train/emb_std=0.6717  train/emb_norm=9.154  train/pred_vs_static=0.6504  train/grad_norm=57.81  train/lr=6.131e-06  train/samples_per_sec=283.4
2026-10-04 05:56:21 [    520] train/loss=1.571  train/pred_loss=0.4624  train/sigreg_loss=12.32  train/emb_std=0.6762  train/emb_norm=9.204  train/pred_vs_static=0.6432  train/grad_norm=65.93  train/lr=6.381e-06  train/samples_per_sec=283.9
2026-10-04 05:56:30 [    540] train/loss=1.546  train/pred_loss=0.462  train/sigreg_loss=12.03  train/emb_std=0.6818  train/emb_norm=9.307  train/pred_vs_static=0.6538  train/grad_norm=60.31  train/lr=6.631e-06  train/samples_per_sec=284.5
2026-10-04 05:56:38 [    560] train/loss=1.521  train/pred_loss=0.4656  train/sigreg_loss=11.72  train/emb_std=0.6906  train/emb_norm=9.426  train/pred_vs_static=0.6574  train/grad_norm=48.52  train/lr=6.881e-06  train/samples_per_sec=285.3
2026-10-04 05:56:46 [    580] train/loss=1.489  train/pred_loss=0.4645  train/sigreg_loss=11.38  train/emb_std=0.6971  train/emb_norm=9.547  train/pred_vs_static=0.6489  train/grad_norm=49.14  train/lr=7.131e-06  train/samples_per_sec=286
2026-10-04 05:56:55 [    600] train/loss=1.45  train/pred_loss=0.4662  train/sigreg_loss=10.93  train/emb_std=0.7068  train/emb_norm=9.675  train/pred_vs_static=0.6444  train/grad_norm=51.87  train/lr=7.381e-06  train/samples_per_sec=286.6
2026-10-04 05:57:03 [    620] train/loss=1.432  train/pred_loss=0.4686  train/sigreg_loss=10.71  train/emb_std=0.7143  train/emb_norm=9.786  train/pred_vs_static=0.6323  train/grad_norm=60.59  train/lr=7.631e-06  train/samples_per_sec=287.2
2026-10-04 05:57:12 [    640] train/loss=1.423  train/pred_loss=0.4699  train/sigreg_loss=10.59  train/emb_std=0.715  train/emb_norm=9.799  train/pred_vs_static=0.6383  train/grad_norm=77.79  train/lr=7.881e-06  train/samples_per_sec=287.8
2026-10-04 05:57:20 [    660] train/loss=1.406  train/pred_loss=0.4743  train/sigreg_loss=10.35  train/emb_std=0.7234  train/emb_norm=9.9  train/pred_vs_static=0.6303  train/grad_norm=61.89  train/lr=8.131e-06  train/samples_per_sec=288.2
2026-10-04 05:57:28 [    680] train/loss=1.391  train/pred_loss=0.4721  train/sigreg_loss=10.21  train/emb_std=0.7271  train/emb_norm=9.948  train/pred_vs_static=0.6284  train/grad_norm=57.86  train/lr=8.381e-06  train/samples_per_sec=288.6
2026-10-04 05:57:37 [    700] train/loss=1.379  train/pred_loss=0.4765  train/sigreg_loss=10.03  train/emb_std=0.7361  train/emb_norm=10.06  train/pred_vs_static=0.624  train/grad_norm=47.96  train/lr=8.631e-06  train/samples_per_sec=289
2026-10-04 05:57:45 [    720] train/loss=1.362  train/pred_loss=0.4787  train/sigreg_loss=9.819  train/emb_std=0.7424  train/emb_norm=10.14  train/pred_vs_static=0.6251  train/grad_norm=48.12  train/lr=8.881e-06  train/samples_per_sec=289.5
2026-10-04 05:57:54 [    740] train/loss=1.359  train/pred_loss=0.4767  train/sigreg_loss=9.797  train/emb_std=0.7434  train/emb_norm=10.16  train/pred_vs_static=0.6223  train/grad_norm=52.3  train/lr=9.131e-06  train/samples_per_sec=289.9
2026-10-04 05:58:02 [    760] train/loss=1.341  train/pred_loss=0.4846  train/sigreg_loss=9.512  train/emb_std=0.7494  train/emb_norm=10.21  train/pred_vs_static=0.6257  train/grad_norm=48.61  train/lr=9.381e-06  train/samples_per_sec=290.1
2026-10-04 05:58:11 [    780] train/loss=1.31  train/pred_loss=0.4887  train/sigreg_loss=9.128  train/emb_std=0.7617  train/emb_norm=10.39  train/pred_vs_static=0.6181  train/grad_norm=38.43  train/lr=9.631e-06  train/samples_per_sec=290.5
2026-10-04 05:58:19 [    800] train/loss=1.286  train/pred_loss=0.4909  train/sigreg_loss=8.834  train/emb_std=0.7709  train/emb_norm=10.53  train/pred_vs_static=0.6084  train/grad_norm=27.65  train/lr=9.881e-06  train/samples_per_sec=290.7
2026-10-04 05:58:27 [    820] train/loss=1.263  train/pred_loss=0.4935  train/sigreg_loss=8.541  train/emb_std=0.7803  train/emb_norm=10.65  train/pred_vs_static=0.6245  train/grad_norm=23.21  train/lr=1.013e-05  train/samples_per_sec=291.1
2026-10-04 05:58:36 [    840] train/loss=1.24  train/pred_loss=0.493  train/sigreg_loss=8.297  train/emb_std=0.7885  train/emb_norm=10.77  train/pred_vs_static=0.605  train/grad_norm=23.33  train/lr=1.038e-05  train/samples_per_sec=291.5
2026-10-04 05:58:44 [    860] train/loss=1.221  train/pred_loss=0.4882  train/sigreg_loss=8.147  train/emb_std=0.7941  train/emb_norm=10.86  train/pred_vs_static=0.5979  train/grad_norm=26.16  train/lr=1.063e-05  train/samples_per_sec=291.7
2026-10-04 05:58:53 [    880] train/loss=1.197  train/pred_loss=0.4929  train/sigreg_loss=7.823  train/emb_std=0.8039  train/emb_norm=10.96  train/pred_vs_static=0.6057  train/grad_norm=17.72  train/lr=1.088e-05  train/samples_per_sec=291.9
2026-10-04 05:59:01 [    900] train/loss=1.187  train/pred_loss=0.485  train/sigreg_loss=7.797  train/emb_std=0.81  train/emb_norm=11.04  train/pred_vs_static=0.6069  train/grad_norm=18.35  train/lr=1.113e-05  train/samples_per_sec=292.2
2026-10-04 05:59:09 [    920] train/loss=1.158  train/pred_loss=0.4855  train/sigreg_loss=7.472  train/emb_std=0.8197  train/emb_norm=11.18  train/pred_vs_static=0.6114  train/grad_norm=13.33  train/lr=1.138e-05  train/samples_per_sec=292.5
2026-10-04 05:59:18 [    940] train/loss=1.121  train/pred_loss=0.4742  train/sigreg_loss=7.191  train/emb_std=0.8295  train/emb_norm=11.3  train/pred_vs_static=0.6123  train/grad_norm=12.99  train/lr=1.163e-05  train/samples_per_sec=292.6
2026-10-04 05:59:27 [    960] train/loss=1.102  train/pred_loss=0.4712  train/sigreg_loss=7.011  train/emb_std=0.8348  train/emb_norm=11.38  train/pred_vs_static=0.6129  train/grad_norm=12.24  train/lr=1.188e-05  train/samples_per_sec=292.7
2026-10-04 05:59:35 [    980] train/loss=1.072  train/pred_loss=0.4494  train/sigreg_loss=6.911  train/emb_std=0.8432  train/emb_norm=11.5  train/pred_vs_static=0.617  train/grad_norm=11.46  train/lr=1.213e-05  train/samples_per_sec=292.9
2026-10-04 05:59:44 [   1000] train/loss=1.048  train/pred_loss=0.4406  train/sigreg_loss=6.747  train/emb_std=0.8506  train/emb_norm=11.61  train/pred_vs_static=0.613  train/grad_norm=10.3  train/lr=1.238e-05  train/samples_per_sec=292.9
2026-10-04 05:59:52 [   1020] train/loss=1.016  train/pred_loss=0.4062  train/sigreg_loss=6.77  train/emb_std=0.8631  train/emb_norm=11.77  train/pred_vs_static=0.6239  train/grad_norm=9.509  train/lr=1.263e-05  train/samples_per_sec=293.1
2026-10-04 06:00:01 [   1040] train/loss=0.9778  train/pred_loss=0.3926  train/sigreg_loss=6.498  train/emb_std=0.8695  train/emb_norm=11.88  train/pred_vs_static=0.6238  train/grad_norm=7.363  train/lr=1.288e-05  train/samples_per_sec=293.2
2026-10-04 06:00:09 [   1060] train/loss=0.9795  train/pred_loss=0.392  train/sigreg_loss=6.528  train/emb_std=0.8725  train/emb_norm=11.92  train/pred_vs_static=0.61  train/grad_norm=8.37  train/lr=1.313e-05  train/samples_per_sec=293.4
2026-10-04 06:00:18 [   1080] train/loss=0.9406  train/pred_loss=0.3723  train/sigreg_loss=6.317  train/emb_std=0.8848  train/emb_norm=12.1  train/pred_vs_static=0.603  train/grad_norm=4.851  train/lr=1.338e-05  train/samples_per_sec=293.4
2026-10-04 06:00:27 [   1100] train/loss=0.9256  train/pred_loss=0.3737  train/sigreg_loss=6.13  train/emb_std=0.8885  train/emb_norm=12.13  train/pred_vs_static=0.6135  train/grad_norm=4.188  train/lr=1.363e-05  train/samples_per_sec=293.5
2026-10-04 06:00:35 [   1120] train/loss=0.9128  train/pred_loss=0.3624  train/sigreg_loss=6.117  train/emb_std=0.8887  train/emb_norm=12.16  train/pred_vs_static=0.6004  train/grad_norm=3.473  train/lr=1.388e-05  train/samples_per_sec=293.4
2026-10-04 06:00:44 [   1140] train/loss=0.9092  train/pred_loss=0.3623  train/sigreg_loss=6.072  train/emb_std=0.8906  train/emb_norm=12.22  train/pred_vs_static=0.5968  train/grad_norm=3.631  train/lr=1.413e-05  train/samples_per_sec=293.5
2026-10-04 06:00:52 [   1160] train/loss=0.8753  train/pred_loss=0.3528  train/sigreg_loss=5.805  train/emb_std=0.8953  train/emb_norm=12.27  train/pred_vs_static=0.5987  train/grad_norm=3.145  train/lr=1.438e-05  train/samples_per_sec=293.7
2026-10-04 06:01:01 [   1180] train/loss=0.8729  train/pred_loss=0.3503  train/sigreg_loss=5.802  train/emb_std=0.9043  train/emb_norm=12.36  train/pred_vs_static=0.5961  train/grad_norm=3.152  train/lr=1.463e-05  train/samples_per_sec=293.9
2026-10-04 06:01:09 [   1200] train/loss=0.8568  train/pred_loss=0.3488  train/sigreg_loss=5.645  train/emb_std=0.9082  train/emb_norm=12.37  train/pred_vs_static=0.594  train/grad_norm=3.003  train/lr=1.488e-05  train/samples_per_sec=294
2026-10-04 06:01:18 [   1220] train/loss=0.8433  train/pred_loss=0.3372  train/sigreg_loss=5.623  train/emb_std=0.9107  train/emb_norm=12.43  train/pred_vs_static=0.5945  train/grad_norm=2.825  train/lr=1.513e-05  train/samples_per_sec=294
2026-10-04 06:01:26 [   1240] train/loss=0.8258  train/pred_loss=0.326  train/sigreg_loss=5.553  train/emb_std=0.9125  train/emb_norm=12.42  train/pred_vs_static=0.5954  train/grad_norm=3.063  train/lr=1.538e-05  train/samples_per_sec=294.2
2026-10-04 06:01:35 [   1260] train/loss=0.8173  train/pred_loss=0.3222  train/sigreg_loss=5.5  train/emb_std=0.9184  train/emb_norm=12.51  train/pred_vs_static=0.5989  train/grad_norm=2.978  train/lr=1.563e-05  train/samples_per_sec=294.3
2026-10-04 06:01:43 [   1280] train/loss=0.7894  train/pred_loss=0.3101  train/sigreg_loss=5.327  train/emb_std=0.9193  train/emb_norm=12.52  train/pred_vs_static=0.604  train/grad_norm=2.93  train/lr=1.588e-05  train/samples_per_sec=294.4
2026-10-04 06:01:52 [   1300] train/loss=0.7867  train/pred_loss=0.3111  train/sigreg_loss=5.284  train/emb_std=0.9189  train/emb_norm=12.5  train/pred_vs_static=0.612  train/grad_norm=3.044  train/lr=1.613e-05  train/samples_per_sec=294.6
2026-10-04 06:02:00 [   1320] train/loss=0.7715  train/pred_loss=0.3032  train/sigreg_loss=5.202  train/emb_std=0.9217  train/emb_norm=12.51  train/pred_vs_static=0.61  train/grad_norm=2.886  train/lr=1.638e-05  train/samples_per_sec=294.7
2026-10-04 06:02:09 [   1340] train/loss=0.7496  train/pred_loss=0.2928  train/sigreg_loss=5.075  train/emb_std=0.9314  train/emb_norm=12.64  train/pred_vs_static=0.6031  train/grad_norm=3.012  train/lr=1.663e-05  train/samples_per_sec=294.8
2026-10-04 06:02:17 [   1360] train/loss=0.7489  train/pred_loss=0.2972  train/sigreg_loss=5.019  train/emb_std=0.9252  train/emb_norm=12.54  train/pred_vs_static=0.6016  train/grad_norm=2.949  train/lr=1.688e-05  train/samples_per_sec=294.9
2026-10-04 06:02:25 [   1380] train/loss=0.728  train/pred_loss=0.2847  train/sigreg_loss=4.923  train/emb_std=0.9346  train/emb_norm=12.66  train/pred_vs_static=0.6045  train/grad_norm=2.775  train/lr=1.713e-05  train/samples_per_sec=295.1
2026-10-04 06:02:34 [   1400] train/loss=0.7274  train/pred_loss=0.2838  train/sigreg_loss=4.927  train/emb_std=0.9371  train/emb_norm=12.71  train/pred_vs_static=0.5987  train/grad_norm=2.697  train/lr=1.738e-05  train/samples_per_sec=295.2
2026-10-04 06:02:43 [   1420] train/loss=0.7135  train/pred_loss=0.2802  train/sigreg_loss=4.812  train/emb_std=0.9361  train/emb_norm=12.65  train/pred_vs_static=0.5988  train/grad_norm=2.958  train/lr=1.763e-05  train/samples_per_sec=295.2
2026-10-04 06:02:51 [   1440] train/loss=0.7047  train/pred_loss=0.2779  train/sigreg_loss=4.741  train/emb_std=0.9395  train/emb_norm=12.72  train/pred_vs_static=0.5933  train/grad_norm=2.949  train/lr=1.788e-05  train/samples_per_sec=295.3
2026-10-04 06:02:59 [   1460] train/loss=0.6992  train/pred_loss=0.268  train/sigreg_loss=4.791  train/emb_std=0.9412  train/emb_norm=12.75  train/pred_vs_static=0.5884  train/grad_norm=2.67  train/lr=1.813e-05  train/samples_per_sec=295.5
2026-10-04 06:03:08 [   1480] train/loss=0.6864  train/pred_loss=0.2667  train/sigreg_loss=4.666  train/emb_std=0.9455  train/emb_norm=12.77  train/pred_vs_static=0.5865  train/grad_norm=2.584  train/lr=1.838e-05  train/samples_per_sec=295.6
2026-10-04 06:03:16 [   1500] train/loss=0.6828  train/pred_loss=0.2703  train/sigreg_loss=4.583  train/emb_std=0.943  train/emb_norm=12.76  train/pred_vs_static=0.5826  train/grad_norm=2.761  train/lr=1.863e-05  train/samples_per_sec=295.8
2026-10-04 06:03:24 [   1520] train/loss=0.6739  train/pred_loss=0.2645  train/sigreg_loss=4.548  train/emb_std=0.9482  train/emb_norm=12.83  train/pred_vs_static=0.5924  train/grad_norm=2.548  train/lr=1.888e-05  train/samples_per_sec=295.9
2026-10-04 06:03:33 [   1540] train/loss=0.6774  train/pred_loss=0.2656  train/sigreg_loss=4.577  train/emb_std=0.942  train/emb_norm=12.78  train/pred_vs_static=0.5857  train/grad_norm=2.765  train/lr=1.913e-05  train/samples_per_sec=296
2026-10-04 06:03:41 [   1560] train/loss=0.667  train/pred_loss=0.2653  train/sigreg_loss=4.464  train/emb_std=0.9434  train/emb_norm=12.78  train/pred_vs_static=0.5824  train/grad_norm=2.74  train/lr=1.938e-05  train/samples_per_sec=296.1
2026-10-04 06:03:50 [   1580] train/loss=0.6512  train/pred_loss=0.2552  train/sigreg_loss=4.402  train/emb_std=0.9475  train/emb_norm=12.84  train/pred_vs_static=0.5784  train/grad_norm=2.578  train/lr=1.963e-05  train/samples_per_sec=296.1
2026-10-04 06:03:58 [   1600] train/loss=0.6464  train/pred_loss=0.2486  train/sigreg_loss=4.422  train/emb_std=0.9506  train/emb_norm=12.85  train/pred_vs_static=0.5753  train/grad_norm=2.557  train/lr=1.988e-05  train/samples_per_sec=296.2
2026-10-04 06:04:07 [   1620] train/loss=0.6514  train/pred_loss=0.2526  train/sigreg_loss=4.431  train/emb_std=0.951  train/emb_norm=12.87  train/pred_vs_static=0.573  train/grad_norm=2.58  train/lr=2.013e-05  train/samples_per_sec=296.3
2026-10-04 06:04:15 [   1640] train/loss=0.6366  train/pred_loss=0.2466  train/sigreg_loss=4.331  train/emb_std=0.957  train/emb_norm=12.93  train/pred_vs_static=0.5724  train/grad_norm=2.336  train/lr=2.038e-05  train/samples_per_sec=296.2
2026-10-04 06:04:24 [   1660] train/loss=0.6322  train/pred_loss=0.2458  train/sigreg_loss=4.294  train/emb_std=0.9564  train/emb_norm=12.93  train/pred_vs_static=0.5666  train/grad_norm=2.556  train/lr=2.063e-05  train/samples_per_sec=296.3
2026-10-04 06:04:33 [   1680] train/loss=0.6258  train/pred_loss=0.2387  train/sigreg_loss=4.302  train/emb_std=0.9563  train/emb_norm=12.96  train/pred_vs_static=0.5662  train/grad_norm=2.465  train/lr=2.088e-05  train/samples_per_sec=296.2
2026-10-04 06:04:41 [   1700] train/loss=0.623  train/pred_loss=0.2369  train/sigreg_loss=4.289  train/emb_std=0.9504  train/emb_norm=12.87  train/pred_vs_static=0.5521  train/grad_norm=2.322  train/lr=2.113e-05  train/samples_per_sec=296.3
2026-10-04 06:04:50 [   1720] train/loss=0.6162  train/pred_loss=0.2309  train/sigreg_loss=4.282  train/emb_std=0.9529  train/emb_norm=12.92  train/pred_vs_static=0.5541  train/grad_norm=2.323  train/lr=2.138e-05  train/samples_per_sec=296.3
2026-10-04 06:04:58 [   1740] train/loss=0.6033  train/pred_loss=0.2274  train/sigreg_loss=4.178  train/emb_std=0.9578  train/emb_norm=12.98  train/pred_vs_static=0.5489  train/grad_norm=2.361  train/lr=2.163e-05  train/samples_per_sec=296.4
2026-10-04 06:05:07 [   1760] train/loss=0.6037  train/pred_loss=0.2261  train/sigreg_loss=4.193  train/emb_std=0.9543  train/emb_norm=12.94  train/pred_vs_static=0.5431  train/grad_norm=2.407  train/lr=2.188e-05  train/samples_per_sec=296.4
2026-10-04 06:05:15 [   1780] train/loss=0.6043  train/pred_loss=0.2259  train/sigreg_loss=4.202  train/emb_std=0.9537  train/emb_norm=12.94  train/pred_vs_static=0.546  train/grad_norm=2.477  train/lr=2.213e-05  train/samples_per_sec=296.4
2026-10-04 06:05:24 [   1800] train/loss=0.5998  train/pred_loss=0.2224  train/sigreg_loss=4.191  train/emb_std=0.957  train/emb_norm=12.97  train/pred_vs_static=0.5355  train/grad_norm=2.262  train/lr=2.238e-05  train/samples_per_sec=296.4
2026-10-04 06:05:33 [   1820] train/loss=0.5862  train/pred_loss=0.2107  train/sigreg_loss=4.172  train/emb_std=0.9527  train/emb_norm=12.95  train/pred_vs_static=0.5389  train/grad_norm=2.202  train/lr=2.263e-05  train/samples_per_sec=296.4
2026-10-04 06:05:41 [   1840] train/loss=0.5891  train/pred_loss=0.2182  train/sigreg_loss=4.121  train/emb_std=0.9514  train/emb_norm=12.94  train/pred_vs_static=0.5245  train/grad_norm=2.345  train/lr=2.288e-05  train/samples_per_sec=296.4
2026-10-04 06:05:50 [   1860] train/loss=0.5899  train/pred_loss=0.2133  train/sigreg_loss=4.185  train/emb_std=0.9521  train/emb_norm=12.94  train/pred_vs_static=0.53  train/grad_norm=2.425  train/lr=2.313e-05  train/samples_per_sec=296.4
2026-10-04 06:05:59 [   1880] train/loss=0.5803  train/pred_loss=0.2112  train/sigreg_loss=4.098  train/emb_std=0.9518  train/emb_norm=12.95  train/pred_vs_static=0.53  train/grad_norm=2.182  train/lr=2.338e-05  train/samples_per_sec=296.4
2026-10-04 06:06:07 [   1900] train/loss=0.5726  train/pred_loss=0.2075  train/sigreg_loss=4.056  train/emb_std=0.9521  train/emb_norm=12.94  train/pred_vs_static=0.5101  train/grad_norm=2.313  train/lr=2.363e-05  train/samples_per_sec=296.4
2026-10-04 06:06:16 [   1920] train/loss=0.5749  train/pred_loss=0.2081  train/sigreg_loss=4.074  train/emb_std=0.9543  train/emb_norm=12.96  train/pred_vs_static=0.5118  train/grad_norm=2.251  train/lr=2.388e-05  train/samples_per_sec=296.4
2026-10-04 06:06:24 [   1940] train/loss=0.5767  train/pred_loss=0.2132  train/sigreg_loss=4.038  train/emb_std=0.9561  train/emb_norm=12.98  train/pred_vs_static=0.5104  train/grad_norm=2.134  train/lr=2.413e-05  train/samples_per_sec=296.5
2026-10-04 06:06:33 [   1960] train/loss=0.5676  train/pred_loss=0.2081  train/sigreg_loss=3.995  train/emb_std=0.9561  train/emb_norm=12.98  train/pred_vs_static=0.503  train/grad_norm=2.041  train/lr=2.438e-05  train/samples_per_sec=296.5
2026-10-04 06:06:41 [   1980] train/loss=0.5606  train/pred_loss=0.2001  train/sigreg_loss=4.002  train/emb_std=0.9623  train/emb_norm=13.04  train/pred_vs_static=0.5011  train/grad_norm=2.197  train/lr=2.463e-05  train/samples_per_sec=296.6
2026-10-04 06:06:50 [   2000] train/loss=0.5622  train/pred_loss=0.204  train/sigreg_loss=3.979  train/emb_std=0.9627  train/emb_norm=13.06  train/pred_vs_static=0.4979  train/grad_norm=2.065  train/lr=2.488e-05  train/samples_per_sec=296.7
2026-10-04 06:06:50 [   2000] train_epoch/loss=1.247  train_epoch/pred_loss=0.3545  train_epoch/sigreg_loss=9.91  train_epoch/emb_std=0.7921  train_epoch/emb_norm=10.78  train_epoch/pred_vs_static=0.6424  train_epoch/grad_norm=18.03  train_epoch/lr=1.251e-05  train_epoch/epoch=0
2026-10-04 06:06:56 [   2000] val/loss=22.12  val/pred_loss=5.581  val/sigreg_loss=183.8  val/emb_std=0.852  val/emb_norm=37.83  val/pred_vs_static=14.42  val/epoch=0
2026-10-04 06:06:56 epoch   0 | val pred_vs_static 14.41795 | best 14.41795 @ epoch 0 | saved epoch_000.pt
2026-10-04 06:07:08 [   2020] train/loss=0.5485  train/pred_loss=0.1944  train/sigreg_loss=3.932  train/emb_std=0.96  train/emb_norm=13.04  train/pred_vs_static=0.5035  train/grad_norm=2.104  train/lr=2.513e-05  train/samples_per_sec=223
2026-10-04 06:07:16 [   2040] train/loss=0.5539  train/pred_loss=0.1991  train/sigreg_loss=3.943  train/emb_std=0.9596  train/emb_norm=13.01  train/pred_vs_static=0.4913  train/grad_norm=2.023  train/lr=2.538e-05  train/samples_per_sec=257
2026-10-04 06:07:25 [   2060] train/loss=0.5464  train/pred_loss=0.1985  train/sigreg_loss=3.865  train/emb_std=0.9619  train/emb_norm=13.04  train/pred_vs_static=0.4887  train/grad_norm=1.99  train/lr=2.563e-05  train/samples_per_sec=268.9
2026-10-04 06:07:33 [   2080] train/loss=0.5454  train/pred_loss=0.1948  train/sigreg_loss=3.895  train/emb_std=0.9604  train/emb_norm=13.04  train/pred_vs_static=0.4924  train/grad_norm=1.93  train/lr=2.588e-05  train/samples_per_sec=276.3
2026-10-04 06:07:42 [   2100] train/loss=0.5492  train/pred_loss=0.1945  train/sigreg_loss=3.941  train/emb_std=0.9578  train/emb_norm=13  train/pred_vs_static=0.4698  train/grad_norm=2.114  train/lr=2.613e-05  train/samples_per_sec=280.4
2026-10-04 06:07:51 [   2120] train/loss=0.5443  train/pred_loss=0.1977  train/sigreg_loss=3.849  train/emb_std=0.959  train/emb_norm=13.04  train/pred_vs_static=0.4825  train/grad_norm=2.038  train/lr=2.638e-05  train/samples_per_sec=282.5
2026-10-04 06:07:59 [   2140] train/loss=0.5395  train/pred_loss=0.1931  train/sigreg_loss=3.85  train/emb_std=0.9574  train/emb_norm=13.02  train/pred_vs_static=0.4786  train/grad_norm=1.942  train/lr=2.663e-05  train/samples_per_sec=284.8
2026-10-04 06:08:08 [   2160] train/loss=0.5283  train/pred_loss=0.1885  train/sigreg_loss=3.775  train/emb_std=0.9596  train/emb_norm=13.07  train/pred_vs_static=0.4844  train/grad_norm=1.893  train/lr=2.688e-05  train/samples_per_sec=286.7
2026-10-04 06:08:16 [   2180] train/loss=0.5396  train/pred_loss=0.1942  train/sigreg_loss=3.837  train/emb_std=0.9582  train/emb_norm=13.02  train/pred_vs_static=0.4672  train/grad_norm=1.94  train/lr=2.713e-05  train/samples_per_sec=287.6
2026-10-04 06:08:25 [   2200] train/loss=0.5276  train/pred_loss=0.1903  train/sigreg_loss=3.748  train/emb_std=0.9617  train/emb_norm=13.07  train/pred_vs_static=0.4666  train/grad_norm=1.894  train/lr=2.738e-05  train/samples_per_sec=288.6
2026-10-04 06:08:33 [   2220] train/loss=0.5226  train/pred_loss=0.1908  train/sigreg_loss=3.683  train/emb_std=0.9625  train/emb_norm=13.06  train/pred_vs_static=0.4626  train/grad_norm=1.796  train/lr=2.763e-05  train/samples_per_sec=289.4
2026-10-04 06:08:42 [   2240] train/loss=0.5188  train/pred_loss=0.1845  train/sigreg_loss=3.714  train/emb_std=0.9648  train/emb_norm=13.08  train/pred_vs_static=0.4578  train/grad_norm=1.781  train/lr=2.788e-05  train/samples_per_sec=290.7
2026-10-04 06:08:50 [   2260] train/loss=0.5272  train/pred_loss=0.1858  train/sigreg_loss=3.793  train/emb_std=0.966  train/emb_norm=13.1  train/pred_vs_static=0.4561  train/grad_norm=1.881  train/lr=2.813e-05  train/samples_per_sec=291.3
2026-10-04 06:08:59 [   2280] train/loss=0.5207  train/pred_loss=0.1868  train/sigreg_loss=3.71  train/emb_std=0.9637  train/emb_norm=13.1  train/pred_vs_static=0.4652  train/grad_norm=1.85  train/lr=2.838e-05  train/samples_per_sec=291.8
2026-10-04 06:09:07 [   2300] train/loss=0.5186  train/pred_loss=0.1817  train/sigreg_loss=3.742  train/emb_std=0.9631  train/emb_norm=13.06  train/pred_vs_static=0.4537  train/grad_norm=1.952  train/lr=2.863e-05  train/samples_per_sec=292.5
2026-10-04 06:09:16 [   2320] train/loss=0.5115  train/pred_loss=0.1819  train/sigreg_loss=3.661  train/emb_std=0.9588  train/emb_norm=13.06  train/pred_vs_static=0.4544  train/grad_norm=1.867  train/lr=2.888e-05  train/samples_per_sec=293.2
2026-10-04 06:09:25 [   2340] train/loss=0.5164  train/pred_loss=0.1834  train/sigreg_loss=3.698  train/emb_std=0.9598  train/emb_norm=13.05  train/pred_vs_static=0.4478  train/grad_norm=1.725  train/lr=2.913e-05  train/samples_per_sec=293.3
2026-10-04 06:09:33 [   2360] train/loss=0.5141  train/pred_loss=0.1833  train/sigreg_loss=3.676  train/emb_std=0.9678  train/emb_norm=13.13  train/pred_vs_static=0.4467  train/grad_norm=1.714  train/lr=2.938e-05  train/samples_per_sec=293.7
2026-10-04 06:09:41 [   2380] train/loss=0.512  train/pred_loss=0.1839  train/sigreg_loss=3.645  train/emb_std=0.9648  train/emb_norm=13.1  train/pred_vs_static=0.4567  train/grad_norm=1.861  train/lr=2.963e-05  train/samples_per_sec=294.4
2026-10-04 06:09:50 [   2400] train/loss=0.5168  train/pred_loss=0.1832  train/sigreg_loss=3.705  train/emb_std=0.9643  train/emb_norm=13.11  train/pred_vs_static=0.4374  train/grad_norm=1.824  train/lr=2.988e-05  train/samples_per_sec=294.7
2026-10-04 06:09:58 [   2420] train/loss=0.5007  train/pred_loss=0.1768  train/sigreg_loss=3.598  train/emb_std=0.9631  train/emb_norm=13.1  train/pred_vs_static=0.4378  train/grad_norm=1.714  train/lr=3.013e-05  train/samples_per_sec=295.3
2026-10-04 06:10:07 [   2440] train/loss=0.5064  train/pred_loss=0.1811  train/sigreg_loss=3.615  train/emb_std=0.9637  train/emb_norm=13.08  train/pred_vs_static=0.4344  train/grad_norm=1.745  train/lr=3.038e-05  train/samples_per_sec=295.4
2026-10-04 06:10:15 [   2460] train/loss=0.5042  train/pred_loss=0.182  train/sigreg_loss=3.584  train/emb_std=0.9609  train/emb_norm=13.09  train/pred_vs_static=0.4356  train/grad_norm=1.751  train/lr=3.063e-05  train/samples_per_sec=295.7
2026-10-04 06:10:24 [   2480] train/loss=0.5034  train/pred_loss=0.1793  train/sigreg_loss=3.603  train/emb_std=0.965  train/emb_norm=13.13  train/pred_vs_static=0.4429  train/grad_norm=1.727  train/lr=3.088e-05  train/samples_per_sec=295.9
2026-10-04 06:10:32 [   2500] train/loss=0.5013  train/pred_loss=0.1802  train/sigreg_loss=3.567  train/emb_std=0.9643  train/emb_norm=13.12  train/pred_vs_static=0.4347  train/grad_norm=1.821  train/lr=3.113e-05  train/samples_per_sec=296
2026-10-04 06:10:41 [   2520] train/loss=0.4947  train/pred_loss=0.1753  train/sigreg_loss=3.551  train/emb_std=0.9625  train/emb_norm=13.1  train/pred_vs_static=0.4367  train/grad_norm=1.786  train/lr=3.138e-05  train/samples_per_sec=296.1
2026-10-04 06:10:49 [   2540] train/loss=0.491  train/pred_loss=0.1769  train/sigreg_loss=3.491  train/emb_std=0.9645  train/emb_norm=13.11  train/pred_vs_static=0.4363  train/grad_norm=1.68  train/lr=3.163e-05  train/samples_per_sec=296.3
2026-10-04 06:10:58 [   2560] train/loss=0.5025  train/pred_loss=0.183  train/sigreg_loss=3.55  train/emb_std=0.9625  train/emb_norm=13.1  train/pred_vs_static=0.4233  train/grad_norm=1.614  train/lr=3.188e-05  train/samples_per_sec=296.2
2026-10-04 06:11:07 [   2580] train/loss=0.4924  train/pred_loss=0.1796  train/sigreg_loss=3.477  train/emb_std=0.9619  train/emb_norm=13.08  train/pred_vs_static=0.4275  train/grad_norm=1.66  train/lr=3.213e-05  train/samples_per_sec=296.4
2026-10-04 06:11:15 [   2600] train/loss=0.4899  train/pred_loss=0.1755  train/sigreg_loss=3.491  train/emb_std=0.9635  train/emb_norm=13.11  train/pred_vs_static=0.4317  train/grad_norm=1.625  train/lr=3.238e-05  train/samples_per_sec=296.7
2026-10-04 06:11:23 [   2620] train/loss=0.4908  train/pred_loss=0.177  train/sigreg_loss=3.487  train/emb_std=0.9633  train/emb_norm=13.12  train/pred_vs_static=0.4309  train/grad_norm=1.604  train/lr=3.263e-05  train/samples_per_sec=296.8
2026-10-04 06:11:32 [   2640] train/loss=0.4869  train/pred_loss=0.1733  train/sigreg_loss=3.482  train/emb_std=0.9615  train/emb_norm=13.09  train/pred_vs_static=0.4141  train/grad_norm=1.715  train/lr=3.288e-05  train/samples_per_sec=296.9
2026-10-04 06:11:41 [   2660] train/loss=0.49  train/pred_loss=0.1779  train/sigreg_loss=3.466  train/emb_std=0.9646  train/emb_norm=13.12  train/pred_vs_static=0.4143  train/grad_norm=1.616  train/lr=3.313e-05  train/samples_per_sec=296.9
2026-10-04 06:11:49 [   2680] train/loss=0.4874  train/pred_loss=0.1762  train/sigreg_loss=3.456  train/emb_std=0.9652  train/emb_norm=13.13  train/pred_vs_static=0.4209  train/grad_norm=1.573  train/lr=3.338e-05  train/samples_per_sec=296.9
2026-10-04 06:11:58 [   2700] train/loss=0.4842  train/pred_loss=0.1748  train/sigreg_loss=3.438  train/emb_std=0.967  train/emb_norm=13.13  train/pred_vs_static=0.4199  train/grad_norm=1.511  train/lr=3.363e-05  train/samples_per_sec=296.9
2026-10-04 06:12:07 [   2720] train/loss=0.4782  train/pred_loss=0.172  train/sigreg_loss=3.4  train/emb_std=0.9654  train/emb_norm=13.14  train/pred_vs_static=0.4113  train/grad_norm=1.565  train/lr=3.388e-05  train/samples_per_sec=296.9
2026-10-04 06:12:15 [   2740] train/loss=0.4795  train/pred_loss=0.1751  train/sigreg_loss=3.384  train/emb_std=0.9643  train/emb_norm=13.14  train/pred_vs_static=0.4104  train/grad_norm=1.594  train/lr=3.413e-05  train/samples_per_sec=297.1
2026-10-04 06:12:24 [   2760] train/loss=0.4766  train/pred_loss=0.172  train/sigreg_loss=3.384  train/emb_std=0.9631  train/emb_norm=13.12  train/pred_vs_static=0.4056  train/grad_norm=1.556  train/lr=3.438e-05  train/samples_per_sec=297
2026-10-04 06:12:32 [   2780] train/loss=0.4791  train/pred_loss=0.1746  train/sigreg_loss=3.386  train/emb_std=0.9627  train/emb_norm=13.12  train/pred_vs_static=0.4103  train/grad_norm=1.455  train/lr=3.463e-05  train/samples_per_sec=297.2
2026-10-04 06:12:41 [   2800] train/loss=0.4694  train/pred_loss=0.1704  train/sigreg_loss=3.323  train/emb_std=0.965  train/emb_norm=13.12  train/pred_vs_static=0.3985  train/grad_norm=1.568  train/lr=3.488e-05  train/samples_per_sec=297.1
2026-10-04 06:12:49 [   2820] train/loss=0.469  train/pred_loss=0.1715  train/sigreg_loss=3.302  train/emb_std=0.9668  train/emb_norm=13.16  train/pred_vs_static=0.4059  train/grad_norm=1.545  train/lr=3.513e-05  train/samples_per_sec=297.2
2026-10-04 06:12:58 [   2840] train/loss=0.4739  train/pred_loss=0.1753  train/sigreg_loss=3.316  train/emb_std=0.9646  train/emb_norm=13.11  train/pred_vs_static=0.3972  train/grad_norm=1.483  train/lr=3.538e-05  train/samples_per_sec=297
2026-10-04 06:13:07 [   2860] train/loss=0.4737  train/pred_loss=0.1732  train/sigreg_loss=3.341  train/emb_std=0.9654  train/emb_norm=13.15  train/pred_vs_static=0.3947  train/grad_norm=1.526  train/lr=3.563e-05  train/samples_per_sec=297.1
2026-10-04 06:13:15 [   2880] train/loss=0.4583  train/pred_loss=0.1645  train/sigreg_loss=3.264  train/emb_std=0.968  train/emb_norm=13.16  train/pred_vs_static=0.3934  train/grad_norm=1.446  train/lr=3.588e-05  train/samples_per_sec=297.2
2026-10-04 06:13:24 [   2900] train/loss=0.466  train/pred_loss=0.1658  train/sigreg_loss=3.337  train/emb_std=0.9619  train/emb_norm=13.11  train/pred_vs_static=0.4002  train/grad_norm=1.518  train/lr=3.613e-05  train/samples_per_sec=297.2
2026-10-04 06:13:32 [   2920] train/loss=0.4636  train/pred_loss=0.1686  train/sigreg_loss=3.277  train/emb_std=0.9688  train/emb_norm=13.17  train/pred_vs_static=0.3882  train/grad_norm=1.508  train/lr=3.638e-05  train/samples_per_sec=297.2
2026-10-04 06:13:41 [   2940] train/loss=0.4679  train/pred_loss=0.1701  train/sigreg_loss=3.311  train/emb_std=0.9631  train/emb_norm=13.13  train/pred_vs_static=0.4042  train/grad_norm=1.469  train/lr=3.663e-05  train/samples_per_sec=297.2
2026-10-04 06:13:49 [   2960] train/loss=0.4618  train/pred_loss=0.17  train/sigreg_loss=3.241  train/emb_std=0.9684  train/emb_norm=13.17  train/pred_vs_static=0.3973  train/grad_norm=1.462  train/lr=3.688e-05  train/samples_per_sec=297.3
2026-10-04 06:13:58 [   2980] train/loss=0.4549  train/pred_loss=0.1687  train/sigreg_loss=3.18  train/emb_std=0.9658  train/emb_norm=13.15  train/pred_vs_static=0.3806  train/grad_norm=1.46  train/lr=3.713e-05  train/samples_per_sec=297.3
2026-10-04 06:14:07 [   3000] train/loss=0.4589  train/pred_loss=0.1675  train/sigreg_loss=3.239  train/emb_std=0.9668  train/emb_norm=13.16  train/pred_vs_static=0.3898  train/grad_norm=1.497  train/lr=3.738e-05  train/samples_per_sec=297.3
2026-10-04 06:14:15 [   3020] train/loss=0.4517  train/pred_loss=0.1652  train/sigreg_loss=3.186  train/emb_std=0.967  train/emb_norm=13.15  train/pred_vs_static=0.3803  train/grad_norm=1.5  train/lr=3.763e-05  train/samples_per_sec=297.3
2026-10-04 06:14:24 [   3040] train/loss=0.4517  train/pred_loss=0.1653  train/sigreg_loss=3.181  train/emb_std=0.9666  train/emb_norm=13.15  train/pred_vs_static=0.3816  train/grad_norm=1.498  train/lr=3.788e-05  train/samples_per_sec=297.4
2026-10-04 06:14:32 [   3060] train/loss=0.4591  train/pred_loss=0.1693  train/sigreg_loss=3.22  train/emb_std=0.9672  train/emb_norm=13.16  train/pred_vs_static=0.3881  train/grad_norm=1.48  train/lr=3.813e-05  train/samples_per_sec=297.5
2026-10-04 06:14:41 [   3080] train/loss=0.4539  train/pred_loss=0.1663  train/sigreg_loss=3.194  train/emb_std=0.9662  train/emb_norm=13.15  train/pred_vs_static=0.3783  train/grad_norm=1.511  train/lr=3.838e-05  train/samples_per_sec=297.7
2026-10-04 06:14:49 [   3100] train/loss=0.4492  train/pred_loss=0.1666  train/sigreg_loss=3.14  train/emb_std=0.966  train/emb_norm=13.17  train/pred_vs_static=0.3803  train/grad_norm=1.455  train/lr=3.863e-05  train/samples_per_sec=297.7
2026-10-04 06:14:58 [   3120] train/loss=0.4454  train/pred_loss=0.1622  train/sigreg_loss=3.145  train/emb_std=0.9662  train/emb_norm=13.17  train/pred_vs_static=0.3769  train/grad_norm=1.418  train/lr=3.888e-05  train/samples_per_sec=297.7
2026-10-04 06:15:06 [   3140] train/loss=0.4578  train/pred_loss=0.1703  train/sigreg_loss=3.194  train/emb_std=0.9627  train/emb_norm=13.13  train/pred_vs_static=0.3812  train/grad_norm=1.435  train/lr=3.913e-05  train/samples_per_sec=297.7
2026-10-04 06:15:15 [   3160] train/loss=0.4504  train/pred_loss=0.1682  train/sigreg_loss=3.138  train/emb_std=0.966  train/emb_norm=13.16  train/pred_vs_static=0.3814  train/grad_norm=1.446  train/lr=3.938e-05  train/samples_per_sec=297.6
2026-10-04 06:15:24 [   3180] train/loss=0.4398  train/pred_loss=0.1621  train/sigreg_loss=3.084  train/emb_std=0.9695  train/emb_norm=13.19  train/pred_vs_static=0.3734  train/grad_norm=1.413  train/lr=3.963e-05  train/samples_per_sec=297.7
2026-10-04 06:15:32 [   3200] train/loss=0.4496  train/pred_loss=0.1688  train/sigreg_loss=3.119  train/emb_std=0.9699  train/emb_norm=13.21  train/pred_vs_static=0.3708  train/grad_norm=1.524  train/lr=3.988e-05  train/samples_per_sec=297.6
2026-10-04 06:15:41 [   3220] train/loss=0.4413  train/pred_loss=0.1625  train/sigreg_loss=3.095  train/emb_std=0.9674  train/emb_norm=13.15  train/pred_vs_static=0.3601  train/grad_norm=1.396  train/lr=4.013e-05  train/samples_per_sec=297.6
2026-10-04 06:15:50 [   3240] train/loss=0.4425  train/pred_loss=0.1645  train/sigreg_loss=3.09  train/emb_std=0.968  train/emb_norm=13.19  train/pred_vs_static=0.3712  train/grad_norm=1.407  train/lr=4.038e-05  train/samples_per_sec=297.6
2026-10-04 06:15:58 [   3260] train/loss=0.4448  train/pred_loss=0.1657  train/sigreg_loss=3.102  train/emb_std=0.9664  train/emb_norm=13.16  train/pred_vs_static=0.3763  train/grad_norm=1.453  train/lr=4.063e-05  train/samples_per_sec=297.7
2026-10-04 06:16:06 [   3280] train/loss=0.4429  train/pred_loss=0.1655  train/sigreg_loss=3.08  train/emb_std=0.968  train/emb_norm=13.15  train/pred_vs_static=0.3675  train/grad_norm=1.33  train/lr=4.088e-05  train/samples_per_sec=297.7
2026-10-04 06:16:15 [   3300] train/loss=0.4425  train/pred_loss=0.1652  train/sigreg_loss=3.082  train/emb_std=0.9682  train/emb_norm=13.16  train/pred_vs_static=0.362  train/grad_norm=1.375  train/lr=4.113e-05  train/samples_per_sec=297.7
2026-10-04 06:16:24 [   3320] train/loss=0.4445  train/pred_loss=0.1652  train/sigreg_loss=3.105  train/emb_std=0.9674  train/emb_norm=13.17  train/pred_vs_static=0.3684  train/grad_norm=1.336  train/lr=4.138e-05  train/samples_per_sec=297.7
2026-10-04 06:16:32 [   3340] train/loss=0.4403  train/pred_loss=0.1659  train/sigreg_loss=3.052  train/emb_std=0.9678  train/emb_norm=13.19  train/pred_vs_static=0.3556  train/grad_norm=1.323  train/lr=4.163e-05  train/samples_per_sec=297.8
2026-10-04 06:16:41 [   3360] train/loss=0.4364  train/pred_loss=0.161  train/sigreg_loss=3.06  train/emb_std=0.9656  train/emb_norm=13.17  train/pred_vs_static=0.3637  train/grad_norm=1.456  train/lr=4.188e-05  train/samples_per_sec=297.7
2026-10-04 06:16:49 [   3380] train/loss=0.4385  train/pred_loss=0.1667  train/sigreg_loss=3.02  train/emb_std=0.9697  train/emb_norm=13.2  train/pred_vs_static=0.3607  train/grad_norm=1.359  train/lr=4.213e-05  train/samples_per_sec=297.7
2026-10-04 06:16:58 [   3400] train/loss=0.4389  train/pred_loss=0.1636  train/sigreg_loss=3.059  train/emb_std=0.967  train/emb_norm=13.18  train/pred_vs_static=0.3615  train/grad_norm=1.314  train/lr=4.238e-05  train/samples_per_sec=297.7
2026-10-04 06:17:07 [   3420] train/loss=0.4376  train/pred_loss=0.1636  train/sigreg_loss=3.044  train/emb_std=0.9676  train/emb_norm=13.17  train/pred_vs_static=0.3571  train/grad_norm=1.316  train/lr=4.263e-05  train/samples_per_sec=297.6
2026-10-04 06:17:15 [   3440] train/loss=0.4339  train/pred_loss=0.1615  train/sigreg_loss=3.027  train/emb_std=0.9695  train/emb_norm=13.21  train/pred_vs_static=0.3562  train/grad_norm=1.315  train/lr=4.288e-05  train/samples_per_sec=297.6
2026-10-04 06:17:24 [   3460] train/loss=0.4353  train/pred_loss=0.1602  train/sigreg_loss=3.053  train/emb_std=0.9701  train/emb_norm=13.19  train/pred_vs_static=0.36  train/grad_norm=1.415  train/lr=4.313e-05  train/samples_per_sec=297.6
2026-10-04 06:17:33 [   3480] train/loss=0.4424  train/pred_loss=0.1639  train/sigreg_loss=3.096  train/emb_std=0.9678  train/emb_norm=13.18  train/pred_vs_static=0.3599  train/grad_norm=1.487  train/lr=4.338e-05  train/samples_per_sec=297.6
2026-10-04 06:17:41 [   3500] train/loss=0.4325  train/pred_loss=0.1615  train/sigreg_loss=3.012  train/emb_std=0.9695  train/emb_norm=13.2  train/pred_vs_static=0.3606  train/grad_norm=1.326  train/lr=4.363e-05  train/samples_per_sec=297.6
2026-10-04 06:17:50 [   3520] train/loss=0.4356  train/pred_loss=0.1656  train/sigreg_loss=3.001  train/emb_std=0.968  train/emb_norm=13.17  train/pred_vs_static=0.3549  train/grad_norm=1.322  train/lr=4.388e-05  train/samples_per_sec=297.6
2026-10-04 06:17:58 [   3540] train/loss=0.4312  train/pred_loss=0.1614  train/sigreg_loss=2.997  train/emb_std=0.9709  train/emb_norm=13.22  train/pred_vs_static=0.3565  train/grad_norm=1.296  train/lr=4.413e-05  train/samples_per_sec=297.6
2026-10-04 06:18:07 [   3560] train/loss=0.4289  train/pred_loss=0.1617  train/sigreg_loss=2.97  train/emb_std=0.9717  train/emb_norm=13.21  train/pred_vs_static=0.3544  train/grad_norm=1.33  train/lr=4.438e-05  train/samples_per_sec=297.6
2026-10-04 06:18:16 [   3580] train/loss=0.4294  train/pred_loss=0.1601  train/sigreg_loss=2.993  train/emb_std=0.9701  train/emb_norm=13.2  train/pred_vs_static=0.3558  train/grad_norm=1.294  train/lr=4.463e-05  train/samples_per_sec=297.6
2026-10-04 06:18:24 [   3600] train/loss=0.433  train/pred_loss=0.1619  train/sigreg_loss=3.012  train/emb_std=0.9678  train/emb_norm=13.19  train/pred_vs_static=0.3528  train/grad_norm=1.296  train/lr=4.488e-05  train/samples_per_sec=297.6
2026-10-04 06:18:33 [   3620] train/loss=0.4361  train/pred_loss=0.1642  train/sigreg_loss=3.017  train/emb_std=0.9711  train/emb_norm=13.2  train/pred_vs_static=0.3477  train/grad_norm=1.264  train/lr=4.513e-05  train/samples_per_sec=297.7
2026-10-04 06:18:41 [   3640] train/loss=0.4272  train/pred_loss=0.1591  train/sigreg_loss=2.98  train/emb_std=0.9703  train/emb_norm=13.2  train/pred_vs_static=0.353  train/grad_norm=1.22  train/lr=4.538e-05  train/samples_per_sec=297.7
2026-10-04 06:18:50 [   3660] train/loss=0.4332  train/pred_loss=0.1634  train/sigreg_loss=2.998  train/emb_std=0.9713  train/emb_norm=13.22  train/pred_vs_static=0.3523  train/grad_norm=1.249  train/lr=4.563e-05  train/samples_per_sec=297.7
2026-10-04 06:18:58 [   3680] train/loss=0.4193  train/pred_loss=0.1561  train/sigreg_loss=2.925  train/emb_std=0.9719  train/emb_norm=13.22  train/pred_vs_static=0.3502  train/grad_norm=1.177  train/lr=4.588e-05  train/samples_per_sec=297.7
2026-10-04 06:19:07 [   3700] train/loss=0.4203  train/pred_loss=0.1564  train/sigreg_loss=2.931  train/emb_std=0.9678  train/emb_norm=13.2  train/pred_vs_static=0.3538  train/grad_norm=1.193  train/lr=4.613e-05  train/samples_per_sec=297.7
2026-10-04 06:19:16 [   3720] train/loss=0.4282  train/pred_loss=0.161  train/sigreg_loss=2.968  train/emb_std=0.9719  train/emb_norm=13.22  train/pred_vs_static=0.3449  train/grad_norm=1.275  train/lr=4.638e-05  train/samples_per_sec=297.7
2026-10-04 06:19:24 [   3740] train/loss=0.4251  train/pred_loss=0.1613  train/sigreg_loss=2.934  train/emb_std=0.9717  train/emb_norm=13.22  train/pred_vs_static=0.3439  train/grad_norm=1.303  train/lr=4.663e-05  train/samples_per_sec=297.7
2026-10-04 06:19:33 [   3760] train/loss=0.4237  train/pred_loss=0.1602  train/sigreg_loss=2.927  train/emb_std=0.9734  train/emb_norm=13.23  train/pred_vs_static=0.349  train/grad_norm=1.288  train/lr=4.688e-05  train/samples_per_sec=297.8
2026-10-04 06:19:41 [   3780] train/loss=0.4172  train/pred_loss=0.1537  train/sigreg_loss=2.927  train/emb_std=0.9725  train/emb_norm=13.24  train/pred_vs_static=0.3431  train/grad_norm=1.243  train/lr=4.713e-05  train/samples_per_sec=297.8
2026-10-04 06:19:51 [   3800] train/loss=0.4271  train/pred_loss=0.1601  train/sigreg_loss=2.966  train/emb_std=0.9711  train/emb_norm=13.21  train/pred_vs_static=0.3447  train/grad_norm=1.275  train/lr=4.738e-05  train/samples_per_sec=297.5
2026-10-04 06:19:59 [   3820] train/loss=0.4219  train/pred_loss=0.1597  train/sigreg_loss=2.913  train/emb_std=0.9709  train/emb_norm=13.23  train/pred_vs_static=0.3437  train/grad_norm=1.201  train/lr=4.763e-05  train/samples_per_sec=297.6
2026-10-04 06:20:08 [   3840] train/loss=0.4173  train/pred_loss=0.1591  train/sigreg_loss=2.869  train/emb_std=0.9717  train/emb_norm=13.22  train/pred_vs_static=0.3387  train/grad_norm=1.204  train/lr=4.788e-05  train/samples_per_sec=297.6
2026-10-04 06:20:18 [   3860] train/loss=0.421  train/pred_loss=0.1588  train/sigreg_loss=2.914  train/emb_std=0.975  train/emb_norm=13.27  train/pred_vs_static=0.3416  train/grad_norm=1.236  train/lr=4.813e-05  train/samples_per_sec=297.1
2026-10-04 06:20:26 [   3880] train/loss=0.423  train/pred_loss=0.1638  train/sigreg_loss=2.878  train/emb_std=0.9713  train/emb_norm=13.2  train/pred_vs_static=0.3439  train/grad_norm=1.21  train/lr=4.838e-05  train/samples_per_sec=297.1
2026-10-04 06:20:35 [   3900] train/loss=0.4195  train/pred_loss=0.1576  train/sigreg_loss=2.91  train/emb_std=0.974  train/emb_norm=13.25  train/pred_vs_static=0.3462  train/grad_norm=1.194  train/lr=4.863e-05  train/samples_per_sec=297.1
2026-10-04 06:20:43 [   3920] train/loss=0.4166  train/pred_loss=0.1594  train/sigreg_loss=2.859  train/emb_std=0.9727  train/emb_norm=13.25  train/pred_vs_static=0.3431  train/grad_norm=1.183  train/lr=4.888e-05  train/samples_per_sec=297.1
2026-10-04 06:20:52 [   3940] train/loss=0.4164  train/pred_loss=0.1566  train/sigreg_loss=2.886  train/emb_std=0.9721  train/emb_norm=13.23  train/pred_vs_static=0.328  train/grad_norm=1.184  train/lr=4.913e-05  train/samples_per_sec=297.1
2026-10-04 06:21:00 [   3960] train/loss=0.42  train/pred_loss=0.1609  train/sigreg_loss=2.88  train/emb_std=0.9703  train/emb_norm=13.21  train/pred_vs_static=0.3388  train/grad_norm=1.267  train/lr=4.938e-05  train/samples_per_sec=297.2
2026-10-04 06:21:09 [   3980] train/loss=0.4165  train/pred_loss=0.157  train/sigreg_loss=2.881  train/emb_std=0.9729  train/emb_norm=13.24  train/pred_vs_static=0.3351  train/grad_norm=1.159  train/lr=4.963e-05  train/samples_per_sec=297.3
2026-10-04 06:21:17 [   4000] train/loss=0.4136  train/pred_loss=0.1542  train/sigreg_loss=2.882  train/emb_std=0.9723  train/emb_norm=13.22  train/pred_vs_static=0.3307  train/grad_norm=1.185  train/lr=4.988e-05  train/samples_per_sec=297.4
2026-10-04 06:21:17 [   4000] train_epoch/loss=0.4676  train_epoch/pred_loss=0.1713  train_epoch/sigreg_loss=3.292  train_epoch/emb_std=0.9664  train_epoch/emb_norm=13.15  train_epoch/pred_vs_static=0.3967  train_epoch/grad_norm=1.522  train_epoch/lr=3.751e-05  train_epoch/epoch=1
2026-10-04 06:21:22 [   4000] val/loss=18.88  val/pred_loss=3.69  val/sigreg_loss=168.9  val/emb_std=0.8445  val/emb_norm=34.72  val/pred_vs_static=10.01  val/epoch=1
2026-10-04 06:21:22 epoch   1 | val pred_vs_static 10.01460 | best 10.01460 @ epoch 1 | saved epoch_001.pt
2026-10-04 06:21:33 [   4020] train/loss=0.41  train/pred_loss=0.1542  train/sigreg_loss=2.844  train/emb_std=0.975  train/emb_norm=13.28  train/pred_vs_static=0.3387  train/grad_norm=1.226  train/lr=5e-05  train/samples_per_sec=245.7
2026-10-04 06:21:41 [   4040] train/loss=0.4111  train/pred_loss=0.1568  train/sigreg_loss=2.827  train/emb_std=0.9729  train/emb_norm=13.22  train/pred_vs_static=0.3357  train/grad_norm=1.188  train/lr=5e-05  train/samples_per_sec=271.4
2026-10-04 06:21:49 [   4060] train/loss=0.4122  train/pred_loss=0.1597  train/sigreg_loss=2.805  train/emb_std=0.9723  train/emb_norm=13.24  train/pred_vs_static=0.3392  train/grad_norm=1.142  train/lr=5e-05  train/samples_per_sec=281.4
2026-10-04 06:21:58 [   4080] train/loss=0.4086  train/pred_loss=0.1544  train/sigreg_loss=2.827  train/emb_std=0.9736  train/emb_norm=13.25  train/pred_vs_static=0.3392  train/grad_norm=1.105  train/lr=5e-05  train/samples_per_sec=285.9
2026-10-04 06:22:06 [   4100] train/loss=0.4144  train/pred_loss=0.16  train/sigreg_loss=2.828  train/emb_std=0.9723  train/emb_norm=13.22  train/pred_vs_static=0.3216  train/grad_norm=1.142  train/lr=5e-05  train/samples_per_sec=288.7
2026-10-04 06:22:15 [   4120] train/loss=0.4022  train/pred_loss=0.1496  train/sigreg_loss=2.807  train/emb_std=0.9748  train/emb_norm=13.29  train/pred_vs_static=0.3369  train/grad_norm=1.107  train/lr=5e-05  train/samples_per_sec=291
2026-10-04 06:22:23 [   4140] train/loss=0.4125  train/pred_loss=0.155  train/sigreg_loss=2.862  train/emb_std=0.9703  train/emb_norm=13.21  train/pred_vs_static=0.3309  train/grad_norm=1.151  train/lr=5e-05  train/samples_per_sec=292.4
2026-10-04 06:22:32 [   4160] train/loss=0.3995  train/pred_loss=0.1513  train/sigreg_loss=2.757  train/emb_std=0.9721  train/emb_norm=13.25  train/pred_vs_static=0.334  train/grad_norm=1.114  train/lr=5e-05  train/samples_per_sec=293.3
2026-10-04 06:22:41 [   4180] train/loss=0.4095  train/pred_loss=0.1551  train/sigreg_loss=2.827  train/emb_std=0.9713  train/emb_norm=13.23  train/pred_vs_static=0.337  train/grad_norm=1.205  train/lr=5e-05  train/samples_per_sec=293.5
2026-10-04 06:22:49 [   4200] train/loss=0.4088  train/pred_loss=0.1548  train/sigreg_loss=2.823  train/emb_std=0.9717  train/emb_norm=13.25  train/pred_vs_static=0.323  train/grad_norm=1.195  train/lr=5e-05  train/samples_per_sec=294.1
2026-10-04 06:22:58 [   4220] train/loss=0.4095  train/pred_loss=0.1537  train/sigreg_loss=2.841  train/emb_std=0.9744  train/emb_norm=13.25  train/pred_vs_static=0.3235  train/grad_norm=1.131  train/lr=5e-05  train/samples_per_sec=294.4
2026-10-04 06:23:06 [   4240] train/loss=0.4049  train/pred_loss=0.1558  train/sigreg_loss=2.768  train/emb_std=0.9738  train/emb_norm=13.25  train/pred_vs_static=0.3226  train/grad_norm=1.072  train/lr=5e-05  train/samples_per_sec=294.6
2026-10-04 06:23:15 [   4260] train/loss=0.4047  train/pred_loss=0.1534  train/sigreg_loss=2.792  train/emb_std=0.9732  train/emb_norm=13.24  train/pred_vs_static=0.3281  train/grad_norm=1.096  train/lr=5e-05  train/samples_per_sec=295.1
2026-10-04 06:23:23 [   4280] train/loss=0.4091  train/pred_loss=0.1556  train/sigreg_loss=2.818  train/emb_std=0.974  train/emb_norm=13.24  train/pred_vs_static=0.3282  train/grad_norm=1.101  train/lr=5e-05  train/samples_per_sec=295.3
2026-10-04 06:23:32 [   4300] train/loss=0.4073  train/pred_loss=0.1566  train/sigreg_loss=2.787  train/emb_std=0.9742  train/emb_norm=13.25  train/pred_vs_static=0.3263  train/grad_norm=1.08  train/lr=5e-05  train/samples_per_sec=295.7
2026-10-04 06:23:41 [   4320] train/loss=0.4122  train/pred_loss=0.1585  train/sigreg_loss=2.817  train/emb_std=0.9699  train/emb_norm=13.21  train/pred_vs_static=0.3352  train/grad_norm=1.123  train/lr=5e-05  train/samples_per_sec=295.9
2026-10-04 06:23:49 [   4340] train/loss=0.405  train/pred_loss=0.1533  train/sigreg_loss=2.798  train/emb_std=0.9738  train/emb_norm=13.24  train/pred_vs_static=0.3291  train/grad_norm=1.115  train/lr=5e-05  train/samples_per_sec=296.1
2026-10-04 06:23:58 [   4360] train/loss=0.4093  train/pred_loss=0.1577  train/sigreg_loss=2.795  train/emb_std=0.9746  train/emb_norm=13.26  train/pred_vs_static=0.3169  train/grad_norm=1.075  train/lr=5e-05  train/samples_per_sec=296.2
2026-10-04 06:24:06 [   4380] train/loss=0.4008  train/pred_loss=0.1548  train/sigreg_loss=2.733  train/emb_std=0.9752  train/emb_norm=13.27  train/pred_vs_static=0.3173  train/grad_norm=1.081  train/lr=5e-05  train/samples_per_sec=296.3
2026-10-04 06:24:15 [   4400] train/loss=0.3966  train/pred_loss=0.1485  train/sigreg_loss=2.755  train/emb_std=0.9754  train/emb_norm=13.27  train/pred_vs_static=0.3239  train/grad_norm=1.054  train/lr=5e-05  train/samples_per_sec=296.4
2026-10-04 06:24:23 [   4420] train/loss=0.4041  train/pred_loss=0.1543  train/sigreg_loss=2.774  train/emb_std=0.9738  train/emb_norm=13.26  train/pred_vs_static=0.3194  train/grad_norm=1.073  train/lr=5e-05  train/samples_per_sec=296.8
2026-10-04 06:24:32 [   4440] train/loss=0.4047  train/pred_loss=0.1569  train/sigreg_loss=2.753  train/emb_std=0.973  train/emb_norm=13.24  train/pred_vs_static=0.3299  train/grad_norm=1.098  train/lr=5e-05  train/samples_per_sec=297.1
2026-10-04 06:24:40 [   4460] train/loss=0.3977  train/pred_loss=0.151  train/sigreg_loss=2.741  train/emb_std=0.9756  train/emb_norm=13.26  train/pred_vs_static=0.3184  train/grad_norm=1.052  train/lr=5e-05  train/samples_per_sec=297.5
2026-10-04 06:24:49 [   4480] train/loss=0.4032  train/pred_loss=0.1573  train/sigreg_loss=2.733  train/emb_std=0.974  train/emb_norm=13.25  train/pred_vs_static=0.326  train/grad_norm=1.064  train/lr=5e-05  train/samples_per_sec=297.4
2026-10-04 06:24:57 [   4500] train/loss=0.3958  train/pred_loss=0.1521  train/sigreg_loss=2.706  train/emb_std=0.976  train/emb_norm=13.29  train/pred_vs_static=0.3175  train/grad_norm=1.037  train/lr=5e-05  train/samples_per_sec=297.5
2026-10-04 06:25:06 [   4520] train/loss=0.4012  train/pred_loss=0.1552  train/sigreg_loss=2.733  train/emb_std=0.9748  train/emb_norm=13.25  train/pred_vs_static=0.3292  train/grad_norm=1.071  train/lr=5e-05  train/samples_per_sec=297.8
2026-10-04 06:25:14 [   4540] train/loss=0.3967  train/pred_loss=0.1554  train/sigreg_loss=2.683  train/emb_std=0.9754  train/emb_norm=13.28  train/pred_vs_static=0.3234  train/grad_norm=1.066  train/lr=5e-05  train/samples_per_sec=297.8
2026-10-04 06:25:23 [   4560] train/loss=0.3977  train/pred_loss=0.1509  train/sigreg_loss=2.743  train/emb_std=0.9754  train/emb_norm=13.28  train/pred_vs_static=0.3261  train/grad_norm=1.072  train/lr=5e-05  train/samples_per_sec=298.1
2026-10-04 06:25:31 [   4580] train/loss=0.4047  train/pred_loss=0.1574  train/sigreg_loss=2.749  train/emb_std=0.9738  train/emb_norm=13.24  train/pred_vs_static=0.3294  train/grad_norm=1.062  train/lr=5e-05  train/samples_per_sec=298.4
2026-10-04 06:25:39 [   4600] train/loss=0.3973  train/pred_loss=0.1521  train/sigreg_loss=2.724  train/emb_std=0.9748  train/emb_norm=13.27  train/pred_vs_static=0.3198  train/grad_norm=1.024  train/lr=5e-05  train/samples_per_sec=298.7
2026-10-04 06:25:48 [   4620] train/loss=0.3935  train/pred_loss=0.1511  train/sigreg_loss=2.694  train/emb_std=0.9787  train/emb_norm=13.3  train/pred_vs_static=0.3201  train/grad_norm=1.012  train/lr=5e-05  train/samples_per_sec=298.7
2026-10-04 06:25:56 [   4640] train/loss=0.3979  train/pred_loss=0.1535  train/sigreg_loss=2.713  train/emb_std=0.9785  train/emb_norm=13.3  train/pred_vs_static=0.3174  train/grad_norm=1.044  train/lr=5e-05  train/samples_per_sec=298.9
2026-10-04 06:26:05 [   4660] train/loss=0.3965  train/pred_loss=0.1543  train/sigreg_loss=2.691  train/emb_std=0.976  train/emb_norm=13.27  train/pred_vs_static=0.3102  train/grad_norm=1.014  train/lr=5e-05  train/samples_per_sec=299.1
2026-10-04 06:26:13 [   4680] train/loss=0.3961  train/pred_loss=0.1545  train/sigreg_loss=2.686  train/emb_std=0.9789  train/emb_norm=13.31  train/pred_vs_static=0.3217  train/grad_norm=1.032  train/lr=5e-05  train/samples_per_sec=299.3
2026-10-04 06:26:21 [   4700] train/loss=0.3946  train/pred_loss=0.1537  train/sigreg_loss=2.677  train/emb_std=0.9797  train/emb_norm=13.3  train/pred_vs_static=0.3184  train/grad_norm=0.9835  train/lr=5e-05  train/samples_per_sec=299.5
2026-10-04 06:26:30 [   4720] train/loss=0.3975  train/pred_loss=0.1544  train/sigreg_loss=2.702  train/emb_std=0.9771  train/emb_norm=13.27  train/pred_vs_static=0.3143  train/grad_norm=1.05  train/lr=5e-05  train/samples_per_sec=299.7
2026-10-04 06:26:38 [   4740] train/loss=0.3895  train/pred_loss=0.1484  train/sigreg_loss=2.68  train/emb_std=0.9787  train/emb_norm=13.31  train/pred_vs_static=0.3153  train/grad_norm=1.054  train/lr=5e-05  train/samples_per_sec=299.9
2026-10-04 06:26:46 [   4760] train/loss=0.3852  train/pred_loss=0.1498  train/sigreg_loss=2.617  train/emb_std=0.977  train/emb_norm=13.31  train/pred_vs_static=0.3141  train/grad_norm=1  train/lr=5e-05  train/samples_per_sec=300.1
2026-10-04 06:26:55 [   4780] train/loss=0.3911  train/pred_loss=0.1526  train/sigreg_loss=2.65  train/emb_std=0.975  train/emb_norm=13.26  train/pred_vs_static=0.3225  train/grad_norm=1.039  train/lr=5e-05  train/samples_per_sec=300.3
2026-10-04 06:27:03 [   4800] train/loss=0.3908  train/pred_loss=0.1525  train/sigreg_loss=2.648  train/emb_std=0.9766  train/emb_norm=13.29  train/pred_vs_static=0.3188  train/grad_norm=1.03  train/lr=5e-05  train/samples_per_sec=300.4
2026-10-04 06:27:11 [   4820] train/loss=0.3928  train/pred_loss=0.1511  train/sigreg_loss=2.684  train/emb_std=0.9744  train/emb_norm=13.28  train/pred_vs_static=0.3244  train/grad_norm=1.024  train/lr=5e-05  train/samples_per_sec=300.6
2026-10-04 06:27:20 [   4840] train/loss=0.3949  train/pred_loss=0.1532  train/sigreg_loss=2.684  train/emb_std=0.9764  train/emb_norm=13.29  train/pred_vs_static=0.313  train/grad_norm=1.033  train/lr=5e-05  train/samples_per_sec=300.8
2026-10-04 06:27:28 [   4860] train/loss=0.3959  train/pred_loss=0.1536  train/sigreg_loss=2.695  train/emb_std=0.9768  train/emb_norm=13.27  train/pred_vs_static=0.3083  train/grad_norm=1.074  train/lr=5e-05  train/samples_per_sec=300.9
2026-10-04 06:27:36 [   4880] train/loss=0.3844  train/pred_loss=0.1468  train/sigreg_loss=2.64  train/emb_std=0.9785  train/emb_norm=13.29  train/pred_vs_static=0.3114  train/grad_norm=0.9715  train/lr=5e-05  train/samples_per_sec=301.1
2026-10-04 06:27:45 [   4900] train/loss=0.3864  train/pred_loss=0.1508  train/sigreg_loss=2.617  train/emb_std=0.9783  train/emb_norm=13.33  train/pred_vs_static=0.3134  train/grad_norm=0.9941  train/lr=5e-05  train/samples_per_sec=301.2
2026-10-04 06:27:53 [   4920] train/loss=0.3917  train/pred_loss=0.1539  train/sigreg_loss=2.644  train/emb_std=0.9736  train/emb_norm=13.26  train/pred_vs_static=0.3112  train/grad_norm=1.031  train/lr=5e-05  train/samples_per_sec=301.3
2026-10-04 06:28:01 [   4940] train/loss=0.39  train/pred_loss=0.153  train/sigreg_loss=2.633  train/emb_std=0.9736  train/emb_norm=13.26  train/pred_vs_static=0.3091  train/grad_norm=1.011  train/lr=5e-05  train/samples_per_sec=301.5
2026-10-04 06:28:10 [   4960] train/loss=0.3889  train/pred_loss=0.1507  train/sigreg_loss=2.647  train/emb_std=0.9738  train/emb_norm=13.27  train/pred_vs_static=0.3139  train/grad_norm=1.022  train/lr=5e-05  train/samples_per_sec=301.6
2026-10-04 06:28:18 [   4980] train/loss=0.3853  train/pred_loss=0.1518  train/sigreg_loss=2.595  train/emb_std=0.9787  train/emb_norm=13.31  train/pred_vs_static=0.3139  train/grad_norm=0.9713  train/lr=5e-05  train/samples_per_sec=301.7
2026-10-04 06:28:26 [   5000] train/loss=0.3942  train/pred_loss=0.1551  train/sigreg_loss=2.658  train/emb_std=0.9744  train/emb_norm=13.27  train/pred_vs_static=0.3086  train/grad_norm=0.9683  train/lr=5e-05  train/samples_per_sec=301.8
2026-10-04 06:28:35 [   5020] train/loss=0.3854  train/pred_loss=0.1487  train/sigreg_loss=2.63  train/emb_std=0.9789  train/emb_norm=13.32  train/pred_vs_static=0.3087  train/grad_norm=0.9485  train/lr=5e-05  train/samples_per_sec=301.9
2026-10-04 06:28:43 [   5040] train/loss=0.389  train/pred_loss=0.1503  train/sigreg_loss=2.651  train/emb_std=0.9758  train/emb_norm=13.28  train/pred_vs_static=0.3015  train/grad_norm=0.942  train/lr=5e-05  train/samples_per_sec=302
2026-10-04 06:28:51 [   5060] train/loss=0.3885  train/pred_loss=0.1518  train/sigreg_loss=2.629  train/emb_std=0.9777  train/emb_norm=13.3  train/pred_vs_static=0.3103  train/grad_norm=1.001  train/lr=5e-05  train/samples_per_sec=302.1
2026-10-04 06:28:59 [   5080] train/loss=0.3833  train/pred_loss=0.1478  train/sigreg_loss=2.616  train/emb_std=0.9781  train/emb_norm=13.32  train/pred_vs_static=0.3078  train/grad_norm=0.9885  train/lr=5e-05  train/samples_per_sec=302.3
2026-10-04 06:29:08 [   5100] train/loss=0.3899  train/pred_loss=0.1551  train/sigreg_loss=2.609  train/emb_std=0.977  train/emb_norm=13.29  train/pred_vs_static=0.314  train/grad_norm=0.9783  train/lr=5e-05  train/samples_per_sec=302.4
2026-10-04 06:29:16 [   5120] train/loss=0.3834  train/pred_loss=0.1494  train/sigreg_loss=2.602  train/emb_std=0.977  train/emb_norm=13.3  train/pred_vs_static=0.3113  train/grad_norm=1.034  train/lr=5e-05  train/samples_per_sec=302.5
2026-10-04 06:29:24 [   5140] train/loss=0.388  train/pred_loss=0.1512  train/sigreg_loss=2.63  train/emb_std=0.9766  train/emb_norm=13.29  train/pred_vs_static=0.3007  train/grad_norm=0.9408  train/lr=5e-05  train/samples_per_sec=302.5
2026-10-04 06:29:33 [   5160] train/loss=0.3905  train/pred_loss=0.1518  train/sigreg_loss=2.652  train/emb_std=0.9768  train/emb_norm=13.3  train/pred_vs_static=0.3039  train/grad_norm=0.9628  train/lr=5e-05  train/samples_per_sec=302.6
2026-10-04 06:29:41 [   5180] train/loss=0.3894  train/pred_loss=0.1509  train/sigreg_loss=2.65  train/emb_std=0.9785  train/emb_norm=13.3  train/pred_vs_static=0.3035  train/grad_norm=1.017  train/lr=5e-05  train/samples_per_sec=302.7
2026-10-04 06:29:49 [   5200] train/loss=0.3883  train/pred_loss=0.1523  train/sigreg_loss=2.623  train/emb_std=0.9746  train/emb_norm=13.27  train/pred_vs_static=0.3097  train/grad_norm=0.9287  train/lr=5e-05  train/samples_per_sec=302.8
2026-10-04 06:29:58 [   5220] train/loss=0.3847  train/pred_loss=0.1517  train/sigreg_loss=2.59  train/emb_std=0.9775  train/emb_norm=13.3  train/pred_vs_static=0.3056  train/grad_norm=0.9958  train/lr=5e-05  train/samples_per_sec=302.9
2026-10-04 06:30:06 [   5240] train/loss=0.3803  train/pred_loss=0.148  train/sigreg_loss=2.581  train/emb_std=0.9785  train/emb_norm=13.33  train/pred_vs_static=0.3039  train/grad_norm=0.9542  train/lr=5e-05  train/samples_per_sec=302.9
2026-10-04 06:30:14 [   5260] train/loss=0.3888  train/pred_loss=0.1518  train/sigreg_loss=2.633  train/emb_std=0.974  train/emb_norm=13.26  train/pred_vs_static=0.304  train/grad_norm=0.9893  train/lr=5e-05  train/samples_per_sec=302.9
2026-10-04 06:30:23 [   5280] train/loss=0.3882  train/pred_loss=0.1519  train/sigreg_loss=2.627  train/emb_std=0.9764  train/emb_norm=13.29  train/pred_vs_static=0.3048  train/grad_norm=0.9185  train/lr=4.999e-05  train/samples_per_sec=303
2026-10-04 06:30:31 [   5300] train/loss=0.384  train/pred_loss=0.1513  train/sigreg_loss=2.587  train/emb_std=0.9771  train/emb_norm=13.3  train/pred_vs_static=0.3069  train/grad_norm=0.9588  train/lr=4.999e-05  train/samples_per_sec=303.1
2026-10-04 06:30:39 [   5320] train/loss=0.382  train/pred_loss=0.151  train/sigreg_loss=2.568  train/emb_std=0.9762  train/emb_norm=13.3  train/pred_vs_static=0.3028  train/grad_norm=0.9292  train/lr=4.999e-05  train/samples_per_sec=303.2
2026-10-04 06:30:48 [   5340] train/loss=0.3841  train/pred_loss=0.1504  train/sigreg_loss=2.596  train/emb_std=0.9779  train/emb_norm=13.31  train/pred_vs_static=0.3067  train/grad_norm=0.9411  train/lr=4.999e-05  train/samples_per_sec=303.2
2026-10-04 06:30:56 [   5360] train/loss=0.3869  train/pred_loss=0.1522  train/sigreg_loss=2.607  train/emb_std=0.9742  train/emb_norm=13.27  train/pred_vs_static=0.3106  train/grad_norm=0.9782  train/lr=4.999e-05  train/samples_per_sec=303.2
2026-10-04 06:31:04 [   5380] train/loss=0.389  train/pred_loss=0.1525  train/sigreg_loss=2.629  train/emb_std=0.9766  train/emb_norm=13.32  train/pred_vs_static=0.2954  train/grad_norm=0.9465  train/lr=4.999e-05  train/samples_per_sec=303.3
2026-10-04 06:31:13 [   5400] train/loss=0.378  train/pred_loss=0.1497  train/sigreg_loss=2.537  train/emb_std=0.9773  train/emb_norm=13.29  train/pred_vs_static=0.3025  train/grad_norm=0.9092  train/lr=4.999e-05  train/samples_per_sec=303.4
2026-10-04 06:31:21 [   5420] train/loss=0.3769  train/pred_loss=0.1493  train/sigreg_loss=2.529  train/emb_std=0.9793  train/emb_norm=13.33  train/pred_vs_static=0.3024  train/grad_norm=0.9366  train/lr=4.999e-05  train/samples_per_sec=303.4
2026-10-04 06:31:29 [   5440] train/loss=0.3808  train/pred_loss=0.1489  train/sigreg_loss=2.577  train/emb_std=0.9773  train/emb_norm=13.3  train/pred_vs_static=0.2935  train/grad_norm=0.9113  train/lr=4.999e-05  train/samples_per_sec=303.5
2026-10-04 06:31:38 [   5460] train/loss=0.3813  train/pred_loss=0.1515  train/sigreg_loss=2.552  train/emb_std=0.9783  train/emb_norm=13.33  train/pred_vs_static=0.2987  train/grad_norm=0.9284  train/lr=4.999e-05  train/samples_per_sec=303.5
2026-10-04 06:31:46 [   5480] train/loss=0.3772  train/pred_loss=0.1473  train/sigreg_loss=2.553  train/emb_std=0.9777  train/emb_norm=13.32  train/pred_vs_static=0.3047  train/grad_norm=0.92  train/lr=4.999e-05  train/samples_per_sec=303.6
2026-10-04 06:31:54 [   5500] train/loss=0.3802  train/pred_loss=0.1514  train/sigreg_loss=2.541  train/emb_std=0.9773  train/emb_norm=13.3  train/pred_vs_static=0.3005  train/grad_norm=0.943  train/lr=4.999e-05  train/samples_per_sec=303.7
2026-10-04 06:32:03 [   5520] train/loss=0.3867  train/pred_loss=0.1551  train/sigreg_loss=2.572  train/emb_std=0.9773  train/emb_norm=13.3  train/pred_vs_static=0.3046  train/grad_norm=0.9602  train/lr=4.999e-05  train/samples_per_sec=303.7
2026-10-04 06:32:11 [   5540] train/loss=0.3808  train/pred_loss=0.1515  train/sigreg_loss=2.548  train/emb_std=0.975  train/emb_norm=13.28  train/pred_vs_static=0.2986  train/grad_norm=0.9853  train/lr=4.999e-05  train/samples_per_sec=303.8
2026-10-04 06:32:20 [   5560] train/loss=0.3794  train/pred_loss=0.1502  train/sigreg_loss=2.548  train/emb_std=0.977  train/emb_norm=13.31  train/pred_vs_static=0.2992  train/grad_norm=0.9443  train/lr=4.999e-05  train/samples_per_sec=303.7
2026-10-04 06:32:28 [   5580] train/loss=0.3756  train/pred_loss=0.1489  train/sigreg_loss=2.52  train/emb_std=0.9787  train/emb_norm=13.33  train/pred_vs_static=0.2998  train/grad_norm=0.9496  train/lr=4.999e-05  train/samples_per_sec=303.6
2026-10-04 06:32:37 [   5600] train/loss=0.3763  train/pred_loss=0.1489  train/sigreg_loss=2.526  train/emb_std=0.9785  train/emb_norm=13.32  train/pred_vs_static=0.2929  train/grad_norm=0.9218  train/lr=4.999e-05  train/samples_per_sec=303.5
2026-10-04 06:32:45 [   5620] train/loss=0.3803  train/pred_loss=0.1484  train/sigreg_loss=2.576  train/emb_std=0.9752  train/emb_norm=13.29  train/pred_vs_static=0.2954  train/grad_norm=0.9397  train/lr=4.999e-05  train/samples_per_sec=303.5
2026-10-04 06:32:54 [   5640] train/loss=0.3764  train/pred_loss=0.1488  train/sigreg_loss=2.529  train/emb_std=0.9799  train/emb_norm=13.33  train/pred_vs_static=0.2931  train/grad_norm=0.9092  train/lr=4.999e-05  train/samples_per_sec=303.4
2026-10-04 06:33:03 [   5660] train/loss=0.3754  train/pred_loss=0.1471  train/sigreg_loss=2.535  train/emb_std=0.9785  train/emb_norm=13.3  train/pred_vs_static=0.3002  train/grad_norm=0.9049  train/lr=4.999e-05  train/samples_per_sec=303.3
2026-10-04 06:33:11 [   5680] train/loss=0.3779  train/pred_loss=0.1495  train/sigreg_loss=2.538  train/emb_std=0.9779  train/emb_norm=13.31  train/pred_vs_static=0.2938  train/grad_norm=0.8765  train/lr=4.999e-05  train/samples_per_sec=303.3
2026-10-04 06:33:20 [   5700] train/loss=0.3774  train/pred_loss=0.1497  train/sigreg_loss=2.53  train/emb_std=0.9799  train/emb_norm=13.33  train/pred_vs_static=0.2979  train/grad_norm=0.9185  train/lr=4.999e-05  train/samples_per_sec=303.2
2026-10-04 06:33:28 [   5720] train/loss=0.3758  train/pred_loss=0.1451  train/sigreg_loss=2.564  train/emb_std=0.9799  train/emb_norm=13.32  train/pred_vs_static=0.294  train/grad_norm=0.9295  train/lr=4.999e-05  train/samples_per_sec=303.1
2026-10-04 06:33:37 [   5740] train/loss=0.3759  train/pred_loss=0.1523  train/sigreg_loss=2.484  train/emb_std=0.9773  train/emb_norm=13.31  train/pred_vs_static=0.3073  train/grad_norm=0.9507  train/lr=4.999e-05  train/samples_per_sec=303.1
2026-10-04 06:33:46 [   5760] train/loss=0.3755  train/pred_loss=0.1478  train/sigreg_loss=2.529  train/emb_std=0.9781  train/emb_norm=13.3  train/pred_vs_static=0.2913  train/grad_norm=0.9205  train/lr=4.999e-05  train/samples_per_sec=303
2026-10-04 06:33:54 [   5780] train/loss=0.3747  train/pred_loss=0.1486  train/sigreg_loss=2.513  train/emb_std=0.9787  train/emb_norm=13.33  train/pred_vs_static=0.2991  train/grad_norm=0.8993  train/lr=4.999e-05  train/samples_per_sec=302.9
2026-10-04 06:34:03 [   5800] train/loss=0.3773  train/pred_loss=0.1499  train/sigreg_loss=2.527  train/emb_std=0.9775  train/emb_norm=13.31  train/pred_vs_static=0.2969  train/grad_norm=0.9119  train/lr=4.999e-05  train/samples_per_sec=302.8
2026-10-04 06:34:12 [   5820] train/loss=0.3747  train/pred_loss=0.1491  train/sigreg_loss=2.506  train/emb_std=0.9768  train/emb_norm=13.3  train/pred_vs_static=0.2913  train/grad_norm=0.9035  train/lr=4.999e-05  train/samples_per_sec=302.8
2026-10-04 06:34:20 [   5840] train/loss=0.3785  train/pred_loss=0.1511  train/sigreg_loss=2.527  train/emb_std=0.9791  train/emb_norm=13.32  train/pred_vs_static=0.2921  train/grad_norm=0.9154  train/lr=4.999e-05  train/samples_per_sec=302.7
2026-10-04 06:34:29 [   5860] train/loss=0.3783  train/pred_loss=0.1524  train/sigreg_loss=2.51  train/emb_std=0.9781  train/emb_norm=13.3  train/pred_vs_static=0.2971  train/grad_norm=0.8896  train/lr=4.999e-05  train/samples_per_sec=302.7
2026-10-04 06:34:37 [   5880] train/loss=0.3717  train/pred_loss=0.1442  train/sigreg_loss=2.527  train/emb_std=0.9801  train/emb_norm=13.32  train/pred_vs_static=0.292  train/grad_norm=0.904  train/lr=4.999e-05  train/samples_per_sec=302.6
2026-10-04 06:34:46 [   5900] train/loss=0.3721  train/pred_loss=0.1462  train/sigreg_loss=2.509  train/emb_std=0.9797  train/emb_norm=13.31  train/pred_vs_static=0.3031  train/grad_norm=0.8581  train/lr=4.999e-05  train/samples_per_sec=302.5
2026-10-04 06:34:55 [   5920] train/loss=0.3726  train/pred_loss=0.1468  train/sigreg_loss=2.509  train/emb_std=0.9824  train/emb_norm=13.35  train/pred_vs_static=0.2912  train/grad_norm=0.8591  train/lr=4.999e-05  train/samples_per_sec=302.5
2026-10-04 06:35:03 [   5940] train/loss=0.3717  train/pred_loss=0.1457  train/sigreg_loss=2.512  train/emb_std=0.9824  train/emb_norm=13.34  train/pred_vs_static=0.2891  train/grad_norm=0.9121  train/lr=4.999e-05  train/samples_per_sec=302.4
2026-10-04 06:35:12 [   5960] train/loss=0.378  train/pred_loss=0.1506  train/sigreg_loss=2.527  train/emb_std=0.9785  train/emb_norm=13.28  train/pred_vs_static=0.2874  train/grad_norm=0.8926  train/lr=4.999e-05  train/samples_per_sec=302.4
2026-10-04 06:35:20 [   5980] train/loss=0.379  train/pred_loss=0.1516  train/sigreg_loss=2.526  train/emb_std=0.9799  train/emb_norm=13.32  train/pred_vs_static=0.2924  train/grad_norm=0.9037  train/lr=4.999e-05  train/samples_per_sec=302.5
2026-10-04 06:35:28 [   6000] train/loss=0.3724  train/pred_loss=0.1488  train/sigreg_loss=2.484  train/emb_std=0.9805  train/emb_norm=13.33  train/pred_vs_static=0.2946  train/grad_norm=0.8849  train/lr=4.999e-05  train/samples_per_sec=302.5
2026-10-04 06:35:28 [   6000] train_epoch/loss=0.3902  train_epoch/pred_loss=0.1518  train_epoch/sigreg_loss=2.649  train_epoch/emb_std=0.9764  train_epoch/emb_norm=13.29  train_epoch/pred_vs_static=0.3114  train_epoch/grad_norm=1.002  train_epoch/lr=5e-05  train_epoch/epoch=2
2026-10-04 06:35:33 [   6000] val/loss=9.459  val/pred_loss=1.343  val/sigreg_loss=90.2  val/emb_std=0.8047  val/emb_norm=21.02  val/pred_vs_static=4.174  val/epoch=2
2026-10-04 06:35:34 epoch   2 | val pred_vs_static 4.17435 | best 4.17435 @ epoch 2 | saved epoch_002.pt
2026-10-04 06:35:45 [   6020] train/loss=0.3708  train/pred_loss=0.1488  train/sigreg_loss=2.469  train/emb_std=0.982  train/emb_norm=13.34  train/pred_vs_static=0.2917  train/grad_norm=0.9107  train/lr=4.999e-05  train/samples_per_sec=221.2
2026-10-04 06:35:54 [   6040] train/loss=0.3782  train/pred_loss=0.1516  train/sigreg_loss=2.518  train/emb_std=0.9789  train/emb_norm=13.3  train/pred_vs_static=0.2939  train/grad_norm=0.9023  train/lr=4.999e-05  train/samples_per_sec=255.9
2026-10-04 06:36:02 [   6060] train/loss=0.3712  train/pred_loss=0.1467  train/sigreg_loss=2.494  train/emb_std=0.9812  train/emb_norm=13.34  train/pred_vs_static=0.2953  train/grad_norm=0.8675  train/lr=4.999e-05  train/samples_per_sec=269.2
2026-10-04 06:36:11 [   6080] train/loss=0.3725  train/pred_loss=0.1474  train/sigreg_loss=2.501  train/emb_std=0.9807  train/emb_norm=13.31  train/pred_vs_static=0.2877  train/grad_norm=0.8889  train/lr=4.999e-05  train/samples_per_sec=275.4
2026-10-04 06:36:19 [   6100] train/loss=0.3772  train/pred_loss=0.1501  train/sigreg_loss=2.523  train/emb_std=0.9785  train/emb_norm=13.3  train/pred_vs_static=0.2888  train/grad_norm=0.8556  train/lr=4.999e-05  train/samples_per_sec=280.3
2026-10-04 06:36:28 [   6120] train/loss=0.3695  train/pred_loss=0.1456  train/sigreg_loss=2.486  train/emb_std=0.9828  train/emb_norm=13.35  train/pred_vs_static=0.2884  train/grad_norm=0.8706  train/lr=4.999e-05  train/samples_per_sec=283.4
2026-10-04 06:36:36 [   6140] train/loss=0.3735  train/pred_loss=0.1505  train/sigreg_loss=2.478  train/emb_std=0.9809  train/emb_norm=13.34  train/pred_vs_static=0.294  train/grad_norm=0.874  train/lr=4.999e-05  train/samples_per_sec=285.2
2026-10-04 06:36:45 [   6160] train/loss=0.3746  train/pred_loss=0.1528  train/sigreg_loss=2.466  train/emb_std=0.9785  train/emb_norm=13.3  train/pred_vs_static=0.29  train/grad_norm=0.8874  train/lr=4.999e-05  train/samples_per_sec=287.1
2026-10-04 06:36:53 [   6180] train/loss=0.3749  train/pred_loss=0.1484  train/sigreg_loss=2.516  train/emb_std=0.9799  train/emb_norm=13.32  train/pred_vs_static=0.29  train/grad_norm=0.9152  train/lr=4.999e-05  train/samples_per_sec=288.6
2026-10-04 06:37:02 [   6200] train/loss=0.3658  train/pred_loss=0.1431  train/sigreg_loss=2.474  train/emb_std=0.9846  train/emb_norm=13.37  train/pred_vs_static=0.2906  train/grad_norm=0.8712  train/lr=4.998e-05  train/samples_per_sec=289.8
2026-10-04 06:37:10 [   6220] train/loss=0.3711  train/pred_loss=0.1467  train/sigreg_loss=2.493  train/emb_std=0.9803  train/emb_norm=13.33  train/pred_vs_static=0.2929  train/grad_norm=0.9023  train/lr=4.998e-05  train/samples_per_sec=290.8
2026-10-04 06:37:19 [   6240] train/loss=0.3655  train/pred_loss=0.1457  train/sigreg_loss=2.442  train/emb_std=0.9826  train/emb_norm=13.34  train/pred_vs_static=0.2907  train/grad_norm=0.8817  train/lr=4.998e-05  train/samples_per_sec=291.6
2026-10-04 06:37:27 [   6260] train/loss=0.3689  train/pred_loss=0.1473  train/sigreg_loss=2.462  train/emb_std=0.9785  train/emb_norm=13.31  train/pred_vs_static=0.2936  train/grad_norm=0.8785  train/lr=4.998e-05  train/samples_per_sec=292.2
2026-10-04 06:37:36 [   6280] train/loss=0.365  train/pred_loss=0.1444  train/sigreg_loss=2.451  train/emb_std=0.9811  train/emb_norm=13.33  train/pred_vs_static=0.2925  train/grad_norm=0.8628  train/lr=4.998e-05  train/samples_per_sec=292.9
2026-10-04 06:37:44 [   6300] train/loss=0.3732  train/pred_loss=0.1505  train/sigreg_loss=2.474  train/emb_std=0.9791  train/emb_norm=13.32  train/pred_vs_static=0.2865  train/grad_norm=0.8506  train/lr=4.998e-05  train/samples_per_sec=293.5
2026-10-04 06:37:53 [   6320] train/loss=0.3679  train/pred_loss=0.1472  train/sigreg_loss=2.452  train/emb_std=0.9801  train/emb_norm=13.33  train/pred_vs_static=0.2874  train/grad_norm=0.8403  train/lr=4.998e-05  train/samples_per_sec=294
2026-10-04 06:38:01 [   6340] train/loss=0.3759  train/pred_loss=0.1505  train/sigreg_loss=2.504  train/emb_std=0.9799  train/emb_norm=13.32  train/pred_vs_static=0.289  train/grad_norm=0.9084  train/lr=4.998e-05  train/samples_per_sec=294.3
2026-10-04 06:38:10 [   6360] train/loss=0.3739  train/pred_loss=0.1516  train/sigreg_loss=2.471  train/emb_std=0.9785  train/emb_norm=13.3  train/pred_vs_static=0.2913  train/grad_norm=0.8669  train/lr=4.998e-05  train/samples_per_sec=294.7
2026-10-04 06:38:18 [   6380] train/loss=0.3731  train/pred_loss=0.1505  train/sigreg_loss=2.473  train/emb_std=0.9799  train/emb_norm=13.31  train/pred_vs_static=0.2903  train/grad_norm=0.8808  train/lr=4.998e-05  train/samples_per_sec=294.9
2026-10-04 06:38:27 [   6400] train/loss=0.3711  train/pred_loss=0.1487  train/sigreg_loss=2.472  train/emb_std=0.9785  train/emb_norm=13.3  train/pred_vs_static=0.2887  train/grad_norm=0.872  train/lr=4.998e-05  train/samples_per_sec=295.2
2026-10-04 06:38:35 [   6420] train/loss=0.3668  train/pred_loss=0.1455  train/sigreg_loss=2.459  train/emb_std=0.9822  train/emb_norm=13.33  train/pred_vs_static=0.2845  train/grad_norm=0.8461  train/lr=4.998e-05  train/samples_per_sec=295.5
2026-10-04 06:38:44 [   6440] train/loss=0.3662  train/pred_loss=0.1457  train/sigreg_loss=2.448  train/emb_std=0.9809  train/emb_norm=13.32  train/pred_vs_static=0.2865  train/grad_norm=0.8871  train/lr=4.998e-05  train/samples_per_sec=295.8
2026-10-04 06:38:52 [   6460] train/loss=0.365  train/pred_loss=0.1464  train/sigreg_loss=2.428  train/emb_std=0.9842  train/emb_norm=13.35  train/pred_vs_static=0.2897  train/grad_norm=0.8744  train/lr=4.998e-05  train/samples_per_sec=296
2026-10-04 06:39:01 [   6480] train/loss=0.3642  train/pred_loss=0.1451  train/sigreg_loss=2.433  train/emb_std=0.9816  train/emb_norm=13.33  train/pred_vs_static=0.285  train/grad_norm=0.8359  train/lr=4.998e-05  train/samples_per_sec=296.2
2026-10-04 06:39:09 [   6500] train/loss=0.365  train/pred_loss=0.1456  train/sigreg_loss=2.438  train/emb_std=0.9842  train/emb_norm=13.36  train/pred_vs_static=0.2809  train/grad_norm=0.8417  train/lr=4.998e-05  train/samples_per_sec=296.4
2026-10-04 06:39:18 [   6520] train/loss=0.3665  train/pred_loss=0.1488  train/sigreg_loss=2.418  train/emb_std=0.983  train/emb_norm=13.35  train/pred_vs_static=0.2863  train/grad_norm=0.8697  train/lr=4.998e-05  train/samples_per_sec=296.5
2026-10-04 06:39:26 [   6540] train/loss=0.3687  train/pred_loss=0.148  train/sigreg_loss=2.452  train/emb_std=0.9844  train/emb_norm=13.35  train/pred_vs_static=0.2805  train/grad_norm=0.8816  train/lr=4.998e-05  train/samples_per_sec=296.7
2026-10-04 06:39:35 [   6560] train/loss=0.3675  train/pred_loss=0.1497  train/sigreg_loss=2.42  train/emb_std=0.983  train/emb_norm=13.34  train/pred_vs_static=0.2896  train/grad_norm=0.8738  train/lr=4.998e-05  train/samples_per_sec=296.8
2026-10-04 06:39:44 [   6580] train/loss=0.3712  train/pred_loss=0.1471  train/sigreg_loss=2.49  train/emb_std=0.9809  train/emb_norm=13.32  train/pred_vs_static=0.2829  train/grad_norm=0.8911  train/lr=4.998e-05  train/samples_per_sec=296.9
2026-10-04 06:39:52 [   6600] train/loss=0.3651  train/pred_loss=0.1449  train/sigreg_loss=2.447  train/emb_std=0.9842  train/emb_norm=13.37  train/pred_vs_static=0.2808  train/grad_norm=0.852  train/lr=4.998e-05  train/samples_per_sec=297
2026-10-04 06:40:01 [   6620] train/loss=0.3642  train/pred_loss=0.1441  train/sigreg_loss=2.446  train/emb_std=0.9832  train/emb_norm=13.33  train/pred_vs_static=0.2812  train/grad_norm=0.8377  train/lr=4.998e-05  train/samples_per_sec=297
2026-10-04 06:40:09 [   6640] train/loss=0.3722  train/pred_loss=0.1502  train/sigreg_loss=2.466  train/emb_std=0.9818  train/emb_norm=13.32  train/pred_vs_static=0.2866  train/grad_norm=0.854  train/lr=4.998e-05  train/samples_per_sec=297.1
2026-10-04 06:40:18 [   6660] train/loss=0.3647  train/pred_loss=0.1467  train/sigreg_loss=2.425  train/emb_std=0.9838  train/emb_norm=13.35  train/pred_vs_static=0.2837  train/grad_norm=0.8529  train/lr=4.998e-05  train/samples_per_sec=297.2
2026-10-04 06:40:26 [   6680] train/loss=0.3681  train/pred_loss=0.1495  train/sigreg_loss=2.429  train/emb_std=0.983  train/emb_norm=13.35  train/pred_vs_static=0.2834  train/grad_norm=0.8676  train/lr=4.998e-05  train/samples_per_sec=297.3
2026-10-04 06:40:35 [   6700] train/loss=0.3637  train/pred_loss=0.1427  train/sigreg_loss=2.455  train/emb_std=0.9811  train/emb_norm=13.32  train/pred_vs_static=0.284  train/grad_norm=0.8232  train/lr=4.998e-05  train/samples_per_sec=297.4
2026-10-04 06:40:43 [   6720] train/loss=0.3683  train/pred_loss=0.149  train/sigreg_loss=2.437  train/emb_std=0.9854  train/emb_norm=13.38  train/pred_vs_static=0.2858  train/grad_norm=0.8499  train/lr=4.998e-05  train/samples_per_sec=297.5
2026-10-04 06:40:52 [   6740] train/loss=0.3726  train/pred_loss=0.1505  train/sigreg_loss=2.466  train/emb_std=0.9791  train/emb_norm=13.29  train/pred_vs_static=0.2835  train/grad_norm=0.8766  train/lr=4.998e-05  train/samples_per_sec=297.6
2026-10-04 06:41:00 [   6760] train/loss=0.367  train/pred_loss=0.148  train/sigreg_loss=2.434  train/emb_std=0.9814  train/emb_norm=13.34  train/pred_vs_static=0.282  train/grad_norm=0.8677  train/lr=4.998e-05  train/samples_per_sec=297.8
2026-10-04 06:41:09 [   6780] train/loss=0.3683  train/pred_loss=0.1478  train/sigreg_loss=2.449  train/emb_std=0.9824  train/emb_norm=13.34  train/pred_vs_static=0.2829  train/grad_norm=0.8699  train/lr=4.998e-05  train/samples_per_sec=297.8
2026-10-04 06:41:17 [   6800] train/loss=0.3649  train/pred_loss=0.1459  train/sigreg_loss=2.435  train/emb_std=0.9822  train/emb_norm=13.33  train/pred_vs_static=0.2817  train/grad_norm=0.8412  train/lr=4.998e-05  train/samples_per_sec=297.8
2026-10-04 06:41:26 [   6820] train/loss=0.3595  train/pred_loss=0.1444  train/sigreg_loss=2.391  train/emb_std=0.9826  train/emb_norm=13.35  train/pred_vs_static=0.2863  train/grad_norm=0.8508  train/lr=4.997e-05  train/samples_per_sec=298
2026-10-04 06:41:34 [   6840] train/loss=0.3635  train/pred_loss=0.1443  train/sigreg_loss=2.436  train/emb_std=0.9848  train/emb_norm=13.36  train/pred_vs_static=0.2815  train/grad_norm=0.8648  train/lr=4.997e-05  train/samples_per_sec=298
2026-10-04 06:41:43 [   6860] train/loss=0.3636  train/pred_loss=0.1467  train/sigreg_loss=2.409  train/emb_std=0.9832  train/emb_norm=13.34  train/pred_vs_static=0.2817  train/grad_norm=0.8434  train/lr=4.997e-05  train/samples_per_sec=298.1
2026-10-04 06:41:51 [   6880] train/loss=0.3629  train/pred_loss=0.1456  train/sigreg_loss=2.413  train/emb_std=0.9834  train/emb_norm=13.34  train/pred_vs_static=0.276  train/grad_norm=0.8558  train/lr=4.997e-05  train/samples_per_sec=298.2
2026-10-04 06:42:00 [   6900] train/loss=0.3624  train/pred_loss=0.1462  train/sigreg_loss=2.401  train/emb_std=0.9842  train/emb_norm=13.36  train/pred_vs_static=0.2888  train/grad_norm=0.8397  train/lr=4.997e-05  train/samples_per_sec=298.3
2026-10-04 06:42:08 [   6920] train/loss=0.3646  train/pred_loss=0.1468  train/sigreg_loss=2.42  train/emb_std=0.9824  train/emb_norm=13.35  train/pred_vs_static=0.282  train/grad_norm=0.8407  train/lr=4.997e-05  train/samples_per_sec=298.3
2026-10-04 06:42:17 [   6940] train/loss=0.3651  train/pred_loss=0.1465  train/sigreg_loss=2.428  train/emb_std=0.9799  train/emb_norm=13.32  train/pred_vs_static=0.2792  train/grad_norm=0.8681  train/lr=4.997e-05  train/samples_per_sec=298.4
2026-10-04 06:42:25 [   6960] train/loss=0.3605  train/pred_loss=0.1457  train/sigreg_loss=2.387  train/emb_std=0.9803  train/emb_norm=13.31  train/pred_vs_static=0.2806  train/grad_norm=0.837  train/lr=4.997e-05  train/samples_per_sec=298.5
2026-10-04 06:42:34 [   6980] train/loss=0.3621  train/pred_loss=0.1474  train/sigreg_loss=2.387  train/emb_std=0.9834  train/emb_norm=13.35  train/pred_vs_static=0.2826  train/grad_norm=0.8203  train/lr=4.997e-05  train/samples_per_sec=298.5
2026-10-04 06:42:42 [   7000] train/loss=0.3614  train/pred_loss=0.1465  train/sigreg_loss=2.387  train/emb_std=0.9836  train/emb_norm=13.35  train/pred_vs_static=0.2878  train/grad_norm=0.8172  train/lr=4.997e-05  train/samples_per_sec=298.6
2026-10-04 06:42:51 [   7020] train/loss=0.3592  train/pred_loss=0.1445  train/sigreg_loss=2.386  train/emb_std=0.9812  train/emb_norm=13.34  train/pred_vs_static=0.2867  train/grad_norm=0.8566  train/lr=4.997e-05  train/samples_per_sec=298.7
2026-10-04 06:42:59 [   7040] train/loss=0.3579  train/pred_loss=0.1422  train/sigreg_loss=2.397  train/emb_std=0.9816  train/emb_norm=13.34  train/pred_vs_static=0.2827  train/grad_norm=0.8064  train/lr=4.997e-05  train/samples_per_sec=298.7
2026-10-04 06:43:08 [   7060] train/loss=0.3639  train/pred_loss=0.1465  train/sigreg_loss=2.418  train/emb_std=0.9824  train/emb_norm=13.33  train/pred_vs_static=0.2807  train/grad_norm=0.8523  train/lr=4.997e-05  train/samples_per_sec=298.7
2026-10-04 06:43:16 [   7080] train/loss=0.3628  train/pred_loss=0.145  train/sigreg_loss=2.419  train/emb_std=0.9809  train/emb_norm=13.32  train/pred_vs_static=0.2787  train/grad_norm=0.8255  train/lr=4.997e-05  train/samples_per_sec=298.8
2026-10-04 06:43:25 [   7100] train/loss=0.3614  train/pred_loss=0.1453  train/sigreg_loss=2.402  train/emb_std=0.9834  train/emb_norm=13.36  train/pred_vs_static=0.2839  train/grad_norm=0.823  train/lr=4.997e-05  train/samples_per_sec=298.8
2026-10-04 06:43:33 [   7120] train/loss=0.3702  train/pred_loss=0.1522  train/sigreg_loss=2.423  train/emb_std=0.9811  train/emb_norm=13.34  train/pred_vs_static=0.2838  train/grad_norm=0.8747  train/lr=4.997e-05  train/samples_per_sec=298.9
2026-10-04 06:43:42 [   7140] train/loss=0.3635  train/pred_loss=0.1472  train/sigreg_loss=2.403  train/emb_std=0.9834  train/emb_norm=13.36  train/pred_vs_static=0.2781  train/grad_norm=0.8425  train/lr=4.997e-05  train/samples_per_sec=298.9
2026-10-04 06:43:50 [   7160] train/loss=0.3614  train/pred_loss=0.1464  train/sigreg_loss=2.388  train/emb_std=0.9826  train/emb_norm=13.35  train/pred_vs_static=0.2816  train/grad_norm=0.8175  train/lr=4.997e-05  train/samples_per_sec=298.9
2026-10-04 06:43:59 [   7180] train/loss=0.3641  train/pred_loss=0.1466  train/sigreg_loss=2.416  train/emb_std=0.9793  train/emb_norm=13.32  train/pred_vs_static=0.2863  train/grad_norm=0.877  train/lr=4.997e-05  train/samples_per_sec=299
2026-10-04 06:44:07 [   7200] train/loss=0.358  train/pred_loss=0.143  train/sigreg_loss=2.388  train/emb_std=0.9824  train/emb_norm=13.36  train/pred_vs_static=0.2791  train/grad_norm=0.8347  train/lr=4.997e-05  train/samples_per_sec=299
2026-10-04 06:44:16 [   7220] train/loss=0.3579  train/pred_loss=0.1433  train/sigreg_loss=2.383  train/emb_std=0.9826  train/emb_norm=13.34  train/pred_vs_static=0.273  train/grad_norm=0.8181  train/lr=4.997e-05  train/samples_per_sec=299
2026-10-04 06:44:24 [   7240] train/loss=0.3642  train/pred_loss=0.1469  train/sigreg_loss=2.415  train/emb_std=0.9807  train/emb_norm=13.34  train/pred_vs_static=0.2857  train/grad_norm=0.8309  train/lr=4.997e-05  train/samples_per_sec=299
2026-10-04 06:44:33 [   7260] train/loss=0.362  train/pred_loss=0.1487  train/sigreg_loss=2.371  train/emb_std=0.9838  train/emb_norm=13.35  train/pred_vs_static=0.2822  train/grad_norm=0.8071  train/lr=4.997e-05  train/samples_per_sec=299.1
2026-10-04 06:44:41 [   7280] train/loss=0.3635  train/pred_loss=0.1474  train/sigreg_loss=2.401  train/emb_std=0.9834  train/emb_norm=13.35  train/pred_vs_static=0.2767  train/grad_norm=0.8175  train/lr=4.997e-05  train/samples_per_sec=299
2026-10-04 06:44:50 [   7300] train/loss=0.3579  train/pred_loss=0.1445  train/sigreg_loss=2.37  train/emb_std=0.9852  train/emb_norm=13.37  train/pred_vs_static=0.2749  train/grad_norm=0.8067  train/lr=4.997e-05  train/samples_per_sec=299.1
2026-10-04 06:44:58 [   7320] train/loss=0.358  train/pred_loss=0.1444  train/sigreg_loss=2.372  train/emb_std=0.985  train/emb_norm=13.39  train/pred_vs_static=0.2777  train/grad_norm=0.8174  train/lr=4.997e-05  train/samples_per_sec=299.1
2026-10-04 06:45:07 [   7340] train/loss=0.3595  train/pred_loss=0.1438  train/sigreg_loss=2.395  train/emb_std=0.9811  train/emb_norm=13.33  train/pred_vs_static=0.2799  train/grad_norm=0.8229  train/lr=4.996e-05  train/samples_per_sec=299.1
2026-10-04 06:45:16 [   7360] train/loss=0.363  train/pred_loss=0.1474  train/sigreg_loss=2.395  train/emb_std=0.9822  train/emb_norm=13.33  train/pred_vs_static=0.2801  train/grad_norm=0.8202  train/lr=4.996e-05  train/samples_per_sec=299.1
2026-10-04 06:45:24 [   7380] train/loss=0.3625  train/pred_loss=0.1467  train/sigreg_loss=2.397  train/emb_std=0.9816  train/emb_norm=13.35  train/pred_vs_static=0.2794  train/grad_norm=0.8348  train/lr=4.996e-05  train/samples_per_sec=299.1
2026-10-04 06:45:33 [   7400] train/loss=0.3645  train/pred_loss=0.1458  train/sigreg_loss=2.43  train/emb_std=0.9809  train/emb_norm=13.32  train/pred_vs_static=0.2745  train/grad_norm=0.8196  train/lr=4.996e-05  train/samples_per_sec=299.2
2026-10-04 06:45:41 [   7420] train/loss=0.3568  train/pred_loss=0.1461  train/sigreg_loss=2.341  train/emb_std=0.9834  train/emb_norm=13.37  train/pred_vs_static=0.2758  train/grad_norm=0.8091  train/lr=4.996e-05  train/samples_per_sec=299.2
2026-10-04 06:45:50 [   7440] train/loss=0.3553  train/pred_loss=0.1434  train/sigreg_loss=2.355  train/emb_std=0.9836  train/emb_norm=13.35  train/pred_vs_static=0.2755  train/grad_norm=0.8027  train/lr=4.996e-05  train/samples_per_sec=299.2
2026-10-04 06:45:58 [   7460] train/loss=0.358  train/pred_loss=0.1478  train/sigreg_loss=2.335  train/emb_std=0.9838  train/emb_norm=13.37  train/pred_vs_static=0.279  train/grad_norm=0.8229  train/lr=4.996e-05  train/samples_per_sec=299.2
2026-10-04 06:46:07 [   7480] train/loss=0.3533  train/pred_loss=0.143  train/sigreg_loss=2.337  train/emb_std=0.9832  train/emb_norm=13.34  train/pred_vs_static=0.2783  train/grad_norm=0.8022  train/lr=4.996e-05  train/samples_per_sec=299.3
2026-10-04 06:46:15 [   7500] train/loss=0.3567  train/pred_loss=0.1426  train/sigreg_loss=2.377  train/emb_std=0.9832  train/emb_norm=13.36  train/pred_vs_static=0.2784  train/grad_norm=0.8045  train/lr=4.996e-05  train/samples_per_sec=299.3
2026-10-04 06:46:24 [   7520] train/loss=0.3609  train/pred_loss=0.1459  train/sigreg_loss=2.389  train/emb_std=0.9828  train/emb_norm=13.34  train/pred_vs_static=0.2829  train/grad_norm=0.805  train/lr=4.996e-05  train/samples_per_sec=299.3
2026-10-04 06:46:32 [   7540] train/loss=0.3596  train/pred_loss=0.1439  train/sigreg_loss=2.397  train/emb_std=0.9832  train/emb_norm=13.36  train/pred_vs_static=0.2814  train/grad_norm=0.84  train/lr=4.996e-05  train/samples_per_sec=299.3
2026-10-04 06:46:41 [   7560] train/loss=0.3591  train/pred_loss=0.143  train/sigreg_loss=2.398  train/emb_std=0.9797  train/emb_norm=13.32  train/pred_vs_static=0.2732  train/grad_norm=0.8348  train/lr=4.996e-05  train/samples_per_sec=299.3
2026-10-04 06:46:49 [   7580] train/loss=0.3525  train/pred_loss=0.1423  train/sigreg_loss=2.337  train/emb_std=0.9826  train/emb_norm=13.36  train/pred_vs_static=0.2769  train/grad_norm=0.8004  train/lr=4.996e-05  train/samples_per_sec=299.2
2026-10-04 06:46:58 [   7600] train/loss=0.3527  train/pred_loss=0.1427  train/sigreg_loss=2.334  train/emb_std=0.9838  train/emb_norm=13.34  train/pred_vs_static=0.2751  train/grad_norm=0.7902  train/lr=4.996e-05  train/samples_per_sec=299.3
2026-10-04 06:47:06 [   7620] train/loss=0.3617  train/pred_loss=0.1464  train/sigreg_loss=2.391  train/emb_std=0.9818  train/emb_norm=13.33  train/pred_vs_static=0.2792  train/grad_norm=0.8285  train/lr=4.996e-05  train/samples_per_sec=299.3
2026-10-04 06:47:15 [   7640] train/loss=0.3599  train/pred_loss=0.148  train/sigreg_loss=2.355  train/emb_std=0.9832  train/emb_norm=13.35  train/pred_vs_static=0.2739  train/grad_norm=0.7976  train/lr=4.996e-05  train/samples_per_sec=299.3
2026-10-04 06:47:23 [   7660] train/loss=0.3566  train/pred_loss=0.1452  train/sigreg_loss=2.349  train/emb_std=0.9838  train/emb_norm=13.35  train/pred_vs_static=0.273  train/grad_norm=0.7883  train/lr=4.996e-05  train/samples_per_sec=299.3
2026-10-04 06:47:32 [   7680] train/loss=0.3552  train/pred_loss=0.1448  train/sigreg_loss=2.337  train/emb_std=0.982  train/emb_norm=13.37  train/pred_vs_static=0.279  train/grad_norm=0.7958  train/lr=4.996e-05  train/samples_per_sec=299.3
2026-10-04 06:47:41 [   7700] train/loss=0.3591  train/pred_loss=0.1453  train/sigreg_loss=2.376  train/emb_std=0.9857  train/emb_norm=13.37  train/pred_vs_static=0.2766  train/grad_norm=0.8017  train/lr=4.996e-05  train/samples_per_sec=299.3
2026-10-04 06:47:49 [   7720] train/loss=0.3548  train/pred_loss=0.1428  train/sigreg_loss=2.355  train/emb_std=0.9807  train/emb_norm=13.33  train/pred_vs_static=0.2751  train/grad_norm=0.795  train/lr=4.996e-05  train/samples_per_sec=299.3
2026-10-04 06:47:58 [   7740] train/loss=0.3522  train/pred_loss=0.144  train/sigreg_loss=2.315  train/emb_std=0.9822  train/emb_norm=13.35  train/pred_vs_static=0.2688  train/grad_norm=0.7891  train/lr=4.996e-05  train/samples_per_sec=299.3
2026-10-04 06:48:06 [   7760] train/loss=0.3563  train/pred_loss=0.1439  train/sigreg_loss=2.361  train/emb_std=0.9846  train/emb_norm=13.38  train/pred_vs_static=0.2705  train/grad_norm=0.8026  train/lr=4.996e-05  train/samples_per_sec=299.3
2026-10-04 06:48:15 [   7780] train/loss=0.3593  train/pred_loss=0.1455  train/sigreg_loss=2.376  train/emb_std=0.9828  train/emb_norm=13.35  train/pred_vs_static=0.2692  train/grad_norm=0.7807  train/lr=4.995e-05  train/samples_per_sec=299.3
2026-10-04 06:48:23 [   7800] train/loss=0.3528  train/pred_loss=0.144  train/sigreg_loss=2.32  train/emb_std=0.9822  train/emb_norm=13.35  train/pred_vs_static=0.2702  train/grad_norm=0.8077  train/lr=4.995e-05  train/samples_per_sec=299.3
2026-10-04 06:48:32 [   7820] train/loss=0.3561  train/pred_loss=0.1461  train/sigreg_loss=2.334  train/emb_std=0.9801  train/emb_norm=13.33  train/pred_vs_static=0.2696  train/grad_norm=0.7894  train/lr=4.995e-05  train/samples_per_sec=299.3
2026-10-04 06:48:40 [   7840] train/loss=0.3531  train/pred_loss=0.1451  train/sigreg_loss=2.311  train/emb_std=0.9818  train/emb_norm=13.34  train/pred_vs_static=0.2725  train/grad_norm=0.8033  train/lr=4.995e-05  train/samples_per_sec=299.3
2026-10-04 06:48:49 [   7860] train/loss=0.3581  train/pred_loss=0.146  train/sigreg_loss=2.355  train/emb_std=0.9799  train/emb_norm=13.33  train/pred_vs_static=0.2727  train/grad_norm=0.81  train/lr=4.995e-05  train/samples_per_sec=299.3
2026-10-04 06:48:58 [   7880] train/loss=0.356  train/pred_loss=0.1452  train/sigreg_loss=2.343  train/emb_std=0.9822  train/emb_norm=13.34  train/pred_vs_static=0.2729  train/grad_norm=0.8228  train/lr=4.995e-05  train/samples_per_sec=299.3
2026-10-04 06:49:06 [   7900] train/loss=0.3551  train/pred_loss=0.1456  train/sigreg_loss=2.328  train/emb_std=0.9848  train/emb_norm=13.37  train/pred_vs_static=0.2724  train/grad_norm=0.7975  train/lr=4.995e-05  train/samples_per_sec=299.3
2026-10-04 06:49:15 [   7920] train/loss=0.356  train/pred_loss=0.1483  train/sigreg_loss=2.306  train/emb_std=0.9812  train/emb_norm=13.34  train/pred_vs_static=0.2709  train/grad_norm=0.8027  train/lr=4.995e-05  train/samples_per_sec=299.3
2026-10-04 06:49:23 [   7940] train/loss=0.3499  train/pred_loss=0.1412  train/sigreg_loss=2.319  train/emb_std=0.9811  train/emb_norm=13.35  train/pred_vs_static=0.274  train/grad_norm=0.7826  train/lr=4.995e-05  train/samples_per_sec=299.3
2026-10-04 06:49:32 [   7960] train/loss=0.3518  train/pred_loss=0.1422  train/sigreg_loss=2.328  train/emb_std=0.9803  train/emb_norm=13.32  train/pred_vs_static=0.2722  train/grad_norm=0.7737  train/lr=4.995e-05  train/samples_per_sec=299.3
2026-10-04 06:49:40 [   7980] train/loss=0.3567  train/pred_loss=0.1447  train/sigreg_loss=2.356  train/emb_std=0.9822  train/emb_norm=13.34  train/pred_vs_static=0.2661  train/grad_norm=0.7947  train/lr=4.995e-05  train/samples_per_sec=299.4
2026-10-04 06:49:48 [   8000] train/loss=0.3572  train/pred_loss=0.1467  train/sigreg_loss=2.338  train/emb_std=0.9807  train/emb_norm=13.34  train/pred_vs_static=0.2668  train/grad_norm=0.8001  train/lr=4.995e-05  train/samples_per_sec=299.5
2026-10-04 06:49:48 [   8000] train_epoch/loss=0.3632  train_epoch/pred_loss=0.1463  train_epoch/sigreg_loss=2.41  train_epoch/emb_std=0.982  train_epoch/emb_norm=13.34  train_epoch/pred_vs_static=0.2815  train_epoch/grad_norm=0.839  train_epoch/lr=4.997e-05  train_epoch/epoch=3
2026-10-04 06:49:53 [   8000] val/loss=18.3  val/pred_loss=2.95  val/sigreg_loss=170.6  val/emb_std=0.8461  val/emb_norm=34.97  val/pred_vs_static=9.149  val/epoch=3
2026-10-04 06:49:53 epoch   3 | val pred_vs_static 9.14856 | best 4.17435 @ epoch 2 | saved epoch_003.pt
2026-10-04 06:50:04 [   8020] train/loss=0.3538  train/pred_loss=0.1451  train/sigreg_loss=2.32  train/emb_std=0.9822  train/emb_norm=13.34  train/pred_vs_static=0.2699  train/grad_norm=0.7942  train/lr=4.995e-05  train/samples_per_sec=244.2
2026-10-04 06:50:12 [   8040] train/loss=0.3498  train/pred_loss=0.1442  train/sigreg_loss=2.285  train/emb_std=0.9842  train/emb_norm=13.36  train/pred_vs_static=0.2713  train/grad_norm=0.7892  train/lr=4.995e-05  train/samples_per_sec=269.3
2026-10-04 06:50:21 [   8060] train/loss=0.3586  train/pred_loss=0.1472  train/sigreg_loss=2.348  train/emb_std=0.9816  train/emb_norm=13.33  train/pred_vs_static=0.28  train/grad_norm=0.8176  train/lr=4.995e-05  train/samples_per_sec=278.4
2026-10-04 06:50:29 [   8080] train/loss=0.352  train/pred_loss=0.1426  train/sigreg_loss=2.327  train/emb_std=0.9832  train/emb_norm=13.35  train/pred_vs_static=0.273  train/grad_norm=0.8013  train/lr=4.995e-05  train/samples_per_sec=283.5
2026-10-04 06:50:38 [   8100] train/loss=0.3547  train/pred_loss=0.1458  train/sigreg_loss=2.32  train/emb_std=0.9861  train/emb_norm=13.39  train/pred_vs_static=0.2742  train/grad_norm=0.7767  train/lr=4.995e-05  train/samples_per_sec=286.9
2026-10-04 06:50:46 [   8120] train/loss=0.3582  train/pred_loss=0.1485  train/sigreg_loss=2.329  train/emb_std=0.9842  train/emb_norm=13.35  train/pred_vs_static=0.2764  train/grad_norm=0.7935  train/lr=4.995e-05  train/samples_per_sec=288.4
2026-10-04 06:50:55 [   8140] train/loss=0.3531  train/pred_loss=0.1454  train/sigreg_loss=2.308  train/emb_std=0.984  train/emb_norm=13.36  train/pred_vs_static=0.2739  train/grad_norm=0.7949  train/lr=4.995e-05  train/samples_per_sec=289.4
2026-10-04 06:51:04 [   8160] train/loss=0.3514  train/pred_loss=0.1439  train/sigreg_loss=2.307  train/emb_std=0.9834  train/emb_norm=13.36  train/pred_vs_static=0.2747  train/grad_norm=0.8101  train/lr=4.995e-05  train/samples_per_sec=290.1
2026-10-04 06:51:12 [   8180] train/loss=0.3551  train/pred_loss=0.1441  train/sigreg_loss=2.344  train/emb_std=0.982  train/emb_norm=13.33  train/pred_vs_static=0.2683  train/grad_norm=0.7939  train/lr=4.994e-05  train/samples_per_sec=291.2
2026-10-04 06:51:21 [   8200] train/loss=0.3532  train/pred_loss=0.1444  train/sigreg_loss=2.321  train/emb_std=0.9842  train/emb_norm=13.36  train/pred_vs_static=0.272  train/grad_norm=0.7676  train/lr=4.994e-05  train/samples_per_sec=291.9
2026-10-04 06:51:30 [   8220] train/loss=0.3542  train/pred_loss=0.1454  train/sigreg_loss=2.32  train/emb_std=0.984  train/emb_norm=13.36  train/pred_vs_static=0.2689  train/grad_norm=0.7852  train/lr=4.994e-05  train/samples_per_sec=292.3
2026-10-04 06:51:38 [   8240] train/loss=0.3514  train/pred_loss=0.144  train/sigreg_loss=2.305  train/emb_std=0.985  train/emb_norm=13.37  train/pred_vs_static=0.2746  train/grad_norm=0.7633  train/lr=4.994e-05  train/samples_per_sec=292.5
2026-10-04 06:51:47 [   8260] train/loss=0.3478  train/pred_loss=0.1413  train/sigreg_loss=2.294  train/emb_std=0.9863  train/emb_norm=13.38  train/pred_vs_static=0.2638  train/grad_norm=0.7561  train/lr=4.994e-05  train/samples_per_sec=292.7
2026-10-04 06:51:56 [   8280] train/loss=0.3559  train/pred_loss=0.1472  train/sigreg_loss=2.319  train/emb_std=0.982  train/emb_norm=13.34  train/pred_vs_static=0.2705  train/grad_norm=0.7946  train/lr=4.994e-05  train/samples_per_sec=292.9
2026-10-04 06:52:04 [   8300] train/loss=0.3535  train/pred_loss=0.1458  train/sigreg_loss=2.309  train/emb_std=0.9816  train/emb_norm=13.34  train/pred_vs_static=0.2735  train/grad_norm=0.77  train/lr=4.994e-05  train/samples_per_sec=293.2
2026-10-04 06:52:13 [   8320] train/loss=0.3463  train/pred_loss=0.1408  train/sigreg_loss=2.283  train/emb_std=0.9838  train/emb_norm=13.36  train/pred_vs_static=0.2651  train/grad_norm=0.7569  train/lr=4.994e-05  train/samples_per_sec=293.6
2026-10-04 06:52:21 [   8340] train/loss=0.3436  train/pred_loss=0.1411  train/sigreg_loss=2.25  train/emb_std=0.9852  train/emb_norm=13.38  train/pred_vs_static=0.27  train/grad_norm=0.7499  train/lr=4.994e-05  train/samples_per_sec=293.9
2026-10-04 06:52:30 [   8360] train/loss=0.3511  train/pred_loss=0.1452  train/sigreg_loss=2.287  train/emb_std=0.9863  train/emb_norm=13.38  train/pred_vs_static=0.2661  train/grad_norm=0.7605  train/lr=4.994e-05  train/samples_per_sec=294.1
2026-10-04 06:52:38 [   8380] train/loss=0.3527  train/pred_loss=0.1473  train/sigreg_loss=2.284  train/emb_std=0.985  train/emb_norm=13.36  train/pred_vs_static=0.2716  train/grad_norm=0.7669  train/lr=4.994e-05  train/samples_per_sec=294.3
2026-10-04 06:52:47 [   8400] train/loss=0.3551  train/pred_loss=0.1441  train/sigreg_loss=2.343  train/emb_std=0.9861  train/emb_norm=13.39  train/pred_vs_static=0.2671  train/grad_norm=0.7561  train/lr=4.994e-05  train/samples_per_sec=294.4
2026-10-04 06:52:56 [   8420] train/loss=0.351  train/pred_loss=0.1435  train/sigreg_loss=2.306  train/emb_std=0.9838  train/emb_norm=13.36  train/pred_vs_static=0.2704  train/grad_norm=0.7614  train/lr=4.994e-05  train/samples_per_sec=294.5
2026-10-04 06:53:04 [   8440] train/loss=0.3547  train/pred_loss=0.1452  train/sigreg_loss=2.328  train/emb_std=0.9848  train/emb_norm=13.37  train/pred_vs_static=0.2714  train/grad_norm=0.7792  train/lr=4.994e-05  train/samples_per_sec=294.8
2026-10-04 06:53:13 [   8460] train/loss=0.3521  train/pred_loss=0.1455  train/sigreg_loss=2.295  train/emb_std=0.9852  train/emb_norm=13.37  train/pred_vs_static=0.2737  train/grad_norm=0.8188  train/lr=4.994e-05  train/samples_per_sec=295.2
2026-10-04 06:53:21 [   8480] train/loss=0.3555  train/pred_loss=0.1468  train/sigreg_loss=2.319  train/emb_std=0.985  train/emb_norm=13.37  train/pred_vs_static=0.2765  train/grad_norm=0.8163  train/lr=4.994e-05  train/samples_per_sec=295.3
2026-10-04 06:53:30 [   8500] train/loss=0.3581  train/pred_loss=0.1494  train/sigreg_loss=2.319  train/emb_std=0.9854  train/emb_norm=13.37  train/pred_vs_static=0.2699  train/grad_norm=0.79  train/lr=4.994e-05  train/samples_per_sec=295.5
2026-10-04 06:53:38 [   8520] train/loss=0.3493  train/pred_loss=0.1443  train/sigreg_loss=2.278  train/emb_std=0.9869  train/emb_norm=13.4  train/pred_vs_static=0.262  train/grad_norm=0.7593  train/lr=4.994e-05  train/samples_per_sec=295.6
2026-10-04 06:53:47 [   8540] train/loss=0.3537  train/pred_loss=0.1445  train/sigreg_loss=2.324  train/emb_std=0.983  train/emb_norm=13.35  train/pred_vs_static=0.2656  train/grad_norm=0.7629  train/lr=4.993e-05  train/samples_per_sec=295.8
2026-10-04 06:53:55 [   8560] train/loss=0.347  train/pred_loss=0.1423  train/sigreg_loss=2.276  train/emb_std=0.9848  train/emb_norm=13.37  train/pred_vs_static=0.262  train/grad_norm=0.7683  train/lr=4.993e-05  train/samples_per_sec=295.9
2026-10-04 06:54:04 [   8580] train/loss=0.3537  train/pred_loss=0.1479  train/sigreg_loss=2.288  train/emb_std=0.9834  train/emb_norm=13.34  train/pred_vs_static=0.2686  train/grad_norm=0.7756  train/lr=4.993e-05  train/samples_per_sec=296
2026-10-04 06:54:13 [   8600] train/loss=0.3543  train/pred_loss=0.1472  train/sigreg_loss=2.302  train/emb_std=0.984  train/emb_norm=13.35  train/pred_vs_static=0.2676  train/grad_norm=0.7665  train/lr=4.993e-05  train/samples_per_sec=296.1
2026-10-04 06:54:21 [   8620] train/loss=0.3495  train/pred_loss=0.1436  train/sigreg_loss=2.29  train/emb_std=0.9852  train/emb_norm=13.36  train/pred_vs_static=0.2717  train/grad_norm=0.7616  train/lr=4.993e-05  train/samples_per_sec=296.3
2026-10-04 06:54:30 [   8640] train/loss=0.347  train/pred_loss=0.1413  train/sigreg_loss=2.285  train/emb_std=0.985  train/emb_norm=13.36  train/pred_vs_static=0.264  train/grad_norm=0.751  train/lr=4.993e-05  train/samples_per_sec=296.5
2026-10-04 06:54:38 [   8660] train/loss=0.351  train/pred_loss=0.1446  train/sigreg_loss=2.292  train/emb_std=0.9828  train/emb_norm=13.36  train/pred_vs_static=0.2652  train/grad_norm=0.7767  train/lr=4.993e-05  train/samples_per_sec=296.6
2026-10-04 06:54:46 [   8680] train/loss=0.3477  train/pred_loss=0.143  train/sigreg_loss=2.276  train/emb_std=0.9863  train/emb_norm=13.37  train/pred_vs_static=0.2655  train/grad_norm=0.7517  train/lr=4.993e-05  train/samples_per_sec=296.8
2026-10-04 06:54:55 [   8700] train/loss=0.3473  train/pred_loss=0.1423  train/sigreg_loss=2.277  train/emb_std=0.9842  train/emb_norm=13.36  train/pred_vs_static=0.2656  train/grad_norm=0.7678  train/lr=4.993e-05  train/samples_per_sec=296.9
2026-10-04 06:55:03 [   8720] train/loss=0.3496  train/pred_loss=0.1453  train/sigreg_loss=2.27  train/emb_std=0.9846  train/emb_norm=13.37  train/pred_vs_static=0.2703  train/grad_norm=0.7707  train/lr=4.993e-05  train/samples_per_sec=297
2026-10-04 06:55:12 [   8740] train/loss=0.3459  train/pred_loss=0.1414  train/sigreg_loss=2.272  train/emb_std=0.9846  train/emb_norm=13.37  train/pred_vs_static=0.2705  train/grad_norm=0.787  train/lr=4.993e-05  train/samples_per_sec=297.2
2026-10-04 06:55:20 [   8760] train/loss=0.3469  train/pred_loss=0.1429  train/sigreg_loss=2.266  train/emb_std=0.9834  train/emb_norm=13.34  train/pred_vs_static=0.2635  train/grad_norm=0.7815  train/lr=4.993e-05  train/samples_per_sec=297.3
2026-10-04 06:55:29 [   8780] train/loss=0.3511  train/pred_loss=0.1462  train/sigreg_loss=2.278  train/emb_std=0.984  train/emb_norm=13.36  train/pred_vs_static=0.2655  train/grad_norm=0.7509  train/lr=4.993e-05  train/samples_per_sec=297.3
2026-10-04 06:55:37 [   8800] train/loss=0.3543  train/pred_loss=0.1483  train/sigreg_loss=2.291  train/emb_std=0.9859  train/emb_norm=13.38  train/pred_vs_static=0.2706  train/grad_norm=0.7724  train/lr=4.993e-05  train/samples_per_sec=297.4
2026-10-04 06:55:46 [   8820] train/loss=0.3517  train/pred_loss=0.1432  train/sigreg_loss=2.318  train/emb_std=0.9855  train/emb_norm=13.38  train/pred_vs_static=0.2629  train/grad_norm=0.7938  train/lr=4.993e-05  train/samples_per_sec=297.6
2026-10-04 06:55:54 [   8840] train/loss=0.3526  train/pred_loss=0.1477  train/sigreg_loss=2.277  train/emb_std=0.9846  train/emb_norm=13.37  train/pred_vs_static=0.2689  train/grad_norm=0.7787  train/lr=4.993e-05  train/samples_per_sec=297.7
2026-10-04 06:56:03 [   8860] train/loss=0.3481  train/pred_loss=0.1436  train/sigreg_loss=2.271  train/emb_std=0.9869  train/emb_norm=13.39  train/pred_vs_static=0.2652  train/grad_norm=0.76  train/lr=4.993e-05  train/samples_per_sec=297.8
2026-10-04 06:56:11 [   8880] train/loss=0.3482  train/pred_loss=0.1435  train/sigreg_loss=2.274  train/emb_std=0.984  train/emb_norm=13.36  train/pred_vs_static=0.2698  train/grad_norm=0.7665  train/lr=4.992e-05  train/samples_per_sec=297.8
2026-10-04 06:56:20 [   8900] train/loss=0.3515  train/pred_loss=0.1446  train/sigreg_loss=2.299  train/emb_std=0.9859  train/emb_norm=13.37  train/pred_vs_static=0.2723  train/grad_norm=0.7563  train/lr=4.992e-05  train/samples_per_sec=297.8
2026-10-04 06:56:29 [   8920] train/loss=0.3461  train/pred_loss=0.145  train/sigreg_loss=2.235  train/emb_std=0.9863  train/emb_norm=13.38  train/pred_vs_static=0.2669  train/grad_norm=0.7486  train/lr=4.992e-05  train/samples_per_sec=297.9
2026-10-04 06:56:37 [   8940] train/loss=0.3501  train/pred_loss=0.1451  train/sigreg_loss=2.28  train/emb_std=0.9865  train/emb_norm=13.38  train/pred_vs_static=0.2671  train/grad_norm=0.7567  train/lr=4.992e-05  train/samples_per_sec=298
2026-10-04 06:56:46 [   8960] train/loss=0.3485  train/pred_loss=0.1447  train/sigreg_loss=2.265  train/emb_std=0.9863  train/emb_norm=13.37  train/pred_vs_static=0.2652  train/grad_norm=0.7441  train/lr=4.992e-05  train/samples_per_sec=298
2026-10-04 06:56:54 [   8980] train/loss=0.3527  train/pred_loss=0.1481  train/sigreg_loss=2.273  train/emb_std=0.9867  train/emb_norm=13.37  train/pred_vs_static=0.267  train/grad_norm=0.7835  train/lr=4.992e-05  train/samples_per_sec=298.1
2026-10-04 06:57:03 [   9000] train/loss=0.3521  train/pred_loss=0.1466  train/sigreg_loss=2.284  train/emb_std=0.985  train/emb_norm=13.36  train/pred_vs_static=0.266  train/grad_norm=0.8136  train/lr=4.992e-05  train/samples_per_sec=298.1
2026-10-04 06:57:11 [   9020] train/loss=0.3511  train/pred_loss=0.1464  train/sigreg_loss=2.276  train/emb_std=0.9852  train/emb_norm=13.38  train/pred_vs_static=0.2689  train/grad_norm=0.7548  train/lr=4.992e-05  train/samples_per_sec=298.2
2026-10-04 06:57:19 [   9040] train/loss=0.346  train/pred_loss=0.1432  train/sigreg_loss=2.254  train/emb_std=0.9838  train/emb_norm=13.37  train/pred_vs_static=0.2667  train/grad_norm=0.7608  train/lr=4.992e-05  train/samples_per_sec=298.3
2026-10-04 06:57:28 [   9060] train/loss=0.3552  train/pred_loss=0.1499  train/sigreg_loss=2.282  train/emb_std=0.9838  train/emb_norm=13.34  train/pred_vs_static=0.2606  train/grad_norm=0.7548  train/lr=4.992e-05  train/samples_per_sec=298.4
2026-10-04 06:57:36 [   9080] train/loss=0.3419  train/pred_loss=0.141  train/sigreg_loss=2.232  train/emb_std=0.9883  train/emb_norm=13.42  train/pred_vs_static=0.2624  train/grad_norm=0.7463  train/lr=4.992e-05  train/samples_per_sec=298.5
2026-10-04 06:57:45 [   9100] train/loss=0.3521  train/pred_loss=0.1504  train/sigreg_loss=2.241  train/emb_std=0.9859  train/emb_norm=13.36  train/pred_vs_static=0.2666  train/grad_norm=0.7618  train/lr=4.992e-05  train/samples_per_sec=298.5
2026-10-04 06:57:53 [   9120] train/loss=0.3465  train/pred_loss=0.1447  train/sigreg_loss=2.243  train/emb_std=0.9855  train/emb_norm=13.38  train/pred_vs_static=0.2684  train/grad_norm=0.7503  train/lr=4.992e-05  train/samples_per_sec=298.6
2026-10-04 06:58:02 [   9140] train/loss=0.3488  train/pred_loss=0.1452  train/sigreg_loss=2.263  train/emb_std=0.9852  train/emb_norm=13.38  train/pred_vs_static=0.2661  train/grad_norm=0.7494  train/lr=4.992e-05  train/samples_per_sec=298.6
2026-10-04 06:58:10 [   9160] train/loss=0.3442  train/pred_loss=0.1452  train/sigreg_loss=2.212  train/emb_std=0.9871  train/emb_norm=13.41  train/pred_vs_static=0.2658  train/grad_norm=0.7444  train/lr=4.992e-05  train/samples_per_sec=298.7
2026-10-04 06:58:19 [   9180] train/loss=0.3455  train/pred_loss=0.1438  train/sigreg_loss=2.241  train/emb_std=0.9842  train/emb_norm=13.36  train/pred_vs_static=0.2637  train/grad_norm=0.7539  train/lr=4.992e-05  train/samples_per_sec=298.6
2026-10-04 06:58:28 [   9200] train/loss=0.3447  train/pred_loss=0.1448  train/sigreg_loss=2.22  train/emb_std=0.9863  train/emb_norm=13.39  train/pred_vs_static=0.2666  train/grad_norm=0.7474  train/lr=4.991e-05  train/samples_per_sec=298.7
2026-10-04 06:58:36 [   9220] train/loss=0.3453  train/pred_loss=0.1441  train/sigreg_loss=2.235  train/emb_std=0.9836  train/emb_norm=13.35  train/pred_vs_static=0.2639  train/grad_norm=0.7505  train/lr=4.991e-05  train/samples_per_sec=298.6
2026-10-04 06:58:45 [   9240] train/loss=0.3518  train/pred_loss=0.1474  train/sigreg_loss=2.272  train/emb_std=0.9836  train/emb_norm=13.34  train/pred_vs_static=0.2657  train/grad_norm=0.742  train/lr=4.991e-05  train/samples_per_sec=298.7
2026-10-04 06:58:53 [   9260] train/loss=0.3542  train/pred_loss=0.15  train/sigreg_loss=2.269  train/emb_std=0.9871  train/emb_norm=13.39  train/pred_vs_static=0.2695  train/grad_norm=0.748  train/lr=4.991e-05  train/samples_per_sec=298.7
2026-10-04 06:59:02 [   9280] train/loss=0.3469  train/pred_loss=0.1453  train/sigreg_loss=2.241  train/emb_std=0.9855  train/emb_norm=13.37  train/pred_vs_static=0.2625  train/grad_norm=0.7632  train/lr=4.991e-05  train/samples_per_sec=298.7
2026-10-04 06:59:10 [   9300] train/loss=0.3468  train/pred_loss=0.1439  train/sigreg_loss=2.255  train/emb_std=0.9836  train/emb_norm=13.36  train/pred_vs_static=0.2631  train/grad_norm=0.7546  train/lr=4.991e-05  train/samples_per_sec=298.8
2026-10-04 06:59:19 [   9320] train/loss=0.3475  train/pred_loss=0.1429  train/sigreg_loss=2.273  train/emb_std=0.9873  train/emb_norm=13.4  train/pred_vs_static=0.2619  train/grad_norm=0.7555  train/lr=4.991e-05  train/samples_per_sec=298.8
2026-10-04 06:59:27 [   9340] train/loss=0.3518  train/pred_loss=0.1476  train/sigreg_loss=2.269  train/emb_std=0.9863  train/emb_norm=13.36  train/pred_vs_static=0.2669  train/grad_norm=0.7554  train/lr=4.991e-05  train/samples_per_sec=298.8
2026-10-04 06:59:36 [   9360] train/loss=0.3498  train/pred_loss=0.147  train/sigreg_loss=2.253  train/emb_std=0.9861  train/emb_norm=13.38  train/pred_vs_static=0.2607  train/grad_norm=0.7574  train/lr=4.991e-05  train/samples_per_sec=298.8
2026-10-04 06:59:44 [   9380] train/loss=0.3472  train/pred_loss=0.1427  train/sigreg_loss=2.273  train/emb_std=0.9863  train/emb_norm=13.39  train/pred_vs_static=0.2656  train/grad_norm=0.7494  train/lr=4.991e-05  train/samples_per_sec=298.8
2026-10-04 06:59:53 [   9400] train/loss=0.3452  train/pred_loss=0.1441  train/sigreg_loss=2.234  train/emb_std=0.9861  train/emb_norm=13.38  train/pred_vs_static=0.2656  train/grad_norm=0.7296  train/lr=4.991e-05  train/samples_per_sec=298.9
2026-10-04 07:00:01 [   9420] train/loss=0.3474  train/pred_loss=0.1456  train/sigreg_loss=2.244  train/emb_std=0.9846  train/emb_norm=13.36  train/pred_vs_static=0.2638  train/grad_norm=0.761  train/lr=4.991e-05  train/samples_per_sec=298.9
2026-10-04 07:00:10 [   9440] train/loss=0.345  train/pred_loss=0.1428  train/sigreg_loss=2.246  train/emb_std=0.9871  train/emb_norm=13.39  train/pred_vs_static=0.2593  train/grad_norm=0.7172  train/lr=4.991e-05  train/samples_per_sec=298.9
2026-10-04 07:00:18 [   9460] train/loss=0.3479  train/pred_loss=0.1468  train/sigreg_loss=2.234  train/emb_std=0.9848  train/emb_norm=13.37  train/pred_vs_static=0.2655  train/grad_norm=0.7365  train/lr=4.991e-05  train/samples_per_sec=299
2026-10-04 07:00:27 [   9480] train/loss=0.3404  train/pred_loss=0.1397  train/sigreg_loss=2.231  train/emb_std=0.9863  train/emb_norm=13.4  train/pred_vs_static=0.2622  train/grad_norm=0.7495  train/lr=4.99e-05  train/samples_per_sec=299
2026-10-04 07:00:35 [   9500] train/loss=0.3465  train/pred_loss=0.1453  train/sigreg_loss=2.237  train/emb_std=0.9846  train/emb_norm=13.37  train/pred_vs_static=0.2668  train/grad_norm=0.7365  train/lr=4.99e-05  train/samples_per_sec=299.1
2026-10-04 07:00:44 [   9520] train/loss=0.3459  train/pred_loss=0.1441  train/sigreg_loss=2.241  train/emb_std=0.9854  train/emb_norm=13.37  train/pred_vs_static=0.2605  train/grad_norm=0.7306  train/lr=4.99e-05  train/samples_per_sec=299.1
2026-10-04 07:00:52 [   9540] train/loss=0.3515  train/pred_loss=0.1479  train/sigreg_loss=2.264  train/emb_std=0.9873  train/emb_norm=13.38  train/pred_vs_static=0.2621  train/grad_norm=0.7891  train/lr=4.99e-05  train/samples_per_sec=299.2
2026-10-04 07:01:01 [   9560] train/loss=0.3454  train/pred_loss=0.1447  train/sigreg_loss=2.228  train/emb_std=0.9867  train/emb_norm=13.39  train/pred_vs_static=0.2571  train/grad_norm=0.7654  train/lr=4.99e-05  train/samples_per_sec=299.2
2026-10-04 07:01:09 [   9580] train/loss=0.3461  train/pred_loss=0.1457  train/sigreg_loss=2.227  train/emb_std=0.9857  train/emb_norm=13.36  train/pred_vs_static=0.2616  train/grad_norm=0.7767  train/lr=4.99e-05  train/samples_per_sec=299.2
2026-10-04 07:01:18 [   9600] train/loss=0.3448  train/pred_loss=0.1436  train/sigreg_loss=2.236  train/emb_std=0.9859  train/emb_norm=13.39  train/pred_vs_static=0.2633  train/grad_norm=0.7433  train/lr=4.99e-05  train/samples_per_sec=299.2
2026-10-04 07:01:26 [   9620] train/loss=0.3446  train/pred_loss=0.1444  train/sigreg_loss=2.225  train/emb_std=0.9854  train/emb_norm=13.37  train/pred_vs_static=0.2691  train/grad_norm=0.7372  train/lr=4.99e-05  train/samples_per_sec=299.3
2026-10-04 07:01:35 [   9640] train/loss=0.3462  train/pred_loss=0.144  train/sigreg_loss=2.248  train/emb_std=0.9867  train/emb_norm=13.38  train/pred_vs_static=0.2676  train/grad_norm=0.7657  train/lr=4.99e-05  train/samples_per_sec=299.3
2026-10-04 07:01:43 [   9660] train/loss=0.3495  train/pred_loss=0.1477  train/sigreg_loss=2.243  train/emb_std=0.9846  train/emb_norm=13.36  train/pred_vs_static=0.2554  train/grad_norm=0.7559  train/lr=4.99e-05  train/samples_per_sec=299.3
2026-10-04 07:01:52 [   9680] train/loss=0.3461  train/pred_loss=0.1455  train/sigreg_loss=2.23  train/emb_std=0.9865  train/emb_norm=13.37  train/pred_vs_static=0.2557  train/grad_norm=0.7345  train/lr=4.99e-05  train/samples_per_sec=299.3
2026-10-04 07:02:00 [   9700] train/loss=0.3399  train/pred_loss=0.143  train/sigreg_loss=2.188  train/emb_std=0.9871  train/emb_norm=13.39  train/pred_vs_static=0.2607  train/grad_norm=0.7392  train/lr=4.99e-05  train/samples_per_sec=299.3
2026-10-04 07:02:09 [   9720] train/loss=0.3482  train/pred_loss=0.1454  train/sigreg_loss=2.254  train/emb_std=0.9857  train/emb_norm=13.36  train/pred_vs_static=0.2641  train/grad_norm=0.7507  train/lr=4.99e-05  train/samples_per_sec=299.3
2026-10-04 07:02:17 [   9740] train/loss=0.3431  train/pred_loss=0.1457  train/sigreg_loss=2.194  train/emb_std=0.9891  train/emb_norm=13.4  train/pred_vs_static=0.2635  train/grad_norm=0.7459  train/lr=4.99e-05  train/samples_per_sec=299.3
2026-10-04 07:02:26 [   9760] train/loss=0.344  train/pred_loss=0.144  train/sigreg_loss=2.222  train/emb_std=0.9863  train/emb_norm=13.36  train/pred_vs_static=0.2588  train/grad_norm=0.7293  train/lr=4.989e-05  train/samples_per_sec=299.4
2026-10-04 07:02:34 [   9780] train/loss=0.3458  train/pred_loss=0.1453  train/sigreg_loss=2.227  train/emb_std=0.9863  train/emb_norm=13.37  train/pred_vs_static=0.2606  train/grad_norm=0.755  train/lr=4.989e-05  train/samples_per_sec=299.4
2026-10-04 07:02:43 [   9800] train/loss=0.346  train/pred_loss=0.1457  train/sigreg_loss=2.226  train/emb_std=0.9867  train/emb_norm=13.38  train/pred_vs_static=0.2534  train/grad_norm=0.7441  train/lr=4.989e-05  train/samples_per_sec=299.4
2026-10-04 07:02:51 [   9820] train/loss=0.3469  train/pred_loss=0.1447  train/sigreg_loss=2.246  train/emb_std=0.9875  train/emb_norm=13.38  train/pred_vs_static=0.261  train/grad_norm=0.7457  train/lr=4.989e-05  train/samples_per_sec=299.4
2026-10-04 07:03:00 [   9840] train/loss=0.3439  train/pred_loss=0.1469  train/sigreg_loss=2.19  train/emb_std=0.9863  train/emb_norm=13.38  train/pred_vs_static=0.2634  train/grad_norm=0.7379  train/lr=4.989e-05  train/samples_per_sec=299.4
2026-10-04 07:03:08 [   9860] train/loss=0.34  train/pred_loss=0.1453  train/sigreg_loss=2.164  train/emb_std=0.9893  train/emb_norm=13.4  train/pred_vs_static=0.2538  train/grad_norm=0.7167  train/lr=4.989e-05  train/samples_per_sec=299.4
2026-10-04 07:03:17 [   9880] train/loss=0.3442  train/pred_loss=0.1441  train/sigreg_loss=2.224  train/emb_std=0.9869  train/emb_norm=13.39  train/pred_vs_static=0.2637  train/grad_norm=0.7038  train/lr=4.989e-05  train/samples_per_sec=299.4
2026-10-04 07:03:25 [   9900] train/loss=0.3412  train/pred_loss=0.1403  train/sigreg_loss=2.232  train/emb_std=0.9859  train/emb_norm=13.38  train/pred_vs_static=0.2562  train/grad_norm=0.7237  train/lr=4.989e-05  train/samples_per_sec=299.4
2026-10-04 07:03:34 [   9920] train/loss=0.3479  train/pred_loss=0.149  train/sigreg_loss=2.212  train/emb_std=0.9865  train/emb_norm=13.37  train/pred_vs_static=0.2582  train/grad_norm=0.7343  train/lr=4.989e-05  train/samples_per_sec=299.4
2026-10-04 07:03:42 [   9940] train/loss=0.3431  train/pred_loss=0.1423  train/sigreg_loss=2.231  train/emb_std=0.9877  train/emb_norm=13.38  train/pred_vs_static=0.2546  train/grad_norm=0.7232  train/lr=4.989e-05  train/samples_per_sec=299.4
2026-10-04 07:03:51 [   9960] train/loss=0.3428  train/pred_loss=0.1445  train/sigreg_loss=2.203  train/emb_std=0.9875  train/emb_norm=13.39  train/pred_vs_static=0.2547  train/grad_norm=0.7332  train/lr=4.989e-05  train/samples_per_sec=299.5
2026-10-04 07:03:59 [   9980] train/loss=0.3398  train/pred_loss=0.1423  train/sigreg_loss=2.195  train/emb_std=0.9889  train/emb_norm=13.41  train/pred_vs_static=0.257  train/grad_norm=0.7251  train/lr=4.989e-05  train/samples_per_sec=299.6
2026-10-04 07:04:08 [  10000] train/loss=0.3406  train/pred_loss=0.14  train/sigreg_loss=2.229  train/emb_std=0.9871  train/emb_norm=13.39  train/pred_vs_static=0.2555  train/grad_norm=0.7096  train/lr=4.989e-05  train/samples_per_sec=299.7
2026-10-04 07:04:08 [  10000] train_epoch/loss=0.3488  train_epoch/pred_loss=0.1449  train_epoch/sigreg_loss=2.266  train_epoch/emb_std=0.9854  train_epoch/emb_norm=13.37  train_epoch/pred_vs_static=0.2657  train_epoch/grad_norm=0.7602  train_epoch/lr=4.992e-05  train_epoch/epoch=4
2026-10-04 07:04:12 [  10000] val/loss=7.648  val/pred_loss=1.259  val/sigreg_loss=70.95  val/emb_std=0.8562  val/emb_norm=19.65  val/pred_vs_static=3.004  val/epoch=4
2026-10-04 07:04:12 epoch   4 | val pred_vs_static 3.00414 | best 3.00414 @ epoch 4 | saved epoch_004.pt
2026-10-04 07:04:24 [  10020] train/loss=0.3394  train/pred_loss=0.1421  train/sigreg_loss=2.191  train/emb_std=0.9865  train/emb_norm=13.39  train/pred_vs_static=0.2563  train/grad_norm=0.7224  train/lr=4.989e-05  train/samples_per_sec=223.2
2026-10-04 07:04:32 [  10040] train/loss=0.3418  train/pred_loss=0.142  train/sigreg_loss=2.22  train/emb_std=0.9838  train/emb_norm=13.36  train/pred_vs_static=0.2664  train/grad_norm=0.7365  train/lr=4.988e-05  train/samples_per_sec=255.6
2026-10-04 07:04:41 [  10060] train/loss=0.3473  train/pred_loss=0.1447  train/sigreg_loss=2.252  train/emb_std=0.9893  train/emb_norm=13.4  train/pred_vs_static=0.2614  train/grad_norm=0.7351  train/lr=4.988e-05  train/samples_per_sec=268.9
2026-10-04 07:04:49 [  10080] train/loss=0.3404  train/pred_loss=0.1444  train/sigreg_loss=2.177  train/emb_std=0.9859  train/emb_norm=13.38  train/pred_vs_static=0.2608  train/grad_norm=0.7168  train/lr=4.988e-05  train/samples_per_sec=276.7
2026-10-04 07:04:58 [  10100] train/loss=0.3417  train/pred_loss=0.1425  train/sigreg_loss=2.213  train/emb_std=0.9875  train/emb_norm=13.39  train/pred_vs_static=0.2597  train/grad_norm=0.7273  train/lr=4.988e-05  train/samples_per_sec=281.1
2026-10-04 07:05:06 [  10120] train/loss=0.34  train/pred_loss=0.1403  train/sigreg_loss=2.22  train/emb_std=0.9865  train/emb_norm=13.38  train/pred_vs_static=0.2546  train/grad_norm=0.7223  train/lr=4.988e-05  train/samples_per_sec=284.4
2026-10-04 07:05:15 [  10140] train/loss=0.3417  train/pred_loss=0.1429  train/sigreg_loss=2.21  train/emb_std=0.9867  train/emb_norm=13.39  train/pred_vs_static=0.2623  train/grad_norm=0.7299  train/lr=4.988e-05  train/samples_per_sec=287.2
2026-10-04 07:05:23 [  10160] train/loss=0.3456  train/pred_loss=0.1461  train/sigreg_loss=2.216  train/emb_std=0.9867  train/emb_norm=13.38  train/pred_vs_static=0.2585  train/grad_norm=0.7474  train/lr=4.988e-05  train/samples_per_sec=288.9
2026-10-04 07:05:32 [  10180] train/loss=0.3463  train/pred_loss=0.1431  train/sigreg_loss=2.258  train/emb_std=0.9857  train/emb_norm=13.37  train/pred_vs_static=0.2576  train/grad_norm=0.7189  train/lr=4.988e-05  train/samples_per_sec=290.3
2026-10-04 07:05:40 [  10200] train/loss=0.3367  train/pred_loss=0.1404  train/sigreg_loss=2.18  train/emb_std=0.9877  train/emb_norm=13.41  train/pred_vs_static=0.2604  train/grad_norm=0.7197  train/lr=4.988e-05  train/samples_per_sec=291.5
2026-10-04 07:05:49 [  10220] train/loss=0.3427  train/pred_loss=0.1425  train/sigreg_loss=2.224  train/emb_std=0.9875  train/emb_norm=13.38  train/pred_vs_static=0.2563  train/grad_norm=0.7164  train/lr=4.988e-05  train/samples_per_sec=292.2
2026-10-04 07:05:57 [  10240] train/loss=0.3443  train/pred_loss=0.1474  train/sigreg_loss=2.188  train/emb_std=0.9859  train/emb_norm=13.37  train/pred_vs_static=0.2607  train/grad_norm=0.7323  train/lr=4.988e-05  train/samples_per_sec=293.2
2026-10-04 07:06:06 [  10260] train/loss=0.3408  train/pred_loss=0.144  train/sigreg_loss=2.186  train/emb_std=0.9854  train/emb_norm=13.37  train/pred_vs_static=0.2552  train/grad_norm=0.7282  train/lr=4.988e-05  train/samples_per_sec=293.9
2026-10-04 07:06:14 [  10280] train/loss=0.3441  train/pred_loss=0.1458  train/sigreg_loss=2.203  train/emb_std=0.9873  train/emb_norm=13.4  train/pred_vs_static=0.2605  train/grad_norm=0.7319  train/lr=4.988e-05  train/samples_per_sec=294.4
2026-10-04 07:06:23 [  10300] train/loss=0.3414  train/pred_loss=0.1442  train/sigreg_loss=2.191  train/emb_std=0.9869  train/emb_norm=13.4  train/pred_vs_static=0.2587  train/grad_norm=0.7036  train/lr=4.987e-05  train/samples_per_sec=294.9
2026-10-04 07:06:31 [  10320] train/loss=0.3425  train/pred_loss=0.1449  train/sigreg_loss=2.197  train/emb_std=0.9875  train/emb_norm=13.39  train/pred_vs_static=0.2563  train/grad_norm=0.747  train/lr=4.987e-05  train/samples_per_sec=295.3
2026-10-04 07:06:40 [  10340] train/loss=0.3432  train/pred_loss=0.145  train/sigreg_loss=2.202  train/emb_std=0.9863  train/emb_norm=13.38  train/pred_vs_static=0.2591  train/grad_norm=0.7315  train/lr=4.987e-05  train/samples_per_sec=295.6
2026-10-04 07:06:48 [  10360] train/loss=0.3496  train/pred_loss=0.147  train/sigreg_loss=2.251  train/emb_std=0.9852  train/emb_norm=13.37  train/pred_vs_static=0.2553  train/grad_norm=0.7344  train/lr=4.987e-05  train/samples_per_sec=296.1
2026-10-04 07:06:56 [  10380] train/loss=0.3421  train/pred_loss=0.1467  train/sigreg_loss=2.173  train/emb_std=0.9869  train/emb_norm=13.4  train/pred_vs_static=0.2602  train/grad_norm=0.7128  train/lr=4.987e-05  train/samples_per_sec=296.4
2026-10-04 07:07:05 [  10400] train/loss=0.3418  train/pred_loss=0.1422  train/sigreg_loss=2.218  train/emb_std=0.9873  train/emb_norm=13.4  train/pred_vs_static=0.2588  train/grad_norm=0.7422  train/lr=4.987e-05  train/samples_per_sec=296.7
2026-10-04 07:07:13 [  10420] train/loss=0.3369  train/pred_loss=0.1405  train/sigreg_loss=2.183  train/emb_std=0.9875  train/emb_norm=13.39  train/pred_vs_static=0.2572  train/grad_norm=0.7143  train/lr=4.987e-05  train/samples_per_sec=296.9
2026-10-04 07:07:22 [  10440] train/loss=0.3433  train/pred_loss=0.1449  train/sigreg_loss=2.204  train/emb_std=0.9873  train/emb_norm=13.38  train/pred_vs_static=0.2515  train/grad_norm=0.7236  train/lr=4.987e-05  train/samples_per_sec=297.1
2026-10-04 07:07:30 [  10460] train/loss=0.3378  train/pred_loss=0.1416  train/sigreg_loss=2.179  train/emb_std=0.9883  train/emb_norm=13.4  train/pred_vs_static=0.2584  train/grad_norm=0.7216  train/lr=4.987e-05  train/samples_per_sec=297.3
2026-10-04 07:07:39 [  10480] train/loss=0.3466  train/pred_loss=0.1465  train/sigreg_loss=2.223  train/emb_std=0.985  train/emb_norm=13.35  train/pred_vs_static=0.2576  train/grad_norm=0.7467  train/lr=4.987e-05  train/samples_per_sec=297.6
2026-10-04 07:07:47 [  10500] train/loss=0.3435  train/pred_loss=0.1449  train/sigreg_loss=2.206  train/emb_std=0.9879  train/emb_norm=13.39  train/pred_vs_static=0.2564  train/grad_norm=0.713  train/lr=4.987e-05  train/samples_per_sec=297.7
2026-10-04 07:07:56 [  10520] train/loss=0.3436  train/pred_loss=0.1457  train/sigreg_loss=2.201  train/emb_std=0.983  train/emb_norm=13.35  train/pred_vs_static=0.2572  train/grad_norm=0.6981  train/lr=4.987e-05  train/samples_per_sec=297.9
2026-10-04 07:08:04 [  10540] train/loss=0.3387  train/pred_loss=0.1406  train/sigreg_loss=2.201  train/emb_std=0.9898  train/emb_norm=13.42  train/pred_vs_static=0.2579  train/grad_norm=0.7041  train/lr=4.986e-05  train/samples_per_sec=298.1
2026-10-04 07:08:13 [  10560] train/loss=0.3451  train/pred_loss=0.1454  train/sigreg_loss=2.218  train/emb_std=0.9855  train/emb_norm=13.38  train/pred_vs_static=0.2571  train/grad_norm=0.7389  train/lr=4.986e-05  train/samples_per_sec=298.2
2026-10-04 07:08:21 [  10580] train/loss=0.341  train/pred_loss=0.1447  train/sigreg_loss=2.181  train/emb_std=0.9867  train/emb_norm=13.39  train/pred_vs_static=0.2568  train/grad_norm=0.7123  train/lr=4.986e-05  train/samples_per_sec=298.4
2026-10-04 07:08:30 [  10600] train/loss=0.3491  train/pred_loss=0.1489  train/sigreg_loss=2.224  train/emb_std=0.9832  train/emb_norm=13.34  train/pred_vs_static=0.2567  train/grad_norm=0.7348  train/lr=4.986e-05  train/samples_per_sec=298.5
2026-10-04 07:08:38 [  10620] train/loss=0.3386  train/pred_loss=0.1421  train/sigreg_loss=2.184  train/emb_std=0.9855  train/emb_norm=13.38  train/pred_vs_static=0.2559  train/grad_norm=0.7009  train/lr=4.986e-05  train/samples_per_sec=298.6
2026-10-04 07:08:47 [  10640] train/loss=0.3437  train/pred_loss=0.1447  train/sigreg_loss=2.211  train/emb_std=0.9883  train/emb_norm=13.41  train/pred_vs_static=0.2559  train/grad_norm=0.7123  train/lr=4.986e-05  train/samples_per_sec=298.7
2026-10-04 07:08:55 [  10660] train/loss=0.3374  train/pred_loss=0.1425  train/sigreg_loss=2.164  train/emb_std=0.9883  train/emb_norm=13.4  train/pred_vs_static=0.2589  train/grad_norm=0.7025  train/lr=4.986e-05  train/samples_per_sec=298.9
2026-10-04 07:09:03 [  10680] train/loss=0.341  train/pred_loss=0.1416  train/sigreg_loss=2.216  train/emb_std=0.9883  train/emb_norm=13.39  train/pred_vs_static=0.2545  train/grad_norm=0.7137  train/lr=4.986e-05  train/samples_per_sec=299.1
2026-10-04 07:09:12 [  10700] train/loss=0.3415  train/pred_loss=0.1461  train/sigreg_loss=2.172  train/emb_std=0.9879  train/emb_norm=13.39  train/pred_vs_static=0.2575  train/grad_norm=0.7249  train/lr=4.986e-05  train/samples_per_sec=299.2
2026-10-04 07:09:20 [  10720] train/loss=0.3392  train/pred_loss=0.1405  train/sigreg_loss=2.207  train/emb_std=0.9887  train/emb_norm=13.41  train/pred_vs_static=0.2528  train/grad_norm=0.7057  train/lr=4.986e-05  train/samples_per_sec=299.4
2026-10-04 07:09:29 [  10740] train/loss=0.3385  train/pred_loss=0.142  train/sigreg_loss=2.184  train/emb_std=0.9883  train/emb_norm=13.39  train/pred_vs_static=0.2606  train/grad_norm=0.7114  train/lr=4.986e-05  train/samples_per_sec=299.5
2026-10-04 07:09:37 [  10760] train/loss=0.3437  train/pred_loss=0.1432  train/sigreg_loss=2.227  train/emb_std=0.9863  train/emb_norm=13.37  train/pred_vs_static=0.2563  train/grad_norm=0.7212  train/lr=4.986e-05  train/samples_per_sec=299.7
2026-10-04 07:09:45 [  10780] train/loss=0.3418  train/pred_loss=0.1426  train/sigreg_loss=2.212  train/emb_std=0.9877  train/emb_norm=13.4  train/pred_vs_static=0.2571  train/grad_norm=0.7274  train/lr=4.985e-05  train/samples_per_sec=299.8
2026-10-04 07:09:54 [  10800] train/loss=0.3435  train/pred_loss=0.1471  train/sigreg_loss=2.182  train/emb_std=0.9867  train/emb_norm=13.4  train/pred_vs_static=0.2539  train/grad_norm=0.7247  train/lr=4.985e-05  train/samples_per_sec=299.8
2026-10-04 07:10:02 [  10820] train/loss=0.3358  train/pred_loss=0.1414  train/sigreg_loss=2.16  train/emb_std=0.9867  train/emb_norm=13.38  train/pred_vs_static=0.2531  train/grad_norm=0.7219  train/lr=4.985e-05  train/samples_per_sec=299.9
2026-10-04 07:10:11 [  10840] train/loss=0.3409  train/pred_loss=0.1445  train/sigreg_loss=2.182  train/emb_std=0.9875  train/emb_norm=13.39  train/pred_vs_static=0.2499  train/grad_norm=0.7036  train/lr=4.985e-05  train/samples_per_sec=300
2026-10-04 07:10:19 [  10860] train/loss=0.346  train/pred_loss=0.1454  train/sigreg_loss=2.229  train/emb_std=0.9863  train/emb_norm=13.38  train/pred_vs_static=0.2563  train/grad_norm=0.7196  train/lr=4.985e-05  train/samples_per_sec=300
2026-10-04 07:10:28 [  10880] train/loss=0.3379  train/pred_loss=0.1431  train/sigreg_loss=2.165  train/emb_std=0.9891  train/emb_norm=13.41  train/pred_vs_static=0.2585  train/grad_norm=0.6849  train/lr=4.985e-05  train/samples_per_sec=300.1
2026-10-04 07:10:36 [  10900] train/loss=0.3398  train/pred_loss=0.1444  train/sigreg_loss=2.171  train/emb_std=0.9869  train/emb_norm=13.39  train/pred_vs_static=0.256  train/grad_norm=0.6897  train/lr=4.985e-05  train/samples_per_sec=300.2
2026-10-04 07:10:45 [  10920] train/loss=0.3406  train/pred_loss=0.1435  train/sigreg_loss=2.189  train/emb_std=0.9889  train/emb_norm=13.41  train/pred_vs_static=0.2542  train/grad_norm=0.7297  train/lr=4.985e-05  train/samples_per_sec=300
2026-10-04 07:10:53 [  10940] train/loss=0.3424  train/pred_loss=0.1448  train/sigreg_loss=2.195  train/emb_std=0.9857  train/emb_norm=13.36  train/pred_vs_static=0.253  train/grad_norm=0.7287  train/lr=4.985e-05  train/samples_per_sec=300
2026-10-04 07:11:02 [  10960] train/loss=0.3509  train/pred_loss=0.1497  train/sigreg_loss=2.237  train/emb_std=0.9844  train/emb_norm=13.36  train/pred_vs_static=0.253  train/grad_norm=0.7309  train/lr=4.985e-05  train/samples_per_sec=299.9
2026-10-04 07:11:11 [  10980] train/loss=0.3473  train/pred_loss=0.1501  train/sigreg_loss=2.191  train/emb_std=0.9854  train/emb_norm=13.38  train/pred_vs_static=0.2601  train/grad_norm=0.7445  train/lr=4.985e-05  train/samples_per_sec=299.8
2026-10-04 07:11:19 [  11000] train/loss=0.3402  train/pred_loss=0.1423  train/sigreg_loss=2.198  train/emb_std=0.9875  train/emb_norm=13.41  train/pred_vs_static=0.256  train/grad_norm=0.724  train/lr=4.984e-05  train/samples_per_sec=299.8
2026-10-04 07:11:28 [  11020] train/loss=0.3406  train/pred_loss=0.1434  train/sigreg_loss=2.191  train/emb_std=0.9848  train/emb_norm=13.38  train/pred_vs_static=0.2529  train/grad_norm=0.7149  train/lr=4.984e-05  train/samples_per_sec=299.6
2026-10-04 07:11:37 [  11040] train/loss=0.3425  train/pred_loss=0.1458  train/sigreg_loss=2.186  train/emb_std=0.9852  train/emb_norm=13.38  train/pred_vs_static=0.2557  train/grad_norm=0.716  train/lr=4.984e-05  train/samples_per_sec=299.4
2026-10-04 07:11:45 [  11060] train/loss=0.3435  train/pred_loss=0.1475  train/sigreg_loss=2.177  train/emb_std=0.9863  train/emb_norm=13.39  train/pred_vs_static=0.2565  train/grad_norm=0.7286  train/lr=4.984e-05  train/samples_per_sec=299.4
2026-10-04 07:11:54 [  11080] train/loss=0.342  train/pred_loss=0.1453  train/sigreg_loss=2.187  train/emb_std=0.9863  train/emb_norm=13.4  train/pred_vs_static=0.2538  train/grad_norm=0.6934  train/lr=4.984e-05  train/samples_per_sec=299.3
2026-10-04 07:12:03 [  11100] train/loss=0.3371  train/pred_loss=0.1424  train/sigreg_loss=2.163  train/emb_std=0.9869  train/emb_norm=13.41  train/pred_vs_static=0.2534  train/grad_norm=0.694  train/lr=4.984e-05  train/samples_per_sec=299.3
2026-10-04 07:12:11 [  11120] train/loss=0.3399  train/pred_loss=0.1433  train/sigreg_loss=2.184  train/emb_std=0.9869  train/emb_norm=13.38  train/pred_vs_static=0.2551  train/grad_norm=0.697  train/lr=4.984e-05  train/samples_per_sec=299.3
2026-10-04 07:12:20 [  11140] train/loss=0.3372  train/pred_loss=0.1418  train/sigreg_loss=2.171  train/emb_std=0.9885  train/emb_norm=13.41  train/pred_vs_static=0.2522  train/grad_norm=0.6947  train/lr=4.984e-05  train/samples_per_sec=299.2
2026-10-04 07:12:29 [  11160] train/loss=0.3388  train/pred_loss=0.1455  train/sigreg_loss=2.147  train/emb_std=0.9881  train/emb_norm=13.39  train/pred_vs_static=0.2572  train/grad_norm=0.7361  train/lr=4.984e-05  train/samples_per_sec=299.1
2026-10-04 07:12:37 [  11180] train/loss=0.3439  train/pred_loss=0.1443  train/sigreg_loss=2.216  train/emb_std=0.9857  train/emb_norm=13.38  train/pred_vs_static=0.2568  train/grad_norm=0.7089  train/lr=4.984e-05  train/samples_per_sec=299.1
2026-10-04 07:12:46 [  11200] train/loss=0.3352  train/pred_loss=0.1401  train/sigreg_loss=2.167  train/emb_std=0.9881  train/emb_norm=13.4  train/pred_vs_static=0.2507  train/grad_norm=0.6964  train/lr=4.984e-05  train/samples_per_sec=298.9
2026-10-04 07:12:55 [  11220] train/loss=0.3429  train/pred_loss=0.1465  train/sigreg_loss=2.181  train/emb_std=0.9852  train/emb_norm=13.38  train/pred_vs_static=0.2515  train/grad_norm=0.7088  train/lr=4.983e-05  train/samples_per_sec=298.8
2026-10-04 07:13:03 [  11240] train/loss=0.3364  train/pred_loss=0.1413  train/sigreg_loss=2.168  train/emb_std=0.9861  train/emb_norm=13.39  train/pred_vs_static=0.2526  train/grad_norm=0.695  train/lr=4.983e-05  train/samples_per_sec=298.8
2026-10-04 07:13:12 [  11260] train/loss=0.3388  train/pred_loss=0.1438  train/sigreg_loss=2.167  train/emb_std=0.9867  train/emb_norm=13.4  train/pred_vs_static=0.2573  train/grad_norm=0.706  train/lr=4.983e-05  train/samples_per_sec=298.7
2026-10-04 07:13:21 [  11280] train/loss=0.3378  train/pred_loss=0.1424  train/sigreg_loss=2.17  train/emb_std=0.9863  train/emb_norm=13.4  train/pred_vs_static=0.2535  train/grad_norm=0.6889  train/lr=4.983e-05  train/samples_per_sec=298.7
2026-10-04 07:13:29 [  11300] train/loss=0.3417  train/pred_loss=0.1474  train/sigreg_loss=2.158  train/emb_std=0.9859  train/emb_norm=13.38  train/pred_vs_static=0.2545  train/grad_norm=0.7011  train/lr=4.983e-05  train/samples_per_sec=298.7
2026-10-04 07:13:38 [  11320] train/loss=0.3413  train/pred_loss=0.1456  train/sigreg_loss=2.173  train/emb_std=0.9873  train/emb_norm=13.39  train/pred_vs_static=0.2525  train/grad_norm=0.7152  train/lr=4.983e-05  train/samples_per_sec=298.7
2026-10-04 07:13:47 [  11340] train/loss=0.3374  train/pred_loss=0.1424  train/sigreg_loss=2.167  train/emb_std=0.9852  train/emb_norm=13.37  train/pred_vs_static=0.2543  train/grad_norm=0.6978  train/lr=4.983e-05  train/samples_per_sec=298.7
2026-10-04 07:13:55 [  11360] train/loss=0.3343  train/pred_loss=0.1411  train/sigreg_loss=2.148  train/emb_std=0.9879  train/emb_norm=13.4  train/pred_vs_static=0.2524  train/grad_norm=0.6819  train/lr=4.983e-05  train/samples_per_sec=298.6
2026-10-04 07:14:04 [  11380] train/loss=0.3407  train/pred_loss=0.1454  train/sigreg_loss=2.169  train/emb_std=0.9852  train/emb_norm=13.37  train/pred_vs_static=0.2538  train/grad_norm=0.6891  train/lr=4.983e-05  train/samples_per_sec=298.5
2026-10-04 07:14:13 [  11400] train/loss=0.3375  train/pred_loss=0.1437  train/sigreg_loss=2.154  train/emb_std=0.9893  train/emb_norm=13.42  train/pred_vs_static=0.2521  train/grad_norm=0.6919  train/lr=4.983e-05  train/samples_per_sec=298.5
2026-10-04 07:14:21 [  11420] train/loss=0.3354  train/pred_loss=0.1423  train/sigreg_loss=2.146  train/emb_std=0.9861  train/emb_norm=13.38  train/pred_vs_static=0.2559  train/grad_norm=0.6891  train/lr=4.983e-05  train/samples_per_sec=298.5
2026-10-04 07:14:30 [  11440] train/loss=0.3395  train/pred_loss=0.1461  train/sigreg_loss=2.148  train/emb_std=0.9873  train/emb_norm=13.4  train/pred_vs_static=0.2552  train/grad_norm=0.6922  train/lr=4.982e-05  train/samples_per_sec=298.5
2026-10-04 07:14:38 [  11460] train/loss=0.3396  train/pred_loss=0.1447  train/sigreg_loss=2.165  train/emb_std=0.9891  train/emb_norm=13.39  train/pred_vs_static=0.2496  train/grad_norm=0.7103  train/lr=4.982e-05  train/samples_per_sec=298.5
2026-10-04 07:14:47 [  11480] train/loss=0.3338  train/pred_loss=0.1415  train/sigreg_loss=2.135  train/emb_std=0.9885  train/emb_norm=13.42  train/pred_vs_static=0.2517  train/grad_norm=0.6829  train/lr=4.982e-05  train/samples_per_sec=298.5
2026-10-04 07:14:56 [  11500] train/loss=0.3359  train/pred_loss=0.1424  train/sigreg_loss=2.149  train/emb_std=0.9881  train/emb_norm=13.39  train/pred_vs_static=0.2501  train/grad_norm=0.68  train/lr=4.982e-05  train/samples_per_sec=298.5
2026-10-04 07:15:04 [  11520] train/loss=0.3417  train/pred_loss=0.1447  train/sigreg_loss=2.19  train/emb_std=0.9855  train/emb_norm=13.38  train/pred_vs_static=0.2521  train/grad_norm=0.7051  train/lr=4.982e-05  train/samples_per_sec=298.5
2026-10-04 07:15:13 [  11540] train/loss=0.3348  train/pred_loss=0.142  train/sigreg_loss=2.141  train/emb_std=0.9887  train/emb_norm=13.41  train/pred_vs_static=0.2525  train/grad_norm=0.7122  train/lr=4.982e-05  train/samples_per_sec=298.4
2026-10-04 07:15:21 [  11560] train/loss=0.341  train/pred_loss=0.1465  train/sigreg_loss=2.16  train/emb_std=0.9863  train/emb_norm=13.38  train/pred_vs_static=0.2526  train/grad_norm=0.7269  train/lr=4.982e-05  train/samples_per_sec=298.4
2026-10-04 07:15:30 [  11580] train/loss=0.339  train/pred_loss=0.144  train/sigreg_loss=2.167  train/emb_std=0.9877  train/emb_norm=13.4  train/pred_vs_static=0.2517  train/grad_norm=0.7047  train/lr=4.982e-05  train/samples_per_sec=298.4
2026-10-04 07:15:39 [  11600] train/loss=0.3367  train/pred_loss=0.1423  train/sigreg_loss=2.161  train/emb_std=0.9898  train/emb_norm=13.41  train/pred_vs_static=0.2488  train/grad_norm=0.6859  train/lr=4.982e-05  train/samples_per_sec=298.3
2026-10-04 07:15:47 [  11620] train/loss=0.3412  train/pred_loss=0.1429  train/sigreg_loss=2.202  train/emb_std=0.9877  train/emb_norm=13.4  train/pred_vs_static=0.2576  train/grad_norm=0.7034  train/lr=4.982e-05  train/samples_per_sec=298.4
2026-10-04 07:15:56 [  11640] train/loss=0.3376  train/pred_loss=0.144  train/sigreg_loss=2.151  train/emb_std=0.9871  train/emb_norm=13.4  train/pred_vs_static=0.2479  train/grad_norm=0.6807  train/lr=4.982e-05  train/samples_per_sec=298.4
2026-10-04 07:16:04 [  11660] train/loss=0.3375  train/pred_loss=0.1442  train/sigreg_loss=2.148  train/emb_std=0.9857  train/emb_norm=13.37  train/pred_vs_static=0.2504  train/grad_norm=0.7024  train/lr=4.981e-05  train/samples_per_sec=298.4
2026-10-04 07:16:13 [  11680] train/loss=0.3398  train/pred_loss=0.1443  train/sigreg_loss=2.172  train/emb_std=0.9871  train/emb_norm=13.39  train/pred_vs_static=0.2517  train/grad_norm=0.7041  train/lr=4.981e-05  train/samples_per_sec=298.4
2026-10-04 07:16:22 [  11700] train/loss=0.337  train/pred_loss=0.1461  train/sigreg_loss=2.122  train/emb_std=0.9889  train/emb_norm=13.4  train/pred_vs_static=0.2503  train/grad_norm=0.6866  train/lr=4.981e-05  train/samples_per_sec=298.4
2026-10-04 07:16:30 [  11720] train/loss=0.338  train/pred_loss=0.1451  train/sigreg_loss=2.143  train/emb_std=0.9867  train/emb_norm=13.39  train/pred_vs_static=0.2541  train/grad_norm=0.6869  train/lr=4.981e-05  train/samples_per_sec=298.4
2026-10-04 07:16:39 [  11740] train/loss=0.3322  train/pred_loss=0.1384  train/sigreg_loss=2.153  train/emb_std=0.9865  train/emb_norm=13.38  train/pred_vs_static=0.2472  train/grad_norm=0.71  train/lr=4.981e-05  train/samples_per_sec=298.3
2026-10-04 07:16:47 [  11760] train/loss=0.3368  train/pred_loss=0.1425  train/sigreg_loss=2.158  train/emb_std=0.9881  train/emb_norm=13.41  train/pred_vs_static=0.2505  train/grad_norm=0.7109  train/lr=4.981e-05  train/samples_per_sec=298.3
2026-10-04 07:16:56 [  11780] train/loss=0.3361  train/pred_loss=0.1415  train/sigreg_loss=2.163  train/emb_std=0.9877  train/emb_norm=13.39  train/pred_vs_static=0.2526  train/grad_norm=0.6937  train/lr=4.981e-05  train/samples_per_sec=298.3
2026-10-04 07:17:05 [  11800] train/loss=0.3315  train/pred_loss=0.1403  train/sigreg_loss=2.123  train/emb_std=0.9873  train/emb_norm=13.39  train/pred_vs_static=0.247  train/grad_norm=0.6865  train/lr=4.981e-05  train/samples_per_sec=298.3
2026-10-04 07:17:13 [  11820] train/loss=0.3358  train/pred_loss=0.1428  train/sigreg_loss=2.144  train/emb_std=0.9891  train/emb_norm=13.41  train/pred_vs_static=0.2576  train/grad_norm=0.6948  train/lr=4.981e-05  train/samples_per_sec=298.3
2026-10-04 07:17:22 [  11840] train/loss=0.3393  train/pred_loss=0.1409  train/sigreg_loss=2.205  train/emb_std=0.9871  train/emb_norm=13.39  train/pred_vs_static=0.2483  train/grad_norm=0.6986  train/lr=4.981e-05  train/samples_per_sec=298.3
2026-10-04 07:17:30 [  11860] train/loss=0.3358  train/pred_loss=0.1425  train/sigreg_loss=2.148  train/emb_std=0.9879  train/emb_norm=13.4  train/pred_vs_static=0.2512  train/grad_norm=0.6829  train/lr=4.98e-05  train/samples_per_sec=298.3
2026-10-04 07:17:39 [  11880] train/loss=0.3352  train/pred_loss=0.1398  train/sigreg_loss=2.17  train/emb_std=0.9889  train/emb_norm=13.41  train/pred_vs_static=0.2446  train/grad_norm=0.6763  train/lr=4.98e-05  train/samples_per_sec=298.4
2026-10-04 07:17:47 [  11900] train/loss=0.3376  train/pred_loss=0.1447  train/sigreg_loss=2.143  train/emb_std=0.9867  train/emb_norm=13.39  train/pred_vs_static=0.2585  train/grad_norm=0.7028  train/lr=4.98e-05  train/samples_per_sec=298.4
2026-10-04 07:17:56 [  11920] train/loss=0.337  train/pred_loss=0.1431  train/sigreg_loss=2.154  train/emb_std=0.9875  train/emb_norm=13.4  train/pred_vs_static=0.249  train/grad_norm=0.7132  train/lr=4.98e-05  train/samples_per_sec=298.4
2026-10-04 07:18:04 [  11940] train/loss=0.3309  train/pred_loss=0.1391  train/sigreg_loss=2.132  train/emb_std=0.9879  train/emb_norm=13.4  train/pred_vs_static=0.2485  train/grad_norm=0.6766  train/lr=4.98e-05  train/samples_per_sec=298.4
2026-10-04 07:18:13 [  11960] train/loss=0.3388  train/pred_loss=0.1453  train/sigreg_loss=2.15  train/emb_std=0.9881  train/emb_norm=13.4  train/pred_vs_static=0.2481  train/grad_norm=0.7071  train/lr=4.98e-05  train/samples_per_sec=298.4
2026-10-04 07:18:21 [  11980] train/loss=0.3344  train/pred_loss=0.143  train/sigreg_loss=2.126  train/emb_std=0.9879  train/emb_norm=13.39  train/pred_vs_static=0.2488  train/grad_norm=0.6888  train/lr=4.98e-05  train/samples_per_sec=298.5
2026-10-04 07:18:30 [  12000] train/loss=0.3348  train/pred_loss=0.1411  train/sigreg_loss=2.153  train/emb_std=0.9885  train/emb_norm=13.41  train/pred_vs_static=0.2525  train/grad_norm=0.6885  train/lr=4.98e-05  train/samples_per_sec=298.5
2026-10-04 07:18:30 [  12000] train_epoch/loss=0.34  train_epoch/pred_loss=0.1437  train_epoch/sigreg_loss=2.181  train_epoch/emb_std=0.987  train_epoch/emb_norm=13.39  train_epoch/pred_vs_static=0.2547  train_epoch/grad_norm=0.7103  train_epoch/lr=4.984e-05  train_epoch/epoch=5
2026-10-04 07:18:35 [  12000] val/loss=10.24  val/pred_loss=1.57  val/sigreg_loss=96.33  val/emb_std=0.8055  val/emb_norm=22.16  val/pred_vs_static=4.387  val/epoch=5
2026-10-04 07:18:35 epoch   5 | val pred_vs_static 4.38731 | best 3.00414 @ epoch 4 | saved epoch_005.pt
2026-10-04 07:18:46 [  12020] train/loss=0.3366  train/pred_loss=0.1436  train/sigreg_loss=2.144  train/emb_std=0.9861  train/emb_norm=13.38  train/pred_vs_static=0.2554  train/grad_norm=0.6882  train/lr=4.98e-05  train/samples_per_sec=236.8
2026-10-04 07:18:55 [  12040] train/loss=0.3324  train/pred_loss=0.1411  train/sigreg_loss=2.125  train/emb_std=0.9881  train/emb_norm=13.41  train/pred_vs_static=0.2532  train/grad_norm=0.677  train/lr=4.98e-05  train/samples_per_sec=264.7
2026-10-04 07:19:03 [  12060] train/loss=0.3356  train/pred_loss=0.1416  train/sigreg_loss=2.155  train/emb_std=0.9906  train/emb_norm=13.42  train/pred_vs_static=0.2463  train/grad_norm=0.6874  train/lr=4.979e-05  train/samples_per_sec=275.4
2026-10-04 07:19:12 [  12080] train/loss=0.3313  train/pred_loss=0.1419  train/sigreg_loss=2.105  train/emb_std=0.9898  train/emb_norm=13.41  train/pred_vs_static=0.2484  train/grad_norm=0.6577  train/lr=4.979e-05  train/samples_per_sec=280.7
2026-10-04 07:19:21 [  12100] train/loss=0.334  train/pred_loss=0.1426  train/sigreg_loss=2.127  train/emb_std=0.9889  train/emb_norm=13.4  train/pred_vs_static=0.2471  train/grad_norm=0.6671  train/lr=4.979e-05  train/samples_per_sec=284.2
2026-10-04 07:19:29 [  12120] train/loss=0.3343  train/pred_loss=0.1431  train/sigreg_loss=2.123  train/emb_std=0.9896  train/emb_norm=13.4  train/pred_vs_static=0.246  train/grad_norm=0.6787  train/lr=4.979e-05  train/samples_per_sec=286.8
2026-10-04 07:19:38 [  12140] train/loss=0.3315  train/pred_loss=0.1402  train/sigreg_loss=2.125  train/emb_std=0.9906  train/emb_norm=13.42  train/pred_vs_static=0.2448  train/grad_norm=0.6917  train/lr=4.979e-05  train/samples_per_sec=288.2
2026-10-04 07:19:46 [  12160] train/loss=0.3329  train/pred_loss=0.1399  train/sigreg_loss=2.145  train/emb_std=0.9904  train/emb_norm=13.43  train/pred_vs_static=0.2504  train/grad_norm=0.6854  train/lr=4.979e-05  train/samples_per_sec=289.4
2026-10-04 07:19:55 [  12180] train/loss=0.3299  train/pred_loss=0.1383  train/sigreg_loss=2.129  train/emb_std=0.9916  train/emb_norm=13.43  train/pred_vs_static=0.2463  train/grad_norm=0.6792  train/lr=4.979e-05  train/samples_per_sec=290.2
2026-10-04 07:20:03 [  12200] train/loss=0.3375  train/pred_loss=0.1433  train/sigreg_loss=2.157  train/emb_std=0.9879  train/emb_norm=13.39  train/pred_vs_static=0.257  train/grad_norm=0.6997  train/lr=4.979e-05  train/samples_per_sec=291.3
2026-10-04 07:20:12 [  12220] train/loss=0.3352  train/pred_loss=0.1436  train/sigreg_loss=2.129  train/emb_std=0.9871  train/emb_norm=13.39  train/pred_vs_static=0.2514  train/grad_norm=0.6714  train/lr=4.979e-05  train/samples_per_sec=291.9
2026-10-04 07:20:21 [  12240] train/loss=0.3369  train/pred_loss=0.1412  train/sigreg_loss=2.174  train/emb_std=0.9906  train/emb_norm=13.42  train/pred_vs_static=0.2469  train/grad_norm=0.6882  train/lr=4.978e-05  train/samples_per_sec=292.5
2026-10-04 07:20:29 [  12260] train/loss=0.3338  train/pred_loss=0.1439  train/sigreg_loss=2.109  train/emb_std=0.9873  train/emb_norm=13.38  train/pred_vs_static=0.2528  train/grad_norm=0.6891  train/lr=4.978e-05  train/samples_per_sec=292.9
2026-10-04 07:20:38 [  12280] train/loss=0.3337  train/pred_loss=0.1409  train/sigreg_loss=2.141  train/emb_std=0.9898  train/emb_norm=13.42  train/pred_vs_static=0.2481  train/grad_norm=0.6786  train/lr=4.978e-05  train/samples_per_sec=293.4
2026-10-04 07:20:46 [  12300] train/loss=0.3366  train/pred_loss=0.1454  train/sigreg_loss=2.125  train/emb_std=0.9898  train/emb_norm=13.4  train/pred_vs_static=0.2479  train/grad_norm=0.6963  train/lr=4.978e-05  train/samples_per_sec=293.6
2026-10-04 07:20:55 [  12320] train/loss=0.3362  train/pred_loss=0.1443  train/sigreg_loss=2.131  train/emb_std=0.9865  train/emb_norm=13.38  train/pred_vs_static=0.2517  train/grad_norm=0.6828  train/lr=4.978e-05  train/samples_per_sec=294.1
2026-10-04 07:21:03 [  12340] train/loss=0.3384  train/pred_loss=0.1459  train/sigreg_loss=2.139  train/emb_std=0.9889  train/emb_norm=13.4  train/pred_vs_static=0.2497  train/grad_norm=0.6766  train/lr=4.978e-05  train/samples_per_sec=294.4
2026-10-04 07:21:12 [  12360] train/loss=0.3338  train/pred_loss=0.1418  train/sigreg_loss=2.132  train/emb_std=0.9883  train/emb_norm=13.39  train/pred_vs_static=0.2484  train/grad_norm=0.6797  train/lr=4.978e-05  train/samples_per_sec=294.8
2026-10-04 07:21:20 [  12380] train/loss=0.3391  train/pred_loss=0.1444  train/sigreg_loss=2.164  train/emb_std=0.9893  train/emb_norm=13.4  train/pred_vs_static=0.2512  train/grad_norm=0.6867  train/lr=4.978e-05  train/samples_per_sec=295.1
2026-10-04 07:21:29 [  12400] train/loss=0.3354  train/pred_loss=0.1422  train/sigreg_loss=2.146  train/emb_std=0.9906  train/emb_norm=13.42  train/pred_vs_static=0.2482  train/grad_norm=0.6844  train/lr=4.978e-05  train/samples_per_sec=295.4
2026-10-04 07:21:37 [  12420] train/loss=0.3344  train/pred_loss=0.1415  train/sigreg_loss=2.145  train/emb_std=0.9879  train/emb_norm=13.41  train/pred_vs_static=0.2465  train/grad_norm=0.7133  train/lr=4.978e-05  train/samples_per_sec=295.5
2026-10-04 07:21:46 [  12440] train/loss=0.3341  train/pred_loss=0.1429  train/sigreg_loss=2.124  train/emb_std=0.9902  train/emb_norm=13.42  train/pred_vs_static=0.2574  train/grad_norm=0.6671  train/lr=4.977e-05  train/samples_per_sec=295.7
2026-10-04 07:21:54 [  12460] train/loss=0.3308  train/pred_loss=0.1376  train/sigreg_loss=2.145  train/emb_std=0.9883  train/emb_norm=13.39  train/pred_vs_static=0.2433  train/grad_norm=0.6758  train/lr=4.977e-05  train/samples_per_sec=296
2026-10-04 07:22:03 [  12480] train/loss=0.3269  train/pred_loss=0.137  train/sigreg_loss=2.111  train/emb_std=0.9895  train/emb_norm=13.42  train/pred_vs_static=0.2462  train/grad_norm=0.6755  train/lr=4.977e-05  train/samples_per_sec=296.1
2026-10-04 07:22:12 [  12500] train/loss=0.3339  train/pred_loss=0.1423  train/sigreg_loss=2.129  train/emb_std=0.9877  train/emb_norm=13.39  train/pred_vs_static=0.2446  train/grad_norm=0.6887  train/lr=4.977e-05  train/samples_per_sec=296.2
2026-10-04 07:22:20 [  12520] train/loss=0.3322  train/pred_loss=0.1424  train/sigreg_loss=2.108  train/emb_std=0.9887  train/emb_norm=13.41  train/pred_vs_static=0.2475  train/grad_norm=0.6757  train/lr=4.977e-05  train/samples_per_sec=296.3
2026-10-04 07:22:29 [  12540] train/loss=0.3298  train/pred_loss=0.1408  train/sigreg_loss=2.101  train/emb_std=0.9877  train/emb_norm=13.4  train/pred_vs_static=0.2478  train/grad_norm=0.6759  train/lr=4.977e-05  train/samples_per_sec=296.4
2026-10-04 07:22:37 [  12560] train/loss=0.3336  train/pred_loss=0.1402  train/sigreg_loss=2.149  train/emb_std=0.9889  train/emb_norm=13.4  train/pred_vs_static=0.2472  train/grad_norm=0.703  train/lr=4.977e-05  train/samples_per_sec=296.4
2026-10-04 07:22:46 [  12580] train/loss=0.3315  train/pred_loss=0.1401  train/sigreg_loss=2.127  train/emb_std=0.9877  train/emb_norm=13.4  train/pred_vs_static=0.2503  train/grad_norm=0.6719  train/lr=4.977e-05  train/samples_per_sec=296.5
2026-10-04 07:22:54 [  12600] train/loss=0.3316  train/pred_loss=0.1413  train/sigreg_loss=2.115  train/emb_std=0.9871  train/emb_norm=13.38  train/pred_vs_static=0.2516  train/grad_norm=0.6845  train/lr=4.977e-05  train/samples_per_sec=296.5
2026-10-04 07:23:03 [  12620] train/loss=0.3365  train/pred_loss=0.1426  train/sigreg_loss=2.154  train/emb_std=0.9887  train/emb_norm=13.42  train/pred_vs_static=0.2467  train/grad_norm=0.6636  train/lr=4.976e-05  train/samples_per_sec=296.7
2026-10-04 07:23:11 [  12640] train/loss=0.3403  train/pred_loss=0.148  train/sigreg_loss=2.136  train/emb_std=0.9893  train/emb_norm=13.4  train/pred_vs_static=0.2478  train/grad_norm=0.682  train/lr=4.976e-05  train/samples_per_sec=296.8
2026-10-04 07:23:20 [  12660] train/loss=0.3316  train/pred_loss=0.1432  train/sigreg_loss=2.093  train/emb_std=0.9883  train/emb_norm=13.41  train/pred_vs_static=0.2453  train/grad_norm=0.6791  train/lr=4.976e-05  train/samples_per_sec=296.9
2026-10-04 07:23:29 [  12680] train/loss=0.3288  train/pred_loss=0.1395  train/sigreg_loss=2.104  train/emb_std=0.9885  train/emb_norm=13.4  train/pred_vs_static=0.2488  train/grad_norm=0.6803  train/lr=4.976e-05  train/samples_per_sec=297
2026-10-04 07:23:37 [  12700] train/loss=0.3326  train/pred_loss=0.1404  train/sigreg_loss=2.136  train/emb_std=0.9883  train/emb_norm=13.41  train/pred_vs_static=0.2474  train/grad_norm=0.6874  train/lr=4.976e-05  train/samples_per_sec=297
2026-10-04 07:23:46 [  12720] train/loss=0.3376  train/pred_loss=0.1437  train/sigreg_loss=2.155  train/emb_std=0.9857  train/emb_norm=13.38  train/pred_vs_static=0.2495  train/grad_norm=0.6857  train/lr=4.976e-05  train/samples_per_sec=297.1
2026-10-04 07:23:54 [  12740] train/loss=0.333  train/pred_loss=0.142  train/sigreg_loss=2.121  train/emb_std=0.9883  train/emb_norm=13.41  train/pred_vs_static=0.2446  train/grad_norm=0.6726  train/lr=4.976e-05  train/samples_per_sec=297.2
2026-10-04 07:24:03 [  12760] train/loss=0.3331  train/pred_loss=0.1436  train/sigreg_loss=2.104  train/emb_std=0.9896  train/emb_norm=13.41  train/pred_vs_static=0.2492  train/grad_norm=0.6834  train/lr=4.976e-05  train/samples_per_sec=297.2
2026-10-04 07:24:11 [  12780] train/loss=0.3317  train/pred_loss=0.1427  train/sigreg_loss=2.102  train/emb_std=0.9893  train/emb_norm=13.41  train/pred_vs_static=0.248  train/grad_norm=0.6673  train/lr=4.976e-05  train/samples_per_sec=297.3
2026-10-04 07:24:20 [  12800] train/loss=0.33  train/pred_loss=0.1405  train/sigreg_loss=2.105  train/emb_std=0.9873  train/emb_norm=13.4  train/pred_vs_static=0.2485  train/grad_norm=0.6745  train/lr=4.975e-05  train/samples_per_sec=297.3
2026-10-04 07:24:28 [  12820] train/loss=0.3344  train/pred_loss=0.1443  train/sigreg_loss=2.112  train/emb_std=0.9898  train/emb_norm=13.42  train/pred_vs_static=0.2488  train/grad_norm=0.6751  train/lr=4.975e-05  train/samples_per_sec=297.4
2026-10-04 07:24:37 [  12840] train/loss=0.3323  train/pred_loss=0.1406  train/sigreg_loss=2.13  train/emb_std=0.9885  train/emb_norm=13.4  train/pred_vs_static=0.2488  train/grad_norm=0.6802  train/lr=4.975e-05  train/samples_per_sec=297.5
2026-10-04 07:24:45 [  12860] train/loss=0.3316  train/pred_loss=0.1432  train/sigreg_loss=2.093  train/emb_std=0.9893  train/emb_norm=13.42  train/pred_vs_static=0.2501  train/grad_norm=0.6746  train/lr=4.975e-05  train/samples_per_sec=297.6
2026-10-04 07:24:54 [  12880] train/loss=0.3309  train/pred_loss=0.1416  train/sigreg_loss=2.104  train/emb_std=0.9887  train/emb_norm=13.4  train/pred_vs_static=0.245  train/grad_norm=0.6825  train/lr=4.975e-05  train/samples_per_sec=297.6
2026-10-04 07:25:03 [  12900] train/loss=0.3342  train/pred_loss=0.1446  train/sigreg_loss=2.107  train/emb_std=0.9902  train/emb_norm=13.42  train/pred_vs_static=0.2498  train/grad_norm=0.6748  train/lr=4.975e-05  train/samples_per_sec=297.6
2026-10-04 07:25:11 [  12920] train/loss=0.3328  train/pred_loss=0.1428  train/sigreg_loss=2.11  train/emb_std=0.9893  train/emb_norm=13.41  train/pred_vs_static=0.2451  train/grad_norm=0.6662  train/lr=4.975e-05  train/samples_per_sec=297.6
2026-10-04 07:25:20 [  12940] train/loss=0.3315  train/pred_loss=0.1429  train/sigreg_loss=2.094  train/emb_std=0.9885  train/emb_norm=13.41  train/pred_vs_static=0.2478  train/grad_norm=0.6602  train/lr=4.975e-05  train/samples_per_sec=297.7
2026-10-04 07:25:28 [  12960] train/loss=0.3305  train/pred_loss=0.14  train/sigreg_loss=2.116  train/emb_std=0.9891  train/emb_norm=13.41  train/pred_vs_static=0.2458  train/grad_norm=0.6531  train/lr=4.975e-05  train/samples_per_sec=297.7
2026-10-04 07:25:37 [  12980] train/loss=0.3333  train/pred_loss=0.1425  train/sigreg_loss=2.119  train/emb_std=0.9881  train/emb_norm=13.4  train/pred_vs_static=0.2484  train/grad_norm=0.6766  train/lr=4.974e-05  train/samples_per_sec=297.7
2026-10-04 07:25:45 [  13000] train/loss=0.3336  train/pred_loss=0.142  train/sigreg_loss=2.129  train/emb_std=0.9898  train/emb_norm=13.43  train/pred_vs_static=0.2488  train/grad_norm=0.6585  train/lr=4.974e-05  train/samples_per_sec=297.8
2026-10-04 07:25:54 [  13020] train/loss=0.3317  train/pred_loss=0.1413  train/sigreg_loss=2.116  train/emb_std=0.9885  train/emb_norm=13.4  train/pred_vs_static=0.2428  train/grad_norm=0.6685  train/lr=4.974e-05  train/samples_per_sec=297.8
2026-10-04 07:26:03 [  13040] train/loss=0.3275  train/pred_loss=0.141  train/sigreg_loss=2.071  train/emb_std=0.991  train/emb_norm=13.42  train/pred_vs_static=0.2456  train/grad_norm=0.6666  train/lr=4.974e-05  train/samples_per_sec=297.8
2026-10-04 07:26:11 [  13060] train/loss=0.331  train/pred_loss=0.1385  train/sigreg_loss=2.139  train/emb_std=0.9908  train/emb_norm=13.42  train/pred_vs_static=0.2442  train/grad_norm=0.6612  train/lr=4.974e-05  train/samples_per_sec=297.7
2026-10-04 07:26:20 [  13080] train/loss=0.3331  train/pred_loss=0.1443  train/sigreg_loss=2.097  train/emb_std=0.9906  train/emb_norm=13.42  train/pred_vs_static=0.2459  train/grad_norm=0.6653  train/lr=4.974e-05  train/samples_per_sec=297.8
2026-10-04 07:26:28 [  13100] train/loss=0.3302  train/pred_loss=0.1424  train/sigreg_loss=2.087  train/emb_std=0.9896  train/emb_norm=13.41  train/pred_vs_static=0.2448  train/grad_norm=0.6554  train/lr=4.974e-05  train/samples_per_sec=297.8
2026-10-04 07:26:37 [  13120] train/loss=0.327  train/pred_loss=0.1386  train/sigreg_loss=2.095  train/emb_std=0.9898  train/emb_norm=13.42  train/pred_vs_static=0.2458  train/grad_norm=0.6696  train/lr=4.974e-05  train/samples_per_sec=297.8
2026-10-04 07:26:45 [  13140] train/loss=0.333  train/pred_loss=0.1409  train/sigreg_loss=2.134  train/emb_std=0.9885  train/emb_norm=13.39  train/pred_vs_static=0.2467  train/grad_norm=0.6769  train/lr=4.974e-05  train/samples_per_sec=297.8
2026-10-04 07:26:54 [  13160] train/loss=0.3316  train/pred_loss=0.1421  train/sigreg_loss=2.106  train/emb_std=0.9918  train/emb_norm=13.43  train/pred_vs_static=0.2426  train/grad_norm=0.6659  train/lr=4.973e-05  train/samples_per_sec=297.9
2026-10-04 07:27:03 [  13180] train/loss=0.3313  train/pred_loss=0.1434  train/sigreg_loss=2.087  train/emb_std=0.9891  train/emb_norm=13.4  train/pred_vs_static=0.246  train/grad_norm=0.6472  train/lr=4.973e-05  train/samples_per_sec=297.8
2026-10-04 07:27:11 [  13200] train/loss=0.3269  train/pred_loss=0.1391  train/sigreg_loss=2.087  train/emb_std=0.9908  train/emb_norm=13.42  train/pred_vs_static=0.2448  train/grad_norm=0.6548  train/lr=4.973e-05  train/samples_per_sec=297.8
2026-10-04 07:27:20 [  13220] train/loss=0.3303  train/pred_loss=0.1424  train/sigreg_loss=2.087  train/emb_std=0.9906  train/emb_norm=13.42  train/pred_vs_static=0.2548  train/grad_norm=0.6945  train/lr=4.973e-05  train/samples_per_sec=297.9
2026-10-04 07:27:28 [  13240] train/loss=0.3377  train/pred_loss=0.1455  train/sigreg_loss=2.136  train/emb_std=0.9877  train/emb_norm=13.39  train/pred_vs_static=0.2474  train/grad_norm=0.6747  train/lr=4.973e-05  train/samples_per_sec=297.9
2026-10-04 07:27:37 [  13260] train/loss=0.339  train/pred_loss=0.1464  train/sigreg_loss=2.14  train/emb_std=0.9889  train/emb_norm=13.41  train/pred_vs_static=0.2477  train/grad_norm=0.701  train/lr=4.973e-05  train/samples_per_sec=297.9
2026-10-04 07:27:45 [  13280] train/loss=0.33  train/pred_loss=0.1412  train/sigreg_loss=2.097  train/emb_std=0.9912  train/emb_norm=13.42  train/pred_vs_static=0.2475  train/grad_norm=0.6726  train/lr=4.973e-05  train/samples_per_sec=297.9
2026-10-04 07:27:54 [  13300] train/loss=0.3271  train/pred_loss=0.1397  train/sigreg_loss=2.08  train/emb_std=0.9906  train/emb_norm=13.43  train/pred_vs_static=0.2473  train/grad_norm=0.6811  train/lr=4.973e-05  train/samples_per_sec=297.9
2026-10-04 07:28:03 [  13320] train/loss=0.3302  train/pred_loss=0.1397  train/sigreg_loss=2.116  train/emb_std=0.9904  train/emb_norm=13.43  train/pred_vs_static=0.2407  train/grad_norm=0.6627  train/lr=4.972e-05  train/samples_per_sec=297.9
2026-10-04 07:28:11 [  13340] train/loss=0.3299  train/pred_loss=0.1418  train/sigreg_loss=2.089  train/emb_std=0.9904  train/emb_norm=13.42  train/pred_vs_static=0.248  train/grad_norm=0.6699  train/lr=4.972e-05  train/samples_per_sec=297.9
2026-10-04 07:28:20 [  13360] train/loss=0.3321  train/pred_loss=0.1427  train/sigreg_loss=2.104  train/emb_std=0.9904  train/emb_norm=13.42  train/pred_vs_static=0.2409  train/grad_norm=0.67  train/lr=4.972e-05  train/samples_per_sec=297.9
2026-10-04 07:28:28 [  13380] train/loss=0.3305  train/pred_loss=0.14  train/sigreg_loss=2.117  train/emb_std=0.9885  train/emb_norm=13.4  train/pred_vs_static=0.2424  train/grad_norm=0.676  train/lr=4.972e-05  train/samples_per_sec=298
2026-10-04 07:28:37 [  13400] train/loss=0.3358  train/pred_loss=0.1463  train/sigreg_loss=2.105  train/emb_std=0.9902  train/emb_norm=13.43  train/pred_vs_static=0.2485  train/grad_norm=0.6742  train/lr=4.972e-05  train/samples_per_sec=298
2026-10-04 07:28:45 [  13420] train/loss=0.3326  train/pred_loss=0.1423  train/sigreg_loss=2.114  train/emb_std=0.9912  train/emb_norm=13.41  train/pred_vs_static=0.2434  train/grad_norm=0.6694  train/lr=4.972e-05  train/samples_per_sec=298.1
2026-10-04 07:28:54 [  13440] train/loss=0.3314  train/pred_loss=0.1423  train/sigreg_loss=2.101  train/emb_std=0.9893  train/emb_norm=13.41  train/pred_vs_static=0.2413  train/grad_norm=0.6809  train/lr=4.972e-05  train/samples_per_sec=298.1
2026-10-04 07:29:02 [  13460] train/loss=0.3327  train/pred_loss=0.141  train/sigreg_loss=2.129  train/emb_std=0.9875  train/emb_norm=13.39  train/pred_vs_static=0.2469  train/grad_norm=0.6752  train/lr=4.972e-05  train/samples_per_sec=298.2
2026-10-04 07:29:11 [  13480] train/loss=0.3269  train/pred_loss=0.1393  train/sigreg_loss=2.084  train/emb_std=0.9916  train/emb_norm=13.43  train/pred_vs_static=0.2408  train/grad_norm=0.6745  train/lr=4.972e-05  train/samples_per_sec=298.2
2026-10-04 07:29:19 [  13500] train/loss=0.3324  train/pred_loss=0.1419  train/sigreg_loss=2.116  train/emb_std=0.9904  train/emb_norm=13.42  train/pred_vs_static=0.2454  train/grad_norm=0.6636  train/lr=4.971e-05  train/samples_per_sec=298.2
2026-10-04 07:29:28 [  13520] train/loss=0.3314  train/pred_loss=0.1418  train/sigreg_loss=2.105  train/emb_std=0.9896  train/emb_norm=13.4  train/pred_vs_static=0.2509  train/grad_norm=0.6627  train/lr=4.971e-05  train/samples_per_sec=298.3
2026-10-04 07:29:36 [  13540] train/loss=0.3262  train/pred_loss=0.1392  train/sigreg_loss=2.078  train/emb_std=0.992  train/emb_norm=13.44  train/pred_vs_static=0.2505  train/grad_norm=0.6373  train/lr=4.971e-05  train/samples_per_sec=298.3
2026-10-04 07:29:45 [  13560] train/loss=0.3297  train/pred_loss=0.1408  train/sigreg_loss=2.098  train/emb_std=0.9893  train/emb_norm=13.41  train/pred_vs_static=0.2454  train/grad_norm=0.6628  train/lr=4.971e-05  train/samples_per_sec=298.3
2026-10-04 07:29:53 [  13580] train/loss=0.3316  train/pred_loss=0.144  train/sigreg_loss=2.084  train/emb_std=0.992  train/emb_norm=13.42  train/pred_vs_static=0.2488  train/grad_norm=0.6501  train/lr=4.971e-05  train/samples_per_sec=298.3
2026-10-04 07:30:02 [  13600] train/loss=0.3298  train/pred_loss=0.1397  train/sigreg_loss=2.112  train/emb_std=0.9906  train/emb_norm=13.42  train/pred_vs_static=0.2406  train/grad_norm=0.6516  train/lr=4.971e-05  train/samples_per_sec=298.4
2026-10-04 07:30:10 [  13620] train/loss=0.3338  train/pred_loss=0.1445  train/sigreg_loss=2.103  train/emb_std=0.9904  train/emb_norm=13.41  train/pred_vs_static=0.2513  train/grad_norm=0.6732  train/lr=4.971e-05  train/samples_per_sec=298.4
2026-10-04 07:30:19 [  13640] train/loss=0.3226  train/pred_loss=0.1375  train/sigreg_loss=2.057  train/emb_std=0.9926  train/emb_norm=13.45  train/pred_vs_static=0.2486  train/grad_norm=0.6801  train/lr=4.971e-05  train/samples_per_sec=298.4
2026-10-04 07:30:28 [  13660] train/loss=0.337  train/pred_loss=0.1457  train/sigreg_loss=2.125  train/emb_std=0.9891  train/emb_norm=13.39  train/pred_vs_static=0.2509  train/grad_norm=0.6769  train/lr=4.97e-05  train/samples_per_sec=298.4
2026-10-04 07:30:36 [  13680] train/loss=0.3268  train/pred_loss=0.1391  train/sigreg_loss=2.085  train/emb_std=0.9898  train/emb_norm=13.43  train/pred_vs_static=0.2471  train/grad_norm=0.6617  train/lr=4.97e-05  train/samples_per_sec=298.4
2026-10-04 07:30:47 [  13700] train/loss=0.3299  train/pred_loss=0.1403  train/sigreg_loss=2.106  train/emb_std=0.9883  train/emb_norm=13.4  train/pred_vs_static=0.2473  train/grad_norm=0.663  train/lr=4.97e-05  train/samples_per_sec=297.3
2026-10-04 07:30:56 [  13720] train/loss=0.3321  train/pred_loss=0.1442  train/sigreg_loss=2.088  train/emb_std=0.9898  train/emb_norm=13.41  train/pred_vs_static=0.246  train/grad_norm=0.6687  train/lr=4.97e-05  train/samples_per_sec=297.3
2026-10-04 07:31:05 [  13740] train/loss=0.3314  train/pred_loss=0.1437  train/sigreg_loss=2.084  train/emb_std=0.9912  train/emb_norm=13.42  train/pred_vs_static=0.2376  train/grad_norm=0.6591  train/lr=4.97e-05  train/samples_per_sec=297.3
2026-10-04 07:31:13 [  13760] train/loss=0.3339  train/pred_loss=0.1442  train/sigreg_loss=2.107  train/emb_std=0.9883  train/emb_norm=13.39  train/pred_vs_static=0.2427  train/grad_norm=0.6544  train/lr=4.97e-05  train/samples_per_sec=297.3
2026-10-04 07:31:22 [  13780] train/loss=0.3304  train/pred_loss=0.1405  train/sigreg_loss=2.109  train/emb_std=0.9918  train/emb_norm=13.44  train/pred_vs_static=0.2411  train/grad_norm=0.6547  train/lr=4.97e-05  train/samples_per_sec=297.3
2026-10-04 07:31:30 [  13800] train/loss=0.3311  train/pred_loss=0.1426  train/sigreg_loss=2.095  train/emb_std=0.9916  train/emb_norm=13.43  train/pred_vs_static=0.2398  train/grad_norm=0.647  train/lr=4.97e-05  train/samples_per_sec=297.3
2026-10-04 07:31:39 [  13820] train/loss=0.3255  train/pred_loss=0.1405  train/sigreg_loss=2.056  train/emb_std=0.9875  train/emb_norm=13.38  train/pred_vs_static=0.2426  train/grad_norm=0.6516  train/lr=4.969e-05  train/samples_per_sec=297.4
2026-10-04 07:31:47 [  13840] train/loss=0.3281  train/pred_loss=0.1398  train/sigreg_loss=2.092  train/emb_std=0.9891  train/emb_norm=13.41  train/pred_vs_static=0.2497  train/grad_norm=0.6591  train/lr=4.969e-05  train/samples_per_sec=297.4
2026-10-04 07:31:56 [  13860] train/loss=0.3293  train/pred_loss=0.1401  train/sigreg_loss=2.102  train/emb_std=0.9883  train/emb_norm=13.39  train/pred_vs_static=0.2446  train/grad_norm=0.66  train/lr=4.969e-05  train/samples_per_sec=297.4
2026-10-04 07:32:05 [  13880] train/loss=0.3296  train/pred_loss=0.1415  train/sigreg_loss=2.089  train/emb_std=0.99  train/emb_norm=13.42  train/pred_vs_static=0.2465  train/grad_norm=0.654  train/lr=4.969e-05  train/samples_per_sec=297.4
2026-10-04 07:32:13 [  13900] train/loss=0.333  train/pred_loss=0.1425  train/sigreg_loss=2.117  train/emb_std=0.9912  train/emb_norm=13.42  train/pred_vs_static=0.2464  train/grad_norm=0.6745  train/lr=4.969e-05  train/samples_per_sec=297.5
2026-10-04 07:32:22 [  13920] train/loss=0.3311  train/pred_loss=0.1396  train/sigreg_loss=2.128  train/emb_std=0.9906  train/emb_norm=13.41  train/pred_vs_static=0.2412  train/grad_norm=0.6508  train/lr=4.969e-05  train/samples_per_sec=297.5
2026-10-04 07:32:30 [  13940] train/loss=0.3255  train/pred_loss=0.1397  train/sigreg_loss=2.064  train/emb_std=0.9916  train/emb_norm=13.45  train/pred_vs_static=0.2415  train/grad_norm=0.6606  train/lr=4.969e-05  train/samples_per_sec=297.5
2026-10-04 07:32:39 [  13960] train/loss=0.329  train/pred_loss=0.1417  train/sigreg_loss=2.081  train/emb_std=0.9904  train/emb_norm=13.41  train/pred_vs_static=0.2408  train/grad_norm=0.6619  train/lr=4.969e-05  train/samples_per_sec=297.6
2026-10-04 07:32:47 [  13980] train/loss=0.3263  train/pred_loss=0.1397  train/sigreg_loss=2.074  train/emb_std=0.9918  train/emb_norm=13.44  train/pred_vs_static=0.243  train/grad_norm=0.6497  train/lr=4.968e-05  train/samples_per_sec=297.7
2026-10-04 07:32:55 [  14000] train/loss=0.3305  train/pred_loss=0.1428  train/sigreg_loss=2.084  train/emb_std=0.9906  train/emb_norm=13.41  train/pred_vs_static=0.2479  train/grad_norm=0.6657  train/lr=4.968e-05  train/samples_per_sec=297.8
2026-10-04 07:32:55 [  14000] train_epoch/loss=0.332  train_epoch/pred_loss=0.1419  train_epoch/sigreg_loss=2.113  train_epoch/emb_std=0.9895  train_epoch/emb_norm=13.41  train_epoch/pred_vs_static=0.2469  train_epoch/grad_norm=0.6722  train_epoch/lr=4.974e-05  train_epoch/epoch=6
2026-10-04 07:33:00 [  14000] val/loss=6.484  val/pred_loss=0.9044  val/sigreg_loss=61.99  val/emb_std=0.7879  val/emb_norm=17.52  val/pred_vs_static=2.413  val/epoch=6
2026-10-04 07:33:00 epoch   6 | val pred_vs_static 2.41349 | best 2.41349 @ epoch 6 | saved epoch_006.pt
2026-10-04 07:33:11 [  14020] train/loss=0.3333  train/pred_loss=0.1431  train/sigreg_loss=2.112  train/emb_std=0.9896  train/emb_norm=13.4  train/pred_vs_static=0.2448  train/grad_norm=0.6731  train/lr=4.968e-05  train/samples_per_sec=244
2026-10-04 07:33:19 [  14040] train/loss=0.3331  train/pred_loss=0.1445  train/sigreg_loss=2.095  train/emb_std=0.9893  train/emb_norm=13.42  train/pred_vs_static=0.2412  train/grad_norm=0.6476  train/lr=4.968e-05  train/samples_per_sec=270.8
2026-10-04 07:33:28 [  14060] train/loss=0.3238  train/pred_loss=0.1396  train/sigreg_loss=2.046  train/emb_std=0.9895  train/emb_norm=13.41  train/pred_vs_static=0.2425  train/grad_norm=0.6324  train/lr=4.968e-05  train/samples_per_sec=279.8
2026-10-04 07:33:36 [  14080] train/loss=0.3312  train/pred_loss=0.144  train/sigreg_loss=2.08  train/emb_std=0.9875  train/emb_norm=13.39  train/pred_vs_static=0.244  train/grad_norm=0.6505  train/lr=4.968e-05  train/samples_per_sec=285.1
2026-10-04 07:33:45 [  14100] train/loss=0.3244  train/pred_loss=0.1383  train/sigreg_loss=2.068  train/emb_std=0.9896  train/emb_norm=13.42  train/pred_vs_static=0.2433  train/grad_norm=0.6602  train/lr=4.968e-05  train/samples_per_sec=288.6
2026-10-04 07:33:53 [  14120] train/loss=0.3257  train/pred_loss=0.1389  train/sigreg_loss=2.075  train/emb_std=0.9922  train/emb_norm=13.44  train/pred_vs_static=0.2421  train/grad_norm=0.6569  train/lr=4.968e-05  train/samples_per_sec=290.5
2026-10-04 07:34:02 [  14140] train/loss=0.3243  train/pred_loss=0.1404  train/sigreg_loss=2.043  train/emb_std=0.992  train/emb_norm=13.43  train/pred_vs_static=0.2398  train/grad_norm=0.6449  train/lr=4.967e-05  train/samples_per_sec=292.2
2026-10-04 07:34:10 [  14160] train/loss=0.3309  train/pred_loss=0.1437  train/sigreg_loss=2.079  train/emb_std=0.9904  train/emb_norm=13.42  train/pred_vs_static=0.2422  train/grad_norm=0.6754  train/lr=4.967e-05  train/samples_per_sec=293.2
2026-10-04 07:34:19 [  14180] train/loss=0.3342  train/pred_loss=0.1453  train/sigreg_loss=2.098  train/emb_std=0.9879  train/emb_norm=13.4  train/pred_vs_static=0.2435  train/grad_norm=0.642  train/lr=4.967e-05  train/samples_per_sec=294.3
2026-10-04 07:34:27 [  14200] train/loss=0.3314  train/pred_loss=0.1448  train/sigreg_loss=2.072  train/emb_std=0.992  train/emb_norm=13.44  train/pred_vs_static=0.2478  train/grad_norm=0.653  train/lr=4.967e-05  train/samples_per_sec=294.5
2026-10-04 07:34:36 [  14220] train/loss=0.331  train/pred_loss=0.1412  train/sigreg_loss=2.109  train/emb_std=0.9883  train/emb_norm=13.39  train/pred_vs_static=0.243  train/grad_norm=0.6671  train/lr=4.967e-05  train/samples_per_sec=295.2
2026-10-04 07:34:44 [  14240] train/loss=0.3296  train/pred_loss=0.141  train/sigreg_loss=2.095  train/emb_std=0.9918  train/emb_norm=13.43  train/pred_vs_static=0.2408  train/grad_norm=0.6506  train/lr=4.967e-05  train/samples_per_sec=295.8
2026-10-04 07:34:53 [  14260] train/loss=0.3268  train/pred_loss=0.1412  train/sigreg_loss=2.062  train/emb_std=0.9912  train/emb_norm=13.42  train/pred_vs_static=0.2449  train/grad_norm=0.6499  train/lr=4.967e-05  train/samples_per_sec=296.4
2026-10-04 07:35:01 [  14280] train/loss=0.3284  train/pred_loss=0.1447  train/sigreg_loss=2.041  train/emb_std=0.9914  train/emb_norm=13.43  train/pred_vs_static=0.2466  train/grad_norm=0.6394  train/lr=4.967e-05  train/samples_per_sec=296.9
2026-10-04 07:35:10 [  14300] train/loss=0.3332  train/pred_loss=0.1446  train/sigreg_loss=2.095  train/emb_std=0.9881  train/emb_norm=13.39  train/pred_vs_static=0.2403  train/grad_norm=0.6776  train/lr=4.966e-05  train/samples_per_sec=297.3
2026-10-04 07:35:18 [  14320] train/loss=0.3305  train/pred_loss=0.1417  train/sigreg_loss=2.099  train/emb_std=0.9887  train/emb_norm=13.4  train/pred_vs_static=0.2448  train/grad_norm=0.6764  train/lr=4.966e-05  train/samples_per_sec=297.6
2026-10-04 07:35:26 [  14340] train/loss=0.3277  train/pred_loss=0.1403  train/sigreg_loss=2.082  train/emb_std=0.9885  train/emb_norm=13.41  train/pred_vs_static=0.2493  train/grad_norm=0.6645  train/lr=4.966e-05  train/samples_per_sec=297.9
2026-10-04 07:35:35 [  14360] train/loss=0.3276  train/pred_loss=0.1415  train/sigreg_loss=2.068  train/emb_std=0.991  train/emb_norm=13.43  train/pred_vs_static=0.2412  train/grad_norm=0.65  train/lr=4.966e-05  train/samples_per_sec=298.1
2026-10-04 07:35:44 [  14380] train/loss=0.3311  train/pred_loss=0.1431  train/sigreg_loss=2.087  train/emb_std=0.9896  train/emb_norm=13.42  train/pred_vs_static=0.2449  train/grad_norm=0.6615  train/lr=4.966e-05  train/samples_per_sec=298.1
2026-10-04 07:35:52 [  14400] train/loss=0.3257  train/pred_loss=0.1405  train/sigreg_loss=2.059  train/emb_std=0.9912  train/emb_norm=13.44  train/pred_vs_static=0.2414  train/grad_norm=0.6495  train/lr=4.966e-05  train/samples_per_sec=298.5
2026-10-04 07:36:00 [  14420] train/loss=0.3344  train/pred_loss=0.1426  train/sigreg_loss=2.132  train/emb_std=0.9885  train/emb_norm=13.39  train/pred_vs_static=0.238  train/grad_norm=0.6616  train/lr=4.966e-05  train/samples_per_sec=298.7
2026-10-04 07:36:09 [  14440] train/loss=0.3235  train/pred_loss=0.1384  train/sigreg_loss=2.057  train/emb_std=0.9928  train/emb_norm=13.44  train/pred_vs_static=0.2438  train/grad_norm=0.6467  train/lr=4.965e-05  train/samples_per_sec=298.9
2026-10-04 07:36:17 [  14460] train/loss=0.3267  train/pred_loss=0.1429  train/sigreg_loss=2.042  train/emb_std=0.9895  train/emb_norm=13.39  train/pred_vs_static=0.2498  train/grad_norm=0.6418  train/lr=4.965e-05  train/samples_per_sec=299.1
2026-10-04 07:36:26 [  14480] train/loss=0.3202  train/pred_loss=0.1358  train/sigreg_loss=2.047  train/emb_std=0.9906  train/emb_norm=13.42  train/pred_vs_static=0.2407  train/grad_norm=0.6202  train/lr=4.965e-05  train/samples_per_sec=299.2
2026-10-04 07:36:34 [  14500] train/loss=0.3278  train/pred_loss=0.1402  train/sigreg_loss=2.085  train/emb_std=0.9883  train/emb_norm=13.39  train/pred_vs_static=0.2404  train/grad_norm=0.6607  train/lr=4.965e-05  train/samples_per_sec=299.4
2026-10-04 07:36:43 [  14520] train/loss=0.3283  train/pred_loss=0.1431  train/sigreg_loss=2.057  train/emb_std=0.991  train/emb_norm=13.42  train/pred_vs_static=0.247  train/grad_norm=0.6737  train/lr=4.965e-05  train/samples_per_sec=299.6
2026-10-04 07:36:50 === finished 2026-10-04 07:36:50 ===
