2026-10-04 12:00:54 === run pendulum-swingup_vit (vit) started 2026-10-04 12:00:54 ===
2026-10-04 12:00:54 config: {"run_name": "pendulum-swingup_vit", "out_dir": "/home/world-models/lewm-cus/checkpoints/pendulum-swingup", "exp_id": "vit", "seed": 3072, "device": "cuda", "compile": false, "data": {"task": "pendulum-swingup", "h5_path": "/home/world-models/.stable_worldmodel/datasets/mmbench/pendulum-swingup.h5", "frameskip": 5, "history": 3, "num_preds": 1, "img_size": 224, "obs_key": "pixels", "train_stride": 2, "val_stride": 5, "max_episodes": null, "val_episodes": 26, "stats_path": null, "stats_max_rows": 200000, "rdcc_mb": 256}, "model": {"encoder": "vit", "freeze_encoder": false, "vit_name": "vit_tiny_patch16_224", "vit_pretrained": false, "vit_pool": "cls", "dino_name": "dinov2_vits14", "dino_tokens": "patch", "dino_img_size": 196, "mlp_hidden": 512, "embed_dim": 192, "act_smooth_dim": 64, "act_mlp_scale": 4, "depth": 6, "heads": 16, "dim_head": 64, "mlp_dim": 2048, "dropout": 0.1, "use_projector": true, "proj_hidden": 2048, "proj_norm": "batch"}, "optim": {"epochs": 100, "stop_epoch": 6, "batch_size": 128, "lr": 5e-05, "weight_decay": 0.001, "betas": [0.9, 0.999], "warmup_epochs": 2.0, "min_lr_scale": 0.01, "grad_clip": 1.0, "amp_dtype": "bf16", "num_workers": 12, "prefetch_factor": 4, "persistent_workers": true, "pin_memory": true, "steps_per_epoch": 2000, "val_steps": 100, "log_every": 20, "ckpt_every": 1, "select_metric": "pred_vs_static"}, "loss": {"use_sigreg": true, "sigreg_weight": 0.09, "sigreg_knots": 17, "sigreg_proj": 1024}, "wandb": {"enabled": false, "project": "lewm-cus", "entity": null, "name": null, "mode": "online"}}
2026-10-04 12:01:18 [     20] train/loss=3.272  train/pred_loss=0.2733  train/sigreg_loss=33.29  train/emb_std=0.3645  train/emb_norm=5.267  train/pred_vs_static=1.441  train/grad_norm=8.272  train/lr=1.312e-07  train/samples_per_sec=107.2
2026-10-04 12:01:26 [     40] train/loss=3.188  train/pred_loss=0.2791  train/sigreg_loss=32.31  train/emb_std=0.3746  train/emb_norm=5.398  train/pred_vs_static=1.402  train/grad_norm=8.238  train/lr=3.813e-07  train/samples_per_sec=159
2026-10-04 12:01:34 [     60] train/loss=3.105  train/pred_loss=0.2861  train/sigreg_loss=31.31  train/emb_std=0.3875  train/emb_norm=5.535  train/pred_vs_static=1.369  train/grad_norm=8.004  train/lr=6.312e-07  train/samples_per_sec=189.7
2026-10-04 12:01:43 [     80] train/loss=2.987  train/pred_loss=0.2951  train/sigreg_loss=29.89  train/emb_std=0.4049  train/emb_norm=5.774  train/pred_vs_static=1.349  train/grad_norm=8.063  train/lr=8.813e-07  train/samples_per_sec=209.6
2026-10-04 12:01:51 [    100] train/loss=2.817  train/pred_loss=0.3103  train/sigreg_loss=27.86  train/emb_std=0.4287  train/emb_norm=6.069  train/pred_vs_static=1.29  train/grad_norm=8.02  train/lr=1.131e-06  train/samples_per_sec=223.5
2026-10-04 12:01:59 [    120] train/loss=2.661  train/pred_loss=0.3235  train/sigreg_loss=25.98  train/emb_std=0.4548  train/emb_norm=6.396  train/pred_vs_static=1.227  train/grad_norm=7.881  train/lr=1.381e-06  train/samples_per_sec=233.7
2026-10-04 12:02:08 [    140] train/loss=2.481  train/pred_loss=0.3399  train/sigreg_loss=23.8  train/emb_std=0.4836  train/emb_norm=6.764  train/pred_vs_static=1.12  train/grad_norm=8.123  train/lr=1.631e-06  train/samples_per_sec=241.8
2026-10-04 12:02:16 [    160] train/loss=2.32  train/pred_loss=0.3556  train/sigreg_loss=21.84  train/emb_std=0.512  train/emb_norm=7.145  train/pred_vs_static=1.053  train/grad_norm=8.178  train/lr=1.881e-06  train/samples_per_sec=248.4
2026-10-04 12:02:25 [    180] train/loss=2.185  train/pred_loss=0.3678  train/sigreg_loss=20.19  train/emb_std=0.5387  train/emb_norm=7.524  train/pred_vs_static=0.9986  train/grad_norm=8.86  train/lr=2.131e-06  train/samples_per_sec=253.6
2026-10-04 12:02:33 [    200] train/loss=2.059  train/pred_loss=0.3747  train/sigreg_loss=18.71  train/emb_std=0.5623  train/emb_norm=7.872  train/pred_vs_static=0.927  train/grad_norm=9.307  train/lr=2.381e-06  train/samples_per_sec=258.1
2026-10-04 12:02:41 [    220] train/loss=1.948  train/pred_loss=0.3881  train/sigreg_loss=17.34  train/emb_std=0.5854  train/emb_norm=8.158  train/pred_vs_static=0.8812  train/grad_norm=9.484  train/lr=2.631e-06  train/samples_per_sec=261.9
2026-10-04 12:02:50 [    240] train/loss=1.851  train/pred_loss=0.3924  train/sigreg_loss=16.21  train/emb_std=0.6066  train/emb_norm=8.456  train/pred_vs_static=0.8352  train/grad_norm=9.81  train/lr=2.881e-06  train/samples_per_sec=265.2
2026-10-04 12:02:58 [    260] train/loss=1.77  train/pred_loss=0.3992  train/sigreg_loss=15.22  train/emb_std=0.6252  train/emb_norm=8.709  train/pred_vs_static=0.7989  train/grad_norm=13.06  train/lr=3.131e-06  train/samples_per_sec=268
2026-10-04 12:03:06 [    280] train/loss=1.699  train/pred_loss=0.4024  train/sigreg_loss=14.41  train/emb_std=0.6402  train/emb_norm=8.928  train/pred_vs_static=0.7747  train/grad_norm=11.64  train/lr=3.381e-06  train/samples_per_sec=270.5
2026-10-04 12:03:15 [    300] train/loss=1.638  train/pred_loss=0.4066  train/sigreg_loss=13.68  train/emb_std=0.6545  train/emb_norm=9.134  train/pred_vs_static=0.7431  train/grad_norm=10.96  train/lr=3.631e-06  train/samples_per_sec=272.5
2026-10-04 12:03:23 [    320] train/loss=1.554  train/pred_loss=0.4113  train/sigreg_loss=12.7  train/emb_std=0.6699  train/emb_norm=9.347  train/pred_vs_static=0.7231  train/grad_norm=11.5  train/lr=3.881e-06  train/samples_per_sec=274.2
2026-10-04 12:03:31 [    340] train/loss=1.501  train/pred_loss=0.4126  train/sigreg_loss=12.09  train/emb_std=0.6842  train/emb_norm=9.567  train/pred_vs_static=0.6894  train/grad_norm=10.93  train/lr=4.131e-06  train/samples_per_sec=275.9
2026-10-04 12:03:40 [    360] train/loss=1.456  train/pred_loss=0.4162  train/sigreg_loss=11.55  train/emb_std=0.6953  train/emb_norm=9.715  train/pred_vs_static=0.6668  train/grad_norm=12.01  train/lr=4.381e-06  train/samples_per_sec=277.3
2026-10-04 12:03:48 [    380] train/loss=1.422  train/pred_loss=0.4214  train/sigreg_loss=11.12  train/emb_std=0.7063  train/emb_norm=9.876  train/pred_vs_static=0.6419  train/grad_norm=12.64  train/lr=4.631e-06  train/samples_per_sec=278.6
2026-10-04 12:03:57 [    400] train/loss=1.393  train/pred_loss=0.4244  train/sigreg_loss=10.76  train/emb_std=0.7176  train/emb_norm=10.04  train/pred_vs_static=0.6165  train/grad_norm=12.9  train/lr=4.881e-06  train/samples_per_sec=279.9
2026-10-04 12:04:05 [    420] train/loss=1.353  train/pred_loss=0.4219  train/sigreg_loss=10.34  train/emb_std=0.7252  train/emb_norm=10.15  train/pred_vs_static=0.6043  train/grad_norm=13.58  train/lr=5.131e-06  train/samples_per_sec=281.1
2026-10-04 12:04:13 [    440] train/loss=1.314  train/pred_loss=0.4248  train/sigreg_loss=9.884  train/emb_std=0.7348  train/emb_norm=10.28  train/pred_vs_static=0.5954  train/grad_norm=11.37  train/lr=5.381e-06  train/samples_per_sec=282.2
2026-10-04 12:04:22 [    460] train/loss=1.291  train/pred_loss=0.4244  train/sigreg_loss=9.634  train/emb_std=0.7453  train/emb_norm=10.41  train/pred_vs_static=0.5867  train/grad_norm=11.36  train/lr=5.631e-06  train/samples_per_sec=283.1
2026-10-04 12:04:30 [    480] train/loss=1.259  train/pred_loss=0.4255  train/sigreg_loss=9.256  train/emb_std=0.7527  train/emb_norm=10.53  train/pred_vs_static=0.5687  train/grad_norm=10.41  train/lr=5.881e-06  train/samples_per_sec=284
2026-10-04 12:04:38 [    500] train/loss=1.24  train/pred_loss=0.4213  train/sigreg_loss=9.097  train/emb_std=0.7611  train/emb_norm=10.65  train/pred_vs_static=0.5568  train/grad_norm=9.741  train/lr=6.131e-06  train/samples_per_sec=284.9
2026-10-04 12:04:47 [    520] train/loss=1.217  train/pred_loss=0.4244  train/sigreg_loss=8.806  train/emb_std=0.7682  train/emb_norm=10.72  train/pred_vs_static=0.5561  train/grad_norm=8.305  train/lr=6.381e-06  train/samples_per_sec=285.7
2026-10-04 12:04:55 [    540] train/loss=1.191  train/pred_loss=0.4195  train/sigreg_loss=8.578  train/emb_std=0.7773  train/emb_norm=10.86  train/pred_vs_static=0.536  train/grad_norm=7.83  train/lr=6.631e-06  train/samples_per_sec=286.5
2026-10-04 12:05:03 [    560] train/loss=1.163  train/pred_loss=0.4196  train/sigreg_loss=8.259  train/emb_std=0.7861  train/emb_norm=10.98  train/pred_vs_static=0.5323  train/grad_norm=7.38  train/lr=6.881e-06  train/samples_per_sec=287.2
2026-10-04 12:05:12 [    580] train/loss=1.149  train/pred_loss=0.4193  train/sigreg_loss=8.111  train/emb_std=0.7906  train/emb_norm=11.01  train/pred_vs_static=0.5284  train/grad_norm=7.283  train/lr=7.131e-06  train/samples_per_sec=287.8
2026-10-04 12:05:20 [    600] train/loss=1.136  train/pred_loss=0.4223  train/sigreg_loss=7.928  train/emb_std=0.7971  train/emb_norm=11.1  train/pred_vs_static=0.5262  train/grad_norm=6.955  train/lr=7.381e-06  train/samples_per_sec=288.4
2026-10-04 12:05:28 [    620] train/loss=1.109  train/pred_loss=0.4209  train/sigreg_loss=7.645  train/emb_std=0.8037  train/emb_norm=11.18  train/pred_vs_static=0.515  train/grad_norm=7.281  train/lr=7.631e-06  train/samples_per_sec=289
2026-10-04 12:05:37 [    640] train/loss=1.093  train/pred_loss=0.4177  train/sigreg_loss=7.509  train/emb_std=0.8111  train/emb_norm=11.29  train/pred_vs_static=0.5136  train/grad_norm=6.3  train/lr=7.881e-06  train/samples_per_sec=289.5
2026-10-04 12:05:45 [    660] train/loss=1.083  train/pred_loss=0.4186  train/sigreg_loss=7.383  train/emb_std=0.8168  train/emb_norm=11.34  train/pred_vs_static=0.5019  train/grad_norm=6.039  train/lr=8.131e-06  train/samples_per_sec=290.1
2026-10-04 12:05:53 [    680] train/loss=1.06  train/pred_loss=0.4202  train/sigreg_loss=7.111  train/emb_std=0.8244  train/emb_norm=11.42  train/pred_vs_static=0.5064  train/grad_norm=4.87  train/lr=8.381e-06  train/samples_per_sec=290.5
2026-10-04 12:06:02 [    700] train/loss=1.038  train/pred_loss=0.4135  train/sigreg_loss=6.942  train/emb_std=0.8309  train/emb_norm=11.49  train/pred_vs_static=0.4974  train/grad_norm=5.371  train/lr=8.631e-06  train/samples_per_sec=290.9
2026-10-04 12:06:10 [    720] train/loss=1.035  train/pred_loss=0.414  train/sigreg_loss=6.9  train/emb_std=0.8309  train/emb_norm=11.49  train/pred_vs_static=0.4837  train/grad_norm=5.165  train/lr=8.881e-06  train/samples_per_sec=291.3
2026-10-04 12:06:18 [    740] train/loss=1.011  train/pred_loss=0.4061  train/sigreg_loss=6.711  train/emb_std=0.8426  train/emb_norm=11.64  train/pred_vs_static=0.488  train/grad_norm=5.368  train/lr=9.131e-06  train/samples_per_sec=291.7
2026-10-04 12:06:27 [    760] train/loss=1.008  train/pred_loss=0.4136  train/sigreg_loss=6.6  train/emb_std=0.8453  train/emb_norm=11.66  train/pred_vs_static=0.485  train/grad_norm=4.834  train/lr=9.381e-06  train/samples_per_sec=291.9
2026-10-04 12:06:35 [    780] train/loss=1.006  train/pred_loss=0.4181  train/sigreg_loss=6.53  train/emb_std=0.8502  train/emb_norm=11.72  train/pred_vs_static=0.4846  train/grad_norm=4.097  train/lr=9.631e-06  train/samples_per_sec=292.2
2026-10-04 12:06:44 [    800] train/loss=0.9904  train/pred_loss=0.4148  train/sigreg_loss=6.392  train/emb_std=0.8521  train/emb_norm=11.74  train/pred_vs_static=0.4827  train/grad_norm=4.543  train/lr=9.881e-06  train/samples_per_sec=292.4
2026-10-04 12:06:52 [    820] train/loss=0.9728  train/pred_loss=0.412  train/sigreg_loss=6.23  train/emb_std=0.8533  train/emb_norm=11.73  train/pred_vs_static=0.4707  train/grad_norm=4.794  train/lr=1.013e-05  train/samples_per_sec=292.7
2026-10-04 12:07:01 [    840] train/loss=0.9669  train/pred_loss=0.4134  train/sigreg_loss=6.145  train/emb_std=0.8602  train/emb_norm=11.84  train/pred_vs_static=0.4671  train/grad_norm=3.949  train/lr=1.038e-05  train/samples_per_sec=293
2026-10-04 12:07:09 [    860] train/loss=0.9569  train/pred_loss=0.415  train/sigreg_loss=6.023  train/emb_std=0.8621  train/emb_norm=11.85  train/pred_vs_static=0.4765  train/grad_norm=3.903  train/lr=1.063e-05  train/samples_per_sec=293.3
2026-10-04 12:07:17 [    880] train/loss=0.9392  train/pred_loss=0.4123  train/sigreg_loss=5.855  train/emb_std=0.8666  train/emb_norm=11.9  train/pred_vs_static=0.4671  train/grad_norm=3.621  train/lr=1.088e-05  train/samples_per_sec=293.5
2026-10-04 12:07:26 [    900] train/loss=0.9487  train/pred_loss=0.4259  train/sigreg_loss=5.811  train/emb_std=0.8711  train/emb_norm=11.94  train/pred_vs_static=0.4655  train/grad_norm=3.562  train/lr=1.113e-05  train/samples_per_sec=293.8
2026-10-04 12:07:34 [    920] train/loss=0.9364  train/pred_loss=0.4136  train/sigreg_loss=5.811  train/emb_std=0.8717  train/emb_norm=11.94  train/pred_vs_static=0.4644  train/grad_norm=3.663  train/lr=1.138e-05  train/samples_per_sec=294
2026-10-04 12:07:43 [    940] train/loss=0.9183  train/pred_loss=0.4229  train/sigreg_loss=5.505  train/emb_std=0.8787  train/emb_norm=12.02  train/pred_vs_static=0.4611  train/grad_norm=3.059  train/lr=1.163e-05  train/samples_per_sec=294.2
2026-10-04 12:07:51 [    960] train/loss=0.9166  train/pred_loss=0.413  train/sigreg_loss=5.598  train/emb_std=0.8799  train/emb_norm=12.03  train/pred_vs_static=0.4713  train/grad_norm=3.022  train/lr=1.188e-05  train/samples_per_sec=294.4
2026-10-04 12:08:00 [    980] train/loss=0.908  train/pred_loss=0.419  train/sigreg_loss=5.436  train/emb_std=0.8803  train/emb_norm=12.02  train/pred_vs_static=0.4605  train/grad_norm=2.99  train/lr=1.213e-05  train/samples_per_sec=294.6
2026-10-04 12:08:08 [   1000] train/loss=0.9161  train/pred_loss=0.4261  train/sigreg_loss=5.444  train/emb_std=0.882  train/emb_norm=12.05  train/pred_vs_static=0.4635  train/grad_norm=3.129  train/lr=1.238e-05  train/samples_per_sec=294.7
2026-10-04 12:08:17 [   1020] train/loss=0.9094  train/pred_loss=0.4279  train/sigreg_loss=5.352  train/emb_std=0.8875  train/emb_norm=12.11  train/pred_vs_static=0.4641  train/grad_norm=2.991  train/lr=1.263e-05  train/samples_per_sec=294.8
2026-10-04 12:08:25 [   1040] train/loss=0.9076  train/pred_loss=0.4205  train/sigreg_loss=5.411  train/emb_std=0.885  train/emb_norm=12.09  train/pred_vs_static=0.4574  train/grad_norm=3.056  train/lr=1.288e-05  train/samples_per_sec=295
2026-10-04 12:08:33 [   1060] train/loss=0.9053  train/pred_loss=0.4249  train/sigreg_loss=5.336  train/emb_std=0.8873  train/emb_norm=12.13  train/pred_vs_static=0.4591  train/grad_norm=3.1  train/lr=1.313e-05  train/samples_per_sec=295.1
2026-10-04 12:08:42 [   1080] train/loss=0.8882  train/pred_loss=0.4199  train/sigreg_loss=5.202  train/emb_std=0.8877  train/emb_norm=12.13  train/pred_vs_static=0.4552  train/grad_norm=2.847  train/lr=1.338e-05  train/samples_per_sec=295.3
2026-10-04 12:08:50 [   1100] train/loss=0.884  train/pred_loss=0.4185  train/sigreg_loss=5.173  train/emb_std=0.8881  train/emb_norm=12.11  train/pred_vs_static=0.4499  train/grad_norm=2.861  train/lr=1.363e-05  train/samples_per_sec=295.5
2026-10-04 12:08:59 [   1120] train/loss=0.8913  train/pred_loss=0.4277  train/sigreg_loss=5.152  train/emb_std=0.8896  train/emb_norm=12.12  train/pred_vs_static=0.4528  train/grad_norm=2.936  train/lr=1.388e-05  train/samples_per_sec=295.7
2026-10-04 12:09:07 [   1140] train/loss=0.8716  train/pred_loss=0.4187  train/sigreg_loss=5.031  train/emb_std=0.8896  train/emb_norm=12.12  train/pred_vs_static=0.4502  train/grad_norm=2.954  train/lr=1.413e-05  train/samples_per_sec=295.8
2026-10-04 12:09:15 [   1160] train/loss=0.8731  train/pred_loss=0.416  train/sigreg_loss=5.077  train/emb_std=0.8959  train/emb_norm=12.19  train/pred_vs_static=0.4552  train/grad_norm=2.821  train/lr=1.438e-05  train/samples_per_sec=296
2026-10-04 12:09:24 [   1180] train/loss=0.8695  train/pred_loss=0.4174  train/sigreg_loss=5.022  train/emb_std=0.8967  train/emb_norm=12.22  train/pred_vs_static=0.4455  train/grad_norm=2.727  train/lr=1.463e-05  train/samples_per_sec=296.1
2026-10-04 12:09:32 [   1200] train/loss=0.8824  train/pred_loss=0.4333  train/sigreg_loss=4.989  train/emb_std=0.8953  train/emb_norm=12.17  train/pred_vs_static=0.4456  train/grad_norm=2.752  train/lr=1.488e-05  train/samples_per_sec=296.3
2026-10-04 12:09:41 [   1220] train/loss=0.8696  train/pred_loss=0.4228  train/sigreg_loss=4.963  train/emb_std=0.8939  train/emb_norm=12.2  train/pred_vs_static=0.4417  train/grad_norm=2.549  train/lr=1.513e-05  train/samples_per_sec=296.4
2026-10-04 12:09:49 [   1240] train/loss=0.8611  train/pred_loss=0.4226  train/sigreg_loss=4.872  train/emb_std=0.9012  train/emb_norm=12.26  train/pred_vs_static=0.439  train/grad_norm=2.763  train/lr=1.538e-05  train/samples_per_sec=296.5
2026-10-04 12:09:57 [   1260] train/loss=0.8606  train/pred_loss=0.415  train/sigreg_loss=4.948  train/emb_std=0.8973  train/emb_norm=12.24  train/pred_vs_static=0.4418  train/grad_norm=2.624  train/lr=1.563e-05  train/samples_per_sec=296.7
2026-10-04 12:10:06 [   1280] train/loss=0.8485  train/pred_loss=0.4134  train/sigreg_loss=4.836  train/emb_std=0.8963  train/emb_norm=12.24  train/pred_vs_static=0.4355  train/grad_norm=2.557  train/lr=1.588e-05  train/samples_per_sec=296.8
2026-10-04 12:10:14 [   1300] train/loss=0.8453  train/pred_loss=0.4137  train/sigreg_loss=4.795  train/emb_std=0.899  train/emb_norm=12.25  train/pred_vs_static=0.4365  train/grad_norm=2.703  train/lr=1.613e-05  train/samples_per_sec=296.9
2026-10-04 12:10:22 [   1320] train/loss=0.8412  train/pred_loss=0.4148  train/sigreg_loss=4.737  train/emb_std=0.9035  train/emb_norm=12.27  train/pred_vs_static=0.4281  train/grad_norm=2.47  train/lr=1.638e-05  train/samples_per_sec=297.1
2026-10-04 12:10:31 [   1340] train/loss=0.8418  train/pred_loss=0.4177  train/sigreg_loss=4.713  train/emb_std=0.9018  train/emb_norm=12.25  train/pred_vs_static=0.4308  train/grad_norm=2.528  train/lr=1.663e-05  train/samples_per_sec=297.2
2026-10-04 12:10:39 [   1360] train/loss=0.8315  train/pred_loss=0.4125  train/sigreg_loss=4.656  train/emb_std=0.9016  train/emb_norm=12.27  train/pred_vs_static=0.4256  train/grad_norm=2.473  train/lr=1.688e-05  train/samples_per_sec=297.3
2026-10-04 12:10:48 [   1380] train/loss=0.8323  train/pred_loss=0.4139  train/sigreg_loss=4.648  train/emb_std=0.9057  train/emb_norm=12.3  train/pred_vs_static=0.428  train/grad_norm=2.378  train/lr=1.713e-05  train/samples_per_sec=297.4
2026-10-04 12:10:56 [   1400] train/loss=0.8376  train/pred_loss=0.4139  train/sigreg_loss=4.708  train/emb_std=0.9051  train/emb_norm=12.32  train/pred_vs_static=0.4264  train/grad_norm=2.401  train/lr=1.738e-05  train/samples_per_sec=297.5
2026-10-04 12:11:05 [   1420] train/loss=0.8313  train/pred_loss=0.421  train/sigreg_loss=4.561  train/emb_std=0.9037  train/emb_norm=12.31  train/pred_vs_static=0.4236  train/grad_norm=2.35  train/lr=1.763e-05  train/samples_per_sec=297.6
2026-10-04 12:11:13 [   1440] train/loss=0.8235  train/pred_loss=0.4117  train/sigreg_loss=4.575  train/emb_std=0.9068  train/emb_norm=12.35  train/pred_vs_static=0.4219  train/grad_norm=2.284  train/lr=1.788e-05  train/samples_per_sec=297.7
2026-10-04 12:11:22 [   1460] train/loss=0.8205  train/pred_loss=0.4074  train/sigreg_loss=4.588  train/emb_std=0.9053  train/emb_norm=12.32  train/pred_vs_static=0.4203  train/grad_norm=2.705  train/lr=1.813e-05  train/samples_per_sec=297.6
2026-10-04 12:11:30 [   1480] train/loss=0.8158  train/pred_loss=0.4041  train/sigreg_loss=4.577  train/emb_std=0.9088  train/emb_norm=12.35  train/pred_vs_static=0.4138  train/grad_norm=2.37  train/lr=1.838e-05  train/samples_per_sec=297.7
2026-10-04 12:11:39 [   1500] train/loss=0.8236  train/pred_loss=0.411  train/sigreg_loss=4.586  train/emb_std=0.907  train/emb_norm=12.35  train/pred_vs_static=0.4162  train/grad_norm=2.365  train/lr=1.863e-05  train/samples_per_sec=297.7
2026-10-04 12:11:47 [   1520] train/loss=0.8026  train/pred_loss=0.4052  train/sigreg_loss=4.417  train/emb_std=0.9076  train/emb_norm=12.34  train/pred_vs_static=0.4094  train/grad_norm=2.189  train/lr=1.888e-05  train/samples_per_sec=297.7
2026-10-04 12:11:56 [   1540] train/loss=0.815  train/pred_loss=0.4047  train/sigreg_loss=4.559  train/emb_std=0.9111  train/emb_norm=12.4  train/pred_vs_static=0.4136  train/grad_norm=2.564  train/lr=1.913e-05  train/samples_per_sec=297.8
2026-10-04 12:12:04 [   1560] train/loss=0.8069  train/pred_loss=0.4085  train/sigreg_loss=4.428  train/emb_std=0.9131  train/emb_norm=12.39  train/pred_vs_static=0.4151  train/grad_norm=2.199  train/lr=1.938e-05  train/samples_per_sec=297.9
2026-10-04 12:12:12 [   1580] train/loss=0.8075  train/pred_loss=0.4085  train/sigreg_loss=4.434  train/emb_std=0.9127  train/emb_norm=12.39  train/pred_vs_static=0.41  train/grad_norm=2.067  train/lr=1.963e-05  train/samples_per_sec=298
2026-10-04 12:12:21 [   1600] train/loss=0.8008  train/pred_loss=0.4029  train/sigreg_loss=4.42  train/emb_std=0.9168  train/emb_norm=12.44  train/pred_vs_static=0.4052  train/grad_norm=2.123  train/lr=1.988e-05  train/samples_per_sec=298.1
2026-10-04 12:12:29 [   1620] train/loss=0.802  train/pred_loss=0.4023  train/sigreg_loss=4.439  train/emb_std=0.9146  train/emb_norm=12.41  train/pred_vs_static=0.4015  train/grad_norm=2.094  train/lr=2.013e-05  train/samples_per_sec=298.2
2026-10-04 12:12:37 [   1640] train/loss=0.8055  train/pred_loss=0.4101  train/sigreg_loss=4.392  train/emb_std=0.9139  train/emb_norm=12.43  train/pred_vs_static=0.4038  train/grad_norm=2.107  train/lr=2.038e-05  train/samples_per_sec=298.3
2026-10-04 12:12:46 [   1660] train/loss=0.7913  train/pred_loss=0.3957  train/sigreg_loss=4.397  train/emb_std=0.9139  train/emb_norm=12.45  train/pred_vs_static=0.4014  train/grad_norm=2.025  train/lr=2.063e-05  train/samples_per_sec=298.4
2026-10-04 12:12:54 [   1680] train/loss=0.7946  train/pred_loss=0.3923  train/sigreg_loss=4.47  train/emb_std=0.9143  train/emb_norm=12.44  train/pred_vs_static=0.3937  train/grad_norm=2.133  train/lr=2.088e-05  train/samples_per_sec=298.5
2026-10-04 12:13:02 [   1700] train/loss=0.7979  train/pred_loss=0.4017  train/sigreg_loss=4.405  train/emb_std=0.916  train/emb_norm=12.45  train/pred_vs_static=0.3969  train/grad_norm=2.085  train/lr=2.113e-05  train/samples_per_sec=298.6
2026-10-04 12:13:11 [   1720] train/loss=0.7847  train/pred_loss=0.3971  train/sigreg_loss=4.306  train/emb_std=0.9211  train/emb_norm=12.49  train/pred_vs_static=0.3901  train/grad_norm=1.857  train/lr=2.138e-05  train/samples_per_sec=298.7
2026-10-04 12:13:19 [   1740] train/loss=0.7895  train/pred_loss=0.3962  train/sigreg_loss=4.372  train/emb_std=0.9178  train/emb_norm=12.45  train/pred_vs_static=0.3887  train/grad_norm=1.978  train/lr=2.163e-05  train/samples_per_sec=298.8
2026-10-04 12:13:28 [   1760] train/loss=0.788  train/pred_loss=0.3951  train/sigreg_loss=4.367  train/emb_std=0.9193  train/emb_norm=12.49  train/pred_vs_static=0.3922  train/grad_norm=1.883  train/lr=2.188e-05  train/samples_per_sec=298.9
2026-10-04 12:13:36 [   1780] train/loss=0.7864  train/pred_loss=0.3974  train/sigreg_loss=4.323  train/emb_std=0.9186  train/emb_norm=12.46  train/pred_vs_static=0.3907  train/grad_norm=2.02  train/lr=2.213e-05  train/samples_per_sec=299
2026-10-04 12:13:44 [   1800] train/loss=0.7807  train/pred_loss=0.3877  train/sigreg_loss=4.367  train/emb_std=0.9219  train/emb_norm=12.51  train/pred_vs_static=0.3901  train/grad_norm=2.01  train/lr=2.238e-05  train/samples_per_sec=299.1
2026-10-04 12:13:52 [   1820] train/loss=0.7817  train/pred_loss=0.3893  train/sigreg_loss=4.359  train/emb_std=0.9146  train/emb_norm=12.44  train/pred_vs_static=0.384  train/grad_norm=1.884  train/lr=2.263e-05  train/samples_per_sec=299.1
2026-10-04 12:14:01 [   1840] train/loss=0.7854  train/pred_loss=0.3972  train/sigreg_loss=4.316  train/emb_std=0.9182  train/emb_norm=12.46  train/pred_vs_static=0.3802  train/grad_norm=1.92  train/lr=2.288e-05  train/samples_per_sec=299.2
2026-10-04 12:14:09 [   1860] train/loss=0.7827  train/pred_loss=0.3887  train/sigreg_loss=4.38  train/emb_std=0.9137  train/emb_norm=12.43  train/pred_vs_static=0.3789  train/grad_norm=1.849  train/lr=2.313e-05  train/samples_per_sec=299.3
2026-10-04 12:14:17 [   1880] train/loss=0.77  train/pred_loss=0.3858  train/sigreg_loss=4.269  train/emb_std=0.9191  train/emb_norm=12.5  train/pred_vs_static=0.3775  train/grad_norm=1.829  train/lr=2.338e-05  train/samples_per_sec=299.4
2026-10-04 12:14:26 [   1900] train/loss=0.7694  train/pred_loss=0.3899  train/sigreg_loss=4.214  train/emb_std=0.9205  train/emb_norm=12.49  train/pred_vs_static=0.376  train/grad_norm=1.776  train/lr=2.363e-05  train/samples_per_sec=299.5
2026-10-04 12:14:34 [   1920] train/loss=0.7691  train/pred_loss=0.3864  train/sigreg_loss=4.254  train/emb_std=0.9223  train/emb_norm=12.5  train/pred_vs_static=0.3726  train/grad_norm=1.832  train/lr=2.388e-05  train/samples_per_sec=299.6
2026-10-04 12:14:42 [   1940] train/loss=0.7681  train/pred_loss=0.3898  train/sigreg_loss=4.204  train/emb_std=0.9303  train/emb_norm=12.56  train/pred_vs_static=0.3722  train/grad_norm=1.842  train/lr=2.413e-05  train/samples_per_sec=299.7
2026-10-04 12:14:51 [   1960] train/loss=0.7676  train/pred_loss=0.3807  train/sigreg_loss=4.3  train/emb_std=0.9195  train/emb_norm=12.48  train/pred_vs_static=0.3686  train/grad_norm=1.794  train/lr=2.438e-05  train/samples_per_sec=299.7
2026-10-04 12:14:59 [   1980] train/loss=0.7623  train/pred_loss=0.3852  train/sigreg_loss=4.188  train/emb_std=0.9203  train/emb_norm=12.5  train/pred_vs_static=0.3706  train/grad_norm=1.731  train/lr=2.463e-05  train/samples_per_sec=299.8
2026-10-04 12:15:07 [   2000] train/loss=0.7605  train/pred_loss=0.3773  train/sigreg_loss=4.256  train/emb_std=0.9187  train/emb_norm=12.51  train/pred_vs_static=0.3634  train/grad_norm=1.782  train/lr=2.488e-05  train/samples_per_sec=299.9
2026-10-04 12:15:07 [   2000] train_epoch/loss=1.166  train_epoch/pred_loss=0.4015  train_epoch/sigreg_loss=8.491  train_epoch/emb_std=0.8112  train_epoch/emb_norm=11.14  train_epoch/pred_vs_static=0.5547  train_epoch/grad_norm=4.978  train_epoch/lr=1.251e-05  train_epoch/epoch=0
2026-10-04 12:15:20 [   2000] val/loss=1.949  val/pred_loss=0.338  val/sigreg_loss=17.9  val/emb_std=0.868  val/emb_norm=13.14  val/pred_vs_static=0.3441  val/epoch=0
2026-10-04 12:15:20 epoch   0 | val pred_vs_static 0.34414 | best 0.34414 @ epoch 0 | saved epoch_000.pt
2026-10-04 12:15:31 [   2020] train/loss=0.7597  train/pred_loss=0.379  train/sigreg_loss=4.231  train/emb_std=0.9227  train/emb_norm=12.54  train/pred_vs_static=0.3668  train/grad_norm=1.742  train/lr=2.513e-05  train/samples_per_sec=235.2
2026-10-04 12:15:39 [   2040] train/loss=0.7616  train/pred_loss=0.3807  train/sigreg_loss=4.23  train/emb_std=0.9172  train/emb_norm=12.49  train/pred_vs_static=0.3605  train/grad_norm=1.753  train/lr=2.538e-05  train/samples_per_sec=266.2
2026-10-04 12:15:48 [   2060] train/loss=0.7642  train/pred_loss=0.3822  train/sigreg_loss=4.241  train/emb_std=0.9203  train/emb_norm=12.5  train/pred_vs_static=0.3642  train/grad_norm=1.82  train/lr=2.563e-05  train/samples_per_sec=277.8
2026-10-04 12:15:56 [   2080] train/loss=0.7499  train/pred_loss=0.3703  train/sigreg_loss=4.218  train/emb_std=0.9242  train/emb_norm=12.56  train/pred_vs_static=0.3577  train/grad_norm=1.643  train/lr=2.588e-05  train/samples_per_sec=284.6
2026-10-04 12:16:04 [   2100] train/loss=0.7576  train/pred_loss=0.375  train/sigreg_loss=4.248  train/emb_std=0.9232  train/emb_norm=12.56  train/pred_vs_static=0.3515  train/grad_norm=1.755  train/lr=2.613e-05  train/samples_per_sec=288.7
2026-10-04 12:16:13 [   2120] train/loss=0.7322  train/pred_loss=0.3626  train/sigreg_loss=4.105  train/emb_std=0.9309  train/emb_norm=12.62  train/pred_vs_static=0.3547  train/grad_norm=1.608  train/lr=2.638e-05  train/samples_per_sec=291.2
2026-10-04 12:16:21 [   2140] train/loss=0.7448  train/pred_loss=0.3656  train/sigreg_loss=4.213  train/emb_std=0.9291  train/emb_norm=12.57  train/pred_vs_static=0.3492  train/grad_norm=1.734  train/lr=2.663e-05  train/samples_per_sec=293
2026-10-04 12:16:30 [   2160] train/loss=0.7498  train/pred_loss=0.3733  train/sigreg_loss=4.184  train/emb_std=0.9279  train/emb_norm=12.57  train/pred_vs_static=0.3527  train/grad_norm=1.817  train/lr=2.688e-05  train/samples_per_sec=294.5
2026-10-04 12:16:38 [   2180] train/loss=0.7469  train/pred_loss=0.3728  train/sigreg_loss=4.157  train/emb_std=0.9234  train/emb_norm=12.52  train/pred_vs_static=0.3492  train/grad_norm=1.7  train/lr=2.713e-05  train/samples_per_sec=295.6
2026-10-04 12:16:46 [   2200] train/loss=0.7452  train/pred_loss=0.3668  train/sigreg_loss=4.205  train/emb_std=0.9236  train/emb_norm=12.58  train/pred_vs_static=0.3475  train/grad_norm=1.653  train/lr=2.738e-05  train/samples_per_sec=296.3
2026-10-04 12:16:55 [   2220] train/loss=0.7432  train/pred_loss=0.3734  train/sigreg_loss=4.108  train/emb_std=0.9244  train/emb_norm=12.55  train/pred_vs_static=0.3475  train/grad_norm=1.599  train/lr=2.763e-05  train/samples_per_sec=297.3
2026-10-04 12:17:03 [   2240] train/loss=0.7347  train/pred_loss=0.3641  train/sigreg_loss=4.118  train/emb_std=0.9236  train/emb_norm=12.54  train/pred_vs_static=0.3459  train/grad_norm=1.627  train/lr=2.788e-05  train/samples_per_sec=297.9
2026-10-04 12:17:11 [   2260] train/loss=0.743  train/pred_loss=0.3648  train/sigreg_loss=4.198  train/emb_std=0.9221  train/emb_norm=12.54  train/pred_vs_static=0.3443  train/grad_norm=1.633  train/lr=2.813e-05  train/samples_per_sec=298.5
2026-10-04 12:17:20 [   2280] train/loss=0.7385  train/pred_loss=0.3646  train/sigreg_loss=4.154  train/emb_std=0.9275  train/emb_norm=12.61  train/pred_vs_static=0.3409  train/grad_norm=1.669  train/lr=2.838e-05  train/samples_per_sec=298.8
2026-10-04 12:17:28 [   2300] train/loss=0.738  train/pred_loss=0.361  train/sigreg_loss=4.187  train/emb_std=0.9264  train/emb_norm=12.57  train/pred_vs_static=0.34  train/grad_norm=1.693  train/lr=2.863e-05  train/samples_per_sec=299.2
2026-10-04 12:17:37 [   2320] train/loss=0.7389  train/pred_loss=0.365  train/sigreg_loss=4.152  train/emb_std=0.9279  train/emb_norm=12.59  train/pred_vs_static=0.3397  train/grad_norm=1.686  train/lr=2.888e-05  train/samples_per_sec=299.6
2026-10-04 12:17:45 [   2340] train/loss=0.7473  train/pred_loss=0.363  train/sigreg_loss=4.27  train/emb_std=0.918  train/emb_norm=12.52  train/pred_vs_static=0.3368  train/grad_norm=1.727  train/lr=2.913e-05  train/samples_per_sec=299.9
2026-10-04 12:17:54 [   2360] train/loss=0.7391  train/pred_loss=0.3637  train/sigreg_loss=4.17  train/emb_std=0.9232  train/emb_norm=12.57  train/pred_vs_static=0.3358  train/grad_norm=1.624  train/lr=2.938e-05  train/samples_per_sec=300.2
2026-10-04 12:18:02 [   2380] train/loss=0.7302  train/pred_loss=0.3584  train/sigreg_loss=4.129  train/emb_std=0.9283  train/emb_norm=12.59  train/pred_vs_static=0.3329  train/grad_norm=1.572  train/lr=2.963e-05  train/samples_per_sec=300.5
2026-10-04 12:18:10 [   2400] train/loss=0.7283  train/pred_loss=0.3601  train/sigreg_loss=4.091  train/emb_std=0.9285  train/emb_norm=12.62  train/pred_vs_static=0.3313  train/grad_norm=1.583  train/lr=2.988e-05  train/samples_per_sec=300.8
2026-10-04 12:18:19 [   2420] train/loss=0.7286  train/pred_loss=0.3564  train/sigreg_loss=4.134  train/emb_std=0.9307  train/emb_norm=12.61  train/pred_vs_static=0.336  train/grad_norm=1.602  train/lr=3.013e-05  train/samples_per_sec=301.1
2026-10-04 12:18:27 [   2440] train/loss=0.7398  train/pred_loss=0.3574  train/sigreg_loss=4.248  train/emb_std=0.925  train/emb_norm=12.58  train/pred_vs_static=0.3311  train/grad_norm=1.735  train/lr=3.038e-05  train/samples_per_sec=301.2
2026-10-04 12:18:35 [   2460] train/loss=0.7233  train/pred_loss=0.3503  train/sigreg_loss=4.144  train/emb_std=0.9273  train/emb_norm=12.58  train/pred_vs_static=0.3294  train/grad_norm=1.667  train/lr=3.063e-05  train/samples_per_sec=301.2
2026-10-04 12:18:44 [   2480] train/loss=0.7262  train/pred_loss=0.3575  train/sigreg_loss=4.098  train/emb_std=0.9238  train/emb_norm=12.57  train/pred_vs_static=0.3303  train/grad_norm=1.651  train/lr=3.088e-05  train/samples_per_sec=301.3
2026-10-04 12:18:52 [   2500] train/loss=0.7157  train/pred_loss=0.3457  train/sigreg_loss=4.108  train/emb_std=0.9277  train/emb_norm=12.61  train/pred_vs_static=0.3276  train/grad_norm=1.541  train/lr=3.113e-05  train/samples_per_sec=301.5
2026-10-04 12:19:01 [   2520] train/loss=0.7269  train/pred_loss=0.3528  train/sigreg_loss=4.154  train/emb_std=0.9303  train/emb_norm=12.61  train/pred_vs_static=0.3299  train/grad_norm=1.721  train/lr=3.138e-05  train/samples_per_sec=301.5
2026-10-04 12:19:09 [   2540] train/loss=0.7206  train/pred_loss=0.3517  train/sigreg_loss=4.097  train/emb_std=0.9273  train/emb_norm=12.6  train/pred_vs_static=0.3261  train/grad_norm=1.615  train/lr=3.163e-05  train/samples_per_sec=301.5
2026-10-04 12:19:18 [   2560] train/loss=0.7273  train/pred_loss=0.3498  train/sigreg_loss=4.194  train/emb_std=0.9215  train/emb_norm=12.56  train/pred_vs_static=0.3264  train/grad_norm=1.559  train/lr=3.188e-05  train/samples_per_sec=301.5
2026-10-04 12:19:26 [   2580] train/loss=0.7139  train/pred_loss=0.3536  train/sigreg_loss=4.002  train/emb_std=0.9303  train/emb_norm=12.61  train/pred_vs_static=0.3272  train/grad_norm=1.517  train/lr=3.213e-05  train/samples_per_sec=301.4
2026-10-04 12:19:35 [   2600] train/loss=0.7171  train/pred_loss=0.3504  train/sigreg_loss=4.073  train/emb_std=0.9287  train/emb_norm=12.6  train/pred_vs_static=0.3248  train/grad_norm=1.559  train/lr=3.238e-05  train/samples_per_sec=301.5
2026-10-04 12:19:43 [   2620] train/loss=0.7128  train/pred_loss=0.3431  train/sigreg_loss=4.104  train/emb_std=0.9252  train/emb_norm=12.58  train/pred_vs_static=0.3213  train/grad_norm=1.575  train/lr=3.263e-05  train/samples_per_sec=301.7
2026-10-04 12:19:51 [   2640] train/loss=0.7043  train/pred_loss=0.3395  train/sigreg_loss=4.053  train/emb_std=0.9301  train/emb_norm=12.63  train/pred_vs_static=0.3141  train/grad_norm=1.558  train/lr=3.288e-05  train/samples_per_sec=301.8
2026-10-04 12:20:00 [   2660] train/loss=0.7126  train/pred_loss=0.3427  train/sigreg_loss=4.109  train/emb_std=0.934  train/emb_norm=12.67  train/pred_vs_static=0.3194  train/grad_norm=1.538  train/lr=3.313e-05  train/samples_per_sec=301.8
2026-10-04 12:20:08 [   2680] train/loss=0.7126  train/pred_loss=0.338  train/sigreg_loss=4.16  train/emb_std=0.9291  train/emb_norm=12.64  train/pred_vs_static=0.3147  train/grad_norm=1.532  train/lr=3.338e-05  train/samples_per_sec=301.9
2026-10-04 12:20:17 [   2700] train/loss=0.7089  train/pred_loss=0.343  train/sigreg_loss=4.065  train/emb_std=0.9271  train/emb_norm=12.63  train/pred_vs_static=0.3115  train/grad_norm=1.483  train/lr=3.363e-05  train/samples_per_sec=301.9
2026-10-04 12:20:25 [   2720] train/loss=0.7057  train/pred_loss=0.3379  train/sigreg_loss=4.085  train/emb_std=0.9275  train/emb_norm=12.63  train/pred_vs_static=0.3141  train/grad_norm=1.511  train/lr=3.388e-05  train/samples_per_sec=302
2026-10-04 12:20:34 [   2740] train/loss=0.7019  train/pred_loss=0.3345  train/sigreg_loss=4.081  train/emb_std=0.9307  train/emb_norm=12.66  train/pred_vs_static=0.3064  train/grad_norm=1.47  train/lr=3.413e-05  train/samples_per_sec=302.1
2026-10-04 12:20:42 [   2760] train/loss=0.7023  train/pred_loss=0.3309  train/sigreg_loss=4.128  train/emb_std=0.9283  train/emb_norm=12.64  train/pred_vs_static=0.3094  train/grad_norm=1.539  train/lr=3.438e-05  train/samples_per_sec=302.1
2026-10-04 12:20:50 [   2780] train/loss=0.7053  train/pred_loss=0.3385  train/sigreg_loss=4.073  train/emb_std=0.9318  train/emb_norm=12.65  train/pred_vs_static=0.3129  train/grad_norm=1.526  train/lr=3.463e-05  train/samples_per_sec=302.1
2026-10-04 12:20:59 [   2800] train/loss=0.6997  train/pred_loss=0.338  train/sigreg_loss=4.018  train/emb_std=0.9314  train/emb_norm=12.66  train/pred_vs_static=0.3056  train/grad_norm=1.51  train/lr=3.488e-05  train/samples_per_sec=302.1
2026-10-04 12:21:07 [   2820] train/loss=0.7094  train/pred_loss=0.3396  train/sigreg_loss=4.11  train/emb_std=0.9283  train/emb_norm=12.65  train/pred_vs_static=0.3083  train/grad_norm=1.606  train/lr=3.513e-05  train/samples_per_sec=302.2
2026-10-04 12:21:16 [   2840] train/loss=0.6986  train/pred_loss=0.3333  train/sigreg_loss=4.055  train/emb_std=0.9299  train/emb_norm=12.62  train/pred_vs_static=0.3059  train/grad_norm=1.492  train/lr=3.538e-05  train/samples_per_sec=302.2
2026-10-04 12:21:24 [   2860] train/loss=0.6957  train/pred_loss=0.3285  train/sigreg_loss=4.08  train/emb_std=0.9299  train/emb_norm=12.64  train/pred_vs_static=0.303  train/grad_norm=1.454  train/lr=3.563e-05  train/samples_per_sec=302.3
2026-10-04 12:21:33 [   2880] train/loss=0.6939  train/pred_loss=0.3274  train/sigreg_loss=4.073  train/emb_std=0.9338  train/emb_norm=12.67  train/pred_vs_static=0.3011  train/grad_norm=1.498  train/lr=3.588e-05  train/samples_per_sec=302.3
2026-10-04 12:21:41 [   2900] train/loss=0.7013  train/pred_loss=0.3336  train/sigreg_loss=4.085  train/emb_std=0.9279  train/emb_norm=12.62  train/pred_vs_static=0.307  train/grad_norm=1.468  train/lr=3.613e-05  train/samples_per_sec=302.4
2026-10-04 12:21:49 [   2920] train/loss=0.6945  train/pred_loss=0.3337  train/sigreg_loss=4.01  train/emb_std=0.9289  train/emb_norm=12.63  train/pred_vs_static=0.305  train/grad_norm=1.514  train/lr=3.638e-05  train/samples_per_sec=302.4
2026-10-04 12:21:58 [   2940] train/loss=0.7001  train/pred_loss=0.3327  train/sigreg_loss=4.081  train/emb_std=0.9271  train/emb_norm=12.63  train/pred_vs_static=0.3039  train/grad_norm=1.475  train/lr=3.663e-05  train/samples_per_sec=302.4
2026-10-04 12:22:06 [   2960] train/loss=0.6953  train/pred_loss=0.3288  train/sigreg_loss=4.068  train/emb_std=0.9348  train/emb_norm=12.68  train/pred_vs_static=0.3011  train/grad_norm=1.501  train/lr=3.688e-05  train/samples_per_sec=302.4
2026-10-04 12:22:15 [   2980] train/loss=0.6998  train/pred_loss=0.3343  train/sigreg_loss=4.062  train/emb_std=0.9344  train/emb_norm=12.71  train/pred_vs_static=0.3092  train/grad_norm=1.531  train/lr=3.713e-05  train/samples_per_sec=302.3
2026-10-04 12:22:23 [   3000] train/loss=0.6875  train/pred_loss=0.3267  train/sigreg_loss=4.011  train/emb_std=0.9262  train/emb_norm=12.62  train/pred_vs_static=0.2982  train/grad_norm=1.411  train/lr=3.738e-05  train/samples_per_sec=302.4
2026-10-04 12:22:32 [   3020] train/loss=0.6829  train/pred_loss=0.3261  train/sigreg_loss=3.962  train/emb_std=0.9381  train/emb_norm=12.75  train/pred_vs_static=0.2971  train/grad_norm=1.386  train/lr=3.763e-05  train/samples_per_sec=302.4
2026-10-04 12:22:40 [   3040] train/loss=0.685  train/pred_loss=0.3233  train/sigreg_loss=4.018  train/emb_std=0.933  train/emb_norm=12.67  train/pred_vs_static=0.2945  train/grad_norm=1.412  train/lr=3.788e-05  train/samples_per_sec=302.4
2026-10-04 12:22:49 [   3060] train/loss=0.6884  train/pred_loss=0.32  train/sigreg_loss=4.095  train/emb_std=0.9314  train/emb_norm=12.66  train/pred_vs_static=0.2942  train/grad_norm=1.471  train/lr=3.813e-05  train/samples_per_sec=302.4
2026-10-04 12:22:57 [   3080] train/loss=0.6831  train/pred_loss=0.3232  train/sigreg_loss=3.998  train/emb_std=0.9311  train/emb_norm=12.67  train/pred_vs_static=0.2972  train/grad_norm=1.415  train/lr=3.838e-05  train/samples_per_sec=302.4
2026-10-04 12:23:06 [   3100] train/loss=0.6971  train/pred_loss=0.3313  train/sigreg_loss=4.066  train/emb_std=0.9279  train/emb_norm=12.66  train/pred_vs_static=0.2962  train/grad_norm=1.385  train/lr=3.863e-05  train/samples_per_sec=302.4
2026-10-04 12:23:14 [   3120] train/loss=0.6732  train/pred_loss=0.3178  train/sigreg_loss=3.948  train/emb_std=0.9342  train/emb_norm=12.71  train/pred_vs_static=0.2922  train/grad_norm=1.373  train/lr=3.888e-05  train/samples_per_sec=302.4
2026-10-04 12:23:22 [   3140] train/loss=0.6914  train/pred_loss=0.3274  train/sigreg_loss=4.045  train/emb_std=0.9295  train/emb_norm=12.67  train/pred_vs_static=0.2987  train/grad_norm=1.432  train/lr=3.913e-05  train/samples_per_sec=302.5
2026-10-04 12:23:31 [   3160] train/loss=0.6892  train/pred_loss=0.3312  train/sigreg_loss=3.977  train/emb_std=0.9262  train/emb_norm=12.62  train/pred_vs_static=0.2979  train/grad_norm=1.479  train/lr=3.938e-05  train/samples_per_sec=302.5
2026-10-04 12:23:39 [   3180] train/loss=0.6751  train/pred_loss=0.3196  train/sigreg_loss=3.949  train/emb_std=0.934  train/emb_norm=12.69  train/pred_vs_static=0.2941  train/grad_norm=1.36  train/lr=3.963e-05  train/samples_per_sec=302.5
2026-10-04 12:23:48 [   3200] train/loss=0.6777  train/pred_loss=0.3185  train/sigreg_loss=3.989  train/emb_std=0.9314  train/emb_norm=12.66  train/pred_vs_static=0.29  train/grad_norm=1.438  train/lr=3.988e-05  train/samples_per_sec=302.5
2026-10-04 12:23:56 [   3220] train/loss=0.6754  train/pred_loss=0.3143  train/sigreg_loss=4.009  train/emb_std=0.9355  train/emb_norm=12.73  train/pred_vs_static=0.2898  train/grad_norm=1.377  train/lr=4.013e-05  train/samples_per_sec=302.6
2026-10-04 12:24:05 [   3240] train/loss=0.673  train/pred_loss=0.3141  train/sigreg_loss=3.988  train/emb_std=0.9359  train/emb_norm=12.72  train/pred_vs_static=0.288  train/grad_norm=1.434  train/lr=4.038e-05  train/samples_per_sec=302.6
2026-10-04 12:24:13 [   3260] train/loss=0.6808  train/pred_loss=0.317  train/sigreg_loss=4.041  train/emb_std=0.9303  train/emb_norm=12.64  train/pred_vs_static=0.2934  train/grad_norm=1.418  train/lr=4.063e-05  train/samples_per_sec=302.6
2026-10-04 12:24:21 [   3280] train/loss=0.6796  train/pred_loss=0.3209  train/sigreg_loss=3.984  train/emb_std=0.9316  train/emb_norm=12.66  train/pred_vs_static=0.2915  train/grad_norm=1.425  train/lr=4.088e-05  train/samples_per_sec=302.7
2026-10-04 12:24:30 [   3300] train/loss=0.6858  train/pred_loss=0.3275  train/sigreg_loss=3.983  train/emb_std=0.9285  train/emb_norm=12.65  train/pred_vs_static=0.2891  train/grad_norm=1.413  train/lr=4.113e-05  train/samples_per_sec=302.7
2026-10-04 12:24:38 [   3320] train/loss=0.67  train/pred_loss=0.3116  train/sigreg_loss=3.983  train/emb_std=0.9336  train/emb_norm=12.71  train/pred_vs_static=0.2872  train/grad_norm=1.446  train/lr=4.138e-05  train/samples_per_sec=302.8
2026-10-04 12:24:46 [   3340] train/loss=0.6694  train/pred_loss=0.3157  train/sigreg_loss=3.929  train/emb_std=0.9293  train/emb_norm=12.65  train/pred_vs_static=0.2823  train/grad_norm=1.386  train/lr=4.163e-05  train/samples_per_sec=302.9
2026-10-04 12:24:55 [   3360] train/loss=0.6716  train/pred_loss=0.3108  train/sigreg_loss=4.009  train/emb_std=0.94  train/emb_norm=12.76  train/pred_vs_static=0.2871  train/grad_norm=1.434  train/lr=4.188e-05  train/samples_per_sec=302.9
2026-10-04 12:25:03 [   3380] train/loss=0.6667  train/pred_loss=0.3101  train/sigreg_loss=3.964  train/emb_std=0.9357  train/emb_norm=12.7  train/pred_vs_static=0.2822  train/grad_norm=1.446  train/lr=4.213e-05  train/samples_per_sec=302.9
2026-10-04 12:25:12 [   3400] train/loss=0.6816  train/pred_loss=0.3182  train/sigreg_loss=4.038  train/emb_std=0.9336  train/emb_norm=12.7  train/pred_vs_static=0.287  train/grad_norm=1.506  train/lr=4.238e-05  train/samples_per_sec=302.9
2026-10-04 12:25:20 [   3420] train/loss=0.6708  train/pred_loss=0.3152  train/sigreg_loss=3.951  train/emb_std=0.9301  train/emb_norm=12.67  train/pred_vs_static=0.2833  train/grad_norm=1.396  train/lr=4.263e-05  train/samples_per_sec=302.9
2026-10-04 12:25:29 [   3440] train/loss=0.6614  train/pred_loss=0.3081  train/sigreg_loss=3.925  train/emb_std=0.9291  train/emb_norm=12.68  train/pred_vs_static=0.2808  train/grad_norm=1.448  train/lr=4.288e-05  train/samples_per_sec=302.9
2026-10-04 12:25:37 [   3460] train/loss=0.6675  train/pred_loss=0.3105  train/sigreg_loss=3.966  train/emb_std=0.9301  train/emb_norm=12.67  train/pred_vs_static=0.281  train/grad_norm=1.408  train/lr=4.313e-05  train/samples_per_sec=302.8
2026-10-04 12:25:46 [   3480] train/loss=0.6666  train/pred_loss=0.3133  train/sigreg_loss=3.924  train/emb_std=0.9314  train/emb_norm=12.7  train/pred_vs_static=0.2823  train/grad_norm=1.394  train/lr=4.338e-05  train/samples_per_sec=302.8
2026-10-04 12:25:54 [   3500] train/loss=0.6688  train/pred_loss=0.3138  train/sigreg_loss=3.944  train/emb_std=0.9316  train/emb_norm=12.7  train/pred_vs_static=0.2808  train/grad_norm=1.426  train/lr=4.363e-05  train/samples_per_sec=302.8
2026-10-04 12:26:03 [   3520] train/loss=0.6742  train/pred_loss=0.3138  train/sigreg_loss=4.004  train/emb_std=0.9275  train/emb_norm=12.65  train/pred_vs_static=0.2746  train/grad_norm=1.419  train/lr=4.388e-05  train/samples_per_sec=302.7
2026-10-04 12:26:11 [   3540] train/loss=0.6593  train/pred_loss=0.3068  train/sigreg_loss=3.913  train/emb_std=0.9324  train/emb_norm=12.69  train/pred_vs_static=0.2726  train/grad_norm=1.433  train/lr=4.413e-05  train/samples_per_sec=302.7
2026-10-04 12:26:20 [   3560] train/loss=0.6609  train/pred_loss=0.3074  train/sigreg_loss=3.928  train/emb_std=0.9355  train/emb_norm=12.74  train/pred_vs_static=0.272  train/grad_norm=1.379  train/lr=4.438e-05  train/samples_per_sec=302.5
2026-10-04 12:26:29 [   3580] train/loss=0.6626  train/pred_loss=0.302  train/sigreg_loss=4.006  train/emb_std=0.9332  train/emb_norm=12.71  train/pred_vs_static=0.2738  train/grad_norm=1.376  train/lr=4.463e-05  train/samples_per_sec=302.5
2026-10-04 12:26:37 [   3600] train/loss=0.6571  train/pred_loss=0.3059  train/sigreg_loss=3.901  train/emb_std=0.9326  train/emb_norm=12.7  train/pred_vs_static=0.2715  train/grad_norm=1.387  train/lr=4.488e-05  train/samples_per_sec=302.5
2026-10-04 12:26:46 [   3620] train/loss=0.6523  train/pred_loss=0.3012  train/sigreg_loss=3.902  train/emb_std=0.9344  train/emb_norm=12.74  train/pred_vs_static=0.2703  train/grad_norm=1.502  train/lr=4.513e-05  train/samples_per_sec=302.4
2026-10-04 12:26:54 [   3640] train/loss=0.6612  train/pred_loss=0.304  train/sigreg_loss=3.966  train/emb_std=0.9307  train/emb_norm=12.7  train/pred_vs_static=0.2733  train/grad_norm=1.426  train/lr=4.538e-05  train/samples_per_sec=302.4
2026-10-04 12:27:03 [   3660] train/loss=0.6525  train/pred_loss=0.3025  train/sigreg_loss=3.888  train/emb_std=0.9332  train/emb_norm=12.71  train/pred_vs_static=0.2695  train/grad_norm=1.342  train/lr=4.563e-05  train/samples_per_sec=302.4
2026-10-04 12:27:11 [   3680] train/loss=0.6591  train/pred_loss=0.3055  train/sigreg_loss=3.926  train/emb_std=0.9365  train/emb_norm=12.73  train/pred_vs_static=0.2691  train/grad_norm=1.364  train/lr=4.588e-05  train/samples_per_sec=302.4
2026-10-04 12:27:20 [   3700] train/loss=0.6484  train/pred_loss=0.2948  train/sigreg_loss=3.927  train/emb_std=0.932  train/emb_norm=12.71  train/pred_vs_static=0.2622  train/grad_norm=1.352  train/lr=4.613e-05  train/samples_per_sec=302.4
2026-10-04 12:27:28 [   3720] train/loss=0.6533  train/pred_loss=0.2978  train/sigreg_loss=3.946  train/emb_std=0.9334  train/emb_norm=12.74  train/pred_vs_static=0.2694  train/grad_norm=1.402  train/lr=4.638e-05  train/samples_per_sec=302.4
2026-10-04 12:27:37 [   3740] train/loss=0.6407  train/pred_loss=0.2963  train/sigreg_loss=3.827  train/emb_std=0.9342  train/emb_norm=12.72  train/pred_vs_static=0.2636  train/grad_norm=1.342  train/lr=4.663e-05  train/samples_per_sec=302.4
2026-10-04 12:27:45 [   3760] train/loss=0.658  train/pred_loss=0.2991  train/sigreg_loss=3.987  train/emb_std=0.9316  train/emb_norm=12.72  train/pred_vs_static=0.2671  train/grad_norm=1.408  train/lr=4.688e-05  train/samples_per_sec=302.4
2026-10-04 12:27:53 [   3780] train/loss=0.6578  train/pred_loss=0.3088  train/sigreg_loss=3.878  train/emb_std=0.9334  train/emb_norm=12.73  train/pred_vs_static=0.2678  train/grad_norm=1.373  train/lr=4.713e-05  train/samples_per_sec=302.5
2026-10-04 12:28:02 [   3800] train/loss=0.6515  train/pred_loss=0.3022  train/sigreg_loss=3.882  train/emb_std=0.9338  train/emb_norm=12.74  train/pred_vs_static=0.2677  train/grad_norm=1.445  train/lr=4.738e-05  train/samples_per_sec=302.5
2026-10-04 12:28:10 [   3820] train/loss=0.6529  train/pred_loss=0.2983  train/sigreg_loss=3.938  train/emb_std=0.9365  train/emb_norm=12.76  train/pred_vs_static=0.2716  train/grad_norm=1.446  train/lr=4.763e-05  train/samples_per_sec=302.5
2026-10-04 12:28:19 [   3840] train/loss=0.6494  train/pred_loss=0.2971  train/sigreg_loss=3.912  train/emb_std=0.9305  train/emb_norm=12.71  train/pred_vs_static=0.2666  train/grad_norm=1.368  train/lr=4.788e-05  train/samples_per_sec=302.5
2026-10-04 12:28:27 [   3860] train/loss=0.6542  train/pred_loss=0.3015  train/sigreg_loss=3.917  train/emb_std=0.9303  train/emb_norm=12.69  train/pred_vs_static=0.2636  train/grad_norm=1.354  train/lr=4.813e-05  train/samples_per_sec=302.5
2026-10-04 12:28:36 [   3880] train/loss=0.6516  train/pred_loss=0.2973  train/sigreg_loss=3.937  train/emb_std=0.9354  train/emb_norm=12.76  train/pred_vs_static=0.2644  train/grad_norm=1.406  train/lr=4.838e-05  train/samples_per_sec=302.5
2026-10-04 12:28:44 [   3900] train/loss=0.6465  train/pred_loss=0.2923  train/sigreg_loss=3.934  train/emb_std=0.9303  train/emb_norm=12.71  train/pred_vs_static=0.2576  train/grad_norm=1.326  train/lr=4.863e-05  train/samples_per_sec=302.5
2026-10-04 12:28:53 [   3920] train/loss=0.6479  train/pred_loss=0.2998  train/sigreg_loss=3.867  train/emb_std=0.9318  train/emb_norm=12.73  train/pred_vs_static=0.2642  train/grad_norm=1.402  train/lr=4.888e-05  train/samples_per_sec=302.4
2026-10-04 12:29:01 [   3940] train/loss=0.643  train/pred_loss=0.29  train/sigreg_loss=3.92  train/emb_std=0.9332  train/emb_norm=12.75  train/pred_vs_static=0.2635  train/grad_norm=1.34  train/lr=4.913e-05  train/samples_per_sec=302.4
2026-10-04 12:29:10 [   3960] train/loss=0.6337  train/pred_loss=0.2879  train/sigreg_loss=3.841  train/emb_std=0.9377  train/emb_norm=12.77  train/pred_vs_static=0.2597  train/grad_norm=1.395  train/lr=4.938e-05  train/samples_per_sec=302.4
2026-10-04 12:29:18 [   3980] train/loss=0.6448  train/pred_loss=0.294  train/sigreg_loss=3.896  train/emb_std=0.9352  train/emb_norm=12.74  train/pred_vs_static=0.2596  train/grad_norm=1.42  train/lr=4.963e-05  train/samples_per_sec=302.5
2026-10-04 12:29:26 [   4000] train/loss=0.6353  train/pred_loss=0.2898  train/sigreg_loss=3.837  train/emb_std=0.9363  train/emb_norm=12.75  train/pred_vs_static=0.2596  train/grad_norm=1.369  train/lr=4.988e-05  train/samples_per_sec=302.5
2026-10-04 12:29:26 [   4000] train_epoch/loss=0.6941  train_epoch/pred_loss=0.3305  train_epoch/sigreg_loss=4.039  train_epoch/emb_std=0.93  train_epoch/emb_norm=12.65  train_epoch/pred_vs_static=0.3032  train_epoch/grad_norm=1.503  train_epoch/lr=3.751e-05  train_epoch/epoch=1
2026-10-04 12:29:38 [   4000] val/loss=1.784  val/pred_loss=0.2519  val/sigreg_loss=17.02  val/emb_std=0.8893  val/emb_norm=13.36  val/pred_vs_static=0.2341  val/epoch=1
2026-10-04 12:29:38 epoch   1 | val pred_vs_static 0.23411 | best 0.23411 @ epoch 1 | saved epoch_001.pt
2026-10-04 12:29:49 [   4020] train/loss=0.641  train/pred_loss=0.2934  train/sigreg_loss=3.859  train/emb_std=0.9354  train/emb_norm=12.75  train/pred_vs_static=0.2603  train/grad_norm=1.327  train/lr=5e-05  train/samples_per_sec=236.1
2026-10-04 12:29:58 [   4040] train/loss=0.6428  train/pred_loss=0.2914  train/sigreg_loss=3.904  train/emb_std=0.9326  train/emb_norm=12.74  train/pred_vs_static=0.2621  train/grad_norm=1.341  train/lr=5e-05  train/samples_per_sec=263.7
2026-10-04 12:30:06 [   4060] train/loss=0.6394  train/pred_loss=0.288  train/sigreg_loss=3.904  train/emb_std=0.9334  train/emb_norm=12.73  train/pred_vs_static=0.255  train/grad_norm=1.288  train/lr=5e-05  train/samples_per_sec=275
2026-10-04 12:30:15 [   4080] train/loss=0.6437  train/pred_loss=0.2902  train/sigreg_loss=3.927  train/emb_std=0.9309  train/emb_norm=12.72  train/pred_vs_static=0.2581  train/grad_norm=1.326  train/lr=5e-05  train/samples_per_sec=281.4
2026-10-04 12:30:23 [   4100] train/loss=0.6292  train/pred_loss=0.2827  train/sigreg_loss=3.85  train/emb_std=0.9371  train/emb_norm=12.77  train/pred_vs_static=0.2515  train/grad_norm=1.287  train/lr=5e-05  train/samples_per_sec=284.5
2026-10-04 12:30:32 [   4120] train/loss=0.634  train/pred_loss=0.2854  train/sigreg_loss=3.874  train/emb_std=0.9389  train/emb_norm=12.77  train/pred_vs_static=0.2527  train/grad_norm=1.334  train/lr=5e-05  train/samples_per_sec=287.3
2026-10-04 12:30:40 [   4140] train/loss=0.6404  train/pred_loss=0.2892  train/sigreg_loss=3.9  train/emb_std=0.9385  train/emb_norm=12.78  train/pred_vs_static=0.2561  train/grad_norm=1.32  train/lr=5e-05  train/samples_per_sec=289.4
2026-10-04 12:30:49 [   4160] train/loss=0.6373  train/pred_loss=0.2913  train/sigreg_loss=3.844  train/emb_std=0.9375  train/emb_norm=12.76  train/pred_vs_static=0.2554  train/grad_norm=1.35  train/lr=5e-05  train/samples_per_sec=291.4
2026-10-04 12:30:57 [   4180] train/loss=0.6294  train/pred_loss=0.2841  train/sigreg_loss=3.836  train/emb_std=0.9387  train/emb_norm=12.78  train/pred_vs_static=0.2501  train/grad_norm=1.263  train/lr=5e-05  train/samples_per_sec=292.6
2026-10-04 12:31:06 [   4200] train/loss=0.6319  train/pred_loss=0.2853  train/sigreg_loss=3.85  train/emb_std=0.9389  train/emb_norm=12.79  train/pred_vs_static=0.2502  train/grad_norm=1.296  train/lr=5e-05  train/samples_per_sec=293.3
2026-10-04 12:31:14 [   4220] train/loss=0.6374  train/pred_loss=0.2855  train/sigreg_loss=3.911  train/emb_std=0.9311  train/emb_norm=12.7  train/pred_vs_static=0.252  train/grad_norm=1.307  train/lr=5e-05  train/samples_per_sec=294.1
2026-10-04 12:31:23 [   4240] train/loss=0.6401  train/pred_loss=0.2893  train/sigreg_loss=3.898  train/emb_std=0.9338  train/emb_norm=12.74  train/pred_vs_static=0.2517  train/grad_norm=1.321  train/lr=5e-05  train/samples_per_sec=294.5
2026-10-04 12:31:31 [   4260] train/loss=0.6269  train/pred_loss=0.284  train/sigreg_loss=3.812  train/emb_std=0.9387  train/emb_norm=12.78  train/pred_vs_static=0.2515  train/grad_norm=1.307  train/lr=5e-05  train/samples_per_sec=295.1
2026-10-04 12:31:40 [   4280] train/loss=0.6336  train/pred_loss=0.2856  train/sigreg_loss=3.867  train/emb_std=0.9324  train/emb_norm=12.74  train/pred_vs_static=0.2505  train/grad_norm=1.307  train/lr=5e-05  train/samples_per_sec=295.3
2026-10-04 12:31:48 [   4300] train/loss=0.626  train/pred_loss=0.2874  train/sigreg_loss=3.76  train/emb_std=0.9365  train/emb_norm=12.78  train/pred_vs_static=0.2503  train/grad_norm=1.245  train/lr=5e-05  train/samples_per_sec=295.8
2026-10-04 12:31:57 [   4320] train/loss=0.6306  train/pred_loss=0.2804  train/sigreg_loss=3.888  train/emb_std=0.9318  train/emb_norm=12.72  train/pred_vs_static=0.2497  train/grad_norm=1.296  train/lr=5e-05  train/samples_per_sec=296.2
2026-10-04 12:32:05 [   4340] train/loss=0.6231  train/pred_loss=0.2784  train/sigreg_loss=3.83  train/emb_std=0.9336  train/emb_norm=12.74  train/pred_vs_static=0.2483  train/grad_norm=1.232  train/lr=5e-05  train/samples_per_sec=296.5
2026-10-04 12:32:14 [   4360] train/loss=0.63  train/pred_loss=0.2898  train/sigreg_loss=3.782  train/emb_std=0.9348  train/emb_norm=12.76  train/pred_vs_static=0.2484  train/grad_norm=1.264  train/lr=5e-05  train/samples_per_sec=296.6
2026-10-04 12:32:22 [   4380] train/loss=0.624  train/pred_loss=0.2847  train/sigreg_loss=3.77  train/emb_std=0.9426  train/emb_norm=12.8  train/pred_vs_static=0.2479  train/grad_norm=1.261  train/lr=5e-05  train/samples_per_sec=296.8
2026-10-04 12:32:31 [   4400] train/loss=0.6326  train/pred_loss=0.2915  train/sigreg_loss=3.791  train/emb_std=0.9391  train/emb_norm=12.79  train/pred_vs_static=0.2537  train/grad_norm=1.247  train/lr=5e-05  train/samples_per_sec=296.8
2026-10-04 12:32:40 [   4420] train/loss=0.6314  train/pred_loss=0.2869  train/sigreg_loss=3.829  train/emb_std=0.9309  train/emb_norm=12.73  train/pred_vs_static=0.2511  train/grad_norm=1.285  train/lr=5e-05  train/samples_per_sec=296.8
2026-10-04 12:32:48 [   4440] train/loss=0.6258  train/pred_loss=0.2843  train/sigreg_loss=3.795  train/emb_std=0.9328  train/emb_norm=12.75  train/pred_vs_static=0.2475  train/grad_norm=1.304  train/lr=5e-05  train/samples_per_sec=296.9
2026-10-04 12:32:57 [   4460] train/loss=0.6283  train/pred_loss=0.2846  train/sigreg_loss=3.82  train/emb_std=0.9334  train/emb_norm=12.76  train/pred_vs_static=0.2501  train/grad_norm=1.303  train/lr=5e-05  train/samples_per_sec=297
2026-10-04 12:33:05 [   4480] train/loss=0.6239  train/pred_loss=0.2805  train/sigreg_loss=3.815  train/emb_std=0.933  train/emb_norm=12.74  train/pred_vs_static=0.2464  train/grad_norm=1.253  train/lr=5e-05  train/samples_per_sec=297
2026-10-04 12:33:14 [   4500] train/loss=0.6284  train/pred_loss=0.2863  train/sigreg_loss=3.802  train/emb_std=0.9318  train/emb_norm=12.74  train/pred_vs_static=0.2469  train/grad_norm=1.246  train/lr=5e-05  train/samples_per_sec=297.1
2026-10-04 12:33:22 [   4520] train/loss=0.6148  train/pred_loss=0.2787  train/sigreg_loss=3.736  train/emb_std=0.9389  train/emb_norm=12.81  train/pred_vs_static=0.2463  train/grad_norm=1.233  train/lr=5e-05  train/samples_per_sec=297.2
2026-10-04 12:33:31 [   4540] train/loss=0.6293  train/pred_loss=0.2856  train/sigreg_loss=3.82  train/emb_std=0.9303  train/emb_norm=12.72  train/pred_vs_static=0.2507  train/grad_norm=1.289  train/lr=5e-05  train/samples_per_sec=297.3
2026-10-04 12:33:39 [   4560] train/loss=0.627  train/pred_loss=0.2813  train/sigreg_loss=3.841  train/emb_std=0.9338  train/emb_norm=12.78  train/pred_vs_static=0.2449  train/grad_norm=1.264  train/lr=5e-05  train/samples_per_sec=297.5
2026-10-04 12:33:48 [   4580] train/loss=0.6308  train/pred_loss=0.2859  train/sigreg_loss=3.834  train/emb_std=0.933  train/emb_norm=12.74  train/pred_vs_static=0.2448  train/grad_norm=1.278  train/lr=5e-05  train/samples_per_sec=297.6
2026-10-04 12:33:56 [   4600] train/loss=0.6343  train/pred_loss=0.2875  train/sigreg_loss=3.852  train/emb_std=0.9328  train/emb_norm=12.74  train/pred_vs_static=0.249  train/grad_norm=1.273  train/lr=5e-05  train/samples_per_sec=297.7
2026-10-04 12:34:05 [   4620] train/loss=0.6232  train/pred_loss=0.2838  train/sigreg_loss=3.77  train/emb_std=0.9338  train/emb_norm=12.76  train/pred_vs_static=0.2445  train/grad_norm=1.235  train/lr=5e-05  train/samples_per_sec=297.9
2026-10-04 12:34:13 [   4640] train/loss=0.6239  train/pred_loss=0.2772  train/sigreg_loss=3.852  train/emb_std=0.9355  train/emb_norm=12.76  train/pred_vs_static=0.2433  train/grad_norm=1.236  train/lr=5e-05  train/samples_per_sec=297.9
2026-10-04 12:34:22 [   4660] train/loss=0.6244  train/pred_loss=0.2789  train/sigreg_loss=3.84  train/emb_std=0.9344  train/emb_norm=12.76  train/pred_vs_static=0.2447  train/grad_norm=1.255  train/lr=5e-05  train/samples_per_sec=298
2026-10-04 12:34:30 [   4680] train/loss=0.6211  train/pred_loss=0.2784  train/sigreg_loss=3.805  train/emb_std=0.9418  train/emb_norm=12.83  train/pred_vs_static=0.2429  train/grad_norm=1.227  train/lr=5e-05  train/samples_per_sec=298.1
2026-10-04 12:34:39 [   4700] train/loss=0.6156  train/pred_loss=0.2783  train/sigreg_loss=3.749  train/emb_std=0.9396  train/emb_norm=12.81  train/pred_vs_static=0.242  train/grad_norm=1.199  train/lr=5e-05  train/samples_per_sec=298.2
2026-10-04 12:34:47 [   4720] train/loss=0.6215  train/pred_loss=0.2777  train/sigreg_loss=3.816  train/emb_std=0.9373  train/emb_norm=12.78  train/pred_vs_static=0.24  train/grad_norm=1.206  train/lr=5e-05  train/samples_per_sec=298.3
2026-10-04 12:34:56 [   4740] train/loss=0.6173  train/pred_loss=0.276  train/sigreg_loss=3.791  train/emb_std=0.9357  train/emb_norm=12.78  train/pred_vs_static=0.2431  train/grad_norm=1.224  train/lr=5e-05  train/samples_per_sec=298.4
2026-10-04 12:35:04 [   4760] train/loss=0.6204  train/pred_loss=0.2792  train/sigreg_loss=3.789  train/emb_std=0.9381  train/emb_norm=12.77  train/pred_vs_static=0.2452  train/grad_norm=1.205  train/lr=5e-05  train/samples_per_sec=298.4
2026-10-04 12:35:13 [   4780] train/loss=0.6217  train/pred_loss=0.2793  train/sigreg_loss=3.806  train/emb_std=0.9357  train/emb_norm=12.76  train/pred_vs_static=0.2445  train/grad_norm=1.229  train/lr=5e-05  train/samples_per_sec=298.7
2026-10-04 12:35:21 [   4800] train/loss=0.618  train/pred_loss=0.2772  train/sigreg_loss=3.785  train/emb_std=0.935  train/emb_norm=12.76  train/pred_vs_static=0.2392  train/grad_norm=1.137  train/lr=5e-05  train/samples_per_sec=298.9
2026-10-04 12:35:29 [   4820] train/loss=0.6226  train/pred_loss=0.2814  train/sigreg_loss=3.791  train/emb_std=0.9379  train/emb_norm=12.79  train/pred_vs_static=0.2445  train/grad_norm=1.281  train/lr=5e-05  train/samples_per_sec=299.1
2026-10-04 12:35:38 [   4840] train/loss=0.6172  train/pred_loss=0.2791  train/sigreg_loss=3.758  train/emb_std=0.9324  train/emb_norm=12.77  train/pred_vs_static=0.2411  train/grad_norm=1.209  train/lr=5e-05  train/samples_per_sec=299.3
2026-10-04 12:35:46 [   4860] train/loss=0.6123  train/pred_loss=0.2771  train/sigreg_loss=3.725  train/emb_std=0.9404  train/emb_norm=12.8  train/pred_vs_static=0.2379  train/grad_norm=1.194  train/lr=5e-05  train/samples_per_sec=299.4
2026-10-04 12:35:54 [   4880] train/loss=0.6169  train/pred_loss=0.274  train/sigreg_loss=3.812  train/emb_std=0.9348  train/emb_norm=12.75  train/pred_vs_static=0.2369  train/grad_norm=1.175  train/lr=5e-05  train/samples_per_sec=299.6
2026-10-04 12:36:03 [   4900] train/loss=0.6118  train/pred_loss=0.2793  train/sigreg_loss=3.691  train/emb_std=0.9336  train/emb_norm=12.76  train/pred_vs_static=0.2409  train/grad_norm=1.203  train/lr=5e-05  train/samples_per_sec=299.8
2026-10-04 12:36:11 [   4920] train/loss=0.6032  train/pred_loss=0.2757  train/sigreg_loss=3.64  train/emb_std=0.9375  train/emb_norm=12.79  train/pred_vs_static=0.2395  train/grad_norm=1.188  train/lr=5e-05  train/samples_per_sec=299.9
2026-10-04 12:36:19 [   4940] train/loss=0.6186  train/pred_loss=0.2788  train/sigreg_loss=3.773  train/emb_std=0.9361  train/emb_norm=12.78  train/pred_vs_static=0.2395  train/grad_norm=1.252  train/lr=5e-05  train/samples_per_sec=300.1
2026-10-04 12:36:28 [   4960] train/loss=0.6095  train/pred_loss=0.2713  train/sigreg_loss=3.759  train/emb_std=0.9375  train/emb_norm=12.78  train/pred_vs_static=0.2397  train/grad_norm=1.216  train/lr=5e-05  train/samples_per_sec=300.1
2026-10-04 12:36:36 [   4980] train/loss=0.6124  train/pred_loss=0.2773  train/sigreg_loss=3.722  train/emb_std=0.9359  train/emb_norm=12.76  train/pred_vs_static=0.2379  train/grad_norm=1.187  train/lr=5e-05  train/samples_per_sec=300.2
2026-10-04 12:36:45 [   5000] train/loss=0.6109  train/pred_loss=0.2768  train/sigreg_loss=3.714  train/emb_std=0.9395  train/emb_norm=12.82  train/pred_vs_static=0.2415  train/grad_norm=1.225  train/lr=5e-05  train/samples_per_sec=300.4
2026-10-04 12:36:53 [   5020] train/loss=0.6137  train/pred_loss=0.2788  train/sigreg_loss=3.719  train/emb_std=0.9361  train/emb_norm=12.78  train/pred_vs_static=0.2375  train/grad_norm=1.204  train/lr=5e-05  train/samples_per_sec=300.5
2026-10-04 12:37:01 [   5040] train/loss=0.6067  train/pred_loss=0.274  train/sigreg_loss=3.7  train/emb_std=0.9398  train/emb_norm=12.81  train/pred_vs_static=0.2362  train/grad_norm=1.192  train/lr=5e-05  train/samples_per_sec=300.6
2026-10-04 12:37:10 [   5060] train/loss=0.6092  train/pred_loss=0.2744  train/sigreg_loss=3.72  train/emb_std=0.9371  train/emb_norm=12.79  train/pred_vs_static=0.2358  train/grad_norm=1.166  train/lr=5e-05  train/samples_per_sec=300.7
2026-10-04 12:37:18 [   5080] train/loss=0.6001  train/pred_loss=0.2697  train/sigreg_loss=3.67  train/emb_std=0.9379  train/emb_norm=12.79  train/pred_vs_static=0.2366  train/grad_norm=1.218  train/lr=5e-05  train/samples_per_sec=300.8
2026-10-04 12:37:26 [   5100] train/loss=0.6099  train/pred_loss=0.2748  train/sigreg_loss=3.722  train/emb_std=0.9373  train/emb_norm=12.78  train/pred_vs_static=0.2349  train/grad_norm=1.185  train/lr=5e-05  train/samples_per_sec=300.8
2026-10-04 12:37:35 [   5120] train/loss=0.6075  train/pred_loss=0.275  train/sigreg_loss=3.698  train/emb_std=0.9412  train/emb_norm=12.82  train/pred_vs_static=0.2337  train/grad_norm=1.184  train/lr=5e-05  train/samples_per_sec=300.9
2026-10-04 12:37:43 [   5140] train/loss=0.5978  train/pred_loss=0.269  train/sigreg_loss=3.652  train/emb_std=0.9391  train/emb_norm=12.8  train/pred_vs_static=0.2361  train/grad_norm=1.233  train/lr=5e-05  train/samples_per_sec=301
2026-10-04 12:37:52 [   5160] train/loss=0.6069  train/pred_loss=0.2743  train/sigreg_loss=3.694  train/emb_std=0.9377  train/emb_norm=12.79  train/pred_vs_static=0.235  train/grad_norm=1.227  train/lr=5e-05  train/samples_per_sec=301.1
2026-10-04 12:38:00 [   5180] train/loss=0.6083  train/pred_loss=0.2744  train/sigreg_loss=3.709  train/emb_std=0.94  train/emb_norm=12.81  train/pred_vs_static=0.2338  train/grad_norm=1.219  train/lr=5e-05  train/samples_per_sec=301.2
2026-10-04 12:38:08 [   5200] train/loss=0.6041  train/pred_loss=0.2729  train/sigreg_loss=3.681  train/emb_std=0.9367  train/emb_norm=12.77  train/pred_vs_static=0.2346  train/grad_norm=1.197  train/lr=5e-05  train/samples_per_sec=301.2
2026-10-04 12:38:17 [   5220] train/loss=0.602  train/pred_loss=0.2705  train/sigreg_loss=3.684  train/emb_std=0.9355  train/emb_norm=12.77  train/pred_vs_static=0.2339  train/grad_norm=1.186  train/lr=5e-05  train/samples_per_sec=301.3
2026-10-04 12:38:25 [   5240] train/loss=0.6038  train/pred_loss=0.2704  train/sigreg_loss=3.702  train/emb_std=0.9385  train/emb_norm=12.79  train/pred_vs_static=0.2356  train/grad_norm=1.201  train/lr=5e-05  train/samples_per_sec=301.3
2026-10-04 12:38:34 [   5260] train/loss=0.6057  train/pred_loss=0.2706  train/sigreg_loss=3.724  train/emb_std=0.9396  train/emb_norm=12.79  train/pred_vs_static=0.233  train/grad_norm=1.205  train/lr=5e-05  train/samples_per_sec=301.4
2026-10-04 12:38:42 [   5280] train/loss=0.6065  train/pred_loss=0.2724  train/sigreg_loss=3.713  train/emb_std=0.94  train/emb_norm=12.82  train/pred_vs_static=0.2355  train/grad_norm=1.19  train/lr=4.999e-05  train/samples_per_sec=301.4
2026-10-04 12:38:50 [   5300] train/loss=0.5952  train/pred_loss=0.2683  train/sigreg_loss=3.634  train/emb_std=0.9402  train/emb_norm=12.81  train/pred_vs_static=0.2344  train/grad_norm=1.208  train/lr=4.999e-05  train/samples_per_sec=301.4
2026-10-04 12:38:59 [   5320] train/loss=0.598  train/pred_loss=0.2694  train/sigreg_loss=3.653  train/emb_std=0.9402  train/emb_norm=12.82  train/pred_vs_static=0.2323  train/grad_norm=1.177  train/lr=4.999e-05  train/samples_per_sec=301.5
2026-10-04 12:39:07 [   5340] train/loss=0.6047  train/pred_loss=0.2705  train/sigreg_loss=3.713  train/emb_std=0.9406  train/emb_norm=12.83  train/pred_vs_static=0.2318  train/grad_norm=1.149  train/lr=4.999e-05  train/samples_per_sec=301.6
2026-10-04 12:39:16 [   5360] train/loss=0.5973  train/pred_loss=0.2673  train/sigreg_loss=3.666  train/emb_std=0.9395  train/emb_norm=12.81  train/pred_vs_static=0.231  train/grad_norm=1.179  train/lr=4.999e-05  train/samples_per_sec=301.6
2026-10-04 12:39:24 [   5380] train/loss=0.6013  train/pred_loss=0.2706  train/sigreg_loss=3.674  train/emb_std=0.9389  train/emb_norm=12.81  train/pred_vs_static=0.2302  train/grad_norm=1.183  train/lr=4.999e-05  train/samples_per_sec=301.7
2026-10-04 12:39:32 [   5400] train/loss=0.5894  train/pred_loss=0.2672  train/sigreg_loss=3.58  train/emb_std=0.9402  train/emb_norm=12.81  train/pred_vs_static=0.2327  train/grad_norm=1.18  train/lr=4.999e-05  train/samples_per_sec=301.7
2026-10-04 12:39:41 [   5420] train/loss=0.6046  train/pred_loss=0.2692  train/sigreg_loss=3.727  train/emb_std=0.94  train/emb_norm=12.81  train/pred_vs_static=0.23  train/grad_norm=1.147  train/lr=4.999e-05  train/samples_per_sec=301.7
2026-10-04 12:39:49 [   5440] train/loss=0.6037  train/pred_loss=0.2668  train/sigreg_loss=3.741  train/emb_std=0.9389  train/emb_norm=12.82  train/pred_vs_static=0.2296  train/grad_norm=1.174  train/lr=4.999e-05  train/samples_per_sec=301.8
2026-10-04 12:39:58 [   5460] train/loss=0.598  train/pred_loss=0.2741  train/sigreg_loss=3.598  train/emb_std=0.9357  train/emb_norm=12.79  train/pred_vs_static=0.2303  train/grad_norm=1.13  train/lr=4.999e-05  train/samples_per_sec=301.8
2026-10-04 12:40:06 [   5480] train/loss=0.5981  train/pred_loss=0.2675  train/sigreg_loss=3.676  train/emb_std=0.9352  train/emb_norm=12.77  train/pred_vs_static=0.231  train/grad_norm=1.219  train/lr=4.999e-05  train/samples_per_sec=301.9
2026-10-04 12:40:14 [   5500] train/loss=0.5946  train/pred_loss=0.2674  train/sigreg_loss=3.635  train/emb_std=0.9445  train/emb_norm=12.87  train/pred_vs_static=0.2304  train/grad_norm=1.156  train/lr=4.999e-05  train/samples_per_sec=301.9
2026-10-04 12:40:23 [   5520] train/loss=0.5952  train/pred_loss=0.264  train/sigreg_loss=3.682  train/emb_std=0.9348  train/emb_norm=12.76  train/pred_vs_static=0.2305  train/grad_norm=1.167  train/lr=4.999e-05  train/samples_per_sec=302
2026-10-04 12:40:31 [   5540] train/loss=0.5988  train/pred_loss=0.2717  train/sigreg_loss=3.634  train/emb_std=0.9375  train/emb_norm=12.79  train/pred_vs_static=0.2314  train/grad_norm=1.201  train/lr=4.999e-05  train/samples_per_sec=302
2026-10-04 12:40:40 [   5560] train/loss=0.6034  train/pred_loss=0.2703  train/sigreg_loss=3.7  train/emb_std=0.9426  train/emb_norm=12.83  train/pred_vs_static=0.2335  train/grad_norm=1.225  train/lr=4.999e-05  train/samples_per_sec=302
2026-10-04 12:40:48 [   5580] train/loss=0.594  train/pred_loss=0.2623  train/sigreg_loss=3.685  train/emb_std=0.9457  train/emb_norm=12.86  train/pred_vs_static=0.2255  train/grad_norm=1.155  train/lr=4.999e-05  train/samples_per_sec=302.1
2026-10-04 12:40:56 [   5600] train/loss=0.6048  train/pred_loss=0.2696  train/sigreg_loss=3.725  train/emb_std=0.9354  train/emb_norm=12.78  train/pred_vs_static=0.2318  train/grad_norm=1.18  train/lr=4.999e-05  train/samples_per_sec=302.1
2026-10-04 12:41:05 [   5620] train/loss=0.5967  train/pred_loss=0.2654  train/sigreg_loss=3.683  train/emb_std=0.9381  train/emb_norm=12.8  train/pred_vs_static=0.2256  train/grad_norm=1.208  train/lr=4.999e-05  train/samples_per_sec=302.1
2026-10-04 12:41:13 [   5640] train/loss=0.6005  train/pred_loss=0.2691  train/sigreg_loss=3.683  train/emb_std=0.9381  train/emb_norm=12.8  train/pred_vs_static=0.23  train/grad_norm=1.184  train/lr=4.999e-05  train/samples_per_sec=302.1
2026-10-04 12:41:22 [   5660] train/loss=0.5883  train/pred_loss=0.2626  train/sigreg_loss=3.62  train/emb_std=0.9414  train/emb_norm=12.84  train/pred_vs_static=0.2288  train/grad_norm=1.148  train/lr=4.999e-05  train/samples_per_sec=302.2
2026-10-04 12:41:30 [   5680] train/loss=0.5914  train/pred_loss=0.2639  train/sigreg_loss=3.64  train/emb_std=0.9367  train/emb_norm=12.8  train/pred_vs_static=0.2258  train/grad_norm=1.152  train/lr=4.999e-05  train/samples_per_sec=302.2
2026-10-04 12:41:38 [   5700] train/loss=0.5896  train/pred_loss=0.2627  train/sigreg_loss=3.633  train/emb_std=0.9355  train/emb_norm=12.79  train/pred_vs_static=0.2222  train/grad_norm=1.162  train/lr=4.999e-05  train/samples_per_sec=302.2
2026-10-04 12:41:47 [   5720] train/loss=0.6069  train/pred_loss=0.2712  train/sigreg_loss=3.73  train/emb_std=0.9357  train/emb_norm=12.78  train/pred_vs_static=0.2307  train/grad_norm=1.197  train/lr=4.999e-05  train/samples_per_sec=302.2
2026-10-04 12:41:55 [   5740] train/loss=0.5956  train/pred_loss=0.2694  train/sigreg_loss=3.627  train/emb_std=0.9391  train/emb_norm=12.81  train/pred_vs_static=0.2277  train/grad_norm=1.187  train/lr=4.999e-05  train/samples_per_sec=302.2
2026-10-04 12:42:04 [   5760] train/loss=0.5996  train/pred_loss=0.2679  train/sigreg_loss=3.684  train/emb_std=0.9389  train/emb_norm=12.83  train/pred_vs_static=0.2249  train/grad_norm=1.153  train/lr=4.999e-05  train/samples_per_sec=302.3
2026-10-04 12:42:12 [   5780] train/loss=0.5985  train/pred_loss=0.2702  train/sigreg_loss=3.65  train/emb_std=0.9385  train/emb_norm=12.81  train/pred_vs_static=0.2271  train/grad_norm=1.174  train/lr=4.999e-05  train/samples_per_sec=302.3
2026-10-04 12:42:21 [   5800] train/loss=0.592  train/pred_loss=0.2656  train/sigreg_loss=3.627  train/emb_std=0.9385  train/emb_norm=12.82  train/pred_vs_static=0.225  train/grad_norm=1.189  train/lr=4.999e-05  train/samples_per_sec=302.3
2026-10-04 12:42:29 [   5820] train/loss=0.5908  train/pred_loss=0.2639  train/sigreg_loss=3.634  train/emb_std=0.9385  train/emb_norm=12.81  train/pred_vs_static=0.2286  train/grad_norm=1.151  train/lr=4.999e-05  train/samples_per_sec=302.4
2026-10-04 12:42:37 [   5840] train/loss=0.5869  train/pred_loss=0.265  train/sigreg_loss=3.577  train/emb_std=0.9395  train/emb_norm=12.81  train/pred_vs_static=0.2261  train/grad_norm=1.128  train/lr=4.999e-05  train/samples_per_sec=302.4
2026-10-04 12:42:46 [   5860] train/loss=0.5916  train/pred_loss=0.2646  train/sigreg_loss=3.634  train/emb_std=0.9375  train/emb_norm=12.81  train/pred_vs_static=0.2259  train/grad_norm=1.198  train/lr=4.999e-05  train/samples_per_sec=302.4
2026-10-04 12:42:54 [   5880] train/loss=0.5906  train/pred_loss=0.2671  train/sigreg_loss=3.596  train/emb_std=0.9373  train/emb_norm=12.8  train/pred_vs_static=0.2287  train/grad_norm=1.178  train/lr=4.999e-05  train/samples_per_sec=302.4
2026-10-04 12:43:03 [   5900] train/loss=0.5871  train/pred_loss=0.26  train/sigreg_loss=3.636  train/emb_std=0.9389  train/emb_norm=12.82  train/pred_vs_static=0.2219  train/grad_norm=1.137  train/lr=4.999e-05  train/samples_per_sec=302.4
2026-10-04 12:43:11 [   5920] train/loss=0.5833  train/pred_loss=0.2627  train/sigreg_loss=3.561  train/emb_std=0.942  train/emb_norm=12.84  train/pred_vs_static=0.2224  train/grad_norm=1.128  train/lr=4.999e-05  train/samples_per_sec=302.5
2026-10-04 12:43:19 [   5940] train/loss=0.5855  train/pred_loss=0.2617  train/sigreg_loss=3.598  train/emb_std=0.9428  train/emb_norm=12.84  train/pred_vs_static=0.2226  train/grad_norm=1.147  train/lr=4.999e-05  train/samples_per_sec=302.5
2026-10-04 12:43:28 [   5960] train/loss=0.5837  train/pred_loss=0.2604  train/sigreg_loss=3.592  train/emb_std=0.942  train/emb_norm=12.83  train/pred_vs_static=0.2229  train/grad_norm=1.142  train/lr=4.999e-05  train/samples_per_sec=302.5
2026-10-04 12:43:36 [   5980] train/loss=0.5817  train/pred_loss=0.2657  train/sigreg_loss=3.51  train/emb_std=0.9398  train/emb_norm=12.83  train/pred_vs_static=0.2242  train/grad_norm=1.123  train/lr=4.999e-05  train/samples_per_sec=302.6
2026-10-04 12:43:44 [   6000] train/loss=0.5852  train/pred_loss=0.2592  train/sigreg_loss=3.621  train/emb_std=0.9373  train/emb_norm=12.82  train/pred_vs_static=0.2211  train/grad_norm=1.136  train/lr=4.999e-05  train/samples_per_sec=302.6
2026-10-04 12:43:44 [   6000] train_epoch/loss=0.6118  train_epoch/pred_loss=0.2755  train_epoch/sigreg_loss=3.736  train_epoch/emb_std=0.9372  train_epoch/emb_norm=12.79  train_epoch/pred_vs_static=0.2386  train_epoch/grad_norm=1.218  train_epoch/lr=5e-05  train_epoch/epoch=2
2026-10-04 12:43:56 [   6000] val/loss=1.686  val/pred_loss=0.2263  val/sigreg_loss=16.21  val/emb_std=0.9004  val/emb_norm=13.49  val/pred_vs_static=0.202  val/epoch=2
2026-10-04 12:43:56 epoch   2 | val pred_vs_static 0.20200 | best 0.20200 @ epoch 2 | saved epoch_002.pt
2026-10-04 12:44:06 [   6020] train/loss=0.5883  train/pred_loss=0.2624  train/sigreg_loss=3.622  train/emb_std=0.9354  train/emb_norm=12.78  train/pred_vs_static=0.2242  train/grad_norm=1.145  train/lr=4.999e-05  train/samples_per_sec=249.1
2026-10-04 12:44:15 [   6040] train/loss=0.5914  train/pred_loss=0.2636  train/sigreg_loss=3.641  train/emb_std=0.9383  train/emb_norm=12.81  train/pred_vs_static=0.225  train/grad_norm=1.164  train/lr=4.999e-05  train/samples_per_sec=274
2026-10-04 12:44:23 [   6060] train/loss=0.5814  train/pred_loss=0.2596  train/sigreg_loss=3.577  train/emb_std=0.9414  train/emb_norm=12.85  train/pred_vs_static=0.2239  train/grad_norm=1.115  train/lr=4.999e-05  train/samples_per_sec=282.5
2026-10-04 12:44:32 [   6080] train/loss=0.5751  train/pred_loss=0.2573  train/sigreg_loss=3.531  train/emb_std=0.9379  train/emb_norm=12.81  train/pred_vs_static=0.2205  train/grad_norm=1.116  train/lr=4.999e-05  train/samples_per_sec=286.7
2026-10-04 12:44:40 [   6100] train/loss=0.589  train/pred_loss=0.2634  train/sigreg_loss=3.618  train/emb_std=0.9396  train/emb_norm=12.84  train/pred_vs_static=0.2247  train/grad_norm=1.202  train/lr=4.999e-05  train/samples_per_sec=289.6
2026-10-04 12:44:49 [   6120] train/loss=0.5847  train/pred_loss=0.2633  train/sigreg_loss=3.573  train/emb_std=0.9398  train/emb_norm=12.84  train/pred_vs_static=0.2213  train/grad_norm=1.11  train/lr=4.999e-05  train/samples_per_sec=291.5
2026-10-04 12:44:57 [   6140] train/loss=0.5798  train/pred_loss=0.2565  train/sigreg_loss=3.594  train/emb_std=0.9428  train/emb_norm=12.87  train/pred_vs_static=0.2152  train/grad_norm=1.135  train/lr=4.999e-05  train/samples_per_sec=292.8
2026-10-04 12:45:06 [   6160] train/loss=0.5783  train/pred_loss=0.2563  train/sigreg_loss=3.577  train/emb_std=0.9436  train/emb_norm=12.87  train/pred_vs_static=0.215  train/grad_norm=1.109  train/lr=4.999e-05  train/samples_per_sec=294
2026-10-04 12:45:14 [   6180] train/loss=0.5819  train/pred_loss=0.2578  train/sigreg_loss=3.602  train/emb_std=0.9404  train/emb_norm=12.83  train/pred_vs_static=0.219  train/grad_norm=1.117  train/lr=4.999e-05  train/samples_per_sec=294.7
2026-10-04 12:45:23 [   6200] train/loss=0.593  train/pred_loss=0.2623  train/sigreg_loss=3.675  train/emb_std=0.9357  train/emb_norm=12.81  train/pred_vs_static=0.2194  train/grad_norm=1.139  train/lr=4.998e-05  train/samples_per_sec=295.4
2026-10-04 12:45:31 [   6220] train/loss=0.5873  train/pred_loss=0.2637  train/sigreg_loss=3.595  train/emb_std=0.9354  train/emb_norm=12.8  train/pred_vs_static=0.2217  train/grad_norm=1.159  train/lr=4.998e-05  train/samples_per_sec=295.9
2026-10-04 12:45:40 [   6240] train/loss=0.5772  train/pred_loss=0.2571  train/sigreg_loss=3.558  train/emb_std=0.9395  train/emb_norm=12.84  train/pred_vs_static=0.2196  train/grad_norm=1.167  train/lr=4.998e-05  train/samples_per_sec=296.3
2026-10-04 12:45:48 [   6260] train/loss=0.5793  train/pred_loss=0.261  train/sigreg_loss=3.534  train/emb_std=0.9428  train/emb_norm=12.86  train/pred_vs_static=0.2209  train/grad_norm=1.156  train/lr=4.998e-05  train/samples_per_sec=296.5
2026-10-04 12:45:57 [   6280] train/loss=0.5834  train/pred_loss=0.2606  train/sigreg_loss=3.585  train/emb_std=0.9416  train/emb_norm=12.87  train/pred_vs_static=0.2246  train/grad_norm=1.215  train/lr=4.998e-05  train/samples_per_sec=297
2026-10-04 12:46:05 [   6300] train/loss=0.577  train/pred_loss=0.261  train/sigreg_loss=3.513  train/emb_std=0.943  train/emb_norm=12.86  train/pred_vs_static=0.2175  train/grad_norm=1.147  train/lr=4.998e-05  train/samples_per_sec=297.3
2026-10-04 12:46:14 [   6320] train/loss=0.576  train/pred_loss=0.257  train/sigreg_loss=3.541  train/emb_std=0.9395  train/emb_norm=12.83  train/pred_vs_static=0.2153  train/grad_norm=1.128  train/lr=4.998e-05  train/samples_per_sec=297.4
2026-10-04 12:46:22 [   6340] train/loss=0.5761  train/pred_loss=0.2599  train/sigreg_loss=3.513  train/emb_std=0.9396  train/emb_norm=12.82  train/pred_vs_static=0.2174  train/grad_norm=1.128  train/lr=4.998e-05  train/samples_per_sec=297.7
2026-10-04 12:46:31 [   6360] train/loss=0.574  train/pred_loss=0.2568  train/sigreg_loss=3.524  train/emb_std=0.9422  train/emb_norm=12.86  train/pred_vs_static=0.2179  train/grad_norm=1.091  train/lr=4.998e-05  train/samples_per_sec=297.8
2026-10-04 12:46:39 [   6380] train/loss=0.5711  train/pred_loss=0.2536  train/sigreg_loss=3.527  train/emb_std=0.9402  train/emb_norm=12.83  train/pred_vs_static=0.2139  train/grad_norm=1.057  train/lr=4.998e-05  train/samples_per_sec=297.9
2026-10-04 12:46:48 [   6400] train/loss=0.5828  train/pred_loss=0.2616  train/sigreg_loss=3.566  train/emb_std=0.9412  train/emb_norm=12.84  train/pred_vs_static=0.2181  train/grad_norm=1.144  train/lr=4.998e-05  train/samples_per_sec=298.2
2026-10-04 12:46:56 [   6420] train/loss=0.581  train/pred_loss=0.2551  train/sigreg_loss=3.621  train/emb_std=0.9395  train/emb_norm=12.82  train/pred_vs_static=0.2161  train/grad_norm=1.156  train/lr=4.998e-05  train/samples_per_sec=298.2
2026-10-04 12:47:05 [   6440] train/loss=0.5681  train/pred_loss=0.2524  train/sigreg_loss=3.505  train/emb_std=0.9406  train/emb_norm=12.83  train/pred_vs_static=0.2139  train/grad_norm=1.109  train/lr=4.998e-05  train/samples_per_sec=298.4
2026-10-04 12:47:13 [   6460] train/loss=0.5762  train/pred_loss=0.2579  train/sigreg_loss=3.536  train/emb_std=0.9445  train/emb_norm=12.87  train/pred_vs_static=0.2172  train/grad_norm=1.189  train/lr=4.998e-05  train/samples_per_sec=298.4
2026-10-04 12:47:22 [   6480] train/loss=0.5729  train/pred_loss=0.2519  train/sigreg_loss=3.566  train/emb_std=0.9424  train/emb_norm=12.86  train/pred_vs_static=0.2135  train/grad_norm=1.133  train/lr=4.998e-05  train/samples_per_sec=298.4
2026-10-04 12:47:31 [   6500] train/loss=0.5699  train/pred_loss=0.2562  train/sigreg_loss=3.481  train/emb_std=0.9443  train/emb_norm=12.87  train/pred_vs_static=0.2144  train/grad_norm=1.168  train/lr=4.998e-05  train/samples_per_sec=298.6
2026-10-04 12:47:39 [   6520] train/loss=0.5667  train/pred_loss=0.2533  train/sigreg_loss=3.48  train/emb_std=0.9434  train/emb_norm=12.87  train/pred_vs_static=0.2164  train/grad_norm=1.126  train/lr=4.998e-05  train/samples_per_sec=298.5
2026-10-04 12:47:48 [   6540] train/loss=0.5728  train/pred_loss=0.2552  train/sigreg_loss=3.527  train/emb_std=0.941  train/emb_norm=12.82  train/pred_vs_static=0.2138  train/grad_norm=1.119  train/lr=4.998e-05  train/samples_per_sec=298.6
2026-10-04 12:47:56 [   6560] train/loss=0.574  train/pred_loss=0.2584  train/sigreg_loss=3.505  train/emb_std=0.9434  train/emb_norm=12.88  train/pred_vs_static=0.2165  train/grad_norm=1.127  train/lr=4.998e-05  train/samples_per_sec=298.6
2026-10-04 12:48:05 [   6580] train/loss=0.5814  train/pred_loss=0.2607  train/sigreg_loss=3.561  train/emb_std=0.942  train/emb_norm=12.85  train/pred_vs_static=0.2197  train/grad_norm=1.126  train/lr=4.998e-05  train/samples_per_sec=298.8
2026-10-04 12:48:13 [   6600] train/loss=0.5764  train/pred_loss=0.2555  train/sigreg_loss=3.566  train/emb_std=0.94  train/emb_norm=12.83  train/pred_vs_static=0.2149  train/grad_norm=1.108  train/lr=4.998e-05  train/samples_per_sec=298.7
2026-10-04 12:48:22 [   6620] train/loss=0.5729  train/pred_loss=0.2604  train/sigreg_loss=3.471  train/emb_std=0.9449  train/emb_norm=12.87  train/pred_vs_static=0.2178  train/grad_norm=1.1  train/lr=4.998e-05  train/samples_per_sec=298.8
2026-10-04 12:48:30 [   6640] train/loss=0.5758  train/pred_loss=0.2597  train/sigreg_loss=3.511  train/emb_std=0.9365  train/emb_norm=12.79  train/pred_vs_static=0.2161  train/grad_norm=1.12  train/lr=4.998e-05  train/samples_per_sec=299
2026-10-04 12:48:39 [   6660] train/loss=0.5717  train/pred_loss=0.2576  train/sigreg_loss=3.488  train/emb_std=0.9414  train/emb_norm=12.85  train/pred_vs_static=0.2141  train/grad_norm=1.139  train/lr=4.998e-05  train/samples_per_sec=299
2026-10-04 12:48:47 [   6680] train/loss=0.5624  train/pred_loss=0.2493  train/sigreg_loss=3.48  train/emb_std=0.9479  train/emb_norm=12.91  train/pred_vs_static=0.2121  train/grad_norm=1.128  train/lr=4.998e-05  train/samples_per_sec=299
2026-10-04 12:48:56 [   6700] train/loss=0.562  train/pred_loss=0.2507  train/sigreg_loss=3.456  train/emb_std=0.9451  train/emb_norm=12.87  train/pred_vs_static=0.2117  train/grad_norm=1.067  train/lr=4.998e-05  train/samples_per_sec=299
2026-10-04 12:49:04 [   6720] train/loss=0.5762  train/pred_loss=0.2598  train/sigreg_loss=3.517  train/emb_std=0.9414  train/emb_norm=12.86  train/pred_vs_static=0.2135  train/grad_norm=1.103  train/lr=4.998e-05  train/samples_per_sec=299
2026-10-04 12:49:13 [   6740] train/loss=0.569  train/pred_loss=0.253  train/sigreg_loss=3.512  train/emb_std=0.9408  train/emb_norm=12.85  train/pred_vs_static=0.2128  train/grad_norm=1.128  train/lr=4.998e-05  train/samples_per_sec=299.1
2026-10-04 12:49:22 [   6760] train/loss=0.5653  train/pred_loss=0.2565  train/sigreg_loss=3.432  train/emb_std=0.9467  train/emb_norm=12.89  train/pred_vs_static=0.213  train/grad_norm=1.102  train/lr=4.998e-05  train/samples_per_sec=299
2026-10-04 12:49:30 [   6780] train/loss=0.576  train/pred_loss=0.2551  train/sigreg_loss=3.562  train/emb_std=0.9422  train/emb_norm=12.85  train/pred_vs_static=0.214  train/grad_norm=1.115  train/lr=4.998e-05  train/samples_per_sec=298.9
2026-10-04 12:49:39 [   6800] train/loss=0.569  train/pred_loss=0.2551  train/sigreg_loss=3.486  train/emb_std=0.9437  train/emb_norm=12.87  train/pred_vs_static=0.2123  train/grad_norm=1.103  train/lr=4.998e-05  train/samples_per_sec=299
2026-10-04 12:49:47 [   6820] train/loss=0.5743  train/pred_loss=0.2579  train/sigreg_loss=3.516  train/emb_std=0.9439  train/emb_norm=12.87  train/pred_vs_static=0.2107  train/grad_norm=1.09  train/lr=4.997e-05  train/samples_per_sec=299
2026-10-04 12:49:56 [   6840] train/loss=0.5695  train/pred_loss=0.2543  train/sigreg_loss=3.505  train/emb_std=0.9445  train/emb_norm=12.86  train/pred_vs_static=0.2161  train/grad_norm=1.124  train/lr=4.997e-05  train/samples_per_sec=298.9
2026-10-04 12:50:05 [   6860] train/loss=0.5641  train/pred_loss=0.2492  train/sigreg_loss=3.502  train/emb_std=0.9486  train/emb_norm=12.89  train/pred_vs_static=0.2104  train/grad_norm=1.093  train/lr=4.997e-05  train/samples_per_sec=298.9
2026-10-04 12:50:13 [   6880] train/loss=0.5686  train/pred_loss=0.2555  train/sigreg_loss=3.477  train/emb_std=0.9416  train/emb_norm=12.85  train/pred_vs_static=0.2117  train/grad_norm=1.093  train/lr=4.997e-05  train/samples_per_sec=298.9
2026-10-04 12:50:22 [   6900] train/loss=0.5709  train/pred_loss=0.2538  train/sigreg_loss=3.524  train/emb_std=0.9404  train/emb_norm=12.84  train/pred_vs_static=0.2122  train/grad_norm=1.117  train/lr=4.997e-05  train/samples_per_sec=298.9
2026-10-04 12:50:30 [   6920] train/loss=0.5737  train/pred_loss=0.2538  train/sigreg_loss=3.557  train/emb_std=0.9424  train/emb_norm=12.84  train/pred_vs_static=0.2115  train/grad_norm=1.105  train/lr=4.997e-05  train/samples_per_sec=298.9
2026-10-04 12:50:39 [   6940] train/loss=0.5676  train/pred_loss=0.2531  train/sigreg_loss=3.495  train/emb_std=0.9439  train/emb_norm=12.88  train/pred_vs_static=0.2095  train/grad_norm=1.102  train/lr=4.997e-05  train/samples_per_sec=299
2026-10-04 12:50:47 [   6960] train/loss=0.5604  train/pred_loss=0.2489  train/sigreg_loss=3.462  train/emb_std=0.9432  train/emb_norm=12.85  train/pred_vs_static=0.2105  train/grad_norm=1.09  train/lr=4.997e-05  train/samples_per_sec=299
2026-10-04 12:50:56 [   6980] train/loss=0.5694  train/pred_loss=0.253  train/sigreg_loss=3.513  train/emb_std=0.9422  train/emb_norm=12.86  train/pred_vs_static=0.2124  train/grad_norm=1.093  train/lr=4.997e-05  train/samples_per_sec=299
2026-10-04 12:51:04 [   7000] train/loss=0.5615  train/pred_loss=0.2498  train/sigreg_loss=3.462  train/emb_std=0.9406  train/emb_norm=12.83  train/pred_vs_static=0.2081  train/grad_norm=1.072  train/lr=4.997e-05  train/samples_per_sec=299.1
2026-10-04 12:51:13 [   7020] train/loss=0.5709  train/pred_loss=0.2514  train/sigreg_loss=3.552  train/emb_std=0.94  train/emb_norm=12.84  train/pred_vs_static=0.2121  train/grad_norm=1.099  train/lr=4.997e-05  train/samples_per_sec=299.1
2026-10-04 12:51:21 [   7040] train/loss=0.5678  train/pred_loss=0.2532  train/sigreg_loss=3.495  train/emb_std=0.9395  train/emb_norm=12.84  train/pred_vs_static=0.2118  train/grad_norm=1.07  train/lr=4.997e-05  train/samples_per_sec=299.2
2026-10-04 12:51:30 [   7060] train/loss=0.5657  train/pred_loss=0.2504  train/sigreg_loss=3.502  train/emb_std=0.9395  train/emb_norm=12.84  train/pred_vs_static=0.2116  train/grad_norm=1.122  train/lr=4.997e-05  train/samples_per_sec=299.2
2026-10-04 12:51:38 [   7080] train/loss=0.5714  train/pred_loss=0.257  train/sigreg_loss=3.492  train/emb_std=0.9437  train/emb_norm=12.88  train/pred_vs_static=0.21  train/grad_norm=1.083  train/lr=4.997e-05  train/samples_per_sec=299.2
2026-10-04 12:51:47 [   7100] train/loss=0.5621  train/pred_loss=0.2488  train/sigreg_loss=3.482  train/emb_std=0.942  train/emb_norm=12.86  train/pred_vs_static=0.2108  train/grad_norm=1.076  train/lr=4.997e-05  train/samples_per_sec=299.2
2026-10-04 12:51:55 [   7120] train/loss=0.5625  train/pred_loss=0.2477  train/sigreg_loss=3.495  train/emb_std=0.9479  train/emb_norm=12.9  train/pred_vs_static=0.21  train/grad_norm=1.098  train/lr=4.997e-05  train/samples_per_sec=299.3
2026-10-04 12:52:04 [   7140] train/loss=0.5608  train/pred_loss=0.2494  train/sigreg_loss=3.463  train/emb_std=0.9437  train/emb_norm=12.86  train/pred_vs_static=0.2071  train/grad_norm=1.075  train/lr=4.997e-05  train/samples_per_sec=299.3
2026-10-04 12:52:12 [   7160] train/loss=0.5564  train/pred_loss=0.2511  train/sigreg_loss=3.391  train/emb_std=0.9437  train/emb_norm=12.88  train/pred_vs_static=0.2078  train/grad_norm=1.053  train/lr=4.997e-05  train/samples_per_sec=299.4
2026-10-04 12:52:21 [   7180] train/loss=0.5655  train/pred_loss=0.2531  train/sigreg_loss=3.471  train/emb_std=0.9426  train/emb_norm=12.85  train/pred_vs_static=0.2072  train/grad_norm=1.054  train/lr=4.997e-05  train/samples_per_sec=299.5
2026-10-04 12:52:29 [   7200] train/loss=0.5671  train/pred_loss=0.2514  train/sigreg_loss=3.507  train/emb_std=0.942  train/emb_norm=12.87  train/pred_vs_static=0.2123  train/grad_norm=1.075  train/lr=4.997e-05  train/samples_per_sec=299.5
2026-10-04 12:52:37 [   7220] train/loss=0.5677  train/pred_loss=0.2569  train/sigreg_loss=3.452  train/emb_std=0.9445  train/emb_norm=12.88  train/pred_vs_static=0.2103  train/grad_norm=1.112  train/lr=4.997e-05  train/samples_per_sec=299.6
2026-10-04 12:52:46 [   7240] train/loss=0.5704  train/pred_loss=0.2534  train/sigreg_loss=3.524  train/emb_std=0.9436  train/emb_norm=12.87  train/pred_vs_static=0.2089  train/grad_norm=1.077  train/lr=4.997e-05  train/samples_per_sec=299.7
2026-10-04 12:52:54 [   7260] train/loss=0.5582  train/pred_loss=0.2509  train/sigreg_loss=3.413  train/emb_std=0.942  train/emb_norm=12.86  train/pred_vs_static=0.2086  train/grad_norm=1.094  train/lr=4.997e-05  train/samples_per_sec=299.8
2026-10-04 12:53:03 [   7280] train/loss=0.5615  train/pred_loss=0.2497  train/sigreg_loss=3.462  train/emb_std=0.9453  train/emb_norm=12.88  train/pred_vs_static=0.209  train/grad_norm=1.076  train/lr=4.997e-05  train/samples_per_sec=299.8
2026-10-04 12:53:11 [   7300] train/loss=0.5615  train/pred_loss=0.2485  train/sigreg_loss=3.476  train/emb_std=0.9441  train/emb_norm=12.87  train/pred_vs_static=0.2057  train/grad_norm=1.138  train/lr=4.997e-05  train/samples_per_sec=299.9
2026-10-04 12:53:19 [   7320] train/loss=0.5611  train/pred_loss=0.2479  train/sigreg_loss=3.48  train/emb_std=0.9447  train/emb_norm=12.88  train/pred_vs_static=0.2109  train/grad_norm=1.132  train/lr=4.997e-05  train/samples_per_sec=300
2026-10-04 12:53:28 [   7340] train/loss=0.5606  train/pred_loss=0.2513  train/sigreg_loss=3.438  train/emb_std=0.9475  train/emb_norm=12.89  train/pred_vs_static=0.2104  train/grad_norm=1.077  train/lr=4.996e-05  train/samples_per_sec=300
2026-10-04 12:53:36 [   7360] train/loss=0.5556  train/pred_loss=0.2464  train/sigreg_loss=3.436  train/emb_std=0.9473  train/emb_norm=12.9  train/pred_vs_static=0.205  train/grad_norm=1.055  train/lr=4.996e-05  train/samples_per_sec=300.1
2026-10-04 12:53:45 [   7380] train/loss=0.5573  train/pred_loss=0.2494  train/sigreg_loss=3.421  train/emb_std=0.9486  train/emb_norm=12.92  train/pred_vs_static=0.2091  train/grad_norm=1.085  train/lr=4.996e-05  train/samples_per_sec=300.1
2026-10-04 12:53:53 [   7400] train/loss=0.559  train/pred_loss=0.2481  train/sigreg_loss=3.455  train/emb_std=0.9437  train/emb_norm=12.87  train/pred_vs_static=0.2074  train/grad_norm=1.065  train/lr=4.996e-05  train/samples_per_sec=300.2
2026-10-04 12:54:02 [   7420] train/loss=0.5556  train/pred_loss=0.247  train/sigreg_loss=3.428  train/emb_std=0.9447  train/emb_norm=12.89  train/pred_vs_static=0.2063  train/grad_norm=1.052  train/lr=4.996e-05  train/samples_per_sec=300.2
2026-10-04 12:54:10 [   7440] train/loss=0.5657  train/pred_loss=0.2516  train/sigreg_loss=3.489  train/emb_std=0.942  train/emb_norm=12.87  train/pred_vs_static=0.2062  train/grad_norm=1.083  train/lr=4.996e-05  train/samples_per_sec=300.3
2026-10-04 12:54:18 [   7460] train/loss=0.5586  train/pred_loss=0.247  train/sigreg_loss=3.462  train/emb_std=0.9449  train/emb_norm=12.88  train/pred_vs_static=0.2057  train/grad_norm=1.101  train/lr=4.996e-05  train/samples_per_sec=300.3
2026-10-04 12:54:27 [   7480] train/loss=0.559  train/pred_loss=0.247  train/sigreg_loss=3.465  train/emb_std=0.9484  train/emb_norm=12.91  train/pred_vs_static=0.2088  train/grad_norm=1.08  train/lr=4.996e-05  train/samples_per_sec=300.4
2026-10-04 12:54:35 [   7500] train/loss=0.5623  train/pred_loss=0.2509  train/sigreg_loss=3.46  train/emb_std=0.9463  train/emb_norm=12.89  train/pred_vs_static=0.2103  train/grad_norm=1.061  train/lr=4.996e-05  train/samples_per_sec=300.4
2026-10-04 12:54:44 [   7520] train/loss=0.5655  train/pred_loss=0.2501  train/sigreg_loss=3.505  train/emb_std=0.9424  train/emb_norm=12.86  train/pred_vs_static=0.2057  train/grad_norm=1.087  train/lr=4.996e-05  train/samples_per_sec=300.5
2026-10-04 12:54:52 [   7540] train/loss=0.5537  train/pred_loss=0.249  train/sigreg_loss=3.384  train/emb_std=0.9467  train/emb_norm=12.89  train/pred_vs_static=0.2061  train/grad_norm=1.079  train/lr=4.996e-05  train/samples_per_sec=300.5
2026-10-04 12:55:01 [   7560] train/loss=0.5547  train/pred_loss=0.2452  train/sigreg_loss=3.44  train/emb_std=0.9443  train/emb_norm=12.88  train/pred_vs_static=0.2056  train/grad_norm=1.076  train/lr=4.996e-05  train/samples_per_sec=300.5
2026-10-04 12:55:09 [   7580] train/loss=0.5721  train/pred_loss=0.2581  train/sigreg_loss=3.49  train/emb_std=0.9398  train/emb_norm=12.85  train/pred_vs_static=0.2118  train/grad_norm=1.097  train/lr=4.996e-05  train/samples_per_sec=300.5
2026-10-04 12:55:18 [   7600] train/loss=0.5592  train/pred_loss=0.2483  train/sigreg_loss=3.456  train/emb_std=0.9412  train/emb_norm=12.86  train/pred_vs_static=0.2093  train/grad_norm=1.102  train/lr=4.996e-05  train/samples_per_sec=300.5
2026-10-04 12:55:26 [   7620] train/loss=0.5636  train/pred_loss=0.253  train/sigreg_loss=3.45  train/emb_std=0.9428  train/emb_norm=12.87  train/pred_vs_static=0.2096  train/grad_norm=1.129  train/lr=4.996e-05  train/samples_per_sec=300.6
2026-10-04 12:55:34 [   7640] train/loss=0.5565  train/pred_loss=0.247  train/sigreg_loss=3.441  train/emb_std=0.942  train/emb_norm=12.86  train/pred_vs_static=0.2069  train/grad_norm=1.076  train/lr=4.996e-05  train/samples_per_sec=300.6
2026-10-04 12:55:43 [   7660] train/loss=0.5721  train/pred_loss=0.2568  train/sigreg_loss=3.505  train/emb_std=0.9393  train/emb_norm=12.82  train/pred_vs_static=0.2075  train/grad_norm=1.04  train/lr=4.996e-05  train/samples_per_sec=300.6
2026-10-04 12:55:51 [   7680] train/loss=0.5577  train/pred_loss=0.2454  train/sigreg_loss=3.469  train/emb_std=0.9459  train/emb_norm=12.91  train/pred_vs_static=0.2042  train/grad_norm=1.109  train/lr=4.996e-05  train/samples_per_sec=300.6
2026-10-04 12:56:00 [   7700] train/loss=0.5544  train/pred_loss=0.2496  train/sigreg_loss=3.386  train/emb_std=0.9445  train/emb_norm=12.88  train/pred_vs_static=0.2104  train/grad_norm=1.081  train/lr=4.996e-05  train/samples_per_sec=300.6
2026-10-04 12:56:09 [   7720] train/loss=0.5562  train/pred_loss=0.2511  train/sigreg_loss=3.393  train/emb_std=0.9447  train/emb_norm=12.87  train/pred_vs_static=0.2084  train/grad_norm=1.081  train/lr=4.996e-05  train/samples_per_sec=300.6
2026-10-04 12:56:17 [   7740] train/loss=0.5536  train/pred_loss=0.247  train/sigreg_loss=3.407  train/emb_std=0.9494  train/emb_norm=12.92  train/pred_vs_static=0.2097  train/grad_norm=1.075  train/lr=4.996e-05  train/samples_per_sec=300.6
2026-10-04 12:56:26 [   7760] train/loss=0.564  train/pred_loss=0.2544  train/sigreg_loss=3.439  train/emb_std=0.9402  train/emb_norm=12.85  train/pred_vs_static=0.2093  train/grad_norm=1.086  train/lr=4.996e-05  train/samples_per_sec=300.5
2026-10-04 12:56:34 [   7780] train/loss=0.5725  train/pred_loss=0.2563  train/sigreg_loss=3.513  train/emb_std=0.9398  train/emb_norm=12.84  train/pred_vs_static=0.2076  train/grad_norm=1.119  train/lr=4.995e-05  train/samples_per_sec=300.5
2026-10-04 12:56:43 [   7800] train/loss=0.5632  train/pred_loss=0.2516  train/sigreg_loss=3.462  train/emb_std=0.9406  train/emb_norm=12.84  train/pred_vs_static=0.2097  train/grad_norm=1.103  train/lr=4.995e-05  train/samples_per_sec=300.5
2026-10-04 12:56:51 [   7820] train/loss=0.5582  train/pred_loss=0.2495  train/sigreg_loss=3.429  train/emb_std=0.9471  train/emb_norm=12.89  train/pred_vs_static=0.2058  train/grad_norm=1.03  train/lr=4.995e-05  train/samples_per_sec=300.5
2026-10-04 12:57:00 [   7840] train/loss=0.5558  train/pred_loss=0.2496  train/sigreg_loss=3.401  train/emb_std=0.9475  train/emb_norm=12.91  train/pred_vs_static=0.2065  train/grad_norm=1.032  train/lr=4.995e-05  train/samples_per_sec=300.5
2026-10-04 12:57:09 [   7860] train/loss=0.5605  train/pred_loss=0.2511  train/sigreg_loss=3.436  train/emb_std=0.9451  train/emb_norm=12.87  train/pred_vs_static=0.2055  train/grad_norm=1.031  train/lr=4.995e-05  train/samples_per_sec=300.4
2026-10-04 12:57:17 [   7880] train/loss=0.5486  train/pred_loss=0.2462  train/sigreg_loss=3.359  train/emb_std=0.949  train/emb_norm=12.91  train/pred_vs_static=0.2048  train/grad_norm=1.068  train/lr=4.995e-05  train/samples_per_sec=300.4
2026-10-04 12:57:26 [   7900] train/loss=0.5548  train/pred_loss=0.2457  train/sigreg_loss=3.434  train/emb_std=0.9467  train/emb_norm=12.9  train/pred_vs_static=0.2052  train/grad_norm=1.046  train/lr=4.995e-05  train/samples_per_sec=300.4
2026-10-04 12:57:34 [   7920] train/loss=0.5569  train/pred_loss=0.2488  train/sigreg_loss=3.424  train/emb_std=0.9455  train/emb_norm=12.89  train/pred_vs_static=0.2061  train/grad_norm=1.052  train/lr=4.995e-05  train/samples_per_sec=300.4
2026-10-04 12:57:43 [   7940] train/loss=0.551  train/pred_loss=0.2464  train/sigreg_loss=3.384  train/emb_std=0.9453  train/emb_norm=12.9  train/pred_vs_static=0.2064  train/grad_norm=1.052  train/lr=4.995e-05  train/samples_per_sec=300.3
2026-10-04 12:57:51 [   7960] train/loss=0.5597  train/pred_loss=0.2501  train/sigreg_loss=3.438  train/emb_std=0.9453  train/emb_norm=12.88  train/pred_vs_static=0.2085  train/grad_norm=1.078  train/lr=4.995e-05  train/samples_per_sec=300.4
2026-10-04 12:58:00 [   7980] train/loss=0.5522  train/pred_loss=0.2449  train/sigreg_loss=3.413  train/emb_std=0.9443  train/emb_norm=12.89  train/pred_vs_static=0.2039  train/grad_norm=1.053  train/lr=4.995e-05  train/samples_per_sec=300.5
2026-10-04 12:58:08 [   8000] train/loss=0.5549  train/pred_loss=0.2465  train/sigreg_loss=3.426  train/emb_std=0.9432  train/emb_norm=12.87  train/pred_vs_static=0.2059  train/grad_norm=1.059  train/lr=4.995e-05  train/samples_per_sec=300.5
2026-10-04 12:58:08 [   8000] train_epoch/loss=0.5678  train_epoch/pred_loss=0.2534  train_epoch/sigreg_loss=3.493  train_epoch/emb_std=0.9429  train_epoch/emb_norm=12.86  train_epoch/pred_vs_static=0.2121  train_epoch/grad_norm=1.101  train_epoch/lr=4.997e-05  train_epoch/epoch=3
2026-10-04 12:58:20 [   8000] val/loss=1.633  val/pred_loss=0.2142  val/sigreg_loss=15.76  val/emb_std=0.9039  val/emb_norm=13.5  val/pred_vs_static=0.1879  val/epoch=3
2026-10-04 12:58:20 epoch   3 | val pred_vs_static 0.18794 | best 0.18794 @ epoch 3 | saved epoch_003.pt
2026-10-04 12:58:30 [   8020] train/loss=0.5567  train/pred_loss=0.2502  train/sigreg_loss=3.402  train/emb_std=0.9471  train/emb_norm=12.9  train/pred_vs_static=0.2072  train/grad_norm=1.062  train/lr=4.995e-05  train/samples_per_sec=243.3
2026-10-04 12:58:39 [   8040] train/loss=0.5526  train/pred_loss=0.2462  train/sigreg_loss=3.405  train/emb_std=0.943  train/emb_norm=12.88  train/pred_vs_static=0.2023  train/grad_norm=1.016  train/lr=4.995e-05  train/samples_per_sec=268.4
2026-10-04 12:58:48 [   8060] train/loss=0.553  train/pred_loss=0.2477  train/sigreg_loss=3.394  train/emb_std=0.941  train/emb_norm=12.86  train/pred_vs_static=0.2058  train/grad_norm=1.105  train/lr=4.995e-05  train/samples_per_sec=278.3
2026-10-04 12:58:56 [   8080] train/loss=0.5668  train/pred_loss=0.2521  train/sigreg_loss=3.496  train/emb_std=0.9434  train/emb_norm=12.89  train/pred_vs_static=0.2056  train/grad_norm=1.077  train/lr=4.995e-05  train/samples_per_sec=283
2026-10-04 12:59:05 [   8100] train/loss=0.5576  train/pred_loss=0.2502  train/sigreg_loss=3.415  train/emb_std=0.9426  train/emb_norm=12.88  train/pred_vs_static=0.2061  train/grad_norm=1.071  train/lr=4.995e-05  train/samples_per_sec=285.9
2026-10-04 12:59:13 [   8120] train/loss=0.55  train/pred_loss=0.2507  train/sigreg_loss=3.325  train/emb_std=0.942  train/emb_norm=12.86  train/pred_vs_static=0.2059  train/grad_norm=1.068  train/lr=4.995e-05  train/samples_per_sec=287.8
2026-10-04 12:59:22 [   8140] train/loss=0.5517  train/pred_loss=0.2429  train/sigreg_loss=3.43  train/emb_std=0.9437  train/emb_norm=12.88  train/pred_vs_static=0.2049  train/grad_norm=1.046  train/lr=4.995e-05  train/samples_per_sec=289.4
2026-10-04 12:59:31 [   8160] train/loss=0.5551  train/pred_loss=0.2501  train/sigreg_loss=3.389  train/emb_std=0.9436  train/emb_norm=12.88  train/pred_vs_static=0.2058  train/grad_norm=1.024  train/lr=4.995e-05  train/samples_per_sec=290.1
2026-10-04 12:59:39 [   8180] train/loss=0.5629  train/pred_loss=0.2501  train/sigreg_loss=3.477  train/emb_std=0.9379  train/emb_norm=12.83  train/pred_vs_static=0.2076  train/grad_norm=1.068  train/lr=4.994e-05  train/samples_per_sec=290.9
2026-10-04 12:59:48 [   8200] train/loss=0.5519  train/pred_loss=0.2489  train/sigreg_loss=3.366  train/emb_std=0.941  train/emb_norm=12.87  train/pred_vs_static=0.2068  train/grad_norm=1.043  train/lr=4.994e-05  train/samples_per_sec=291.8
2026-10-04 12:59:56 [   8220] train/loss=0.5569  train/pred_loss=0.2507  train/sigreg_loss=3.4  train/emb_std=0.9432  train/emb_norm=12.88  train/pred_vs_static=0.207  train/grad_norm=1.043  train/lr=4.994e-05  train/samples_per_sec=292
2026-10-04 13:00:05 [   8240] train/loss=0.5508  train/pred_loss=0.2473  train/sigreg_loss=3.373  train/emb_std=0.9402  train/emb_norm=12.86  train/pred_vs_static=0.2038  train/grad_norm=1.069  train/lr=4.994e-05  train/samples_per_sec=292.8
2026-10-04 13:00:13 [   8260] train/loss=0.5484  train/pred_loss=0.2445  train/sigreg_loss=3.379  train/emb_std=0.942  train/emb_norm=12.86  train/pred_vs_static=0.2044  train/grad_norm=1.045  train/lr=4.994e-05  train/samples_per_sec=293.1
2026-10-04 13:00:22 [   8280] train/loss=0.5514  train/pred_loss=0.2464  train/sigreg_loss=3.386  train/emb_std=0.9418  train/emb_norm=12.86  train/pred_vs_static=0.2038  train/grad_norm=1.052  train/lr=4.994e-05  train/samples_per_sec=293.2
2026-10-04 13:00:31 [   8300] train/loss=0.5462  train/pred_loss=0.2455  train/sigreg_loss=3.345  train/emb_std=0.9422  train/emb_norm=12.87  train/pred_vs_static=0.2035  train/grad_norm=1.022  train/lr=4.994e-05  train/samples_per_sec=293.6
2026-10-04 13:00:39 [   8320] train/loss=0.5495  train/pred_loss=0.2467  train/sigreg_loss=3.366  train/emb_std=0.9451  train/emb_norm=12.91  train/pred_vs_static=0.2057  train/grad_norm=1.058  train/lr=4.994e-05  train/samples_per_sec=293.8
2026-10-04 13:00:48 [   8340] train/loss=0.5567  train/pred_loss=0.2467  train/sigreg_loss=3.445  train/emb_std=0.942  train/emb_norm=12.88  train/pred_vs_static=0.2027  train/grad_norm=1.037  train/lr=4.994e-05  train/samples_per_sec=294
2026-10-04 13:00:56 [   8360] train/loss=0.5495  train/pred_loss=0.246  train/sigreg_loss=3.373  train/emb_std=0.9436  train/emb_norm=12.9  train/pred_vs_static=0.2046  train/grad_norm=1.03  train/lr=4.994e-05  train/samples_per_sec=294.4
2026-10-04 13:01:05 [   8380] train/loss=0.5519  train/pred_loss=0.2478  train/sigreg_loss=3.383  train/emb_std=0.9432  train/emb_norm=12.87  train/pred_vs_static=0.2031  train/grad_norm=1.016  train/lr=4.994e-05  train/samples_per_sec=294.8
2026-10-04 13:01:14 [   8400] train/loss=0.559  train/pred_loss=0.2521  train/sigreg_loss=3.407  train/emb_std=0.9408  train/emb_norm=12.86  train/pred_vs_static=0.2076  train/grad_norm=1.1  train/lr=4.994e-05  train/samples_per_sec=295
2026-10-04 13:01:22 [   8420] train/loss=0.5516  train/pred_loss=0.2488  train/sigreg_loss=3.366  train/emb_std=0.9426  train/emb_norm=12.88  train/pred_vs_static=0.2025  train/grad_norm=1.066  train/lr=4.994e-05  train/samples_per_sec=295.1
2026-10-04 13:01:31 [   8440] train/loss=0.5495  train/pred_loss=0.2413  train/sigreg_loss=3.424  train/emb_std=0.9482  train/emb_norm=12.93  train/pred_vs_static=0.204  train/grad_norm=1.049  train/lr=4.994e-05  train/samples_per_sec=295.2
2026-10-04 13:01:39 [   8460] train/loss=0.5523  train/pred_loss=0.2457  train/sigreg_loss=3.408  train/emb_std=0.9453  train/emb_norm=12.88  train/pred_vs_static=0.204  train/grad_norm=1.041  train/lr=4.994e-05  train/samples_per_sec=295.3
2026-10-04 13:01:48 [   8480] train/loss=0.5552  train/pred_loss=0.2442  train/sigreg_loss=3.455  train/emb_std=0.9475  train/emb_norm=12.92  train/pred_vs_static=0.2061  train/grad_norm=1.073  train/lr=4.994e-05  train/samples_per_sec=295.5
2026-10-04 13:01:56 [   8500] train/loss=0.5517  train/pred_loss=0.2472  train/sigreg_loss=3.384  train/emb_std=0.9443  train/emb_norm=12.88  train/pred_vs_static=0.2051  train/grad_norm=1.043  train/lr=4.994e-05  train/samples_per_sec=295.7
2026-10-04 13:02:05 [   8520] train/loss=0.5513  train/pred_loss=0.251  train/sigreg_loss=3.335  train/emb_std=0.9436  train/emb_norm=12.89  train/pred_vs_static=0.2047  train/grad_norm=1.044  train/lr=4.994e-05  train/samples_per_sec=295.8
2026-10-04 13:02:13 [   8540] train/loss=0.5565  train/pred_loss=0.2487  train/sigreg_loss=3.419  train/emb_std=0.9414  train/emb_norm=12.85  train/pred_vs_static=0.2054  train/grad_norm=1.021  train/lr=4.993e-05  train/samples_per_sec=296
2026-10-04 13:02:22 [   8560] train/loss=0.5457  train/pred_loss=0.2436  train/sigreg_loss=3.359  train/emb_std=0.9439  train/emb_norm=12.88  train/pred_vs_static=0.2037  train/grad_norm=1.013  train/lr=4.993e-05  train/samples_per_sec=296
2026-10-04 13:02:31 [   8580] train/loss=0.5439  train/pred_loss=0.245  train/sigreg_loss=3.322  train/emb_std=0.9445  train/emb_norm=12.88  train/pred_vs_static=0.2018  train/grad_norm=1.045  train/lr=4.993e-05  train/samples_per_sec=296.1
2026-10-04 13:02:39 [   8600] train/loss=0.5505  train/pred_loss=0.2482  train/sigreg_loss=3.36  train/emb_std=0.942  train/emb_norm=12.88  train/pred_vs_static=0.2029  train/grad_norm=1.006  train/lr=4.993e-05  train/samples_per_sec=296.3
2026-10-04 13:02:48 [   8620] train/loss=0.542  train/pred_loss=0.2463  train/sigreg_loss=3.284  train/emb_std=0.9459  train/emb_norm=12.91  train/pred_vs_static=0.2065  train/grad_norm=1.024  train/lr=4.993e-05  train/samples_per_sec=296.4
2026-10-04 13:02:56 [   8640] train/loss=0.5467  train/pred_loss=0.2453  train/sigreg_loss=3.348  train/emb_std=0.9459  train/emb_norm=12.89  train/pred_vs_static=0.2049  train/grad_norm=1.045  train/lr=4.993e-05  train/samples_per_sec=296.4
2026-10-04 13:03:05 [   8660] train/loss=0.5454  train/pred_loss=0.2466  train/sigreg_loss=3.319  train/emb_std=0.9453  train/emb_norm=12.9  train/pred_vs_static=0.2042  train/grad_norm=1.056  train/lr=4.993e-05  train/samples_per_sec=296.5
2026-10-04 13:03:14 [   8680] train/loss=0.5509  train/pred_loss=0.2445  train/sigreg_loss=3.405  train/emb_std=0.9432  train/emb_norm=12.88  train/pred_vs_static=0.2012  train/grad_norm=1.051  train/lr=4.993e-05  train/samples_per_sec=296.5
2026-10-04 13:03:22 [   8700] train/loss=0.5434  train/pred_loss=0.243  train/sigreg_loss=3.34  train/emb_std=0.9447  train/emb_norm=12.9  train/pred_vs_static=0.2036  train/grad_norm=1.037  train/lr=4.993e-05  train/samples_per_sec=296.5
2026-10-04 13:03:31 [   8720] train/loss=0.5521  train/pred_loss=0.251  train/sigreg_loss=3.348  train/emb_std=0.9447  train/emb_norm=12.88  train/pred_vs_static=0.2049  train/grad_norm=1.042  train/lr=4.993e-05  train/samples_per_sec=296.5
2026-10-04 13:03:39 [   8740] train/loss=0.5456  train/pred_loss=0.2433  train/sigreg_loss=3.358  train/emb_std=0.9465  train/emb_norm=12.9  train/pred_vs_static=0.2025  train/grad_norm=1.033  train/lr=4.993e-05  train/samples_per_sec=296.7
2026-10-04 13:03:48 [   8760] train/loss=0.5491  train/pred_loss=0.2456  train/sigreg_loss=3.37  train/emb_std=0.9471  train/emb_norm=12.91  train/pred_vs_static=0.2021  train/grad_norm=1.001  train/lr=4.993e-05  train/samples_per_sec=296.7
2026-10-04 13:03:56 [   8780] train/loss=0.546  train/pred_loss=0.2478  train/sigreg_loss=3.317  train/emb_std=0.9428  train/emb_norm=12.89  train/pred_vs_static=0.204  train/grad_norm=1.038  train/lr=4.993e-05  train/samples_per_sec=296.8
2026-10-04 13:04:05 [   8800] train/loss=0.5455  train/pred_loss=0.2469  train/sigreg_loss=3.32  train/emb_std=0.9422  train/emb_norm=12.87  train/pred_vs_static=0.2011  train/grad_norm=1.079  train/lr=4.993e-05  train/samples_per_sec=296.8
2026-10-04 13:04:13 [   8820] train/loss=0.5492  train/pred_loss=0.2481  train/sigreg_loss=3.345  train/emb_std=0.9424  train/emb_norm=12.85  train/pred_vs_static=0.2031  train/grad_norm=1.054  train/lr=4.993e-05  train/samples_per_sec=296.9
2026-10-04 13:04:22 [   8840] train/loss=0.5528  train/pred_loss=0.2482  train/sigreg_loss=3.384  train/emb_std=0.9461  train/emb_norm=12.91  train/pred_vs_static=0.2043  train/grad_norm=1.06  train/lr=4.993e-05  train/samples_per_sec=296.9
2026-10-04 13:04:31 [   8860] train/loss=0.5511  train/pred_loss=0.2474  train/sigreg_loss=3.376  train/emb_std=0.9439  train/emb_norm=12.88  train/pred_vs_static=0.2015  train/grad_norm=1.034  train/lr=4.993e-05  train/samples_per_sec=296.9
2026-10-04 13:04:39 [   8880] train/loss=0.5402  train/pred_loss=0.2417  train/sigreg_loss=3.316  train/emb_std=0.9426  train/emb_norm=12.88  train/pred_vs_static=0.2013  train/grad_norm=1.007  train/lr=4.992e-05  train/samples_per_sec=296.9
2026-10-04 13:04:48 [   8900] train/loss=0.5376  train/pred_loss=0.2394  train/sigreg_loss=3.314  train/emb_std=0.9469  train/emb_norm=12.91  train/pred_vs_static=0.2024  train/grad_norm=1.022  train/lr=4.992e-05  train/samples_per_sec=296.9
2026-10-04 13:04:56 [   8920] train/loss=0.5487  train/pred_loss=0.2483  train/sigreg_loss=3.339  train/emb_std=0.9457  train/emb_norm=12.91  train/pred_vs_static=0.2053  train/grad_norm=1.039  train/lr=4.992e-05  train/samples_per_sec=297
2026-10-04 13:05:05 [   8940] train/loss=0.5386  train/pred_loss=0.2422  train/sigreg_loss=3.291  train/emb_std=0.9477  train/emb_norm=12.92  train/pred_vs_static=0.2011  train/grad_norm=1.004  train/lr=4.992e-05  train/samples_per_sec=297
2026-10-04 13:05:14 [   8960] train/loss=0.5406  train/pred_loss=0.2426  train/sigreg_loss=3.312  train/emb_std=0.9471  train/emb_norm=12.91  train/pred_vs_static=0.2008  train/grad_norm=1.033  train/lr=4.992e-05  train/samples_per_sec=297
2026-10-04 13:05:22 [   8980] train/loss=0.543  train/pred_loss=0.2431  train/sigreg_loss=3.331  train/emb_std=0.9416  train/emb_norm=12.85  train/pred_vs_static=0.1991  train/grad_norm=1.018  train/lr=4.992e-05  train/samples_per_sec=297.1
2026-10-04 13:05:31 [   9000] train/loss=0.542  train/pred_loss=0.2431  train/sigreg_loss=3.32  train/emb_std=0.9447  train/emb_norm=12.91  train/pred_vs_static=0.2028  train/grad_norm=1.012  train/lr=4.992e-05  train/samples_per_sec=297.2
2026-10-04 13:05:39 [   9020] train/loss=0.5466  train/pred_loss=0.245  train/sigreg_loss=3.35  train/emb_std=0.9414  train/emb_norm=12.84  train/pred_vs_static=0.2021  train/grad_norm=1.073  train/lr=4.992e-05  train/samples_per_sec=297.2
2026-10-04 13:05:48 [   9040] train/loss=0.544  train/pred_loss=0.2498  train/sigreg_loss=3.267  train/emb_std=0.9436  train/emb_norm=12.89  train/pred_vs_static=0.2029  train/grad_norm=1.012  train/lr=4.992e-05  train/samples_per_sec=297.2
2026-10-04 13:05:56 [   9060] train/loss=0.54  train/pred_loss=0.241  train/sigreg_loss=3.321  train/emb_std=0.9441  train/emb_norm=12.9  train/pred_vs_static=0.202  train/grad_norm=0.9994  train/lr=4.992e-05  train/samples_per_sec=297.2
2026-10-04 13:06:05 [   9080] train/loss=0.539  train/pred_loss=0.2413  train/sigreg_loss=3.307  train/emb_std=0.9447  train/emb_norm=12.89  train/pred_vs_static=0.1978  train/grad_norm=0.9601  train/lr=4.992e-05  train/samples_per_sec=297.3
2026-10-04 13:06:13 [   9100] train/loss=0.5431  train/pred_loss=0.2439  train/sigreg_loss=3.322  train/emb_std=0.9459  train/emb_norm=12.91  train/pred_vs_static=0.2027  train/grad_norm=1.015  train/lr=4.992e-05  train/samples_per_sec=297.4
2026-10-04 13:06:22 [   9120] train/loss=0.5387  train/pred_loss=0.2449  train/sigreg_loss=3.263  train/emb_std=0.9475  train/emb_norm=12.91  train/pred_vs_static=0.2012  train/grad_norm=0.9617  train/lr=4.992e-05  train/samples_per_sec=297.4
2026-10-04 13:06:30 [   9140] train/loss=0.546  train/pred_loss=0.2454  train/sigreg_loss=3.341  train/emb_std=0.948  train/emb_norm=12.93  train/pred_vs_static=0.2042  train/grad_norm=1  train/lr=4.992e-05  train/samples_per_sec=297.5
2026-10-04 13:06:39 [   9160] train/loss=0.5313  train/pred_loss=0.2414  train/sigreg_loss=3.22  train/emb_std=0.9453  train/emb_norm=12.9  train/pred_vs_static=0.2006  train/grad_norm=1.011  train/lr=4.992e-05  train/samples_per_sec=297.5
2026-10-04 13:06:48 [   9180] train/loss=0.5375  train/pred_loss=0.2405  train/sigreg_loss=3.3  train/emb_std=0.9449  train/emb_norm=12.91  train/pred_vs_static=0.1997  train/grad_norm=1.018  train/lr=4.992e-05  train/samples_per_sec=297.5
2026-10-04 13:06:56 [   9200] train/loss=0.5416  train/pred_loss=0.2432  train/sigreg_loss=3.314  train/emb_std=0.9449  train/emb_norm=12.89  train/pred_vs_static=0.1997  train/grad_norm=1.016  train/lr=4.991e-05  train/samples_per_sec=297.6
2026-10-04 13:07:05 [   9220] train/loss=0.5394  train/pred_loss=0.2445  train/sigreg_loss=3.276  train/emb_std=0.9486  train/emb_norm=12.93  train/pred_vs_static=0.202  train/grad_norm=1.027  train/lr=4.991e-05  train/samples_per_sec=297.6
2026-10-04 13:07:13 [   9240] train/loss=0.5399  train/pred_loss=0.2429  train/sigreg_loss=3.303  train/emb_std=0.949  train/emb_norm=12.93  train/pred_vs_static=0.1999  train/grad_norm=1.035  train/lr=4.991e-05  train/samples_per_sec=297.7
2026-10-04 13:07:22 [   9260] train/loss=0.5352  train/pred_loss=0.2401  train/sigreg_loss=3.28  train/emb_std=0.948  train/emb_norm=12.93  train/pred_vs_static=0.2  train/grad_norm=0.9908  train/lr=4.991e-05  train/samples_per_sec=297.7
2026-10-04 13:07:30 [   9280] train/loss=0.5392  train/pred_loss=0.2395  train/sigreg_loss=3.33  train/emb_std=0.9486  train/emb_norm=12.94  train/pred_vs_static=0.2022  train/grad_norm=1.05  train/lr=4.991e-05  train/samples_per_sec=297.8
2026-10-04 13:07:39 [   9300] train/loss=0.5416  train/pred_loss=0.2463  train/sigreg_loss=3.282  train/emb_std=0.9465  train/emb_norm=12.91  train/pred_vs_static=0.202  train/grad_norm=1.007  train/lr=4.991e-05  train/samples_per_sec=297.8
2026-10-04 13:07:47 [   9320] train/loss=0.5446  train/pred_loss=0.2471  train/sigreg_loss=3.303  train/emb_std=0.9463  train/emb_norm=12.92  train/pred_vs_static=0.2022  train/grad_norm=0.9757  train/lr=4.991e-05  train/samples_per_sec=297.8
2026-10-04 13:07:56 [   9340] train/loss=0.5373  train/pred_loss=0.2413  train/sigreg_loss=3.29  train/emb_std=0.9506  train/emb_norm=12.94  train/pred_vs_static=0.1982  train/grad_norm=0.9933  train/lr=4.991e-05  train/samples_per_sec=297.8
2026-10-04 13:08:04 [   9360] train/loss=0.5378  train/pred_loss=0.2428  train/sigreg_loss=3.278  train/emb_std=0.95  train/emb_norm=12.94  train/pred_vs_static=0.2004  train/grad_norm=1.003  train/lr=4.991e-05  train/samples_per_sec=297.9
2026-10-04 13:08:13 [   9380] train/loss=0.5394  train/pred_loss=0.2434  train/sigreg_loss=3.29  train/emb_std=0.9477  train/emb_norm=12.92  train/pred_vs_static=0.2017  train/grad_norm=0.9713  train/lr=4.991e-05  train/samples_per_sec=297.9
2026-10-04 13:08:21 [   9400] train/loss=0.5422  train/pred_loss=0.2451  train/sigreg_loss=3.298  train/emb_std=0.9445  train/emb_norm=12.89  train/pred_vs_static=0.2025  train/grad_norm=1.008  train/lr=4.991e-05  train/samples_per_sec=297.9
2026-10-04 13:08:30 [   9420] train/loss=0.5454  train/pred_loss=0.2475  train/sigreg_loss=3.311  train/emb_std=0.9494  train/emb_norm=12.92  train/pred_vs_static=0.2051  train/grad_norm=1.038  train/lr=4.991e-05  train/samples_per_sec=297.9
2026-10-04 13:08:39 [   9440] train/loss=0.5401  train/pred_loss=0.2437  train/sigreg_loss=3.293  train/emb_std=0.9467  train/emb_norm=12.91  train/pred_vs_static=0.1983  train/grad_norm=0.9795  train/lr=4.991e-05  train/samples_per_sec=298
2026-10-04 13:08:47 [   9460] train/loss=0.5343  train/pred_loss=0.2406  train/sigreg_loss=3.264  train/emb_std=0.9484  train/emb_norm=12.92  train/pred_vs_static=0.2017  train/grad_norm=0.9816  train/lr=4.991e-05  train/samples_per_sec=298
2026-10-04 13:08:56 [   9480] train/loss=0.5453  train/pred_loss=0.2481  train/sigreg_loss=3.301  train/emb_std=0.9439  train/emb_norm=12.88  train/pred_vs_static=0.1999  train/grad_norm=1.018  train/lr=4.99e-05  train/samples_per_sec=298.1
2026-10-04 13:09:04 [   9500] train/loss=0.5387  train/pred_loss=0.2432  train/sigreg_loss=3.284  train/emb_std=0.9455  train/emb_norm=12.9  train/pred_vs_static=0.2008  train/grad_norm=0.998  train/lr=4.99e-05  train/samples_per_sec=298
2026-10-04 13:09:13 [   9520] train/loss=0.5404  train/pred_loss=0.2408  train/sigreg_loss=3.329  train/emb_std=0.9449  train/emb_norm=12.89  train/pred_vs_static=0.1985  train/grad_norm=1.011  train/lr=4.99e-05  train/samples_per_sec=298.1
2026-10-04 13:09:21 [   9540] train/loss=0.5427  train/pred_loss=0.2458  train/sigreg_loss=3.302  train/emb_std=0.9473  train/emb_norm=12.93  train/pred_vs_static=0.1987  train/grad_norm=1.041  train/lr=4.99e-05  train/samples_per_sec=298.1
2026-10-04 13:09:30 [   9560] train/loss=0.5441  train/pred_loss=0.2436  train/sigreg_loss=3.337  train/emb_std=0.9479  train/emb_norm=12.92  train/pred_vs_static=0.2015  train/grad_norm=1.037  train/lr=4.99e-05  train/samples_per_sec=298.2
2026-10-04 13:09:38 [   9580] train/loss=0.5404  train/pred_loss=0.2451  train/sigreg_loss=3.282  train/emb_std=0.948  train/emb_norm=12.91  train/pred_vs_static=0.202  train/grad_norm=0.9788  train/lr=4.99e-05  train/samples_per_sec=298.2
2026-10-04 13:09:47 [   9600] train/loss=0.5444  train/pred_loss=0.2433  train/sigreg_loss=3.345  train/emb_std=0.948  train/emb_norm=12.92  train/pred_vs_static=0.2019  train/grad_norm=1.054  train/lr=4.99e-05  train/samples_per_sec=298.2
2026-10-04 13:09:55 [   9620] train/loss=0.5407  train/pred_loss=0.2451  train/sigreg_loss=3.284  train/emb_std=0.9482  train/emb_norm=12.93  train/pred_vs_static=0.2032  train/grad_norm=1.001  train/lr=4.99e-05  train/samples_per_sec=298.3
2026-10-04 13:10:04 [   9640] train/loss=0.5409  train/pred_loss=0.2439  train/sigreg_loss=3.299  train/emb_std=0.9426  train/emb_norm=12.88  train/pred_vs_static=0.1969  train/grad_norm=0.9925  train/lr=4.99e-05  train/samples_per_sec=298.3
2026-10-04 13:10:12 [   9660] train/loss=0.5394  train/pred_loss=0.2482  train/sigreg_loss=3.236  train/emb_std=0.9445  train/emb_norm=12.9  train/pred_vs_static=0.2012  train/grad_norm=1.008  train/lr=4.99e-05  train/samples_per_sec=298.3
2026-10-04 13:10:21 [   9680] train/loss=0.5348  train/pred_loss=0.2424  train/sigreg_loss=3.247  train/emb_std=0.9437  train/emb_norm=12.9  train/pred_vs_static=0.2002  train/grad_norm=0.9878  train/lr=4.99e-05  train/samples_per_sec=298.3
2026-10-04 13:10:29 [   9700] train/loss=0.5352  train/pred_loss=0.2466  train/sigreg_loss=3.21  train/emb_std=0.9477  train/emb_norm=12.92  train/pred_vs_static=0.2015  train/grad_norm=1.003  train/lr=4.99e-05  train/samples_per_sec=298.3
2026-10-04 13:10:38 [   9720] train/loss=0.5321  train/pred_loss=0.2396  train/sigreg_loss=3.246  train/emb_std=0.9459  train/emb_norm=12.92  train/pred_vs_static=0.1985  train/grad_norm=0.9966  train/lr=4.99e-05  train/samples_per_sec=298.4
2026-10-04 13:10:46 [   9740] train/loss=0.5358  train/pred_loss=0.2439  train/sigreg_loss=3.243  train/emb_std=0.95  train/emb_norm=12.94  train/pred_vs_static=0.1974  train/grad_norm=0.9872  train/lr=4.99e-05  train/samples_per_sec=298.3
2026-10-04 13:10:55 [   9760] train/loss=0.5383  train/pred_loss=0.2449  train/sigreg_loss=3.259  train/emb_std=0.9469  train/emb_norm=12.9  train/pred_vs_static=0.2009  train/grad_norm=1.053  train/lr=4.989e-05  train/samples_per_sec=298.3
2026-10-04 13:11:04 [   9780] train/loss=0.537  train/pred_loss=0.2423  train/sigreg_loss=3.274  train/emb_std=0.948  train/emb_norm=12.92  train/pred_vs_static=0.201  train/grad_norm=1.003  train/lr=4.989e-05  train/samples_per_sec=298.3
2026-10-04 13:11:12 [   9800] train/loss=0.5387  train/pred_loss=0.2452  train/sigreg_loss=3.26  train/emb_std=0.9475  train/emb_norm=12.91  train/pred_vs_static=0.1988  train/grad_norm=0.9838  train/lr=4.989e-05  train/samples_per_sec=298.3
2026-10-04 13:11:21 [   9820] train/loss=0.5384  train/pred_loss=0.2463  train/sigreg_loss=3.248  train/emb_std=0.9441  train/emb_norm=12.88  train/pred_vs_static=0.2  train/grad_norm=0.9682  train/lr=4.989e-05  train/samples_per_sec=298.3
2026-10-04 13:11:29 [   9840] train/loss=0.5388  train/pred_loss=0.2456  train/sigreg_loss=3.258  train/emb_std=0.9451  train/emb_norm=12.91  train/pred_vs_static=0.1996  train/grad_norm=1.032  train/lr=4.989e-05  train/samples_per_sec=298.3
2026-10-04 13:11:38 [   9860] train/loss=0.5413  train/pred_loss=0.2499  train/sigreg_loss=3.238  train/emb_std=0.9428  train/emb_norm=12.88  train/pred_vs_static=0.1997  train/grad_norm=1.034  train/lr=4.989e-05  train/samples_per_sec=298.3
2026-10-04 13:11:47 [   9880] train/loss=0.5401  train/pred_loss=0.2464  train/sigreg_loss=3.265  train/emb_std=0.9461  train/emb_norm=12.92  train/pred_vs_static=0.201  train/grad_norm=1.013  train/lr=4.989e-05  train/samples_per_sec=298.3
2026-10-04 13:11:55 [   9900] train/loss=0.5361  train/pred_loss=0.2444  train/sigreg_loss=3.242  train/emb_std=0.9451  train/emb_norm=12.91  train/pred_vs_static=0.1971  train/grad_norm=0.9937  train/lr=4.989e-05  train/samples_per_sec=298.3
2026-10-04 13:12:04 [   9920] train/loss=0.538  train/pred_loss=0.2425  train/sigreg_loss=3.284  train/emb_std=0.9486  train/emb_norm=12.94  train/pred_vs_static=0.1998  train/grad_norm=1.002  train/lr=4.989e-05  train/samples_per_sec=298.3
2026-10-04 13:12:12 [   9940] train/loss=0.5319  train/pred_loss=0.2382  train/sigreg_loss=3.265  train/emb_std=0.9527  train/emb_norm=12.96  train/pred_vs_static=0.1968  train/grad_norm=0.972  train/lr=4.989e-05  train/samples_per_sec=298.4
2026-10-04 13:12:21 [   9960] train/loss=0.5428  train/pred_loss=0.2473  train/sigreg_loss=3.28  train/emb_std=0.9465  train/emb_norm=12.92  train/pred_vs_static=0.2019  train/grad_norm=1.023  train/lr=4.989e-05  train/samples_per_sec=298.4
2026-10-04 13:12:29 [   9980] train/loss=0.5387  train/pred_loss=0.2438  train/sigreg_loss=3.277  train/emb_std=0.9492  train/emb_norm=12.93  train/pred_vs_static=0.1975  train/grad_norm=0.9759  train/lr=4.989e-05  train/samples_per_sec=298.5
2026-10-04 13:12:37 [  10000] train/loss=0.542  train/pred_loss=0.2427  train/sigreg_loss=3.328  train/emb_std=0.9477  train/emb_norm=12.92  train/pred_vs_static=0.2  train/grad_norm=0.9622  train/lr=4.989e-05  train/samples_per_sec=298.6
2026-10-04 13:12:37 [  10000] train_epoch/loss=0.5448  train_epoch/pred_loss=0.2453  train_epoch/sigreg_loss=3.327  train_epoch/emb_std=0.9452  train_epoch/emb_norm=12.9  train_epoch/pred_vs_static=0.2023  train_epoch/grad_norm=1.024  train_epoch/lr=4.992e-05  train_epoch/epoch=4
2026-10-04 13:12:49 [  10000] val/loss=1.618  val/pred_loss=0.2093  val/sigreg_loss=15.65  val/emb_std=0.9037  val/emb_norm=13.49  val/pred_vs_static=0.1828  val/epoch=4
2026-10-04 13:12:50 epoch   4 | val pred_vs_static 0.18281 | best 0.18281 @ epoch 4 | saved epoch_004.pt
2026-10-04 13:13:00 [  10020] train/loss=0.5289  train/pred_loss=0.238  train/sigreg_loss=3.23  train/emb_std=0.95  train/emb_norm=12.93  train/pred_vs_static=0.1971  train/grad_norm=0.972  train/lr=4.989e-05  train/samples_per_sec=239.2
2026-10-04 13:13:09 [  10040] train/loss=0.5349  train/pred_loss=0.2429  train/sigreg_loss=3.246  train/emb_std=0.9494  train/emb_norm=12.94  train/pred_vs_static=0.2012  train/grad_norm=0.9918  train/lr=4.988e-05  train/samples_per_sec=265.9
2026-10-04 13:13:17 [  10060] train/loss=0.5346  train/pred_loss=0.2439  train/sigreg_loss=3.231  train/emb_std=0.9473  train/emb_norm=12.93  train/pred_vs_static=0.1973  train/grad_norm=0.9956  train/lr=4.988e-05  train/samples_per_sec=276.1
2026-10-04 13:13:26 [  10080] train/loss=0.5366  train/pred_loss=0.2449  train/sigreg_loss=3.244  train/emb_std=0.9482  train/emb_norm=12.94  train/pred_vs_static=0.2003  train/grad_norm=1.008  train/lr=4.988e-05  train/samples_per_sec=282
2026-10-04 13:13:34 [  10100] train/loss=0.5446  train/pred_loss=0.2463  train/sigreg_loss=3.314  train/emb_std=0.9426  train/emb_norm=12.89  train/pred_vs_static=0.2034  train/grad_norm=1.05  train/lr=4.988e-05  train/samples_per_sec=285.4
2026-10-04 13:13:43 [  10120] train/loss=0.5369  train/pred_loss=0.2393  train/sigreg_loss=3.305  train/emb_std=0.9412  train/emb_norm=12.9  train/pred_vs_static=0.1982  train/grad_norm=1.014  train/lr=4.988e-05  train/samples_per_sec=287.6
2026-10-04 13:13:52 [  10140] train/loss=0.5404  train/pred_loss=0.2435  train/sigreg_loss=3.298  train/emb_std=0.9432  train/emb_norm=12.89  train/pred_vs_static=0.1999  train/grad_norm=1.021  train/lr=4.988e-05  train/samples_per_sec=289.1
2026-10-04 13:14:00 [  10160] train/loss=0.5324  train/pred_loss=0.2424  train/sigreg_loss=3.221  train/emb_std=0.9461  train/emb_norm=12.92  train/pred_vs_static=0.2028  train/grad_norm=1.025  train/lr=4.988e-05  train/samples_per_sec=290.1
2026-10-04 13:14:09 [  10180] train/loss=0.5387  train/pred_loss=0.2478  train/sigreg_loss=3.23  train/emb_std=0.9453  train/emb_norm=12.9  train/pred_vs_static=0.2052  train/grad_norm=1.015  train/lr=4.988e-05  train/samples_per_sec=290.7
2026-10-04 13:14:17 [  10200] train/loss=0.5361  train/pred_loss=0.2431  train/sigreg_loss=3.256  train/emb_std=0.94  train/emb_norm=12.87  train/pred_vs_static=0.1963  train/grad_norm=1.006  train/lr=4.988e-05  train/samples_per_sec=291.6
2026-10-04 13:14:26 [  10220] train/loss=0.534  train/pred_loss=0.243  train/sigreg_loss=3.232  train/emb_std=0.9418  train/emb_norm=12.88  train/pred_vs_static=0.1974  train/grad_norm=0.9788  train/lr=4.988e-05  train/samples_per_sec=292.4
2026-10-04 13:14:34 [  10240] train/loss=0.5322  train/pred_loss=0.2437  train/sigreg_loss=3.203  train/emb_std=0.9432  train/emb_norm=12.89  train/pred_vs_static=0.1999  train/grad_norm=0.9859  train/lr=4.988e-05  train/samples_per_sec=292.9
2026-10-04 13:14:43 [  10260] train/loss=0.5322  train/pred_loss=0.2431  train/sigreg_loss=3.211  train/emb_std=0.9443  train/emb_norm=12.9  train/pred_vs_static=0.197  train/grad_norm=0.958  train/lr=4.988e-05  train/samples_per_sec=293.5
2026-10-04 13:14:51 [  10280] train/loss=0.5427  train/pred_loss=0.2445  train/sigreg_loss=3.311  train/emb_std=0.9447  train/emb_norm=12.9  train/pred_vs_static=0.199  train/grad_norm=1.018  train/lr=4.988e-05  train/samples_per_sec=294.2
2026-10-04 13:15:00 [  10300] train/loss=0.5347  train/pred_loss=0.2461  train/sigreg_loss=3.205  train/emb_std=0.9475  train/emb_norm=12.93  train/pred_vs_static=0.1976  train/grad_norm=0.9919  train/lr=4.987e-05  train/samples_per_sec=294.7
2026-10-04 13:15:08 [  10320] train/loss=0.5272  train/pred_loss=0.2397  train/sigreg_loss=3.195  train/emb_std=0.9467  train/emb_norm=12.92  train/pred_vs_static=0.1978  train/grad_norm=0.9624  train/lr=4.987e-05  train/samples_per_sec=295.2
2026-10-04 13:15:17 [  10340] train/loss=0.5323  train/pred_loss=0.2385  train/sigreg_loss=3.263  train/emb_std=0.9479  train/emb_norm=12.94  train/pred_vs_static=0.1976  train/grad_norm=1.004  train/lr=4.987e-05  train/samples_per_sec=295.5
2026-10-04 13:15:25 [  10360] train/loss=0.5359  train/pred_loss=0.2462  train/sigreg_loss=3.22  train/emb_std=0.9496  train/emb_norm=12.95  train/pred_vs_static=0.1976  train/grad_norm=1.004  train/lr=4.987e-05  train/samples_per_sec=295.9
2026-10-04 13:15:34 [  10380] train/loss=0.533  train/pred_loss=0.2463  train/sigreg_loss=3.186  train/emb_std=0.9463  train/emb_norm=12.91  train/pred_vs_static=0.199  train/grad_norm=0.9666  train/lr=4.987e-05  train/samples_per_sec=296.1
2026-10-04 13:15:42 [  10400] train/loss=0.5379  train/pred_loss=0.2457  train/sigreg_loss=3.246  train/emb_std=0.9449  train/emb_norm=12.91  train/pred_vs_static=0.1985  train/grad_norm=0.9641  train/lr=4.987e-05  train/samples_per_sec=296.3
2026-10-04 13:15:51 [  10420] train/loss=0.5374  train/pred_loss=0.2425  train/sigreg_loss=3.278  train/emb_std=0.9473  train/emb_norm=12.93  train/pred_vs_static=0.1985  train/grad_norm=0.9806  train/lr=4.987e-05  train/samples_per_sec=296.5
2026-10-04 13:16:00 [  10440] train/loss=0.5322  train/pred_loss=0.2445  train/sigreg_loss=3.195  train/emb_std=0.9457  train/emb_norm=12.91  train/pred_vs_static=0.1989  train/grad_norm=0.9734  train/lr=4.987e-05  train/samples_per_sec=296.5
2026-10-04 13:16:08 [  10460] train/loss=0.5329  train/pred_loss=0.2422  train/sigreg_loss=3.232  train/emb_std=0.9475  train/emb_norm=12.92  train/pred_vs_static=0.1965  train/grad_norm=0.9631  train/lr=4.987e-05  train/samples_per_sec=296.6
2026-10-04 13:16:17 [  10480] train/loss=0.5389  train/pred_loss=0.2428  train/sigreg_loss=3.291  train/emb_std=0.9475  train/emb_norm=12.93  train/pred_vs_static=0.2002  train/grad_norm=1.015  train/lr=4.987e-05  train/samples_per_sec=296.7
2026-10-04 13:16:25 [  10500] train/loss=0.5341  train/pred_loss=0.2427  train/sigreg_loss=3.238  train/emb_std=0.9494  train/emb_norm=12.96  train/pred_vs_static=0.1997  train/grad_norm=0.9864  train/lr=4.987e-05  train/samples_per_sec=296.7
2026-10-04 13:16:34 [  10520] train/loss=0.5321  train/pred_loss=0.2445  train/sigreg_loss=3.195  train/emb_std=0.9449  train/emb_norm=12.93  train/pred_vs_static=0.1997  train/grad_norm=0.9684  train/lr=4.987e-05  train/samples_per_sec=296.9
2026-10-04 13:16:42 [  10540] train/loss=0.5337  train/pred_loss=0.2456  train/sigreg_loss=3.204  train/emb_std=0.9457  train/emb_norm=12.93  train/pred_vs_static=0.2024  train/grad_norm=0.9732  train/lr=4.986e-05  train/samples_per_sec=297
2026-10-04 13:16:51 [  10560] train/loss=0.5347  train/pred_loss=0.2477  train/sigreg_loss=3.188  train/emb_std=0.9457  train/emb_norm=12.92  train/pred_vs_static=0.1984  train/grad_norm=0.9741  train/lr=4.986e-05  train/samples_per_sec=297.1
2026-10-04 13:16:59 [  10580] train/loss=0.5303  train/pred_loss=0.24  train/sigreg_loss=3.224  train/emb_std=0.9455  train/emb_norm=12.91  train/pred_vs_static=0.1969  train/grad_norm=0.9967  train/lr=4.986e-05  train/samples_per_sec=297.3
2026-10-04 13:17:08 [  10600] train/loss=0.5354  train/pred_loss=0.2435  train/sigreg_loss=3.246  train/emb_std=0.9436  train/emb_norm=12.91  train/pred_vs_static=0.1991  train/grad_norm=0.9886  train/lr=4.986e-05  train/samples_per_sec=297.3
2026-10-04 13:17:17 [  10620] train/loss=0.5264  train/pred_loss=0.2411  train/sigreg_loss=3.169  train/emb_std=0.9459  train/emb_norm=12.91  train/pred_vs_static=0.1988  train/grad_norm=0.9787  train/lr=4.986e-05  train/samples_per_sec=297.3
2026-10-04 13:17:25 [  10640] train/loss=0.5247  train/pred_loss=0.2392  train/sigreg_loss=3.173  train/emb_std=0.9506  train/emb_norm=12.97  train/pred_vs_static=0.1986  train/grad_norm=0.9445  train/lr=4.986e-05  train/samples_per_sec=297.4
2026-10-04 13:17:34 [  10660] train/loss=0.5275  train/pred_loss=0.2394  train/sigreg_loss=3.203  train/emb_std=0.9471  train/emb_norm=12.94  train/pred_vs_static=0.1963  train/grad_norm=0.9628  train/lr=4.986e-05  train/samples_per_sec=297.5
2026-10-04 13:17:42 [  10680] train/loss=0.5381  train/pred_loss=0.2469  train/sigreg_loss=3.235  train/emb_std=0.9443  train/emb_norm=12.91  train/pred_vs_static=0.199  train/grad_norm=0.992  train/lr=4.986e-05  train/samples_per_sec=297.7
2026-10-04 13:17:50 [  10700] train/loss=0.5299  train/pred_loss=0.2425  train/sigreg_loss=3.195  train/emb_std=0.9453  train/emb_norm=12.93  train/pred_vs_static=0.1979  train/grad_norm=0.9665  train/lr=4.986e-05  train/samples_per_sec=297.8
2026-10-04 13:17:59 [  10720] train/loss=0.5293  train/pred_loss=0.2405  train/sigreg_loss=3.212  train/emb_std=0.9434  train/emb_norm=12.89  train/pred_vs_static=0.1981  train/grad_norm=0.9824  train/lr=4.986e-05  train/samples_per_sec=297.8
2026-10-04 13:18:08 [  10740] train/loss=0.5229  train/pred_loss=0.2398  train/sigreg_loss=3.147  train/emb_std=0.9467  train/emb_norm=12.92  train/pred_vs_static=0.1937  train/grad_norm=0.9478  train/lr=4.986e-05  train/samples_per_sec=297.8
2026-10-04 13:18:16 [  10760] train/loss=0.5327  train/pred_loss=0.2404  train/sigreg_loss=3.248  train/emb_std=0.9473  train/emb_norm=12.92  train/pred_vs_static=0.1993  train/grad_norm=0.9982  train/lr=4.986e-05  train/samples_per_sec=297.9
2026-10-04 13:18:25 [  10780] train/loss=0.5231  train/pred_loss=0.2384  train/sigreg_loss=3.164  train/emb_std=0.9525  train/emb_norm=12.97  train/pred_vs_static=0.1974  train/grad_norm=0.9251  train/lr=4.985e-05  train/samples_per_sec=298
2026-10-04 13:18:33 [  10800] train/loss=0.5347  train/pred_loss=0.2441  train/sigreg_loss=3.228  train/emb_std=0.9465  train/emb_norm=12.92  train/pred_vs_static=0.1993  train/grad_norm=0.9862  train/lr=4.985e-05  train/samples_per_sec=298.1
2026-10-04 13:18:42 [  10820] train/loss=0.5293  train/pred_loss=0.2412  train/sigreg_loss=3.201  train/emb_std=0.9443  train/emb_norm=12.9  train/pred_vs_static=0.1979  train/grad_norm=0.9878  train/lr=4.985e-05  train/samples_per_sec=298.1
2026-10-04 13:18:50 [  10840] train/loss=0.5274  train/pred_loss=0.2423  train/sigreg_loss=3.17  train/emb_std=0.9486  train/emb_norm=12.96  train/pred_vs_static=0.1995  train/grad_norm=0.9781  train/lr=4.985e-05  train/samples_per_sec=298.2
2026-10-04 13:18:59 [  10860] train/loss=0.534  train/pred_loss=0.2422  train/sigreg_loss=3.242  train/emb_std=0.9428  train/emb_norm=12.88  train/pred_vs_static=0.199  train/grad_norm=0.9481  train/lr=4.985e-05  train/samples_per_sec=298.2
2026-10-04 13:19:07 [  10880] train/loss=0.533  train/pred_loss=0.2458  train/sigreg_loss=3.193  train/emb_std=0.9465  train/emb_norm=12.92  train/pred_vs_static=0.199  train/grad_norm=0.9931  train/lr=4.985e-05  train/samples_per_sec=298.2
2026-10-04 13:19:16 [  10900] train/loss=0.5363  train/pred_loss=0.2477  train/sigreg_loss=3.207  train/emb_std=0.9434  train/emb_norm=12.9  train/pred_vs_static=0.1997  train/grad_norm=1.023  train/lr=4.985e-05  train/samples_per_sec=298.3
2026-10-04 13:19:24 [  10920] train/loss=0.5332  train/pred_loss=0.2476  train/sigreg_loss=3.172  train/emb_std=0.9463  train/emb_norm=12.91  train/pred_vs_static=0.2006  train/grad_norm=1.002  train/lr=4.985e-05  train/samples_per_sec=298.4
2026-10-04 13:19:33 [  10940] train/loss=0.5275  train/pred_loss=0.2401  train/sigreg_loss=3.193  train/emb_std=0.9467  train/emb_norm=12.92  train/pred_vs_static=0.1992  train/grad_norm=1.013  train/lr=4.985e-05  train/samples_per_sec=298.5
2026-10-04 13:19:41 [  10960] train/loss=0.5347  train/pred_loss=0.2431  train/sigreg_loss=3.243  train/emb_std=0.9451  train/emb_norm=12.91  train/pred_vs_static=0.1986  train/grad_norm=1.039  train/lr=4.985e-05  train/samples_per_sec=298.5
2026-10-04 13:19:50 [  10980] train/loss=0.5312  train/pred_loss=0.2437  train/sigreg_loss=3.195  train/emb_std=0.9479  train/emb_norm=12.92  train/pred_vs_static=0.1984  train/grad_norm=1.003  train/lr=4.985e-05  train/samples_per_sec=298.6
2026-10-04 13:19:58 [  11000] train/loss=0.5281  train/pred_loss=0.2431  train/sigreg_loss=3.168  train/emb_std=0.9475  train/emb_norm=12.91  train/pred_vs_static=0.1978  train/grad_norm=0.9645  train/lr=4.984e-05  train/samples_per_sec=298.6
2026-10-04 13:20:07 [  11020] train/loss=0.535  train/pred_loss=0.2442  train/sigreg_loss=3.23  train/emb_std=0.9518  train/emb_norm=12.97  train/pred_vs_static=0.1981  train/grad_norm=1.002  train/lr=4.984e-05  train/samples_per_sec=298.7
2026-10-04 13:20:15 [  11040] train/loss=0.5345  train/pred_loss=0.2406  train/sigreg_loss=3.264  train/emb_std=0.9451  train/emb_norm=12.91  train/pred_vs_static=0.198  train/grad_norm=0.962  train/lr=4.984e-05  train/samples_per_sec=298.7
2026-10-04 13:20:24 [  11060] train/loss=0.5298  train/pred_loss=0.2412  train/sigreg_loss=3.209  train/emb_std=0.9459  train/emb_norm=12.93  train/pred_vs_static=0.1958  train/grad_norm=0.9747  train/lr=4.984e-05  train/samples_per_sec=298.8
2026-10-04 13:20:32 [  11080] train/loss=0.525  train/pred_loss=0.2411  train/sigreg_loss=3.154  train/emb_std=0.95  train/emb_norm=12.95  train/pred_vs_static=0.1957  train/grad_norm=0.9525  train/lr=4.984e-05  train/samples_per_sec=298.8
2026-10-04 13:20:41 [  11100] train/loss=0.527  train/pred_loss=0.2412  train/sigreg_loss=3.176  train/emb_std=0.9531  train/emb_norm=12.97  train/pred_vs_static=0.198  train/grad_norm=0.9349  train/lr=4.984e-05  train/samples_per_sec=298.9
2026-10-04 13:20:49 [  11120] train/loss=0.5273  train/pred_loss=0.2381  train/sigreg_loss=3.214  train/emb_std=0.9479  train/emb_norm=12.93  train/pred_vs_static=0.195  train/grad_norm=0.9361  train/lr=4.984e-05  train/samples_per_sec=298.9
2026-10-04 13:20:58 [  11140] train/loss=0.5291  train/pred_loss=0.2406  train/sigreg_loss=3.204  train/emb_std=0.9479  train/emb_norm=12.94  train/pred_vs_static=0.1961  train/grad_norm=0.9845  train/lr=4.984e-05  train/samples_per_sec=298.9
2026-10-04 13:21:06 [  11160] train/loss=0.5275  train/pred_loss=0.2394  train/sigreg_loss=3.2  train/emb_std=0.951  train/emb_norm=12.94  train/pred_vs_static=0.1939  train/grad_norm=0.9293  train/lr=4.984e-05  train/samples_per_sec=299
2026-10-04 13:21:15 [  11180] train/loss=0.5306  train/pred_loss=0.2409  train/sigreg_loss=3.217  train/emb_std=0.9486  train/emb_norm=12.95  train/pred_vs_static=0.1968  train/grad_norm=0.9633  train/lr=4.984e-05  train/samples_per_sec=298.9
2026-10-04 13:21:23 [  11200] train/loss=0.5295  train/pred_loss=0.2427  train/sigreg_loss=3.184  train/emb_std=0.9504  train/emb_norm=12.96  train/pred_vs_static=0.1954  train/grad_norm=0.9339  train/lr=4.984e-05  train/samples_per_sec=299
2026-10-04 13:21:32 [  11220] train/loss=0.5288  train/pred_loss=0.2462  train/sigreg_loss=3.14  train/emb_std=0.9463  train/emb_norm=12.92  train/pred_vs_static=0.196  train/grad_norm=0.9362  train/lr=4.983e-05  train/samples_per_sec=299
2026-10-04 13:21:40 [  11240] train/loss=0.5279  train/pred_loss=0.2427  train/sigreg_loss=3.167  train/emb_std=0.9498  train/emb_norm=12.96  train/pred_vs_static=0.1977  train/grad_norm=0.9672  train/lr=4.983e-05  train/samples_per_sec=299.1
2026-10-04 13:21:49 [  11260] train/loss=0.5248  train/pred_loss=0.2419  train/sigreg_loss=3.143  train/emb_std=0.9516  train/emb_norm=12.96  train/pred_vs_static=0.1968  train/grad_norm=0.9269  train/lr=4.983e-05  train/samples_per_sec=299.1
2026-10-04 13:21:57 [  11280] train/loss=0.5254  train/pred_loss=0.2415  train/sigreg_loss=3.152  train/emb_std=0.9492  train/emb_norm=12.93  train/pred_vs_static=0.1983  train/grad_norm=0.9674  train/lr=4.983e-05  train/samples_per_sec=299.1
2026-10-04 13:22:06 [  11300] train/loss=0.5275  train/pred_loss=0.2422  train/sigreg_loss=3.169  train/emb_std=0.9508  train/emb_norm=12.96  train/pred_vs_static=0.198  train/grad_norm=0.9652  train/lr=4.983e-05  train/samples_per_sec=299.1
2026-10-04 13:22:15 [  11320] train/loss=0.5288  train/pred_loss=0.2403  train/sigreg_loss=3.208  train/emb_std=0.9441  train/emb_norm=12.9  train/pred_vs_static=0.1959  train/grad_norm=0.9913  train/lr=4.983e-05  train/samples_per_sec=299
2026-10-04 13:22:23 [  11340] train/loss=0.5327  train/pred_loss=0.2444  train/sigreg_loss=3.202  train/emb_std=0.9459  train/emb_norm=12.92  train/pred_vs_static=0.195  train/grad_norm=0.9906  train/lr=4.983e-05  train/samples_per_sec=299
2026-10-04 13:22:32 [  11360] train/loss=0.5274  train/pred_loss=0.2409  train/sigreg_loss=3.183  train/emb_std=0.951  train/emb_norm=12.95  train/pred_vs_static=0.1967  train/grad_norm=0.9487  train/lr=4.983e-05  train/samples_per_sec=299
2026-10-04 13:22:40 [  11380] train/loss=0.5222  train/pred_loss=0.239  train/sigreg_loss=3.148  train/emb_std=0.95  train/emb_norm=12.96  train/pred_vs_static=0.1969  train/grad_norm=0.9354  train/lr=4.983e-05  train/samples_per_sec=299.1
2026-10-04 13:22:49 [  11400] train/loss=0.5277  train/pred_loss=0.2369  train/sigreg_loss=3.23  train/emb_std=0.9502  train/emb_norm=12.96  train/pred_vs_static=0.1954  train/grad_norm=0.9306  train/lr=4.983e-05  train/samples_per_sec=299.1
2026-10-04 13:22:57 [  11420] train/loss=0.5243  train/pred_loss=0.2416  train/sigreg_loss=3.142  train/emb_std=0.949  train/emb_norm=12.94  train/pred_vs_static=0.1965  train/grad_norm=0.911  train/lr=4.983e-05  train/samples_per_sec=299.2
2026-10-04 13:23:06 [  11440] train/loss=0.5366  train/pred_loss=0.244  train/sigreg_loss=3.248  train/emb_std=0.9449  train/emb_norm=12.91  train/pred_vs_static=0.1956  train/grad_norm=0.974  train/lr=4.982e-05  train/samples_per_sec=299.1
2026-10-04 13:23:14 [  11460] train/loss=0.5274  train/pred_loss=0.2449  train/sigreg_loss=3.139  train/emb_std=0.9445  train/emb_norm=12.9  train/pred_vs_static=0.198  train/grad_norm=0.9305  train/lr=4.982e-05  train/samples_per_sec=299.1
2026-10-04 13:23:23 [  11480] train/loss=0.5248  train/pred_loss=0.2386  train/sigreg_loss=3.181  train/emb_std=0.9459  train/emb_norm=12.91  train/pred_vs_static=0.1927  train/grad_norm=0.9517  train/lr=4.982e-05  train/samples_per_sec=299.2
2026-10-04 13:23:31 [  11500] train/loss=0.5244  train/pred_loss=0.2436  train/sigreg_loss=3.121  train/emb_std=0.9521  train/emb_norm=12.98  train/pred_vs_static=0.1955  train/grad_norm=0.9793  train/lr=4.982e-05  train/samples_per_sec=299.2
2026-10-04 13:23:40 [  11520] train/loss=0.5281  train/pred_loss=0.2425  train/sigreg_loss=3.173  train/emb_std=0.9502  train/emb_norm=12.95  train/pred_vs_static=0.1973  train/grad_norm=0.9651  train/lr=4.982e-05  train/samples_per_sec=299.2
2026-10-04 13:23:48 [  11540] train/loss=0.5291  train/pred_loss=0.2439  train/sigreg_loss=3.168  train/emb_std=0.9443  train/emb_norm=12.9  train/pred_vs_static=0.1986  train/grad_norm=0.9392  train/lr=4.982e-05  train/samples_per_sec=299.3
2026-10-04 13:23:57 [  11560] train/loss=0.5255  train/pred_loss=0.2396  train/sigreg_loss=3.177  train/emb_std=0.9447  train/emb_norm=12.91  train/pred_vs_static=0.1955  train/grad_norm=0.9374  train/lr=4.982e-05  train/samples_per_sec=299.3
2026-10-04 13:24:05 [  11580] train/loss=0.528  train/pred_loss=0.2387  train/sigreg_loss=3.213  train/emb_std=0.9484  train/emb_norm=12.93  train/pred_vs_static=0.1972  train/grad_norm=0.9316  train/lr=4.982e-05  train/samples_per_sec=299.3
2026-10-04 13:24:14 [  11600] train/loss=0.5286  train/pred_loss=0.244  train/sigreg_loss=3.16  train/emb_std=0.9477  train/emb_norm=12.92  train/pred_vs_static=0.1977  train/grad_norm=0.961  train/lr=4.982e-05  train/samples_per_sec=299.3
2026-10-04 13:24:22 [  11620] train/loss=0.5309  train/pred_loss=0.2435  train/sigreg_loss=3.192  train/emb_std=0.9512  train/emb_norm=12.96  train/pred_vs_static=0.196  train/grad_norm=0.9939  train/lr=4.982e-05  train/samples_per_sec=299.4
2026-10-04 13:24:31 [  11640] train/loss=0.5294  train/pred_loss=0.2413  train/sigreg_loss=3.202  train/emb_std=0.9473  train/emb_norm=12.92  train/pred_vs_static=0.1976  train/grad_norm=0.9739  train/lr=4.982e-05  train/samples_per_sec=299.4
2026-10-04 13:24:39 [  11660] train/loss=0.5384  train/pred_loss=0.2475  train/sigreg_loss=3.233  train/emb_std=0.9428  train/emb_norm=12.89  train/pred_vs_static=0.1964  train/grad_norm=0.9794  train/lr=4.981e-05  train/samples_per_sec=299.4
2026-10-04 13:24:48 [  11680] train/loss=0.5226  train/pred_loss=0.2416  train/sigreg_loss=3.127  train/emb_std=0.9486  train/emb_norm=12.94  train/pred_vs_static=0.1946  train/grad_norm=0.9359  train/lr=4.981e-05  train/samples_per_sec=299.5
2026-10-04 13:24:56 [  11700] train/loss=0.5211  train/pred_loss=0.235  train/sigreg_loss=3.179  train/emb_std=0.9488  train/emb_norm=12.96  train/pred_vs_static=0.196  train/grad_norm=0.9128  train/lr=4.981e-05  train/samples_per_sec=299.5
2026-10-04 13:25:04 [  11720] train/loss=0.5227  train/pred_loss=0.2396  train/sigreg_loss=3.145  train/emb_std=0.9494  train/emb_norm=12.94  train/pred_vs_static=0.1974  train/grad_norm=0.9318  train/lr=4.981e-05  train/samples_per_sec=299.6
2026-10-04 13:25:13 [  11740] train/loss=0.5255  train/pred_loss=0.2419  train/sigreg_loss=3.152  train/emb_std=0.9477  train/emb_norm=12.94  train/pred_vs_static=0.1956  train/grad_norm=0.9561  train/lr=4.981e-05  train/samples_per_sec=299.6
2026-10-04 13:25:21 [  11760] train/loss=0.5293  train/pred_loss=0.2404  train/sigreg_loss=3.212  train/emb_std=0.9467  train/emb_norm=12.94  train/pred_vs_static=0.1957  train/grad_norm=0.9472  train/lr=4.981e-05  train/samples_per_sec=299.7
2026-10-04 13:25:30 [  11780] train/loss=0.5197  train/pred_loss=0.2394  train/sigreg_loss=3.113  train/emb_std=0.9504  train/emb_norm=12.96  train/pred_vs_static=0.1941  train/grad_norm=0.938  train/lr=4.981e-05  train/samples_per_sec=299.8
2026-10-04 13:25:38 [  11800] train/loss=0.5288  train/pred_loss=0.2427  train/sigreg_loss=3.179  train/emb_std=0.9475  train/emb_norm=12.94  train/pred_vs_static=0.1969  train/grad_norm=0.9339  train/lr=4.981e-05  train/samples_per_sec=299.8
2026-10-04 13:25:47 [  11820] train/loss=0.5278  train/pred_loss=0.2411  train/sigreg_loss=3.185  train/emb_std=0.9453  train/emb_norm=12.91  train/pred_vs_static=0.196  train/grad_norm=0.9847  train/lr=4.981e-05  train/samples_per_sec=299.8
2026-10-04 13:25:55 [  11840] train/loss=0.5205  train/pred_loss=0.2362  train/sigreg_loss=3.162  train/emb_std=0.9506  train/emb_norm=12.95  train/pred_vs_static=0.1951  train/grad_norm=0.9668  train/lr=4.981e-05  train/samples_per_sec=299.9
2026-10-04 13:26:03 [  11860] train/loss=0.5268  train/pred_loss=0.2425  train/sigreg_loss=3.159  train/emb_std=0.9479  train/emb_norm=12.92  train/pred_vs_static=0.1951  train/grad_norm=0.9366  train/lr=4.98e-05  train/samples_per_sec=300
2026-10-04 13:26:12 [  11880] train/loss=0.5222  train/pred_loss=0.2383  train/sigreg_loss=3.154  train/emb_std=0.9512  train/emb_norm=12.95  train/pred_vs_static=0.1941  train/grad_norm=0.9108  train/lr=4.98e-05  train/samples_per_sec=300
2026-10-04 13:26:20 [  11900] train/loss=0.528  train/pred_loss=0.2431  train/sigreg_loss=3.166  train/emb_std=0.9492  train/emb_norm=12.94  train/pred_vs_static=0.1948  train/grad_norm=0.9329  train/lr=4.98e-05  train/samples_per_sec=300
2026-10-04 13:26:29 [  11920] train/loss=0.5258  train/pred_loss=0.2436  train/sigreg_loss=3.136  train/emb_std=0.9463  train/emb_norm=12.92  train/pred_vs_static=0.1948  train/grad_norm=0.9531  train/lr=4.98e-05  train/samples_per_sec=300.1
2026-10-04 13:26:37 [  11940] train/loss=0.5205  train/pred_loss=0.236  train/sigreg_loss=3.163  train/emb_std=0.9482  train/emb_norm=12.94  train/pred_vs_static=0.1941  train/grad_norm=0.922  train/lr=4.98e-05  train/samples_per_sec=300.1
2026-10-04 13:26:45 [  11960] train/loss=0.5278  train/pred_loss=0.2404  train/sigreg_loss=3.193  train/emb_std=0.9477  train/emb_norm=12.93  train/pred_vs_static=0.1956  train/grad_norm=0.9782  train/lr=4.98e-05  train/samples_per_sec=300.1
2026-10-04 13:26:54 [  11980] train/loss=0.5239  train/pred_loss=0.2388  train/sigreg_loss=3.168  train/emb_std=0.9469  train/emb_norm=12.94  train/pred_vs_static=0.195  train/grad_norm=0.9769  train/lr=4.98e-05  train/samples_per_sec=300.2
2026-10-04 13:27:02 [  12000] train/loss=0.5185  train/pred_loss=0.2391  train/sigreg_loss=3.104  train/emb_std=0.9457  train/emb_norm=12.91  train/pred_vs_static=0.1922  train/grad_norm=0.9439  train/lr=4.98e-05  train/samples_per_sec=300.3
2026-10-04 13:27:02 [  12000] train_epoch/loss=0.5301  train_epoch/pred_loss=0.2421  train_epoch/sigreg_loss=3.199  train_epoch/emb_std=0.9471  train_epoch/emb_norm=12.93  train_epoch/pred_vs_static=0.1974  train_epoch/grad_norm=0.9701  train_epoch/lr=4.984e-05  train_epoch/epoch=5
2026-10-04 13:27:14 [  12000] val/loss=1.558  val/pred_loss=0.2173  val/sigreg_loss=14.9  val/emb_std=0.91  val/emb_norm=13.55  val/pred_vs_static=0.1835  val/epoch=5
2026-10-04 13:27:14 epoch   5 | val pred_vs_static 0.18349 | best 0.18281 @ epoch 4 | saved epoch_005.pt
2026-10-04 13:27:25 [  12020] train/loss=0.525  train/pred_loss=0.2377  train/sigreg_loss=3.192  train/emb_std=0.9488  train/emb_norm=12.96  train/pred_vs_static=0.195  train/grad_norm=0.9639  train/lr=4.98e-05  train/samples_per_sec=221.7
2026-10-04 13:27:34 [  12040] train/loss=0.5303  train/pred_loss=0.2434  train/sigreg_loss=3.188  train/emb_std=0.9441  train/emb_norm=12.92  train/pred_vs_static=0.1952  train/grad_norm=0.9528  train/lr=4.98e-05  train/samples_per_sec=256.6
2026-10-04 13:27:42 [  12060] train/loss=0.5194  train/pred_loss=0.2391  train/sigreg_loss=3.115  train/emb_std=0.948  train/emb_norm=12.93  train/pred_vs_static=0.197  train/grad_norm=0.9548  train/lr=4.979e-05  train/samples_per_sec=270.8
2026-10-04 13:27:51 [  12080] train/loss=0.5356  train/pred_loss=0.2434  train/sigreg_loss=3.246  train/emb_std=0.948  train/emb_norm=12.93  train/pred_vs_static=0.1959  train/grad_norm=0.9498  train/lr=4.979e-05  train/samples_per_sec=278.2
2026-10-04 13:27:59 [  12100] train/loss=0.5214  train/pred_loss=0.2401  train/sigreg_loss=3.127  train/emb_std=0.9486  train/emb_norm=12.94  train/pred_vs_static=0.1958  train/grad_norm=0.9391  train/lr=4.979e-05  train/samples_per_sec=283.3
2026-10-04 13:28:07 [  12120] train/loss=0.526  train/pred_loss=0.2418  train/sigreg_loss=3.159  train/emb_std=0.95  train/emb_norm=12.96  train/pred_vs_static=0.194  train/grad_norm=0.9661  train/lr=4.979e-05  train/samples_per_sec=286.5
2026-10-04 13:28:16 [  12140] train/loss=0.5191  train/pred_loss=0.2412  train/sigreg_loss=3.09  train/emb_std=0.9533  train/emb_norm=12.97  train/pred_vs_static=0.1959  train/grad_norm=0.9309  train/lr=4.979e-05  train/samples_per_sec=288.8
2026-10-04 13:28:24 [  12160] train/loss=0.5229  train/pred_loss=0.2398  train/sigreg_loss=3.145  train/emb_std=0.9498  train/emb_norm=12.94  train/pred_vs_static=0.1947  train/grad_norm=0.922  train/lr=4.979e-05  train/samples_per_sec=290.5
2026-10-04 13:28:33 [  12180] train/loss=0.5175  train/pred_loss=0.2384  train/sigreg_loss=3.1  train/emb_std=0.9502  train/emb_norm=12.96  train/pred_vs_static=0.1974  train/grad_norm=0.9006  train/lr=4.979e-05  train/samples_per_sec=291.8
2026-10-04 13:28:41 [  12200] train/loss=0.5236  train/pred_loss=0.2413  train/sigreg_loss=3.138  train/emb_std=0.9494  train/emb_norm=12.94  train/pred_vs_static=0.1965  train/grad_norm=0.9681  train/lr=4.979e-05  train/samples_per_sec=293
2026-10-04 13:28:50 [  12220] train/loss=0.5212  train/pred_loss=0.2398  train/sigreg_loss=3.127  train/emb_std=0.9492  train/emb_norm=12.95  train/pred_vs_static=0.1941  train/grad_norm=0.9227  train/lr=4.979e-05  train/samples_per_sec=293.8
2026-10-04 13:28:58 [  12240] train/loss=0.5284  train/pred_loss=0.2418  train/sigreg_loss=3.184  train/emb_std=0.9494  train/emb_norm=12.96  train/pred_vs_static=0.1965  train/grad_norm=0.9522  train/lr=4.978e-05  train/samples_per_sec=294.5
2026-10-04 13:29:07 [  12260] train/loss=0.5203  train/pred_loss=0.2406  train/sigreg_loss=3.113  train/emb_std=0.9473  train/emb_norm=12.93  train/pred_vs_static=0.1954  train/grad_norm=0.9161  train/lr=4.978e-05  train/samples_per_sec=294.7
2026-10-04 13:29:15 [  12280] train/loss=0.5284  train/pred_loss=0.2422  train/sigreg_loss=3.179  train/emb_std=0.9453  train/emb_norm=12.92  train/pred_vs_static=0.1941  train/grad_norm=0.9245  train/lr=4.978e-05  train/samples_per_sec=295.3
2026-10-04 13:29:24 [  12300] train/loss=0.5283  train/pred_loss=0.2417  train/sigreg_loss=3.184  train/emb_std=0.9461  train/emb_norm=12.93  train/pred_vs_static=0.1951  train/grad_norm=0.9677  train/lr=4.978e-05  train/samples_per_sec=295.6
2026-10-04 13:29:32 [  12320] train/loss=0.514  train/pred_loss=0.2344  train/sigreg_loss=3.105  train/emb_std=0.9479  train/emb_norm=12.96  train/pred_vs_static=0.1928  train/grad_norm=0.8944  train/lr=4.978e-05  train/samples_per_sec=295.7
2026-10-04 13:29:41 [  12340] train/loss=0.5191  train/pred_loss=0.2377  train/sigreg_loss=3.125  train/emb_std=0.9496  train/emb_norm=12.95  train/pred_vs_static=0.1921  train/grad_norm=0.9136  train/lr=4.978e-05  train/samples_per_sec=296
2026-10-04 13:29:49 [  12360] train/loss=0.5269  train/pred_loss=0.2409  train/sigreg_loss=3.178  train/emb_std=0.9504  train/emb_norm=12.95  train/pred_vs_static=0.1924  train/grad_norm=0.9244  train/lr=4.978e-05  train/samples_per_sec=296.3
2026-10-04 13:29:58 [  12380] train/loss=0.5258  train/pred_loss=0.2433  train/sigreg_loss=3.139  train/emb_std=0.9514  train/emb_norm=12.97  train/pred_vs_static=0.1951  train/grad_norm=0.932  train/lr=4.978e-05  train/samples_per_sec=296.5
2026-10-04 13:30:06 [  12400] train/loss=0.522  train/pred_loss=0.2386  train/sigreg_loss=3.148  train/emb_std=0.9486  train/emb_norm=12.95  train/pred_vs_static=0.1954  train/grad_norm=0.9503  train/lr=4.978e-05  train/samples_per_sec=296.6
2026-10-04 13:30:15 [  12420] train/loss=0.5197  train/pred_loss=0.2412  train/sigreg_loss=3.095  train/emb_std=0.9459  train/emb_norm=12.93  train/pred_vs_static=0.1922  train/grad_norm=0.9176  train/lr=4.978e-05  train/samples_per_sec=296.7
2026-10-04 13:30:24 [  12440] train/loss=0.5229  train/pred_loss=0.2387  train/sigreg_loss=3.158  train/emb_std=0.9498  train/emb_norm=12.96  train/pred_vs_static=0.1945  train/grad_norm=0.9277  train/lr=4.977e-05  train/samples_per_sec=296.9
2026-10-04 13:30:32 [  12460] train/loss=0.5237  train/pred_loss=0.2413  train/sigreg_loss=3.139  train/emb_std=0.9482  train/emb_norm=12.94  train/pred_vs_static=0.1948  train/grad_norm=0.9565  train/lr=4.977e-05  train/samples_per_sec=297.1
2026-10-04 13:30:41 [  12480] train/loss=0.517  train/pred_loss=0.2396  train/sigreg_loss=3.083  train/emb_std=0.9492  train/emb_norm=12.95  train/pred_vs_static=0.1951  train/grad_norm=0.9403  train/lr=4.977e-05  train/samples_per_sec=297.3
2026-10-04 13:30:49 [  12500] train/loss=0.5302  train/pred_loss=0.2416  train/sigreg_loss=3.208  train/emb_std=0.9453  train/emb_norm=12.92  train/pred_vs_static=0.1931  train/grad_norm=0.9349  train/lr=4.977e-05  train/samples_per_sec=297.4
2026-10-04 13:30:58 [  12520] train/loss=0.5139  train/pred_loss=0.2363  train/sigreg_loss=3.084  train/emb_std=0.9496  train/emb_norm=12.94  train/pred_vs_static=0.1943  train/grad_norm=0.9264  train/lr=4.977e-05  train/samples_per_sec=297.4
2026-10-04 13:31:06 [  12540] train/loss=0.5149  train/pred_loss=0.236  train/sigreg_loss=3.098  train/emb_std=0.948  train/emb_norm=12.93  train/pred_vs_static=0.1943  train/grad_norm=0.9223  train/lr=4.977e-05  train/samples_per_sec=297.5
2026-10-04 13:31:15 [  12560] train/loss=0.5209  train/pred_loss=0.2384  train/sigreg_loss=3.137  train/emb_std=0.9514  train/emb_norm=12.96  train/pred_vs_static=0.1938  train/grad_norm=0.9447  train/lr=4.977e-05  train/samples_per_sec=297.7
2026-10-04 13:31:23 [  12580] train/loss=0.5248  train/pred_loss=0.2385  train/sigreg_loss=3.18  train/emb_std=0.9461  train/emb_norm=12.92  train/pred_vs_static=0.1932  train/grad_norm=0.9675  train/lr=4.977e-05  train/samples_per_sec=297.7
2026-10-04 13:31:32 [  12600] train/loss=0.5209  train/pred_loss=0.2368  train/sigreg_loss=3.158  train/emb_std=0.9473  train/emb_norm=12.93  train/pred_vs_static=0.1939  train/grad_norm=0.9269  train/lr=4.977e-05  train/samples_per_sec=297.8
2026-10-04 13:31:40 [  12620] train/loss=0.5163  train/pred_loss=0.238  train/sigreg_loss=3.094  train/emb_std=0.9473  train/emb_norm=12.93  train/pred_vs_static=0.1942  train/grad_norm=0.9453  train/lr=4.976e-05  train/samples_per_sec=297.9
2026-10-04 13:31:49 [  12640] train/loss=0.5209  train/pred_loss=0.2405  train/sigreg_loss=3.116  train/emb_std=0.9484  train/emb_norm=12.94  train/pred_vs_static=0.1922  train/grad_norm=0.9109  train/lr=4.976e-05  train/samples_per_sec=298
2026-10-04 13:31:57 [  12660] train/loss=0.5199  train/pred_loss=0.2382  train/sigreg_loss=3.13  train/emb_std=0.9471  train/emb_norm=12.93  train/pred_vs_static=0.1937  train/grad_norm=0.9112  train/lr=4.976e-05  train/samples_per_sec=298
2026-10-04 13:32:06 [  12680] train/loss=0.5183  train/pred_loss=0.2375  train/sigreg_loss=3.118  train/emb_std=0.95  train/emb_norm=12.96  train/pred_vs_static=0.194  train/grad_norm=0.917  train/lr=4.976e-05  train/samples_per_sec=298
2026-10-04 13:32:14 [  12700] train/loss=0.5222  train/pred_loss=0.2385  train/sigreg_loss=3.152  train/emb_std=0.9488  train/emb_norm=12.94  train/pred_vs_static=0.1909  train/grad_norm=0.8961  train/lr=4.976e-05  train/samples_per_sec=298.1
2026-10-04 13:32:23 [  12720] train/loss=0.5191  train/pred_loss=0.2397  train/sigreg_loss=3.105  train/emb_std=0.9492  train/emb_norm=12.93  train/pred_vs_static=0.1944  train/grad_norm=0.8869  train/lr=4.976e-05  train/samples_per_sec=298.1
2026-10-04 13:32:32 [  12740] train/loss=0.5189  train/pred_loss=0.2377  train/sigreg_loss=3.121  train/emb_std=0.9506  train/emb_norm=12.96  train/pred_vs_static=0.1944  train/grad_norm=0.9253  train/lr=4.976e-05  train/samples_per_sec=298.1
2026-10-04 13:32:40 [  12760] train/loss=0.5263  train/pred_loss=0.2418  train/sigreg_loss=3.16  train/emb_std=0.9467  train/emb_norm=12.91  train/pred_vs_static=0.1944  train/grad_norm=0.9474  train/lr=4.976e-05  train/samples_per_sec=298.1
2026-10-04 13:32:49 [  12780] train/loss=0.5201  train/pred_loss=0.2411  train/sigreg_loss=3.098  train/emb_std=0.952  train/emb_norm=12.96  train/pred_vs_static=0.1935  train/grad_norm=0.9357  train/lr=4.976e-05  train/samples_per_sec=298.2
2026-10-04 13:32:57 [  12800] train/loss=0.5198  train/pred_loss=0.2407  train/sigreg_loss=3.1  train/emb_std=0.9529  train/emb_norm=12.99  train/pred_vs_static=0.1942  train/grad_norm=0.9029  train/lr=4.975e-05  train/samples_per_sec=298.2
2026-10-04 13:33:06 [  12820] train/loss=0.5221  train/pred_loss=0.2397  train/sigreg_loss=3.138  train/emb_std=0.9508  train/emb_norm=12.96  train/pred_vs_static=0.1927  train/grad_norm=0.9212  train/lr=4.975e-05  train/samples_per_sec=298.2
2026-10-04 13:33:14 [  12840] train/loss=0.5192  train/pred_loss=0.2372  train/sigreg_loss=3.135  train/emb_std=0.9531  train/emb_norm=12.98  train/pred_vs_static=0.1965  train/grad_norm=0.9236  train/lr=4.975e-05  train/samples_per_sec=298.2
2026-10-04 13:33:23 [  12860] train/loss=0.5203  train/pred_loss=0.2369  train/sigreg_loss=3.147  train/emb_std=0.9533  train/emb_norm=12.97  train/pred_vs_static=0.1942  train/grad_norm=0.9394  train/lr=4.975e-05  train/samples_per_sec=298.2
2026-10-04 13:33:31 [  12880] train/loss=0.5138  train/pred_loss=0.2361  train/sigreg_loss=3.084  train/emb_std=0.9527  train/emb_norm=12.97  train/pred_vs_static=0.1941  train/grad_norm=0.8937  train/lr=4.975e-05  train/samples_per_sec=298.3
2026-10-04 13:33:40 [  12900] train/loss=0.5186  train/pred_loss=0.2368  train/sigreg_loss=3.129  train/emb_std=0.9518  train/emb_norm=12.96  train/pred_vs_static=0.1931  train/grad_norm=0.9357  train/lr=4.975e-05  train/samples_per_sec=298.3
2026-10-04 13:33:49 [  12920] train/loss=0.5176  train/pred_loss=0.2385  train/sigreg_loss=3.1  train/emb_std=0.9512  train/emb_norm=12.97  train/pred_vs_static=0.1924  train/grad_norm=0.9704  train/lr=4.975e-05  train/samples_per_sec=298.3
2026-10-04 13:33:57 [  12940] train/loss=0.5211  train/pred_loss=0.2388  train/sigreg_loss=3.138  train/emb_std=0.9496  train/emb_norm=12.95  train/pred_vs_static=0.1944  train/grad_norm=0.9311  train/lr=4.975e-05  train/samples_per_sec=298.4
2026-10-04 13:34:06 [  12960] train/loss=0.5197  train/pred_loss=0.2405  train/sigreg_loss=3.102  train/emb_std=0.9465  train/emb_norm=12.92  train/pred_vs_static=0.1912  train/grad_norm=0.9081  train/lr=4.975e-05  train/samples_per_sec=298.4
2026-10-04 13:34:14 [  12980] train/loss=0.5204  train/pred_loss=0.2393  train/sigreg_loss=3.123  train/emb_std=0.9494  train/emb_norm=12.95  train/pred_vs_static=0.1928  train/grad_norm=0.9082  train/lr=4.974e-05  train/samples_per_sec=298.3
2026-10-04 13:34:23 [  13000] train/loss=0.5134  train/pred_loss=0.2371  train/sigreg_loss=3.068  train/emb_std=0.9512  train/emb_norm=12.98  train/pred_vs_static=0.1929  train/grad_norm=0.9277  train/lr=4.974e-05  train/samples_per_sec=298.4
2026-10-04 13:34:31 [  13020] train/loss=0.5298  train/pred_loss=0.2443  train/sigreg_loss=3.173  train/emb_std=0.9453  train/emb_norm=12.92  train/pred_vs_static=0.1941  train/grad_norm=0.9567  train/lr=4.974e-05  train/samples_per_sec=298.4
2026-10-04 13:34:40 [  13040] train/loss=0.5228  train/pred_loss=0.2397  train/sigreg_loss=3.145  train/emb_std=0.9488  train/emb_norm=12.95  train/pred_vs_static=0.1929  train/grad_norm=0.902  train/lr=4.974e-05  train/samples_per_sec=298.4
2026-10-04 13:34:48 [  13060] train/loss=0.5224  train/pred_loss=0.2388  train/sigreg_loss=3.152  train/emb_std=0.9455  train/emb_norm=12.94  train/pred_vs_static=0.1926  train/grad_norm=0.933  train/lr=4.974e-05  train/samples_per_sec=298.5
2026-10-04 13:34:57 [  13080] train/loss=0.5239  train/pred_loss=0.2425  train/sigreg_loss=3.126  train/emb_std=0.9457  train/emb_norm=12.93  train/pred_vs_static=0.1937  train/grad_norm=0.8822  train/lr=4.974e-05  train/samples_per_sec=298.5
2026-10-04 13:35:06 [  13100] train/loss=0.5156  train/pred_loss=0.2407  train/sigreg_loss=3.055  train/emb_std=0.949  train/emb_norm=12.94  train/pred_vs_static=0.1941  train/grad_norm=0.8947  train/lr=4.974e-05  train/samples_per_sec=298.5
2026-10-04 13:35:14 [  13120] train/loss=0.5223  train/pred_loss=0.2411  train/sigreg_loss=3.123  train/emb_std=0.9479  train/emb_norm=12.94  train/pred_vs_static=0.1935  train/grad_norm=0.9122  train/lr=4.974e-05  train/samples_per_sec=298.5
2026-10-04 13:35:23 [  13140] train/loss=0.5231  train/pred_loss=0.2408  train/sigreg_loss=3.139  train/emb_std=0.9459  train/emb_norm=12.93  train/pred_vs_static=0.1937  train/grad_norm=0.9234  train/lr=4.974e-05  train/samples_per_sec=298.5
2026-10-04 13:35:31 [  13160] train/loss=0.5245  train/pred_loss=0.243  train/sigreg_loss=3.127  train/emb_std=0.9453  train/emb_norm=12.92  train/pred_vs_static=0.1916  train/grad_norm=0.897  train/lr=4.973e-05  train/samples_per_sec=298.6
2026-10-04 13:35:40 [  13180] train/loss=0.5181  train/pred_loss=0.2413  train/sigreg_loss=3.076  train/emb_std=0.9467  train/emb_norm=12.92  train/pred_vs_static=0.1943  train/grad_norm=0.9095  train/lr=4.973e-05  train/samples_per_sec=298.6
2026-10-04 13:35:48 [  13200] train/loss=0.5117  train/pred_loss=0.2366  train/sigreg_loss=3.055  train/emb_std=0.9482  train/emb_norm=12.93  train/pred_vs_static=0.1928  train/grad_norm=0.8876  train/lr=4.973e-05  train/samples_per_sec=298.6
2026-10-04 13:35:57 [  13220] train/loss=0.5195  train/pred_loss=0.2405  train/sigreg_loss=3.098  train/emb_std=0.9473  train/emb_norm=12.93  train/pred_vs_static=0.1934  train/grad_norm=0.9329  train/lr=4.973e-05  train/samples_per_sec=298.7
2026-10-04 13:36:05 [  13240] train/loss=0.5226  train/pred_loss=0.245  train/sigreg_loss=3.084  train/emb_std=0.9488  train/emb_norm=12.95  train/pred_vs_static=0.195  train/grad_norm=0.9691  train/lr=4.973e-05  train/samples_per_sec=298.7
2026-10-04 13:36:14 [  13260] train/loss=0.518  train/pred_loss=0.2402  train/sigreg_loss=3.084  train/emb_std=0.9504  train/emb_norm=12.96  train/pred_vs_static=0.1901  train/grad_norm=0.9287  train/lr=4.973e-05  train/samples_per_sec=298.7
2026-10-04 13:36:22 [  13280] train/loss=0.5201  train/pred_loss=0.2393  train/sigreg_loss=3.122  train/emb_std=0.9488  train/emb_norm=12.94  train/pred_vs_static=0.192  train/grad_norm=0.9044  train/lr=4.973e-05  train/samples_per_sec=298.8
2026-10-04 13:36:31 [  13300] train/loss=0.5203  train/pred_loss=0.2426  train/sigreg_loss=3.086  train/emb_std=0.9482  train/emb_norm=12.93  train/pred_vs_static=0.1944  train/grad_norm=0.8799  train/lr=4.973e-05  train/samples_per_sec=298.8
2026-10-04 13:36:39 [  13320] train/loss=0.5146  train/pred_loss=0.2372  train/sigreg_loss=3.081  train/emb_std=0.9492  train/emb_norm=12.96  train/pred_vs_static=0.1929  train/grad_norm=0.8834  train/lr=4.972e-05  train/samples_per_sec=298.9
2026-10-04 13:36:48 [  13340] train/loss=0.5253  train/pred_loss=0.2417  train/sigreg_loss=3.151  train/emb_std=0.9469  train/emb_norm=12.93  train/pred_vs_static=0.1913  train/grad_norm=0.9503  train/lr=4.972e-05  train/samples_per_sec=298.9
2026-10-04 13:36:56 [  13360] train/loss=0.5225  train/pred_loss=0.2407  train/sigreg_loss=3.129  train/emb_std=0.9459  train/emb_norm=12.92  train/pred_vs_static=0.1942  train/grad_norm=0.902  train/lr=4.972e-05  train/samples_per_sec=299
2026-10-04 13:37:04 [  13380] train/loss=0.5198  train/pred_loss=0.2434  train/sigreg_loss=3.068  train/emb_std=0.9471  train/emb_norm=12.93  train/pred_vs_static=0.1922  train/grad_norm=0.9367  train/lr=4.972e-05  train/samples_per_sec=299.1
2026-10-04 13:37:13 [  13400] train/loss=0.5112  train/pred_loss=0.2361  train/sigreg_loss=3.058  train/emb_std=0.951  train/emb_norm=12.96  train/pred_vs_static=0.1914  train/grad_norm=0.9034  train/lr=4.972e-05  train/samples_per_sec=299.1
2026-10-04 13:37:21 [  13420] train/loss=0.5177  train/pred_loss=0.242  train/sigreg_loss=3.062  train/emb_std=0.9518  train/emb_norm=12.98  train/pred_vs_static=0.1937  train/grad_norm=0.8999  train/lr=4.972e-05  train/samples_per_sec=299.1
2026-10-04 13:37:30 [  13440] train/loss=0.5185  train/pred_loss=0.2392  train/sigreg_loss=3.104  train/emb_std=0.9482  train/emb_norm=12.96  train/pred_vs_static=0.1937  train/grad_norm=0.8977  train/lr=4.972e-05  train/samples_per_sec=299.1
2026-10-04 13:37:38 [  13460] train/loss=0.5163  train/pred_loss=0.2408  train/sigreg_loss=3.06  train/emb_std=0.9486  train/emb_norm=12.95  train/pred_vs_static=0.1937  train/grad_norm=0.8943  train/lr=4.972e-05  train/samples_per_sec=299.2
2026-10-04 13:37:47 [  13480] train/loss=0.525  train/pred_loss=0.2432  train/sigreg_loss=3.132  train/emb_std=0.9457  train/emb_norm=12.92  train/pred_vs_static=0.1922  train/grad_norm=0.9057  train/lr=4.972e-05  train/samples_per_sec=299.2
2026-10-04 13:37:55 [  13500] train/loss=0.5218  train/pred_loss=0.2442  train/sigreg_loss=3.087  train/emb_std=0.9473  train/emb_norm=12.95  train/pred_vs_static=0.198  train/grad_norm=0.9362  train/lr=4.971e-05  train/samples_per_sec=299.2
2026-10-04 13:38:04 [  13520] train/loss=0.5152  train/pred_loss=0.2401  train/sigreg_loss=3.057  train/emb_std=0.9461  train/emb_norm=12.94  train/pred_vs_static=0.1936  train/grad_norm=0.9311  train/lr=4.971e-05  train/samples_per_sec=299.2
2026-10-04 13:38:13 [  13540] train/loss=0.5134  train/pred_loss=0.2427  train/sigreg_loss=3.009  train/emb_std=0.949  train/emb_norm=12.96  train/pred_vs_static=0.1925  train/grad_norm=0.8761  train/lr=4.971e-05  train/samples_per_sec=299.2
2026-10-04 13:38:21 [  13560] train/loss=0.5103  train/pred_loss=0.2363  train/sigreg_loss=3.041  train/emb_std=0.9488  train/emb_norm=12.96  train/pred_vs_static=0.1934  train/grad_norm=0.9008  train/lr=4.971e-05  train/samples_per_sec=299.3
2026-10-04 13:38:29 [  13580] train/loss=0.5136  train/pred_loss=0.2357  train/sigreg_loss=3.085  train/emb_std=0.9516  train/emb_norm=12.98  train/pred_vs_static=0.1913  train/grad_norm=0.8831  train/lr=4.971e-05  train/samples_per_sec=299.3
2026-10-04 13:38:38 [  13600] train/loss=0.5222  train/pred_loss=0.2392  train/sigreg_loss=3.144  train/emb_std=0.9475  train/emb_norm=12.95  train/pred_vs_static=0.1918  train/grad_norm=0.927  train/lr=4.971e-05  train/samples_per_sec=299.3
2026-10-04 13:38:46 [  13620] train/loss=0.5163  train/pred_loss=0.2364  train/sigreg_loss=3.112  train/emb_std=0.9486  train/emb_norm=12.97  train/pred_vs_static=0.1927  train/grad_norm=0.9172  train/lr=4.971e-05  train/samples_per_sec=299.4
2026-10-04 13:38:55 [  13640] train/loss=0.5251  train/pred_loss=0.243  train/sigreg_loss=3.132  train/emb_std=0.9455  train/emb_norm=12.92  train/pred_vs_static=0.195  train/grad_norm=0.9458  train/lr=4.971e-05  train/samples_per_sec=299.4
2026-10-04 13:39:03 [  13660] train/loss=0.5245  train/pred_loss=0.2431  train/sigreg_loss=3.127  train/emb_std=0.9467  train/emb_norm=12.95  train/pred_vs_static=0.1941  train/grad_norm=0.9184  train/lr=4.97e-05  train/samples_per_sec=299.4
2026-10-04 13:39:12 [  13680] train/loss=0.5151  train/pred_loss=0.2399  train/sigreg_loss=3.059  train/emb_std=0.9469  train/emb_norm=12.93  train/pred_vs_static=0.1926  train/grad_norm=0.879  train/lr=4.97e-05  train/samples_per_sec=299.5
2026-10-04 13:39:20 [  13700] train/loss=0.5172  train/pred_loss=0.2391  train/sigreg_loss=3.088  train/emb_std=0.9471  train/emb_norm=12.95  train/pred_vs_static=0.1904  train/grad_norm=0.8846  train/lr=4.97e-05  train/samples_per_sec=299.5
2026-10-04 13:39:29 [  13720] train/loss=0.5198  train/pred_loss=0.2399  train/sigreg_loss=3.113  train/emb_std=0.9484  train/emb_norm=12.95  train/pred_vs_static=0.1938  train/grad_norm=0.8976  train/lr=4.97e-05  train/samples_per_sec=299.5
2026-10-04 13:39:37 [  13740] train/loss=0.5104  train/pred_loss=0.2406  train/sigreg_loss=2.998  train/emb_std=0.9521  train/emb_norm=13  train/pred_vs_static=0.1945  train/grad_norm=0.8974  train/lr=4.97e-05  train/samples_per_sec=299.6
2026-10-04 13:39:46 [  13760] train/loss=0.5113  train/pred_loss=0.2373  train/sigreg_loss=3.043  train/emb_std=0.9465  train/emb_norm=12.94  train/pred_vs_static=0.1905  train/grad_norm=0.8962  train/lr=4.97e-05  train/samples_per_sec=299.5
2026-10-04 13:39:54 [  13780] train/loss=0.524  train/pred_loss=0.2431  train/sigreg_loss=3.122  train/emb_std=0.95  train/emb_norm=12.97  train/pred_vs_static=0.1936  train/grad_norm=0.9034  train/lr=4.97e-05  train/samples_per_sec=299.6
2026-10-04 13:40:03 [  13800] train/loss=0.5156  train/pred_loss=0.2389  train/sigreg_loss=3.076  train/emb_std=0.9477  train/emb_norm=12.94  train/pred_vs_static=0.1935  train/grad_norm=0.9165  train/lr=4.97e-05  train/samples_per_sec=299.6
2026-10-04 13:40:11 [  13820] train/loss=0.5232  train/pred_loss=0.2442  train/sigreg_loss=3.098  train/emb_std=0.9443  train/emb_norm=12.93  train/pred_vs_static=0.1931  train/grad_norm=0.9299  train/lr=4.969e-05  train/samples_per_sec=299.6
2026-10-04 13:40:20 [  13840] train/loss=0.5124  train/pred_loss=0.238  train/sigreg_loss=3.048  train/emb_std=0.9479  train/emb_norm=12.95  train/pred_vs_static=0.1922  train/grad_norm=0.9131  train/lr=4.969e-05  train/samples_per_sec=299.6
2026-10-04 13:40:29 [  13860] train/loss=0.516  train/pred_loss=0.2408  train/sigreg_loss=3.057  train/emb_std=0.9467  train/emb_norm=12.93  train/pred_vs_static=0.19  train/grad_norm=0.8637  train/lr=4.969e-05  train/samples_per_sec=299.6
2026-10-04 13:40:37 [  13880] train/loss=0.508  train/pred_loss=0.2347  train/sigreg_loss=3.037  train/emb_std=0.952  train/emb_norm=12.99  train/pred_vs_static=0.1928  train/grad_norm=0.8657  train/lr=4.969e-05  train/samples_per_sec=299.6
2026-10-04 13:40:46 [  13900] train/loss=0.5107  train/pred_loss=0.2389  train/sigreg_loss=3.02  train/emb_std=0.9508  train/emb_norm=12.98  train/pred_vs_static=0.1927  train/grad_norm=0.9274  train/lr=4.969e-05  train/samples_per_sec=299.6
2026-10-04 13:40:54 [  13920] train/loss=0.5188  train/pred_loss=0.2407  train/sigreg_loss=3.089  train/emb_std=0.9469  train/emb_norm=12.95  train/pred_vs_static=0.1981  train/grad_norm=0.9458  train/lr=4.969e-05  train/samples_per_sec=299.6
2026-10-04 13:41:03 [  13940] train/loss=0.5243  train/pred_loss=0.2458  train/sigreg_loss=3.097  train/emb_std=0.9441  train/emb_norm=12.92  train/pred_vs_static=0.1955  train/grad_norm=0.9654  train/lr=4.969e-05  train/samples_per_sec=299.6
2026-10-04 13:41:11 [  13960] train/loss=0.5182  train/pred_loss=0.2444  train/sigreg_loss=3.04  train/emb_std=0.9518  train/emb_norm=12.98  train/pred_vs_static=0.1938  train/grad_norm=0.927  train/lr=4.969e-05  train/samples_per_sec=299.7
2026-10-04 13:41:19 [  13980] train/loss=0.5148  train/pred_loss=0.2368  train/sigreg_loss=3.089  train/emb_std=0.9479  train/emb_norm=12.96  train/pred_vs_static=0.1934  train/grad_norm=0.8962  train/lr=4.968e-05  train/samples_per_sec=299.8
2026-10-04 13:41:28 [  14000] train/loss=0.5053  train/pred_loss=0.2347  train/sigreg_loss=3.004  train/emb_std=0.9525  train/emb_norm=13  train/pred_vs_static=0.1914  train/grad_norm=0.9101  train/lr=4.968e-05  train/samples_per_sec=299.8
2026-10-04 13:41:28 [  14000] train_epoch/loss=0.5199  train_epoch/pred_loss=0.2399  train_epoch/sigreg_loss=3.11  train_epoch/emb_std=0.9486  train_epoch/emb_norm=12.95  train_epoch/pred_vs_static=0.1937  train_epoch/grad_norm=0.9209  train_epoch/lr=4.974e-05  train_epoch/epoch=6
2026-10-04 13:41:40 [  14000] val/loss=1.566  val/pred_loss=0.2072  val/sigreg_loss=15.09  val/emb_std=0.907  val/emb_norm=13.54  val/pred_vs_static=0.1786  val/epoch=6
2026-10-04 13:41:40 epoch   6 | val pred_vs_static 0.17863 | best 0.17863 @ epoch 6 | saved epoch_006.pt
2026-10-04 13:41:40 === finished 2026-10-04 13:41:40 ===
