2026-10-04 14:19:09 === run reacher-easy_vit (vit) started 2026-10-04 14:19:09 ===
2026-10-04 14:19:09 config: {"run_name": "reacher-easy_vit", "out_dir": "/home/world-models/lewm-cus/checkpoints/reacher-easy", "exp_id": "vit", "seed": 3072, "device": "cuda", "compile": false, "data": {"task": "reacher-easy", "h5_path": "/home/world-models/.stable_worldmodel/datasets/mmbench/reacher-easy.h5", "frameskip": 5, "history": 3, "num_preds": 1, "img_size": 224, "obs_key": "pixels", "train_stride": 2, "val_stride": 5, "max_episodes": null, "val_episodes": 26, "stats_path": null, "stats_max_rows": 200000, "rdcc_mb": 256}, "model": {"encoder": "vit", "freeze_encoder": false, "vit_name": "vit_tiny_patch16_224", "vit_pretrained": false, "vit_pool": "cls", "dino_name": "dinov2_vits14", "dino_tokens": "patch", "dino_img_size": 196, "mlp_hidden": 512, "embed_dim": 192, "act_smooth_dim": 64, "act_mlp_scale": 4, "depth": 6, "heads": 16, "dim_head": 64, "mlp_dim": 2048, "dropout": 0.1, "use_projector": true, "proj_hidden": 2048, "proj_norm": "batch"}, "optim": {"epochs": 100, "stop_epoch": 6, "batch_size": 128, "lr": 5e-05, "weight_decay": 0.001, "betas": [0.9, 0.999], "warmup_epochs": 2.0, "min_lr_scale": 0.01, "grad_clip": 1.0, "amp_dtype": "bf16", "num_workers": 12, "prefetch_factor": 4, "persistent_workers": true, "pin_memory": true, "steps_per_epoch": 2000, "val_steps": 100, "log_every": 20, "ckpt_every": 1, "select_metric": "pred_vs_static"}, "loss": {"use_sigreg": true, "sigreg_weight": 0.09, "sigreg_knots": 17, "sigreg_proj": 1024}, "wandb": {"enabled": false, "project": "lewm-cus", "entity": null, "name": null, "mode": "online"}}
2026-10-04 14:19:30 [     20] train/loss=3.29  train/pred_loss=0.2792  train/sigreg_loss=33.44  train/emb_std=0.3614  train/emb_norm=5.275  train/pred_vs_static=3.12  train/grad_norm=7.665  train/lr=1.312e-07  train/samples_per_sec=123.5
2026-10-04 14:19:38 [     40] train/loss=3.237  train/pred_loss=0.2829  train/sigreg_loss=32.81  train/emb_std=0.3693  train/emb_norm=5.348  train/pred_vs_static=3.149  train/grad_norm=7.686  train/lr=3.813e-07  train/samples_per_sec=175.5
2026-10-04 14:19:46 [     60] train/loss=3.161  train/pred_loss=0.2875  train/sigreg_loss=31.93  train/emb_std=0.3805  train/emb_norm=5.484  train/pred_vs_static=3.111  train/grad_norm=7.565  train/lr=6.312e-07  train/samples_per_sec=205.3
2026-10-04 14:19:55 [     80] train/loss=3.061  train/pred_loss=0.293  train/sigreg_loss=30.77  train/emb_std=0.3953  train/emb_norm=5.657  train/pred_vs_static=3.082  train/grad_norm=7.277  train/lr=8.813e-07  train/samples_per_sec=223.8
2026-10-04 14:20:03 [    100] train/loss=2.924  train/pred_loss=0.3004  train/sigreg_loss=29.16  train/emb_std=0.416  train/emb_norm=5.903  train/pred_vs_static=3.051  train/grad_norm=7.265  train/lr=1.131e-06  train/samples_per_sec=236.4
2026-10-04 14:20:12 [    120] train/loss=2.762  train/pred_loss=0.3085  train/sigreg_loss=27.26  train/emb_std=0.4391  train/emb_norm=6.197  train/pred_vs_static=2.947  train/grad_norm=7.213  train/lr=1.381e-06  train/samples_per_sec=245.9
2026-10-04 14:20:20 [    140] train/loss=2.599  train/pred_loss=0.3151  train/sigreg_loss=25.4  train/emb_std=0.4658  train/emb_norm=6.5  train/pred_vs_static=2.919  train/grad_norm=7.083  train/lr=1.631e-06  train/samples_per_sec=253.1
2026-10-04 14:20:28 [    160] train/loss=2.467  train/pred_loss=0.318  train/sigreg_loss=23.88  train/emb_std=0.4903  train/emb_norm=6.782  train/pred_vs_static=2.815  train/grad_norm=7.197  train/lr=1.881e-06  train/samples_per_sec=259
2026-10-04 14:20:36 [    180] train/loss=2.314  train/pred_loss=0.3198  train/sigreg_loss=22.16  train/emb_std=0.5156  train/emb_norm=7.098  train/pred_vs_static=2.588  train/grad_norm=7.305  train/lr=2.131e-06  train/samples_per_sec=263.8
2026-10-04 14:20:45 [    200] train/loss=2.199  train/pred_loss=0.3207  train/sigreg_loss=20.88  train/emb_std=0.5377  train/emb_norm=7.38  train/pred_vs_static=2.349  train/grad_norm=8.278  train/lr=2.381e-06  train/samples_per_sec=267.8
2026-10-04 14:20:53 [    220] train/loss=2.06  train/pred_loss=0.3187  train/sigreg_loss=19.34  train/emb_std=0.5619  train/emb_norm=7.699  train/pred_vs_static=2.177  train/grad_norm=8.297  train/lr=2.631e-06  train/samples_per_sec=271.1
2026-10-04 14:21:01 [    240] train/loss=1.953  train/pred_loss=0.3196  train/sigreg_loss=18.16  train/emb_std=0.582  train/emb_norm=7.931  train/pred_vs_static=1.928  train/grad_norm=10.98  train/lr=2.881e-06  train/samples_per_sec=274
2026-10-04 14:21:10 [    260] train/loss=1.845  train/pred_loss=0.3161  train/sigreg_loss=16.98  train/emb_std=0.6002  train/emb_norm=8.201  train/pred_vs_static=1.854  train/grad_norm=13.25  train/lr=3.131e-06  train/samples_per_sec=276.4
2026-10-04 14:21:18 [    280] train/loss=1.764  train/pred_loss=0.3167  train/sigreg_loss=16.07  train/emb_std=0.616  train/emb_norm=8.399  train/pred_vs_static=1.756  train/grad_norm=11.86  train/lr=3.381e-06  train/samples_per_sec=278.4
2026-10-04 14:21:26 [    300] train/loss=1.694  train/pred_loss=0.3128  train/sigreg_loss=15.34  train/emb_std=0.6352  train/emb_norm=8.666  train/pred_vs_static=1.698  train/grad_norm=13.14  train/lr=3.631e-06  train/samples_per_sec=280.3
2026-10-04 14:21:34 [    320] train/loss=1.622  train/pred_loss=0.3101  train/sigreg_loss=14.57  train/emb_std=0.6479  train/emb_norm=8.86  train/pred_vs_static=1.552  train/grad_norm=16.09  train/lr=3.881e-06  train/samples_per_sec=281.9
2026-10-04 14:21:43 [    340] train/loss=1.552  train/pred_loss=0.3087  train/sigreg_loss=13.81  train/emb_std=0.6613  train/emb_norm=9.026  train/pred_vs_static=1.538  train/grad_norm=18.56  train/lr=4.131e-06  train/samples_per_sec=283.4
2026-10-04 14:21:51 [    360] train/loss=1.465  train/pred_loss=0.306  train/sigreg_loss=12.88  train/emb_std=0.6766  train/emb_norm=9.239  train/pred_vs_static=1.459  train/grad_norm=15.24  train/lr=4.381e-06  train/samples_per_sec=284.8
2026-10-04 14:21:59 [    380] train/loss=1.425  train/pred_loss=0.3037  train/sigreg_loss=12.47  train/emb_std=0.6906  train/emb_norm=9.448  train/pred_vs_static=1.363  train/grad_norm=14.23  train/lr=4.631e-06  train/samples_per_sec=285.8
2026-10-04 14:22:08 [    400] train/loss=1.367  train/pred_loss=0.2996  train/sigreg_loss=11.86  train/emb_std=0.7039  train/emb_norm=9.614  train/pred_vs_static=1.331  train/grad_norm=23.73  train/lr=4.881e-06  train/samples_per_sec=287
2026-10-04 14:22:16 [    420] train/loss=1.342  train/pred_loss=0.296  train/sigreg_loss=11.62  train/emb_std=0.7133  train/emb_norm=9.733  train/pred_vs_static=1.322  train/grad_norm=27.48  train/lr=5.131e-06  train/samples_per_sec=287.9
2026-10-04 14:22:24 [    440] train/loss=1.305  train/pred_loss=0.298  train/sigreg_loss=11.2  train/emb_std=0.7244  train/emb_norm=9.908  train/pred_vs_static=1.285  train/grad_norm=24.27  train/lr=5.381e-06  train/samples_per_sec=288.9
2026-10-04 14:22:32 [    460] train/loss=1.264  train/pred_loss=0.2904  train/sigreg_loss=10.82  train/emb_std=0.7314  train/emb_norm=10.04  train/pred_vs_static=1.259  train/grad_norm=23.01  train/lr=5.631e-06  train/samples_per_sec=289.7
2026-10-04 14:22:41 [    480] train/loss=1.247  train/pred_loss=0.2866  train/sigreg_loss=10.67  train/emb_std=0.7383  train/emb_norm=10.13  train/pred_vs_static=1.201  train/grad_norm=23.96  train/lr=5.881e-06  train/samples_per_sec=290.5
2026-10-04 14:22:49 [    500] train/loss=1.22  train/pred_loss=0.2863  train/sigreg_loss=10.38  train/emb_std=0.748  train/emb_norm=10.27  train/pred_vs_static=1.164  train/grad_norm=29.01  train/lr=6.131e-06  train/samples_per_sec=291.2
2026-10-04 14:22:57 [    520] train/loss=1.193  train/pred_loss=0.2819  train/sigreg_loss=10.12  train/emb_std=0.7572  train/emb_norm=10.38  train/pred_vs_static=1.166  train/grad_norm=27.36  train/lr=6.381e-06  train/samples_per_sec=291.9
2026-10-04 14:23:05 [    540] train/loss=1.161  train/pred_loss=0.2797  train/sigreg_loss=9.794  train/emb_std=0.7666  train/emb_norm=10.51  train/pred_vs_static=1.167  train/grad_norm=24.26  train/lr=6.631e-06  train/samples_per_sec=292.5
2026-10-04 14:23:14 [    560] train/loss=1.138  train/pred_loss=0.2762  train/sigreg_loss=9.572  train/emb_std=0.773  train/emb_norm=10.61  train/pred_vs_static=1.103  train/grad_norm=26.64  train/lr=6.881e-06  train/samples_per_sec=293
2026-10-04 14:23:22 [    580] train/loss=1.119  train/pred_loss=0.2745  train/sigreg_loss=9.381  train/emb_std=0.7816  train/emb_norm=10.71  train/pred_vs_static=1.112  train/grad_norm=25.29  train/lr=7.131e-06  train/samples_per_sec=293.6
2026-10-04 14:23:30 [    600] train/loss=1.089  train/pred_loss=0.2699  train/sigreg_loss=9.106  train/emb_std=0.7889  train/emb_norm=10.83  train/pred_vs_static=1.096  train/grad_norm=22.7  train/lr=7.381e-06  train/samples_per_sec=294.1
2026-10-04 14:23:39 [    620] train/loss=1.075  train/pred_loss=0.2688  train/sigreg_loss=8.959  train/emb_std=0.7973  train/emb_norm=10.92  train/pred_vs_static=1.066  train/grad_norm=22.82  train/lr=7.631e-06  train/samples_per_sec=294.5
2026-10-04 14:23:47 [    640] train/loss=1.033  train/pred_loss=0.2657  train/sigreg_loss=8.522  train/emb_std=0.8029  train/emb_norm=11  train/pred_vs_static=1.06  train/grad_norm=24.83  train/lr=7.881e-06  train/samples_per_sec=295
2026-10-04 14:23:55 [    660] train/loss=1.021  train/pred_loss=0.2569  train/sigreg_loss=8.489  train/emb_std=0.8107  train/emb_norm=11.12  train/pred_vs_static=1.046  train/grad_norm=20.77  train/lr=8.131e-06  train/samples_per_sec=295.4
2026-10-04 14:24:03 [    680] train/loss=0.9952  train/pred_loss=0.2562  train/sigreg_loss=8.206  train/emb_std=0.8195  train/emb_norm=11.26  train/pred_vs_static=1.03  train/grad_norm=15.88  train/lr=8.381e-06  train/samples_per_sec=295.8
2026-10-04 14:24:12 [    700] train/loss=0.97  train/pred_loss=0.2452  train/sigreg_loss=8.05  train/emb_std=0.8264  train/emb_norm=11.35  train/pred_vs_static=1.051  train/grad_norm=17.95  train/lr=8.631e-06  train/samples_per_sec=296.2
2026-10-04 14:24:20 [    720] train/loss=0.9547  train/pred_loss=0.2412  train/sigreg_loss=7.927  train/emb_std=0.8332  train/emb_norm=11.44  train/pred_vs_static=1.035  train/grad_norm=20.11  train/lr=8.881e-06  train/samples_per_sec=296.5
2026-10-04 14:24:28 [    740] train/loss=0.9276  train/pred_loss=0.2371  train/sigreg_loss=7.673  train/emb_std=0.8432  train/emb_norm=11.58  train/pred_vs_static=1.031  train/grad_norm=19.47  train/lr=9.131e-06  train/samples_per_sec=296.8
2026-10-04 14:24:36 [    760] train/loss=0.9071  train/pred_loss=0.2334  train/sigreg_loss=7.484  train/emb_std=0.8504  train/emb_norm=11.67  train/pred_vs_static=1.012  train/grad_norm=16.34  train/lr=9.381e-06  train/samples_per_sec=297.2
2026-10-04 14:24:45 [    780] train/loss=0.8923  train/pred_loss=0.22  train/sigreg_loss=7.47  train/emb_std=0.8553  train/emb_norm=11.73  train/pred_vs_static=1.02  train/grad_norm=14.26  train/lr=9.631e-06  train/samples_per_sec=297.5
2026-10-04 14:24:53 [    800] train/loss=0.8395  train/pred_loss=0.2009  train/sigreg_loss=7.095  train/emb_std=0.865  train/emb_norm=11.89  train/pred_vs_static=1.028  train/grad_norm=15.06  train/lr=9.881e-06  train/samples_per_sec=297.7
2026-10-04 14:25:01 [    820] train/loss=0.8186  train/pred_loss=0.187  train/sigreg_loss=7.017  train/emb_std=0.8668  train/emb_norm=11.93  train/pred_vs_static=1.048  train/grad_norm=11.56  train/lr=1.013e-05  train/samples_per_sec=298
2026-10-04 14:25:10 [    840] train/loss=0.7987  train/pred_loss=0.1665  train/sigreg_loss=7.025  train/emb_std=0.8779  train/emb_norm=12.07  train/pred_vs_static=1.064  train/grad_norm=11.81  train/lr=1.038e-05  train/samples_per_sec=298.3
2026-10-04 14:25:18 [    860] train/loss=0.7726  train/pred_loss=0.1493  train/sigreg_loss=6.923  train/emb_std=0.882  train/emb_norm=12.17  train/pred_vs_static=1.068  train/grad_norm=11.56  train/lr=1.063e-05  train/samples_per_sec=298.5
2026-10-04 14:25:26 [    880] train/loss=0.7426  train/pred_loss=0.1359  train/sigreg_loss=6.742  train/emb_std=0.8934  train/emb_norm=12.3  train/pred_vs_static=1.098  train/grad_norm=8.305  train/lr=1.088e-05  train/samples_per_sec=298.7
2026-10-04 14:25:34 [    900] train/loss=0.718  train/pred_loss=0.1254  train/sigreg_loss=6.586  train/emb_std=0.9045  train/emb_norm=12.44  train/pred_vs_static=1.113  train/grad_norm=6.995  train/lr=1.113e-05  train/samples_per_sec=299
2026-10-04 14:25:43 [    920] train/loss=0.6913  train/pred_loss=0.1069  train/sigreg_loss=6.492  train/emb_std=0.9098  train/emb_norm=12.51  train/pred_vs_static=1.177  train/grad_norm=7.532  train/lr=1.138e-05  train/samples_per_sec=299.2
2026-10-04 14:25:51 [    940] train/loss=0.6722  train/pred_loss=0.09563  train/sigreg_loss=6.402  train/emb_std=0.9145  train/emb_norm=12.56  train/pred_vs_static=1.233  train/grad_norm=6.244  train/lr=1.163e-05  train/samples_per_sec=299.4
2026-10-04 14:25:59 [    960] train/loss=0.6523  train/pred_loss=0.08788  train/sigreg_loss=6.27  train/emb_std=0.9301  train/emb_norm=12.75  train/pred_vs_static=1.246  train/grad_norm=5.861  train/lr=1.188e-05  train/samples_per_sec=299.6
2026-10-04 14:26:08 [    980] train/loss=0.6395  train/pred_loss=0.08302  train/sigreg_loss=6.181  train/emb_std=0.9359  train/emb_norm=12.82  train/pred_vs_static=1.216  train/grad_norm=4.792  train/lr=1.213e-05  train/samples_per_sec=299.8
2026-10-04 14:26:16 [   1000] train/loss=0.6289  train/pred_loss=0.07733  train/sigreg_loss=6.122  train/emb_std=0.9422  train/emb_norm=12.9  train/pred_vs_static=1.247  train/grad_norm=4.117  train/lr=1.238e-05  train/samples_per_sec=299.9
2026-10-04 14:26:24 [   1020] train/loss=0.6123  train/pred_loss=0.0726  train/sigreg_loss=5.997  train/emb_std=0.9486  train/emb_norm=12.93  train/pred_vs_static=1.253  train/grad_norm=3.646  train/lr=1.263e-05  train/samples_per_sec=300.1
2026-10-04 14:26:32 [   1040] train/loss=0.6055  train/pred_loss=0.07011  train/sigreg_loss=5.948  train/emb_std=0.9586  train/emb_norm=13  train/pred_vs_static=1.258  train/grad_norm=3.801  train/lr=1.288e-05  train/samples_per_sec=300.3
2026-10-04 14:26:41 [   1060] train/loss=0.5975  train/pred_loss=0.06839  train/sigreg_loss=5.877  train/emb_std=0.9656  train/emb_norm=13.06  train/pred_vs_static=1.296  train/grad_norm=4.055  train/lr=1.313e-05  train/samples_per_sec=300.4
2026-10-04 14:26:49 [   1080] train/loss=0.5912  train/pred_loss=0.06714  train/sigreg_loss=5.827  train/emb_std=0.9717  train/emb_norm=13.11  train/pred_vs_static=1.28  train/grad_norm=3.679  train/lr=1.338e-05  train/samples_per_sec=300.6
2026-10-04 14:26:57 [   1100] train/loss=0.5741  train/pred_loss=0.06491  train/sigreg_loss=5.655  train/emb_std=0.9715  train/emb_norm=13.05  train/pred_vs_static=1.329  train/grad_norm=3.715  train/lr=1.363e-05  train/samples_per_sec=300.8
2026-10-04 14:27:06 [   1120] train/loss=0.5684  train/pred_loss=0.06479  train/sigreg_loss=5.598  train/emb_std=0.9809  train/emb_norm=13.14  train/pred_vs_static=1.353  train/grad_norm=3.974  train/lr=1.388e-05  train/samples_per_sec=300.9
2026-10-04 14:27:14 [   1140] train/loss=0.5644  train/pred_loss=0.06398  train/sigreg_loss=5.561  train/emb_std=0.982  train/emb_norm=13.16  train/pred_vs_static=1.361  train/grad_norm=3.419  train/lr=1.413e-05  train/samples_per_sec=301
2026-10-04 14:27:22 [   1160] train/loss=0.5586  train/pred_loss=0.06329  train/sigreg_loss=5.503  train/emb_std=0.9795  train/emb_norm=13.13  train/pred_vs_static=1.398  train/grad_norm=3.385  train/lr=1.438e-05  train/samples_per_sec=301.2
2026-10-04 14:27:30 [   1180] train/loss=0.5394  train/pred_loss=0.06245  train/sigreg_loss=5.3  train/emb_std=0.9848  train/emb_norm=13.19  train/pred_vs_static=1.433  train/grad_norm=3.312  train/lr=1.463e-05  train/samples_per_sec=301.3
2026-10-04 14:27:39 [   1200] train/loss=0.5217  train/pred_loss=0.062  train/sigreg_loss=5.106  train/emb_std=0.9863  train/emb_norm=13.18  train/pred_vs_static=1.439  train/grad_norm=2.806  train/lr=1.488e-05  train/samples_per_sec=301.4
2026-10-04 14:27:47 [   1220] train/loss=0.5057  train/pred_loss=0.06251  train/sigreg_loss=4.925  train/emb_std=0.9789  train/emb_norm=13.13  train/pred_vs_static=1.455  train/grad_norm=2.864  train/lr=1.513e-05  train/samples_per_sec=301.5
2026-10-04 14:27:55 [   1240] train/loss=0.5019  train/pred_loss=0.05958  train/sigreg_loss=4.916  train/emb_std=0.9762  train/emb_norm=13.17  train/pred_vs_static=1.436  train/grad_norm=2.754  train/lr=1.538e-05  train/samples_per_sec=301.7
2026-10-04 14:28:04 [   1260] train/loss=0.4816  train/pred_loss=0.05902  train/sigreg_loss=4.694  train/emb_std=0.9756  train/emb_norm=13.18  train/pred_vs_static=1.447  train/grad_norm=2.798  train/lr=1.563e-05  train/samples_per_sec=301.8
2026-10-04 14:28:12 [   1280] train/loss=0.479  train/pred_loss=0.06057  train/sigreg_loss=4.65  train/emb_std=0.984  train/emb_norm=13.29  train/pred_vs_static=1.352  train/grad_norm=2.666  train/lr=1.588e-05  train/samples_per_sec=301.9
2026-10-04 14:28:20 [   1300] train/loss=0.4707  train/pred_loss=0.05747  train/sigreg_loss=4.589  train/emb_std=0.9826  train/emb_norm=13.28  train/pred_vs_static=1.354  train/grad_norm=2.655  train/lr=1.613e-05  train/samples_per_sec=302
2026-10-04 14:28:28 [   1320] train/loss=0.4591  train/pred_loss=0.05447  train/sigreg_loss=4.494  train/emb_std=0.9812  train/emb_norm=13.27  train/pred_vs_static=1.412  train/grad_norm=2.723  train/lr=1.638e-05  train/samples_per_sec=302.1
2026-10-04 14:28:37 [   1340] train/loss=0.455  train/pred_loss=0.05246  train/sigreg_loss=4.473  train/emb_std=0.9844  train/emb_norm=13.3  train/pred_vs_static=1.379  train/grad_norm=2.625  train/lr=1.663e-05  train/samples_per_sec=302.2
2026-10-04 14:28:45 [   1360] train/loss=0.4466  train/pred_loss=0.0514  train/sigreg_loss=4.392  train/emb_std=0.9846  train/emb_norm=13.28  train/pred_vs_static=1.359  train/grad_norm=2.407  train/lr=1.688e-05  train/samples_per_sec=302.3
2026-10-04 14:28:53 [   1380] train/loss=0.4369  train/pred_loss=0.04969  train/sigreg_loss=4.303  train/emb_std=0.9838  train/emb_norm=13.3  train/pred_vs_static=1.372  train/grad_norm=2.192  train/lr=1.713e-05  train/samples_per_sec=302.4
2026-10-04 14:29:02 [   1400] train/loss=0.4342  train/pred_loss=0.04996  train/sigreg_loss=4.27  train/emb_std=0.9867  train/emb_norm=13.33  train/pred_vs_static=1.358  train/grad_norm=2.361  train/lr=1.738e-05  train/samples_per_sec=302.5
2026-10-04 14:29:10 [   1420] train/loss=0.4287  train/pred_loss=0.04856  train/sigreg_loss=4.223  train/emb_std=0.9869  train/emb_norm=13.32  train/pred_vs_static=1.403  train/grad_norm=2.391  train/lr=1.763e-05  train/samples_per_sec=302.6
2026-10-04 14:29:18 [   1440] train/loss=0.4135  train/pred_loss=0.04653  train/sigreg_loss=4.075  train/emb_std=0.9873  train/emb_norm=13.35  train/pred_vs_static=1.388  train/grad_norm=2.26  train/lr=1.788e-05  train/samples_per_sec=302.6
2026-10-04 14:29:26 [   1460] train/loss=0.4068  train/pred_loss=0.04678  train/sigreg_loss=3.999  train/emb_std=0.9871  train/emb_norm=13.32  train/pred_vs_static=1.37  train/grad_norm=2.153  train/lr=1.813e-05  train/samples_per_sec=302.7
2026-10-04 14:29:35 [   1480] train/loss=0.4044  train/pred_loss=0.04585  train/sigreg_loss=3.984  train/emb_std=0.9871  train/emb_norm=13.35  train/pred_vs_static=1.402  train/grad_norm=2.182  train/lr=1.838e-05  train/samples_per_sec=302.8
2026-10-04 14:29:43 [   1500] train/loss=0.3984  train/pred_loss=0.04571  train/sigreg_loss=3.918  train/emb_std=0.9838  train/emb_norm=13.32  train/pred_vs_static=1.421  train/grad_norm=2.163  train/lr=1.863e-05  train/samples_per_sec=302.9
2026-10-04 14:29:51 [   1520] train/loss=0.3935  train/pred_loss=0.04567  train/sigreg_loss=3.862  train/emb_std=0.9896  train/emb_norm=13.39  train/pred_vs_static=1.356  train/grad_norm=2.002  train/lr=1.888e-05  train/samples_per_sec=303
2026-10-04 14:30:00 [   1540] train/loss=0.3796  train/pred_loss=0.04401  train/sigreg_loss=3.727  train/emb_std=0.9859  train/emb_norm=13.37  train/pred_vs_static=1.368  train/grad_norm=2.074  train/lr=1.913e-05  train/samples_per_sec=303
2026-10-04 14:30:08 [   1560] train/loss=0.3785  train/pred_loss=0.04255  train/sigreg_loss=3.734  train/emb_std=0.9844  train/emb_norm=13.37  train/pred_vs_static=1.371  train/grad_norm=2.09  train/lr=1.938e-05  train/samples_per_sec=303.1
2026-10-04 14:30:16 [   1580] train/loss=0.369  train/pred_loss=0.04186  train/sigreg_loss=3.634  train/emb_std=0.9854  train/emb_norm=13.37  train/pred_vs_static=1.394  train/grad_norm=2.001  train/lr=1.963e-05  train/samples_per_sec=303.2
2026-10-04 14:30:24 [   1600] train/loss=0.365  train/pred_loss=0.04269  train/sigreg_loss=3.58  train/emb_std=0.9809  train/emb_norm=13.35  train/pred_vs_static=1.373  train/grad_norm=1.958  train/lr=1.988e-05  train/samples_per_sec=303.2
2026-10-04 14:30:33 [   1620] train/loss=0.3554  train/pred_loss=0.04125  train/sigreg_loss=3.491  train/emb_std=0.9836  train/emb_norm=13.38  train/pred_vs_static=1.393  train/grad_norm=1.92  train/lr=2.013e-05  train/samples_per_sec=303.3
2026-10-04 14:30:41 [   1640] train/loss=0.3527  train/pred_loss=0.04046  train/sigreg_loss=3.47  train/emb_std=0.9846  train/emb_norm=13.41  train/pred_vs_static=1.38  train/grad_norm=1.842  train/lr=2.038e-05  train/samples_per_sec=303.4
2026-10-04 14:30:49 [   1660] train/loss=0.3517  train/pred_loss=0.04001  train/sigreg_loss=3.461  train/emb_std=0.9859  train/emb_norm=13.43  train/pred_vs_static=1.386  train/grad_norm=1.84  train/lr=2.063e-05  train/samples_per_sec=303.4
2026-10-04 14:30:58 [   1680] train/loss=0.3377  train/pred_loss=0.03987  train/sigreg_loss=3.309  train/emb_std=0.9826  train/emb_norm=13.38  train/pred_vs_static=1.353  train/grad_norm=1.738  train/lr=2.088e-05  train/samples_per_sec=303.5
2026-10-04 14:31:06 [   1700] train/loss=0.3379  train/pred_loss=0.03933  train/sigreg_loss=3.319  train/emb_std=0.9867  train/emb_norm=13.46  train/pred_vs_static=1.385  train/grad_norm=1.836  train/lr=2.113e-05  train/samples_per_sec=303.6
2026-10-04 14:31:14 [   1720] train/loss=0.332  train/pred_loss=0.03904  train/sigreg_loss=3.255  train/emb_std=0.985  train/emb_norm=13.42  train/pred_vs_static=1.373  train/grad_norm=1.749  train/lr=2.138e-05  train/samples_per_sec=303.6
2026-10-04 14:31:23 [   1740] train/loss=0.3288  train/pred_loss=0.03701  train/sigreg_loss=3.241  train/emb_std=0.9826  train/emb_norm=13.42  train/pred_vs_static=1.44  train/grad_norm=1.757  train/lr=2.163e-05  train/samples_per_sec=303.7
2026-10-04 14:31:31 [   1760] train/loss=0.3282  train/pred_loss=0.03707  train/sigreg_loss=3.235  train/emb_std=0.9834  train/emb_norm=13.44  train/pred_vs_static=1.391  train/grad_norm=1.72  train/lr=2.188e-05  train/samples_per_sec=303.7
2026-10-04 14:31:39 [   1780] train/loss=0.3214  train/pred_loss=0.03656  train/sigreg_loss=3.166  train/emb_std=0.9826  train/emb_norm=13.42  train/pred_vs_static=1.385  train/grad_norm=1.73  train/lr=2.213e-05  train/samples_per_sec=303.8
2026-10-04 14:31:47 [   1800] train/loss=0.3173  train/pred_loss=0.03739  train/sigreg_loss=3.109  train/emb_std=0.9801  train/emb_norm=13.42  train/pred_vs_static=1.344  train/grad_norm=1.564  train/lr=2.238e-05  train/samples_per_sec=303.8
2026-10-04 14:31:56 [   1820] train/loss=0.3138  train/pred_loss=0.03519  train/sigreg_loss=3.095  train/emb_std=0.984  train/emb_norm=13.45  train/pred_vs_static=1.361  train/grad_norm=1.604  train/lr=2.263e-05  train/samples_per_sec=303.9
2026-10-04 14:32:04 [   1840] train/loss=0.3092  train/pred_loss=0.03537  train/sigreg_loss=3.041  train/emb_std=0.9834  train/emb_norm=13.44  train/pred_vs_static=1.366  train/grad_norm=1.62  train/lr=2.288e-05  train/samples_per_sec=303.9
2026-10-04 14:32:12 [   1860] train/loss=0.3051  train/pred_loss=0.0343  train/sigreg_loss=3.008  train/emb_std=0.9814  train/emb_norm=13.43  train/pred_vs_static=1.375  train/grad_norm=1.543  train/lr=2.313e-05  train/samples_per_sec=304
2026-10-04 14:32:21 [   1880] train/loss=0.3046  train/pred_loss=0.03411  train/sigreg_loss=3.004  train/emb_std=0.9857  train/emb_norm=13.49  train/pred_vs_static=1.358  train/grad_norm=1.513  train/lr=2.338e-05  train/samples_per_sec=304
2026-10-04 14:32:29 [   1900] train/loss=0.2977  train/pred_loss=0.03315  train/sigreg_loss=2.942  train/emb_std=0.985  train/emb_norm=13.48  train/pred_vs_static=1.355  train/grad_norm=1.533  train/lr=2.363e-05  train/samples_per_sec=304.1
2026-10-04 14:32:37 [   1920] train/loss=0.2977  train/pred_loss=0.03237  train/sigreg_loss=2.95  train/emb_std=0.9809  train/emb_norm=13.44  train/pred_vs_static=1.386  train/grad_norm=1.533  train/lr=2.388e-05  train/samples_per_sec=304.1
2026-10-04 14:32:45 [   1940] train/loss=0.2935  train/pred_loss=0.03262  train/sigreg_loss=2.9  train/emb_std=0.985  train/emb_norm=13.48  train/pred_vs_static=1.371  train/grad_norm=1.459  train/lr=2.413e-05  train/samples_per_sec=304.2
2026-10-04 14:32:54 [   1960] train/loss=0.2907  train/pred_loss=0.03158  train/sigreg_loss=2.881  train/emb_std=0.9805  train/emb_norm=13.42  train/pred_vs_static=1.378  train/grad_norm=1.425  train/lr=2.438e-05  train/samples_per_sec=304.2
2026-10-04 14:33:02 [   1980] train/loss=0.2889  train/pred_loss=0.03127  train/sigreg_loss=2.865  train/emb_std=0.984  train/emb_norm=13.49  train/pred_vs_static=1.425  train/grad_norm=1.474  train/lr=2.463e-05  train/samples_per_sec=304.3
2026-10-04 14:33:10 [   2000] train/loss=0.2836  train/pred_loss=0.03091  train/sigreg_loss=2.809  train/emb_std=0.9832  train/emb_norm=13.47  train/pred_vs_static=1.418  train/grad_norm=1.476  train/lr=2.488e-05  train/samples_per_sec=304.3
2026-10-04 14:33:10 [   2000] train_epoch/loss=0.9428  train_epoch/pred_loss=0.15  train_epoch/sigreg_loss=8.808  train_epoch/emb_std=0.8471  train_epoch/emb_norm=11.56  train_epoch/pred_vs_static=1.483  train_epoch/grad_norm=8.562  train_epoch/lr=1.251e-05  train_epoch/epoch=0
2026-10-04 14:33:23 [   2000] val/loss=6.223  val/pred_loss=0.04317  val/sigreg_loss=68.61  val/emb_std=0.544  val/emb_norm=13.23  val/pred_vs_static=1.674  val/epoch=0
2026-10-04 14:33:23 epoch   0 | val pred_vs_static 1.67379 | best 1.67379 @ epoch 0 | saved epoch_000.pt
2026-10-04 14:33:34 [   2020] train/loss=0.2777  train/pred_loss=0.03031  train/sigreg_loss=2.75  train/emb_std=0.9885  train/emb_norm=13.53  train/pred_vs_static=1.373  train/grad_norm=1.387  train/lr=2.513e-05  train/samples_per_sec=238.8
2026-10-04 14:33:42 [   2040] train/loss=0.277  train/pred_loss=0.02899  train/sigreg_loss=2.756  train/emb_std=0.9795  train/emb_norm=13.42  train/pred_vs_static=1.407  train/grad_norm=1.397  train/lr=2.538e-05  train/samples_per_sec=269.4
2026-10-04 14:33:51 [   2060] train/loss=0.2773  train/pred_loss=0.03029  train/sigreg_loss=2.745  train/emb_std=0.9809  train/emb_norm=13.45  train/pred_vs_static=1.368  train/grad_norm=1.392  train/lr=2.563e-05  train/samples_per_sec=281.4
2026-10-04 14:33:59 [   2080] train/loss=0.2779  train/pred_loss=0.02849  train/sigreg_loss=2.772  train/emb_std=0.9789  train/emb_norm=13.45  train/pred_vs_static=1.385  train/grad_norm=1.359  train/lr=2.588e-05  train/samples_per_sec=287.7
2026-10-04 14:34:07 [   2100] train/loss=0.2743  train/pred_loss=0.02832  train/sigreg_loss=2.733  train/emb_std=0.9842  train/emb_norm=13.49  train/pred_vs_static=1.419  train/grad_norm=1.419  train/lr=2.613e-05  train/samples_per_sec=291.7
2026-10-04 14:34:15 [   2120] train/loss=0.2684  train/pred_loss=0.02816  train/sigreg_loss=2.67  train/emb_std=0.9799  train/emb_norm=13.46  train/pred_vs_static=1.404  train/grad_norm=1.336  train/lr=2.638e-05  train/samples_per_sec=294.4
2026-10-04 14:34:24 [   2140] train/loss=0.266  train/pred_loss=0.02769  train/sigreg_loss=2.648  train/emb_std=0.9797  train/emb_norm=13.46  train/pred_vs_static=1.395  train/grad_norm=1.353  train/lr=2.663e-05  train/samples_per_sec=296.3
2026-10-04 14:34:32 [   2160] train/loss=0.2671  train/pred_loss=0.028  train/sigreg_loss=2.657  train/emb_std=0.9832  train/emb_norm=13.48  train/pred_vs_static=1.377  train/grad_norm=1.32  train/lr=2.688e-05  train/samples_per_sec=297.8
2026-10-04 14:34:40 [   2180] train/loss=0.2654  train/pred_loss=0.02764  train/sigreg_loss=2.642  train/emb_std=0.9828  train/emb_norm=13.48  train/pred_vs_static=1.427  train/grad_norm=1.332  train/lr=2.713e-05  train/samples_per_sec=299
2026-10-04 14:34:49 [   2200] train/loss=0.2647  train/pred_loss=0.02778  train/sigreg_loss=2.633  train/emb_std=0.9818  train/emb_norm=13.49  train/pred_vs_static=1.415  train/grad_norm=1.331  train/lr=2.738e-05  train/samples_per_sec=299.9
2026-10-04 14:34:57 [   2220] train/loss=0.259  train/pred_loss=0.02693  train/sigreg_loss=2.577  train/emb_std=0.982  train/emb_norm=13.48  train/pred_vs_static=1.417  train/grad_norm=1.249  train/lr=2.763e-05  train/samples_per_sec=300.7
2026-10-04 14:35:05 [   2240] train/loss=0.257  train/pred_loss=0.02612  train/sigreg_loss=2.566  train/emb_std=0.9809  train/emb_norm=13.46  train/pred_vs_static=1.406  train/grad_norm=1.286  train/lr=2.788e-05  train/samples_per_sec=301.3
2026-10-04 14:35:14 [   2260] train/loss=0.2523  train/pred_loss=0.02666  train/sigreg_loss=2.507  train/emb_std=0.9805  train/emb_norm=13.45  train/pred_vs_static=1.406  train/grad_norm=1.249  train/lr=2.813e-05  train/samples_per_sec=301.8
2026-10-04 14:35:22 [   2280] train/loss=0.2547  train/pred_loss=0.02644  train/sigreg_loss=2.536  train/emb_std=0.9865  train/emb_norm=13.54  train/pred_vs_static=1.419  train/grad_norm=1.302  train/lr=2.838e-05  train/samples_per_sec=302.3
2026-10-04 14:35:30 [   2300] train/loss=0.2513  train/pred_loss=0.02649  train/sigreg_loss=2.498  train/emb_std=0.983  train/emb_norm=13.51  train/pred_vs_static=1.409  train/grad_norm=1.248  train/lr=2.863e-05  train/samples_per_sec=302.7
2026-10-04 14:35:38 [   2320] train/loss=0.2484  train/pred_loss=0.02567  train/sigreg_loss=2.475  train/emb_std=0.9781  train/emb_norm=13.46  train/pred_vs_static=1.427  train/grad_norm=1.217  train/lr=2.888e-05  train/samples_per_sec=303.1
2026-10-04 14:35:47 [   2340] train/loss=0.2464  train/pred_loss=0.02521  train/sigreg_loss=2.459  train/emb_std=0.9828  train/emb_norm=13.51  train/pred_vs_static=1.426  train/grad_norm=1.202  train/lr=2.913e-05  train/samples_per_sec=303.4
2026-10-04 14:35:55 [   2360] train/loss=0.2441  train/pred_loss=0.02456  train/sigreg_loss=2.44  train/emb_std=0.9805  train/emb_norm=13.48  train/pred_vs_static=1.419  train/grad_norm=1.194  train/lr=2.938e-05  train/samples_per_sec=303.7
2026-10-04 14:36:03 [   2380] train/loss=0.2421  train/pred_loss=0.02495  train/sigreg_loss=2.413  train/emb_std=0.9834  train/emb_norm=13.52  train/pred_vs_static=1.439  train/grad_norm=1.216  train/lr=2.963e-05  train/samples_per_sec=303.9
2026-10-04 14:36:12 [   2400] train/loss=0.2368  train/pred_loss=0.02389  train/sigreg_loss=2.366  train/emb_std=0.9799  train/emb_norm=13.5  train/pred_vs_static=1.435  train/grad_norm=1.159  train/lr=2.988e-05  train/samples_per_sec=304.2
2026-10-04 14:36:20 [   2420] train/loss=0.2385  train/pred_loss=0.0246  train/sigreg_loss=2.377  train/emb_std=0.9828  train/emb_norm=13.51  train/pred_vs_static=1.438  train/grad_norm=1.201  train/lr=3.013e-05  train/samples_per_sec=304.4
2026-10-04 14:36:28 [   2440] train/loss=0.2365  train/pred_loss=0.02396  train/sigreg_loss=2.362  train/emb_std=0.9799  train/emb_norm=13.47  train/pred_vs_static=1.445  train/grad_norm=1.165  train/lr=3.038e-05  train/samples_per_sec=304.5
2026-10-04 14:36:37 [   2460] train/loss=0.2373  train/pred_loss=0.02425  train/sigreg_loss=2.368  train/emb_std=0.9836  train/emb_norm=13.53  train/pred_vs_static=1.452  train/grad_norm=1.172  train/lr=3.063e-05  train/samples_per_sec=304.7
2026-10-04 14:36:45 [   2480] train/loss=0.2342  train/pred_loss=0.0235  train/sigreg_loss=2.341  train/emb_std=0.9826  train/emb_norm=13.51  train/pred_vs_static=1.484  train/grad_norm=1.174  train/lr=3.088e-05  train/samples_per_sec=304.9
2026-10-04 14:36:53 [   2500] train/loss=0.2339  train/pred_loss=0.02362  train/sigreg_loss=2.335  train/emb_std=0.9818  train/emb_norm=13.5  train/pred_vs_static=1.474  train/grad_norm=1.162  train/lr=3.113e-05  train/samples_per_sec=305
2026-10-04 14:37:01 [   2520] train/loss=0.2307  train/pred_loss=0.02284  train/sigreg_loss=2.309  train/emb_std=0.9836  train/emb_norm=13.52  train/pred_vs_static=1.491  train/grad_norm=1.145  train/lr=3.138e-05  train/samples_per_sec=305.2
2026-10-04 14:37:10 [   2540] train/loss=0.2321  train/pred_loss=0.02351  train/sigreg_loss=2.317  train/emb_std=0.983  train/emb_norm=13.53  train/pred_vs_static=1.448  train/grad_norm=1.128  train/lr=3.163e-05  train/samples_per_sec=305.3
2026-10-04 14:37:18 [   2560] train/loss=0.2273  train/pred_loss=0.02271  train/sigreg_loss=2.273  train/emb_std=0.9812  train/emb_norm=13.51  train/pred_vs_static=1.508  train/grad_norm=1.137  train/lr=3.188e-05  train/samples_per_sec=305.4
2026-10-04 14:37:26 [   2580] train/loss=0.2235  train/pred_loss=0.02285  train/sigreg_loss=2.23  train/emb_std=0.9814  train/emb_norm=13.52  train/pred_vs_static=1.448  train/grad_norm=1.113  train/lr=3.213e-05  train/samples_per_sec=305.5
2026-10-04 14:37:35 [   2600] train/loss=0.2263  train/pred_loss=0.02226  train/sigreg_loss=2.268  train/emb_std=0.9814  train/emb_norm=13.53  train/pred_vs_static=1.469  train/grad_norm=1.128  train/lr=3.238e-05  train/samples_per_sec=305.6
2026-10-04 14:37:43 [   2620] train/loss=0.2211  train/pred_loss=0.02212  train/sigreg_loss=2.212  train/emb_std=0.9818  train/emb_norm=13.54  train/pred_vs_static=1.491  train/grad_norm=1.103  train/lr=3.263e-05  train/samples_per_sec=305.7
2026-10-04 14:37:51 [   2640] train/loss=0.2239  train/pred_loss=0.0224  train/sigreg_loss=2.238  train/emb_std=0.9818  train/emb_norm=13.52  train/pred_vs_static=1.493  train/grad_norm=1.115  train/lr=3.288e-05  train/samples_per_sec=305.8
2026-10-04 14:38:00 [   2660] train/loss=0.2225  train/pred_loss=0.0228  train/sigreg_loss=2.22  train/emb_std=0.983  train/emb_norm=13.53  train/pred_vs_static=1.477  train/grad_norm=1.066  train/lr=3.313e-05  train/samples_per_sec=305.9
2026-10-04 14:38:08 [   2680] train/loss=0.2169  train/pred_loss=0.02179  train/sigreg_loss=2.167  train/emb_std=0.9826  train/emb_norm=13.55  train/pred_vs_static=1.481  train/grad_norm=1.045  train/lr=3.338e-05  train/samples_per_sec=305.9
2026-10-04 14:38:16 [   2700] train/loss=0.216  train/pred_loss=0.0215  train/sigreg_loss=2.16  train/emb_std=0.9832  train/emb_norm=13.53  train/pred_vs_static=1.482  train/grad_norm=1.085  train/lr=3.363e-05  train/samples_per_sec=306
2026-10-04 14:38:24 [   2720] train/loss=0.2164  train/pred_loss=0.02211  train/sigreg_loss=2.159  train/emb_std=0.9797  train/emb_norm=13.5  train/pred_vs_static=1.478  train/grad_norm=1.074  train/lr=3.388e-05  train/samples_per_sec=306.1
2026-10-04 14:38:33 [   2740] train/loss=0.2158  train/pred_loss=0.02145  train/sigreg_loss=2.159  train/emb_std=0.9816  train/emb_norm=13.54  train/pred_vs_static=1.493  train/grad_norm=1.094  train/lr=3.413e-05  train/samples_per_sec=306.2
2026-10-04 14:38:41 [   2760] train/loss=0.2122  train/pred_loss=0.02158  train/sigreg_loss=2.118  train/emb_std=0.9826  train/emb_norm=13.54  train/pred_vs_static=1.453  train/grad_norm=1.041  train/lr=3.438e-05  train/samples_per_sec=306.2
2026-10-04 14:38:49 [   2780] train/loss=0.2106  train/pred_loss=0.02074  train/sigreg_loss=2.109  train/emb_std=0.9838  train/emb_norm=13.56  train/pred_vs_static=1.503  train/grad_norm=1.014  train/lr=3.463e-05  train/samples_per_sec=306.3
2026-10-04 14:38:58 [   2800] train/loss=0.212  train/pred_loss=0.02038  train/sigreg_loss=2.129  train/emb_std=0.9816  train/emb_norm=13.53  train/pred_vs_static=1.513  train/grad_norm=1.043  train/lr=3.488e-05  train/samples_per_sec=306.3
2026-10-04 14:39:06 [   2820] train/loss=0.2115  train/pred_loss=0.02007  train/sigreg_loss=2.126  train/emb_std=0.9816  train/emb_norm=13.54  train/pred_vs_static=1.506  train/grad_norm=1.033  train/lr=3.513e-05  train/samples_per_sec=306.4
2026-10-04 14:39:14 [   2840] train/loss=0.212  train/pred_loss=0.02117  train/sigreg_loss=2.121  train/emb_std=0.9803  train/emb_norm=13.51  train/pred_vs_static=1.505  train/grad_norm=1.032  train/lr=3.538e-05  train/samples_per_sec=306.4
2026-10-04 14:39:22 [   2860] train/loss=0.2086  train/pred_loss=0.02028  train/sigreg_loss=2.093  train/emb_std=0.9793  train/emb_norm=13.52  train/pred_vs_static=1.522  train/grad_norm=1.013  train/lr=3.563e-05  train/samples_per_sec=306.5
2026-10-04 14:39:31 [   2880] train/loss=0.2042  train/pred_loss=0.01962  train/sigreg_loss=2.051  train/emb_std=0.9826  train/emb_norm=13.53  train/pred_vs_static=1.539  train/grad_norm=1.001  train/lr=3.588e-05  train/samples_per_sec=306.5
2026-10-04 14:39:39 [   2900] train/loss=0.2092  train/pred_loss=0.01976  train/sigreg_loss=2.104  train/emb_std=0.9828  train/emb_norm=13.56  train/pred_vs_static=1.524  train/grad_norm=1.011  train/lr=3.613e-05  train/samples_per_sec=306.6
2026-10-04 14:39:47 [   2920] train/loss=0.2035  train/pred_loss=0.01968  train/sigreg_loss=2.042  train/emb_std=0.9824  train/emb_norm=13.55  train/pred_vs_static=1.497  train/grad_norm=0.9823  train/lr=3.638e-05  train/samples_per_sec=306.6
2026-10-04 14:39:56 [   2940] train/loss=0.2042  train/pred_loss=0.01961  train/sigreg_loss=2.05  train/emb_std=0.9811  train/emb_norm=13.54  train/pred_vs_static=1.508  train/grad_norm=0.973  train/lr=3.663e-05  train/samples_per_sec=306.7
2026-10-04 14:40:04 [   2960] train/loss=0.2016  train/pred_loss=0.0199  train/sigreg_loss=2.019  train/emb_std=0.9809  train/emb_norm=13.53  train/pred_vs_static=1.527  train/grad_norm=0.9904  train/lr=3.688e-05  train/samples_per_sec=306.7
2026-10-04 14:40:12 [   2980] train/loss=0.2043  train/pred_loss=0.01971  train/sigreg_loss=2.051  train/emb_std=0.982  train/emb_norm=13.56  train/pred_vs_static=1.507  train/grad_norm=1.006  train/lr=3.713e-05  train/samples_per_sec=306.7
2026-10-04 14:40:21 [   3000] train/loss=0.2019  train/pred_loss=0.01943  train/sigreg_loss=2.027  train/emb_std=0.9807  train/emb_norm=13.53  train/pred_vs_static=1.509  train/grad_norm=0.9984  train/lr=3.738e-05  train/samples_per_sec=306.8
2026-10-04 14:40:29 [   3020] train/loss=0.1983  train/pred_loss=0.01956  train/sigreg_loss=1.986  train/emb_std=0.9816  train/emb_norm=13.54  train/pred_vs_static=1.531  train/grad_norm=0.9857  train/lr=3.763e-05  train/samples_per_sec=306.8
2026-10-04 14:40:37 [   3040] train/loss=0.1998  train/pred_loss=0.0197  train/sigreg_loss=2  train/emb_std=0.9822  train/emb_norm=13.56  train/pred_vs_static=1.528  train/grad_norm=1.002  train/lr=3.788e-05  train/samples_per_sec=306.8
2026-10-04 14:40:45 [   3060] train/loss=0.2004  train/pred_loss=0.01867  train/sigreg_loss=2.019  train/emb_std=0.9805  train/emb_norm=13.54  train/pred_vs_static=1.585  train/grad_norm=0.9835  train/lr=3.813e-05  train/samples_per_sec=306.9
2026-10-04 14:40:54 [   3080] train/loss=0.1973  train/pred_loss=0.01893  train/sigreg_loss=1.981  train/emb_std=0.9816  train/emb_norm=13.54  train/pred_vs_static=1.567  train/grad_norm=0.9747  train/lr=3.838e-05  train/samples_per_sec=306.9
2026-10-04 14:41:02 [   3100] train/loss=0.1982  train/pred_loss=0.01821  train/sigreg_loss=2  train/emb_std=0.9836  train/emb_norm=13.58  train/pred_vs_static=1.563  train/grad_norm=0.9553  train/lr=3.863e-05  train/samples_per_sec=306.9
2026-10-04 14:41:10 [   3120] train/loss=0.1963  train/pred_loss=0.01853  train/sigreg_loss=1.975  train/emb_std=0.9822  train/emb_norm=13.56  train/pred_vs_static=1.554  train/grad_norm=0.9544  train/lr=3.888e-05  train/samples_per_sec=307
2026-10-04 14:41:19 [   3140] train/loss=0.1999  train/pred_loss=0.0188  train/sigreg_loss=2.012  train/emb_std=0.9783  train/emb_norm=13.52  train/pred_vs_static=1.554  train/grad_norm=1.009  train/lr=3.913e-05  train/samples_per_sec=307
2026-10-04 14:41:27 [   3160] train/loss=0.1964  train/pred_loss=0.01847  train/sigreg_loss=1.976  train/emb_std=0.9818  train/emb_norm=13.56  train/pred_vs_static=1.566  train/grad_norm=0.9451  train/lr=3.938e-05  train/samples_per_sec=307
2026-10-04 14:41:35 [   3180] train/loss=0.1937  train/pred_loss=0.01872  train/sigreg_loss=1.945  train/emb_std=0.9797  train/emb_norm=13.54  train/pred_vs_static=1.583  train/grad_norm=0.947  train/lr=3.963e-05  train/samples_per_sec=307
2026-10-04 14:41:44 [   3200] train/loss=0.1915  train/pred_loss=0.0181  train/sigreg_loss=1.927  train/emb_std=0.9795  train/emb_norm=13.54  train/pred_vs_static=1.582  train/grad_norm=0.933  train/lr=3.988e-05  train/samples_per_sec=307.1
2026-10-04 14:41:52 [   3220] train/loss=0.1902  train/pred_loss=0.01805  train/sigreg_loss=1.914  train/emb_std=0.9814  train/emb_norm=13.57  train/pred_vs_static=1.561  train/grad_norm=0.94  train/lr=4.013e-05  train/samples_per_sec=307.1
2026-10-04 14:42:00 [   3240] train/loss=0.1899  train/pred_loss=0.018  train/sigreg_loss=1.909  train/emb_std=0.9816  train/emb_norm=13.56  train/pred_vs_static=1.553  train/grad_norm=0.936  train/lr=4.038e-05  train/samples_per_sec=307.1
2026-10-04 14:42:08 [   3260] train/loss=0.1934  train/pred_loss=0.01837  train/sigreg_loss=1.946  train/emb_std=0.9777  train/emb_norm=13.51  train/pred_vs_static=1.622  train/grad_norm=0.9712  train/lr=4.063e-05  train/samples_per_sec=307.1
2026-10-04 14:42:17 [   3280] train/loss=0.1893  train/pred_loss=0.0179  train/sigreg_loss=1.904  train/emb_std=0.9795  train/emb_norm=13.55  train/pred_vs_static=1.584  train/grad_norm=0.9311  train/lr=4.088e-05  train/samples_per_sec=307.2
2026-10-04 14:42:25 [   3300] train/loss=0.188  train/pred_loss=0.01764  train/sigreg_loss=1.893  train/emb_std=0.9809  train/emb_norm=13.57  train/pred_vs_static=1.581  train/grad_norm=0.9195  train/lr=4.113e-05  train/samples_per_sec=307.2
2026-10-04 14:42:33 [   3320] train/loss=0.185  train/pred_loss=0.01732  train/sigreg_loss=1.863  train/emb_std=0.9801  train/emb_norm=13.55  train/pred_vs_static=1.601  train/grad_norm=0.9128  train/lr=4.138e-05  train/samples_per_sec=307.2
2026-10-04 14:42:42 [   3340] train/loss=0.187  train/pred_loss=0.01831  train/sigreg_loss=1.875  train/emb_std=0.9816  train/emb_norm=13.57  train/pred_vs_static=1.569  train/grad_norm=0.9071  train/lr=4.163e-05  train/samples_per_sec=307.2
2026-10-04 14:42:50 [   3360] train/loss=0.1829  train/pred_loss=0.01705  train/sigreg_loss=1.844  train/emb_std=0.9791  train/emb_norm=13.55  train/pred_vs_static=1.586  train/grad_norm=0.8858  train/lr=4.188e-05  train/samples_per_sec=307.2
2026-10-04 14:42:58 [   3380] train/loss=0.1844  train/pred_loss=0.0175  train/sigreg_loss=1.854  train/emb_std=0.9811  train/emb_norm=13.55  train/pred_vs_static=1.576  train/grad_norm=0.9166  train/lr=4.213e-05  train/samples_per_sec=307.3
2026-10-04 14:43:06 [   3400] train/loss=0.1841  train/pred_loss=0.0174  train/sigreg_loss=1.852  train/emb_std=0.9818  train/emb_norm=13.57  train/pred_vs_static=1.57  train/grad_norm=0.9197  train/lr=4.238e-05  train/samples_per_sec=307.3
2026-10-04 14:43:15 [   3420] train/loss=0.1813  train/pred_loss=0.01704  train/sigreg_loss=1.825  train/emb_std=0.9816  train/emb_norm=13.57  train/pred_vs_static=1.596  train/grad_norm=0.9029  train/lr=4.263e-05  train/samples_per_sec=307.3
2026-10-04 14:43:23 [   3440] train/loss=0.1799  train/pred_loss=0.01685  train/sigreg_loss=1.812  train/emb_std=0.9795  train/emb_norm=13.54  train/pred_vs_static=1.541  train/grad_norm=0.8939  train/lr=4.288e-05  train/samples_per_sec=307.3
2026-10-04 14:43:31 [   3460] train/loss=0.1821  train/pred_loss=0.01662  train/sigreg_loss=1.839  train/emb_std=0.9805  train/emb_norm=13.56  train/pred_vs_static=1.608  train/grad_norm=0.8883  train/lr=4.313e-05  train/samples_per_sec=307.3
2026-10-04 14:43:40 [   3480] train/loss=0.1781  train/pred_loss=0.0164  train/sigreg_loss=1.797  train/emb_std=0.9809  train/emb_norm=13.57  train/pred_vs_static=1.577  train/grad_norm=0.8614  train/lr=4.338e-05  train/samples_per_sec=307.3
2026-10-04 14:43:48 [   3500] train/loss=0.1806  train/pred_loss=0.01645  train/sigreg_loss=1.824  train/emb_std=0.9789  train/emb_norm=13.55  train/pred_vs_static=1.594  train/grad_norm=0.8674  train/lr=4.363e-05  train/samples_per_sec=307.4
2026-10-04 14:43:56 [   3520] train/loss=0.1792  train/pred_loss=0.01698  train/sigreg_loss=1.804  train/emb_std=0.9789  train/emb_norm=13.55  train/pred_vs_static=1.62  train/grad_norm=0.9136  train/lr=4.388e-05  train/samples_per_sec=307.4
2026-10-04 14:44:05 [   3540] train/loss=0.1782  train/pred_loss=0.01652  train/sigreg_loss=1.796  train/emb_std=0.9803  train/emb_norm=13.57  train/pred_vs_static=1.598  train/grad_norm=0.8698  train/lr=4.413e-05  train/samples_per_sec=307.4
2026-10-04 14:44:13 [   3560] train/loss=0.1787  train/pred_loss=0.01642  train/sigreg_loss=1.802  train/emb_std=0.9787  train/emb_norm=13.56  train/pred_vs_static=1.627  train/grad_norm=0.8755  train/lr=4.438e-05  train/samples_per_sec=307.4
2026-10-04 14:44:21 [   3580] train/loss=0.1774  train/pred_loss=0.01658  train/sigreg_loss=1.787  train/emb_std=0.9791  train/emb_norm=13.54  train/pred_vs_static=1.661  train/grad_norm=0.8942  train/lr=4.463e-05  train/samples_per_sec=307.4
2026-10-04 14:44:29 [   3600] train/loss=0.1775  train/pred_loss=0.01723  train/sigreg_loss=1.78  train/emb_std=0.9797  train/emb_norm=13.55  train/pred_vs_static=1.585  train/grad_norm=0.879  train/lr=4.488e-05  train/samples_per_sec=307.4
2026-10-04 14:44:38 [   3620] train/loss=0.1755  train/pred_loss=0.0169  train/sigreg_loss=1.762  train/emb_std=0.9807  train/emb_norm=13.58  train/pred_vs_static=1.608  train/grad_norm=0.8519  train/lr=4.513e-05  train/samples_per_sec=307.4
2026-10-04 14:44:46 [   3640] train/loss=0.1794  train/pred_loss=0.01704  train/sigreg_loss=1.804  train/emb_std=0.9783  train/emb_norm=13.55  train/pred_vs_static=1.632  train/grad_norm=0.8838  train/lr=4.538e-05  train/samples_per_sec=307.5
2026-10-04 14:44:54 [   3660] train/loss=0.1746  train/pred_loss=0.01693  train/sigreg_loss=1.753  train/emb_std=0.9783  train/emb_norm=13.55  train/pred_vs_static=1.661  train/grad_norm=0.8712  train/lr=4.563e-05  train/samples_per_sec=307.5
2026-10-04 14:45:03 [   3680] train/loss=0.1718  train/pred_loss=0.01621  train/sigreg_loss=1.727  train/emb_std=0.9797  train/emb_norm=13.57  train/pred_vs_static=1.614  train/grad_norm=0.8414  train/lr=4.588e-05  train/samples_per_sec=307.5
2026-10-04 14:45:11 [   3700] train/loss=0.1729  train/pred_loss=0.01608  train/sigreg_loss=1.741  train/emb_std=0.9781  train/emb_norm=13.55  train/pred_vs_static=1.687  train/grad_norm=0.8473  train/lr=4.613e-05  train/samples_per_sec=307.5
2026-10-04 14:45:19 [   3720] train/loss=0.1736  train/pred_loss=0.01595  train/sigreg_loss=1.75  train/emb_std=0.9805  train/emb_norm=13.58  train/pred_vs_static=1.658  train/grad_norm=0.8499  train/lr=4.638e-05  train/samples_per_sec=307.5
2026-10-04 14:45:28 [   3740] train/loss=0.1722  train/pred_loss=0.01614  train/sigreg_loss=1.735  train/emb_std=0.9801  train/emb_norm=13.57  train/pred_vs_static=1.64  train/grad_norm=0.8236  train/lr=4.663e-05  train/samples_per_sec=307.5
2026-10-04 14:45:36 [   3760] train/loss=0.1688  train/pred_loss=0.01577  train/sigreg_loss=1.7  train/emb_std=0.9795  train/emb_norm=13.56  train/pred_vs_static=1.644  train/grad_norm=0.8499  train/lr=4.688e-05  train/samples_per_sec=307.5
2026-10-04 14:45:44 [   3780] train/loss=0.1697  train/pred_loss=0.01539  train/sigreg_loss=1.715  train/emb_std=0.9826  train/emb_norm=13.6  train/pred_vs_static=1.616  train/grad_norm=0.8298  train/lr=4.713e-05  train/samples_per_sec=307.5
2026-10-04 14:45:52 [   3800] train/loss=0.1669  train/pred_loss=0.0157  train/sigreg_loss=1.681  train/emb_std=0.9803  train/emb_norm=13.58  train/pred_vs_static=1.602  train/grad_norm=0.8311  train/lr=4.738e-05  train/samples_per_sec=307.6
2026-10-04 14:46:01 [   3820] train/loss=0.1702  train/pred_loss=0.01584  train/sigreg_loss=1.715  train/emb_std=0.9801  train/emb_norm=13.57  train/pred_vs_static=1.647  train/grad_norm=0.8427  train/lr=4.763e-05  train/samples_per_sec=307.6
2026-10-04 14:46:09 [   3840] train/loss=0.1711  train/pred_loss=0.01584  train/sigreg_loss=1.725  train/emb_std=0.9781  train/emb_norm=13.56  train/pred_vs_static=1.683  train/grad_norm=0.8332  train/lr=4.788e-05  train/samples_per_sec=307.6
2026-10-04 14:46:17 [   3860] train/loss=0.1645  train/pred_loss=0.01569  train/sigreg_loss=1.654  train/emb_std=0.9797  train/emb_norm=13.56  train/pred_vs_static=1.645  train/grad_norm=0.809  train/lr=4.813e-05  train/samples_per_sec=307.6
2026-10-04 14:46:26 [   3880] train/loss=0.1691  train/pred_loss=0.0155  train/sigreg_loss=1.707  train/emb_std=0.9797  train/emb_norm=13.58  train/pred_vs_static=1.61  train/grad_norm=0.8491  train/lr=4.838e-05  train/samples_per_sec=307.6
2026-10-04 14:46:34 [   3900] train/loss=0.1672  train/pred_loss=0.01532  train/sigreg_loss=1.687  train/emb_std=0.9795  train/emb_norm=13.57  train/pred_vs_static=1.623  train/grad_norm=0.823  train/lr=4.863e-05  train/samples_per_sec=307.6
2026-10-04 14:46:42 [   3920] train/loss=0.1677  train/pred_loss=0.01552  train/sigreg_loss=1.691  train/emb_std=0.9787  train/emb_norm=13.56  train/pred_vs_static=1.663  train/grad_norm=0.8507  train/lr=4.888e-05  train/samples_per_sec=307.6
2026-10-04 14:46:51 [   3940] train/loss=0.169  train/pred_loss=0.01568  train/sigreg_loss=1.704  train/emb_std=0.9818  train/emb_norm=13.6  train/pred_vs_static=1.617  train/grad_norm=0.826  train/lr=4.913e-05  train/samples_per_sec=307.6
2026-10-04 14:46:59 [   3960] train/loss=0.1669  train/pred_loss=0.01597  train/sigreg_loss=1.677  train/emb_std=0.9791  train/emb_norm=13.56  train/pred_vs_static=1.65  train/grad_norm=0.8181  train/lr=4.938e-05  train/samples_per_sec=307.6
2026-10-04 14:47:07 [   3980] train/loss=0.1664  train/pred_loss=0.01585  train/sigreg_loss=1.673  train/emb_std=0.9803  train/emb_norm=13.58  train/pred_vs_static=1.65  train/grad_norm=0.798  train/lr=4.963e-05  train/samples_per_sec=307.6
2026-10-04 14:47:15 [   4000] train/loss=0.1647  train/pred_loss=0.01532  train/sigreg_loss=1.66  train/emb_std=0.9785  train/emb_norm=13.55  train/pred_vs_static=1.671  train/grad_norm=0.7945  train/lr=4.988e-05  train/samples_per_sec=307.7
2026-10-04 14:47:15 [   4000] train_epoch/loss=0.208  train_epoch/pred_loss=0.02044  train_epoch/sigreg_loss=2.084  train_epoch/emb_std=0.981  train_epoch/emb_norm=13.53  train_epoch/pred_vs_static=1.531  train_epoch/grad_norm=1.027  train_epoch/lr=3.751e-05  train_epoch/epoch=1
2026-10-04 14:47:26 [   4000] val/loss=6.255  val/pred_loss=0.02713  val/sigreg_loss=69.24  val/emb_std=0.4882  val/emb_norm=12.69  val/pred_vs_static=2.338  val/epoch=1
2026-10-04 14:47:27 epoch   1 | val pred_vs_static 2.33778 | best 1.67379 @ epoch 0 | saved epoch_001.pt
2026-10-04 14:47:37 [   4020] train/loss=0.1628  train/pred_loss=0.01479  train/sigreg_loss=1.644  train/emb_std=0.9816  train/emb_norm=13.59  train/pred_vs_static=1.634  train/grad_norm=0.7827  train/lr=5e-05  train/samples_per_sec=241.4
2026-10-04 14:47:45 [   4040] train/loss=0.1639  train/pred_loss=0.01463  train/sigreg_loss=1.659  train/emb_std=0.9775  train/emb_norm=13.55  train/pred_vs_static=1.656  train/grad_norm=0.7874  train/lr=5e-05  train/samples_per_sec=270.9
2026-10-04 14:47:54 [   4060] train/loss=0.1605  train/pred_loss=0.01449  train/sigreg_loss=1.623  train/emb_std=0.982  train/emb_norm=13.6  train/pred_vs_static=1.678  train/grad_norm=0.789  train/lr=5e-05  train/samples_per_sec=282.4
2026-10-04 14:48:02 [   4080] train/loss=0.1609  train/pred_loss=0.01489  train/sigreg_loss=1.622  train/emb_std=0.9805  train/emb_norm=13.58  train/pred_vs_static=1.672  train/grad_norm=0.7792  train/lr=5e-05  train/samples_per_sec=288.6
2026-10-04 14:48:10 [   4100] train/loss=0.163  train/pred_loss=0.01518  train/sigreg_loss=1.641  train/emb_std=0.9824  train/emb_norm=13.59  train/pred_vs_static=1.639  train/grad_norm=0.7952  train/lr=5e-05  train/samples_per_sec=292.3
2026-10-04 14:48:19 [   4120] train/loss=0.1627  train/pred_loss=0.0153  train/sigreg_loss=1.637  train/emb_std=0.9816  train/emb_norm=13.59  train/pred_vs_static=1.681  train/grad_norm=0.8081  train/lr=5e-05  train/samples_per_sec=294.9
2026-10-04 14:48:27 [   4140] train/loss=0.1614  train/pred_loss=0.01448  train/sigreg_loss=1.631  train/emb_std=0.9803  train/emb_norm=13.59  train/pred_vs_static=1.685  train/grad_norm=0.7975  train/lr=5e-05  train/samples_per_sec=296.8
2026-10-04 14:48:35 [   4160] train/loss=0.1586  train/pred_loss=0.01442  train/sigreg_loss=1.602  train/emb_std=0.9791  train/emb_norm=13.57  train/pred_vs_static=1.705  train/grad_norm=0.7949  train/lr=5e-05  train/samples_per_sec=298.2
2026-10-04 14:48:44 [   4180] train/loss=0.1608  train/pred_loss=0.01433  train/sigreg_loss=1.627  train/emb_std=0.9814  train/emb_norm=13.6  train/pred_vs_static=1.653  train/grad_norm=0.7736  train/lr=5e-05  train/samples_per_sec=299.3
2026-10-04 14:48:52 [   4200] train/loss=0.1571  train/pred_loss=0.01417  train/sigreg_loss=1.588  train/emb_std=0.9801  train/emb_norm=13.58  train/pred_vs_static=1.666  train/grad_norm=0.755  train/lr=5e-05  train/samples_per_sec=300.2
2026-10-04 14:49:00 [   4220] train/loss=0.1562  train/pred_loss=0.01405  train/sigreg_loss=1.581  train/emb_std=0.9805  train/emb_norm=13.58  train/pred_vs_static=1.619  train/grad_norm=0.7446  train/lr=5e-05  train/samples_per_sec=301
2026-10-04 14:49:08 [   4240] train/loss=0.1606  train/pred_loss=0.01418  train/sigreg_loss=1.627  train/emb_std=0.9824  train/emb_norm=13.6  train/pred_vs_static=1.688  train/grad_norm=0.7952  train/lr=5e-05  train/samples_per_sec=301.6
2026-10-04 14:49:17 [   4260] train/loss=0.1579  train/pred_loss=0.0144  train/sigreg_loss=1.596  train/emb_std=0.9803  train/emb_norm=13.58  train/pred_vs_static=1.773  train/grad_norm=0.7909  train/lr=5e-05  train/samples_per_sec=302.1
2026-10-04 14:49:25 [   4280] train/loss=0.1549  train/pred_loss=0.01393  train/sigreg_loss=1.566  train/emb_std=0.9805  train/emb_norm=13.58  train/pred_vs_static=1.684  train/grad_norm=0.7675  train/lr=5e-05  train/samples_per_sec=302.5
2026-10-04 14:49:33 [   4300] train/loss=0.1557  train/pred_loss=0.0137  train/sigreg_loss=1.579  train/emb_std=0.9797  train/emb_norm=13.58  train/pred_vs_static=1.691  train/grad_norm=0.7771  train/lr=5e-05  train/samples_per_sec=302.9
2026-10-04 14:49:42 [   4320] train/loss=0.1573  train/pred_loss=0.01417  train/sigreg_loss=1.591  train/emb_std=0.9826  train/emb_norm=13.61  train/pred_vs_static=1.705  train/grad_norm=0.7664  train/lr=5e-05  train/samples_per_sec=303.3
2026-10-04 14:49:50 [   4340] train/loss=0.1565  train/pred_loss=0.01315  train/sigreg_loss=1.592  train/emb_std=0.9838  train/emb_norm=13.61  train/pred_vs_static=1.721  train/grad_norm=0.7459  train/lr=5e-05  train/samples_per_sec=303.6
2026-10-04 14:49:58 [   4360] train/loss=0.1544  train/pred_loss=0.01385  train/sigreg_loss=1.561  train/emb_std=0.9814  train/emb_norm=13.59  train/pred_vs_static=1.659  train/grad_norm=0.7414  train/lr=5e-05  train/samples_per_sec=303.9
2026-10-04 14:50:07 [   4380] train/loss=0.1562  train/pred_loss=0.01377  train/sigreg_loss=1.582  train/emb_std=0.9812  train/emb_norm=13.59  train/pred_vs_static=1.72  train/grad_norm=0.7597  train/lr=5e-05  train/samples_per_sec=304.1
2026-10-04 14:50:15 [   4400] train/loss=0.1531  train/pred_loss=0.0134  train/sigreg_loss=1.553  train/emb_std=0.9805  train/emb_norm=13.58  train/pred_vs_static=1.743  train/grad_norm=0.7582  train/lr=5e-05  train/samples_per_sec=304.3
2026-10-04 14:50:23 [   4420] train/loss=0.1512  train/pred_loss=0.01345  train/sigreg_loss=1.531  train/emb_std=0.9809  train/emb_norm=13.59  train/pred_vs_static=1.67  train/grad_norm=0.7251  train/lr=5e-05  train/samples_per_sec=304.5
2026-10-04 14:50:31 [   4440] train/loss=0.1548  train/pred_loss=0.01352  train/sigreg_loss=1.57  train/emb_std=0.9809  train/emb_norm=13.58  train/pred_vs_static=1.659  train/grad_norm=0.7337  train/lr=5e-05  train/samples_per_sec=304.7
2026-10-04 14:50:40 [   4460] train/loss=0.1557  train/pred_loss=0.01348  train/sigreg_loss=1.58  train/emb_std=0.9824  train/emb_norm=13.6  train/pred_vs_static=1.708  train/grad_norm=0.7562  train/lr=5e-05  train/samples_per_sec=304.9
2026-10-04 14:50:48 [   4480] train/loss=0.1514  train/pred_loss=0.01321  train/sigreg_loss=1.535  train/emb_std=0.9801  train/emb_norm=13.58  train/pred_vs_static=1.699  train/grad_norm=0.7409  train/lr=5e-05  train/samples_per_sec=305
2026-10-04 14:50:56 [   4500] train/loss=0.1545  train/pred_loss=0.01343  train/sigreg_loss=1.568  train/emb_std=0.9811  train/emb_norm=13.57  train/pred_vs_static=1.713  train/grad_norm=0.7521  train/lr=5e-05  train/samples_per_sec=305.2
2026-10-04 14:51:05 [   4520] train/loss=0.1527  train/pred_loss=0.01333  train/sigreg_loss=1.548  train/emb_std=0.9822  train/emb_norm=13.6  train/pred_vs_static=1.664  train/grad_norm=0.7344  train/lr=5e-05  train/samples_per_sec=305.3
2026-10-04 14:51:13 [   4540] train/loss=0.1535  train/pred_loss=0.01308  train/sigreg_loss=1.559  train/emb_std=0.9828  train/emb_norm=13.61  train/pred_vs_static=1.73  train/grad_norm=0.7418  train/lr=5e-05  train/samples_per_sec=305.4
2026-10-04 14:51:21 [   4560] train/loss=0.1505  train/pred_loss=0.01302  train/sigreg_loss=1.526  train/emb_std=0.982  train/emb_norm=13.6  train/pred_vs_static=1.703  train/grad_norm=0.7298  train/lr=5e-05  train/samples_per_sec=305.5
2026-10-04 14:51:30 [   4580] train/loss=0.1496  train/pred_loss=0.01267  train/sigreg_loss=1.52  train/emb_std=0.9842  train/emb_norm=13.62  train/pred_vs_static=1.716  train/grad_norm=0.719  train/lr=5e-05  train/samples_per_sec=305.6
2026-10-04 14:51:38 [   4600] train/loss=0.1509  train/pred_loss=0.01262  train/sigreg_loss=1.536  train/emb_std=0.9838  train/emb_norm=13.62  train/pred_vs_static=1.671  train/grad_norm=0.729  train/lr=5e-05  train/samples_per_sec=305.7
2026-10-04 14:51:46 [   4620] train/loss=0.1513  train/pred_loss=0.01289  train/sigreg_loss=1.537  train/emb_std=0.9838  train/emb_norm=13.6  train/pred_vs_static=1.74  train/grad_norm=0.757  train/lr=5e-05  train/samples_per_sec=305.8
2026-10-04 14:51:54 [   4640] train/loss=0.1498  train/pred_loss=0.01349  train/sigreg_loss=1.514  train/emb_std=0.9846  train/emb_norm=13.62  train/pred_vs_static=1.709  train/grad_norm=0.729  train/lr=5e-05  train/samples_per_sec=305.9
2026-10-04 14:52:03 [   4660] train/loss=0.1519  train/pred_loss=0.01296  train/sigreg_loss=1.545  train/emb_std=0.9832  train/emb_norm=13.61  train/pred_vs_static=1.729  train/grad_norm=0.7493  train/lr=5e-05  train/samples_per_sec=306
2026-10-04 14:52:11 [   4680] train/loss=0.1477  train/pred_loss=0.01228  train/sigreg_loss=1.504  train/emb_std=0.9832  train/emb_norm=13.6  train/pred_vs_static=1.726  train/grad_norm=0.7379  train/lr=5e-05  train/samples_per_sec=306
2026-10-04 14:52:19 [   4700] train/loss=0.1487  train/pred_loss=0.01277  train/sigreg_loss=1.509  train/emb_std=0.9832  train/emb_norm=13.61  train/pred_vs_static=1.713  train/grad_norm=0.7421  train/lr=5e-05  train/samples_per_sec=306.1
2026-10-04 14:52:28 [   4720] train/loss=0.1478  train/pred_loss=0.01262  train/sigreg_loss=1.503  train/emb_std=0.9818  train/emb_norm=13.6  train/pred_vs_static=1.7  train/grad_norm=0.7266  train/lr=5e-05  train/samples_per_sec=306.2
2026-10-04 14:52:36 [   4740] train/loss=0.148  train/pred_loss=0.01223  train/sigreg_loss=1.509  train/emb_std=0.9822  train/emb_norm=13.61  train/pred_vs_static=1.715  train/grad_norm=0.7186  train/lr=5e-05  train/samples_per_sec=306.2
2026-10-04 14:52:44 [   4760] train/loss=0.1503  train/pred_loss=0.01254  train/sigreg_loss=1.53  train/emb_std=0.9793  train/emb_norm=13.56  train/pred_vs_static=1.761  train/grad_norm=0.749  train/lr=5e-05  train/samples_per_sec=306.3
2026-10-04 14:52:52 [   4780] train/loss=0.1475  train/pred_loss=0.01261  train/sigreg_loss=1.498  train/emb_std=0.9816  train/emb_norm=13.59  train/pred_vs_static=1.839  train/grad_norm=0.7622  train/lr=5e-05  train/samples_per_sec=306.4
2026-10-04 14:53:01 [   4800] train/loss=0.1485  train/pred_loss=0.01287  train/sigreg_loss=1.507  train/emb_std=0.9855  train/emb_norm=13.64  train/pred_vs_static=1.717  train/grad_norm=0.7319  train/lr=5e-05  train/samples_per_sec=306.4
2026-10-04 14:53:09 [   4820] train/loss=0.1476  train/pred_loss=0.01226  train/sigreg_loss=1.503  train/emb_std=0.9807  train/emb_norm=13.57  train/pred_vs_static=1.764  train/grad_norm=0.7373  train/lr=5e-05  train/samples_per_sec=306.5
2026-10-04 14:53:17 [   4840] train/loss=0.1478  train/pred_loss=0.01243  train/sigreg_loss=1.504  train/emb_std=0.982  train/emb_norm=13.59  train/pred_vs_static=1.805  train/grad_norm=0.731  train/lr=5e-05  train/samples_per_sec=306.5
2026-10-04 14:53:26 [   4860] train/loss=0.1454  train/pred_loss=0.01237  train/sigreg_loss=1.479  train/emb_std=0.9846  train/emb_norm=13.62  train/pred_vs_static=1.785  train/grad_norm=0.7033  train/lr=5e-05  train/samples_per_sec=306.6
2026-10-04 14:53:34 [   4880] train/loss=0.1471  train/pred_loss=0.01231  train/sigreg_loss=1.498  train/emb_std=0.9812  train/emb_norm=13.58  train/pred_vs_static=1.78  train/grad_norm=0.7284  train/lr=5e-05  train/samples_per_sec=306.6
2026-10-04 14:53:42 [   4900] train/loss=0.1474  train/pred_loss=0.01252  train/sigreg_loss=1.498  train/emb_std=0.9814  train/emb_norm=13.59  train/pred_vs_static=1.754  train/grad_norm=0.7061  train/lr=5e-05  train/samples_per_sec=306.6
2026-10-04 14:53:51 [   4920] train/loss=0.1445  train/pred_loss=0.01222  train/sigreg_loss=1.47  train/emb_std=0.9824  train/emb_norm=13.61  train/pred_vs_static=1.743  train/grad_norm=0.7011  train/lr=5e-05  train/samples_per_sec=306.7
2026-10-04 14:53:59 [   4940] train/loss=0.1456  train/pred_loss=0.01235  train/sigreg_loss=1.481  train/emb_std=0.9828  train/emb_norm=13.61  train/pred_vs_static=1.719  train/grad_norm=0.6989  train/lr=5e-05  train/samples_per_sec=306.7
2026-10-04 14:54:07 [   4960] train/loss=0.1436  train/pred_loss=0.01226  train/sigreg_loss=1.459  train/emb_std=0.9811  train/emb_norm=13.57  train/pred_vs_static=1.764  train/grad_norm=0.717  train/lr=5e-05  train/samples_per_sec=306.8
2026-10-04 14:54:15 [   4980] train/loss=0.1471  train/pred_loss=0.01205  train/sigreg_loss=1.501  train/emb_std=0.9824  train/emb_norm=13.59  train/pred_vs_static=1.782  train/grad_norm=0.7106  train/lr=5e-05  train/samples_per_sec=306.8
2026-10-04 14:54:24 [   5000] train/loss=0.1438  train/pred_loss=0.01222  train/sigreg_loss=1.461  train/emb_std=0.9834  train/emb_norm=13.61  train/pred_vs_static=1.806  train/grad_norm=0.7141  train/lr=5e-05  train/samples_per_sec=306.8
2026-10-04 14:54:32 [   5020] train/loss=0.1434  train/pred_loss=0.01191  train/sigreg_loss=1.461  train/emb_std=0.983  train/emb_norm=13.6  train/pred_vs_static=1.726  train/grad_norm=0.6827  train/lr=5e-05  train/samples_per_sec=306.9
2026-10-04 14:54:40 [   5040] train/loss=0.1429  train/pred_loss=0.01203  train/sigreg_loss=1.454  train/emb_std=0.9844  train/emb_norm=13.61  train/pred_vs_static=1.74  train/grad_norm=0.6889  train/lr=5e-05  train/samples_per_sec=306.9
2026-10-04 14:54:49 [   5060] train/loss=0.1428  train/pred_loss=0.01191  train/sigreg_loss=1.453  train/emb_std=0.985  train/emb_norm=13.62  train/pred_vs_static=1.719  train/grad_norm=0.7094  train/lr=5e-05  train/samples_per_sec=306.9
2026-10-04 14:54:57 [   5080] train/loss=0.1447  train/pred_loss=0.01229  train/sigreg_loss=1.471  train/emb_std=0.9836  train/emb_norm=13.6  train/pred_vs_static=1.787  train/grad_norm=0.7067  train/lr=5e-05  train/samples_per_sec=306.9
2026-10-04 14:55:05 [   5100] train/loss=0.1439  train/pred_loss=0.012  train/sigreg_loss=1.466  train/emb_std=0.9842  train/emb_norm=13.61  train/pred_vs_static=1.814  train/grad_norm=0.6951  train/lr=5e-05  train/samples_per_sec=307
2026-10-04 14:55:14 [   5120] train/loss=0.1416  train/pred_loss=0.01212  train/sigreg_loss=1.439  train/emb_std=0.9863  train/emb_norm=13.65  train/pred_vs_static=1.785  train/grad_norm=0.6766  train/lr=5e-05  train/samples_per_sec=307
2026-10-04 14:55:22 [   5140] train/loss=0.1427  train/pred_loss=0.01177  train/sigreg_loss=1.454  train/emb_std=0.9836  train/emb_norm=13.6  train/pred_vs_static=1.769  train/grad_norm=0.7022  train/lr=5e-05  train/samples_per_sec=307
2026-10-04 14:55:30 [   5160] train/loss=0.1403  train/pred_loss=0.01136  train/sigreg_loss=1.431  train/emb_std=0.9854  train/emb_norm=13.63  train/pred_vs_static=1.77  train/grad_norm=0.6853  train/lr=5e-05  train/samples_per_sec=307.1
2026-10-04 14:55:38 [   5180] train/loss=0.1443  train/pred_loss=0.01179  train/sigreg_loss=1.472  train/emb_std=0.9822  train/emb_norm=13.6  train/pred_vs_static=1.785  train/grad_norm=0.7012  train/lr=5e-05  train/samples_per_sec=307.1
2026-10-04 14:55:47 [   5200] train/loss=0.1401  train/pred_loss=0.01172  train/sigreg_loss=1.425  train/emb_std=0.9842  train/emb_norm=13.62  train/pred_vs_static=1.749  train/grad_norm=0.6956  train/lr=5e-05  train/samples_per_sec=307.1
2026-10-04 14:55:55 [   5220] train/loss=0.1411  train/pred_loss=0.0117  train/sigreg_loss=1.437  train/emb_std=0.983  train/emb_norm=13.6  train/pred_vs_static=1.798  train/grad_norm=0.6815  train/lr=5e-05  train/samples_per_sec=307.1
2026-10-04 14:56:03 [   5240] train/loss=0.1402  train/pred_loss=0.01142  train/sigreg_loss=1.43  train/emb_std=0.9842  train/emb_norm=13.62  train/pred_vs_static=1.825  train/grad_norm=0.681  train/lr=5e-05  train/samples_per_sec=307.2
2026-10-04 14:56:12 [   5260] train/loss=0.1386  train/pred_loss=0.01132  train/sigreg_loss=1.414  train/emb_std=0.983  train/emb_norm=13.61  train/pred_vs_static=1.796  train/grad_norm=0.685  train/lr=5e-05  train/samples_per_sec=307.2
2026-10-04 14:56:20 [   5280] train/loss=0.1396  train/pred_loss=0.01197  train/sigreg_loss=1.418  train/emb_std=0.9814  train/emb_norm=13.59  train/pred_vs_static=1.726  train/grad_norm=0.6888  train/lr=4.999e-05  train/samples_per_sec=307.2
2026-10-04 14:56:28 [   5300] train/loss=0.139  train/pred_loss=0.01142  train/sigreg_loss=1.418  train/emb_std=0.9824  train/emb_norm=13.6  train/pred_vs_static=1.782  train/grad_norm=0.6771  train/lr=4.999e-05  train/samples_per_sec=307.2
2026-10-04 14:56:37 [   5320] train/loss=0.1399  train/pred_loss=0.01157  train/sigreg_loss=1.427  train/emb_std=0.9812  train/emb_norm=13.59  train/pred_vs_static=1.754  train/grad_norm=0.6792  train/lr=4.999e-05  train/samples_per_sec=307.2
2026-10-04 14:56:45 [   5340] train/loss=0.1378  train/pred_loss=0.01127  train/sigreg_loss=1.406  train/emb_std=0.9836  train/emb_norm=13.61  train/pred_vs_static=1.777  train/grad_norm=0.6758  train/lr=4.999e-05  train/samples_per_sec=307.3
2026-10-04 14:56:53 [   5360] train/loss=0.1396  train/pred_loss=0.0114  train/sigreg_loss=1.425  train/emb_std=0.9838  train/emb_norm=13.61  train/pred_vs_static=1.76  train/grad_norm=0.6854  train/lr=4.999e-05  train/samples_per_sec=307.3
2026-10-04 14:57:01 [   5380] train/loss=0.136  train/pred_loss=0.01132  train/sigreg_loss=1.386  train/emb_std=0.9842  train/emb_norm=13.61  train/pred_vs_static=1.785  train/grad_norm=0.6772  train/lr=4.999e-05  train/samples_per_sec=307.3
2026-10-04 14:57:10 [   5400] train/loss=0.14  train/pred_loss=0.0116  train/sigreg_loss=1.427  train/emb_std=0.9846  train/emb_norm=13.62  train/pred_vs_static=1.754  train/grad_norm=0.6977  train/lr=4.999e-05  train/samples_per_sec=307.3
2026-10-04 14:57:18 [   5420] train/loss=0.1373  train/pred_loss=0.01137  train/sigreg_loss=1.399  train/emb_std=0.9838  train/emb_norm=13.61  train/pred_vs_static=1.833  train/grad_norm=0.6727  train/lr=4.999e-05  train/samples_per_sec=307.3
2026-10-04 14:57:26 [   5440] train/loss=0.1372  train/pred_loss=0.0112  train/sigreg_loss=1.399  train/emb_std=0.985  train/emb_norm=13.62  train/pred_vs_static=1.776  train/grad_norm=0.6526  train/lr=4.999e-05  train/samples_per_sec=307.3
2026-10-04 14:57:35 [   5460] train/loss=0.1386  train/pred_loss=0.01136  train/sigreg_loss=1.413  train/emb_std=0.9861  train/emb_norm=13.64  train/pred_vs_static=1.775  train/grad_norm=0.6707  train/lr=4.999e-05  train/samples_per_sec=307.4
2026-10-04 14:57:43 [   5480] train/loss=0.1363  train/pred_loss=0.01111  train/sigreg_loss=1.392  train/emb_std=0.9842  train/emb_norm=13.61  train/pred_vs_static=1.794  train/grad_norm=0.6516  train/lr=4.999e-05  train/samples_per_sec=307.4
2026-10-04 14:57:51 [   5500] train/loss=0.1368  train/pred_loss=0.01101  train/sigreg_loss=1.397  train/emb_std=0.9846  train/emb_norm=13.61  train/pred_vs_static=1.833  train/grad_norm=0.6929  train/lr=4.999e-05  train/samples_per_sec=307.4
2026-10-04 14:57:59 [   5520] train/loss=0.1384  train/pred_loss=0.01145  train/sigreg_loss=1.409  train/emb_std=0.9857  train/emb_norm=13.64  train/pred_vs_static=1.791  train/grad_norm=0.6875  train/lr=4.999e-05  train/samples_per_sec=307.4
2026-10-04 14:58:08 [   5540] train/loss=0.1338  train/pred_loss=0.01148  train/sigreg_loss=1.359  train/emb_std=0.9811  train/emb_norm=13.57  train/pred_vs_static=1.843  train/grad_norm=0.6645  train/lr=4.999e-05  train/samples_per_sec=307.4
2026-10-04 14:58:16 [   5560] train/loss=0.136  train/pred_loss=0.01094  train/sigreg_loss=1.389  train/emb_std=0.983  train/emb_norm=13.6  train/pred_vs_static=1.813  train/grad_norm=0.6681  train/lr=4.999e-05  train/samples_per_sec=307.4
2026-10-04 14:58:24 [   5580] train/loss=0.1372  train/pred_loss=0.01128  train/sigreg_loss=1.399  train/emb_std=0.9832  train/emb_norm=13.6  train/pred_vs_static=1.834  train/grad_norm=0.6786  train/lr=4.999e-05  train/samples_per_sec=307.5
2026-10-04 14:58:33 [   5600] train/loss=0.1385  train/pred_loss=0.01121  train/sigreg_loss=1.414  train/emb_std=0.9842  train/emb_norm=13.61  train/pred_vs_static=1.806  train/grad_norm=0.6765  train/lr=4.999e-05  train/samples_per_sec=307.5
2026-10-04 14:58:41 [   5620] train/loss=0.1339  train/pred_loss=0.01085  train/sigreg_loss=1.366  train/emb_std=0.9842  train/emb_norm=13.61  train/pred_vs_static=1.814  train/grad_norm=0.6603  train/lr=4.999e-05  train/samples_per_sec=307.5
2026-10-04 14:58:49 [   5640] train/loss=0.1351  train/pred_loss=0.01042  train/sigreg_loss=1.386  train/emb_std=0.9822  train/emb_norm=13.59  train/pred_vs_static=1.805  train/grad_norm=0.6523  train/lr=4.999e-05  train/samples_per_sec=307.5
2026-10-04 14:58:58 [   5660] train/loss=0.1338  train/pred_loss=0.01067  train/sigreg_loss=1.369  train/emb_std=0.9838  train/emb_norm=13.6  train/pred_vs_static=1.84  train/grad_norm=0.6567  train/lr=4.999e-05  train/samples_per_sec=307.5
2026-10-04 14:59:06 [   5680] train/loss=0.134  train/pred_loss=0.01072  train/sigreg_loss=1.37  train/emb_std=0.9852  train/emb_norm=13.62  train/pred_vs_static=1.844  train/grad_norm=0.6556  train/lr=4.999e-05  train/samples_per_sec=307.5
2026-10-04 14:59:14 [   5700] train/loss=0.1354  train/pred_loss=0.01105  train/sigreg_loss=1.382  train/emb_std=0.985  train/emb_norm=13.62  train/pred_vs_static=1.841  train/grad_norm=0.6784  train/lr=4.999e-05  train/samples_per_sec=307.5
2026-10-04 14:59:22 [   5720] train/loss=0.1336  train/pred_loss=0.0109  train/sigreg_loss=1.365  train/emb_std=0.9857  train/emb_norm=13.62  train/pred_vs_static=1.831  train/grad_norm=0.6849  train/lr=4.999e-05  train/samples_per_sec=307.5
2026-10-04 14:59:31 [   5740] train/loss=0.1336  train/pred_loss=0.01106  train/sigreg_loss=1.362  train/emb_std=0.9848  train/emb_norm=13.61  train/pred_vs_static=1.741  train/grad_norm=0.6485  train/lr=4.999e-05  train/samples_per_sec=307.6
2026-10-04 14:59:39 [   5760] train/loss=0.1358  train/pred_loss=0.01025  train/sigreg_loss=1.395  train/emb_std=0.9855  train/emb_norm=13.64  train/pred_vs_static=1.826  train/grad_norm=0.6473  train/lr=4.999e-05  train/samples_per_sec=307.6
2026-10-04 14:59:47 [   5780] train/loss=0.1328  train/pred_loss=0.01066  train/sigreg_loss=1.357  train/emb_std=0.985  train/emb_norm=13.62  train/pred_vs_static=1.84  train/grad_norm=0.6543  train/lr=4.999e-05  train/samples_per_sec=307.6
2026-10-04 14:59:56 [   5800] train/loss=0.1342  train/pred_loss=0.01102  train/sigreg_loss=1.369  train/emb_std=0.9836  train/emb_norm=13.61  train/pred_vs_static=1.831  train/grad_norm=0.6626  train/lr=4.999e-05  train/samples_per_sec=307.6
2026-10-04 15:00:04 [   5820] train/loss=0.1348  train/pred_loss=0.01118  train/sigreg_loss=1.374  train/emb_std=0.9855  train/emb_norm=13.63  train/pred_vs_static=1.885  train/grad_norm=0.6713  train/lr=4.999e-05  train/samples_per_sec=307.6
2026-10-04 15:00:12 [   5840] train/loss=0.1338  train/pred_loss=0.01079  train/sigreg_loss=1.367  train/emb_std=0.984  train/emb_norm=13.62  train/pred_vs_static=1.958  train/grad_norm=0.6608  train/lr=4.999e-05  train/samples_per_sec=307.6
2026-10-04 15:00:21 [   5860] train/loss=0.1331  train/pred_loss=0.01077  train/sigreg_loss=1.359  train/emb_std=0.9842  train/emb_norm=13.61  train/pred_vs_static=1.772  train/grad_norm=0.6347  train/lr=4.999e-05  train/samples_per_sec=307.6
2026-10-04 15:00:29 [   5880] train/loss=0.1321  train/pred_loss=0.01053  train/sigreg_loss=1.351  train/emb_std=0.9854  train/emb_norm=13.62  train/pred_vs_static=1.79  train/grad_norm=0.6347  train/lr=4.999e-05  train/samples_per_sec=307.6
2026-10-04 15:00:37 [   5900] train/loss=0.1331  train/pred_loss=0.01049  train/sigreg_loss=1.363  train/emb_std=0.9854  train/emb_norm=13.63  train/pred_vs_static=1.909  train/grad_norm=0.6432  train/lr=4.999e-05  train/samples_per_sec=307.6
2026-10-04 15:00:45 [   5920] train/loss=0.1314  train/pred_loss=0.01028  train/sigreg_loss=1.346  train/emb_std=0.9846  train/emb_norm=13.62  train/pred_vs_static=1.889  train/grad_norm=0.6411  train/lr=4.999e-05  train/samples_per_sec=307.6
2026-10-04 15:00:54 [   5940] train/loss=0.134  train/pred_loss=0.01068  train/sigreg_loss=1.37  train/emb_std=0.9854  train/emb_norm=13.62  train/pred_vs_static=1.767  train/grad_norm=0.6563  train/lr=4.999e-05  train/samples_per_sec=307.6
2026-10-04 15:01:02 [   5960] train/loss=0.1304  train/pred_loss=0.01016  train/sigreg_loss=1.336  train/emb_std=0.9848  train/emb_norm=13.62  train/pred_vs_static=1.883  train/grad_norm=0.6443  train/lr=4.999e-05  train/samples_per_sec=307.7
2026-10-04 15:01:10 [   5980] train/loss=0.1335  train/pred_loss=0.0106  train/sigreg_loss=1.365  train/emb_std=0.9848  train/emb_norm=13.62  train/pred_vs_static=1.847  train/grad_norm=0.6609  train/lr=4.999e-05  train/samples_per_sec=307.7
2026-10-04 15:01:19 [   6000] train/loss=0.1308  train/pred_loss=0.01051  train/sigreg_loss=1.336  train/emb_std=0.983  train/emb_norm=13.6  train/pred_vs_static=1.831  train/grad_norm=0.6306  train/lr=4.999e-05  train/samples_per_sec=307.7
2026-10-04 15:01:19 [   6000] train_epoch/loss=0.1451  train_epoch/pred_loss=0.01227  train_epoch/sigreg_loss=1.476  train_epoch/emb_std=0.983  train_epoch/emb_norm=13.6  train_epoch/pred_vs_static=1.759  train_epoch/grad_norm=0.7099  train_epoch/lr=5e-05  train_epoch/epoch=2
2026-10-04 15:01:30 [   6000] val/loss=6.132  val/pred_loss=0.0229  val/sigreg_loss=67.89  val/emb_std=0.4796  val/emb_norm=12.43  val/pred_vs_static=2.905  val/epoch=2
2026-10-04 15:01:30 epoch   2 | val pred_vs_static 2.90537 | best 1.67379 @ epoch 0 | saved epoch_002.pt
2026-10-04 15:01:40 [   6020] train/loss=0.1321  train/pred_loss=0.01062  train/sigreg_loss=1.349  train/emb_std=0.9865  train/emb_norm=13.65  train/pred_vs_static=1.851  train/grad_norm=0.6677  train/lr=4.999e-05  train/samples_per_sec=246.9
2026-10-04 15:01:48 [   6040] train/loss=0.1324  train/pred_loss=0.01056  train/sigreg_loss=1.354  train/emb_std=0.9836  train/emb_norm=13.61  train/pred_vs_static=1.874  train/grad_norm=0.651  train/lr=4.999e-05  train/samples_per_sec=274.4
2026-10-04 15:01:57 [   6060] train/loss=0.1323  train/pred_loss=0.01015  train/sigreg_loss=1.357  train/emb_std=0.9842  train/emb_norm=13.61  train/pred_vs_static=1.846  train/grad_norm=0.6409  train/lr=4.999e-05  train/samples_per_sec=284.9
2026-10-04 15:02:05 [   6080] train/loss=0.1289  train/pred_loss=0.01012  train/sigreg_loss=1.32  train/emb_std=0.9855  train/emb_norm=13.63  train/pred_vs_static=1.833  train/grad_norm=0.6156  train/lr=4.999e-05  train/samples_per_sec=290.5
2026-10-04 15:02:13 [   6100] train/loss=0.1283  train/pred_loss=0.009768  train/sigreg_loss=1.318  train/emb_std=0.9857  train/emb_norm=13.63  train/pred_vs_static=1.864  train/grad_norm=0.6252  train/lr=4.999e-05  train/samples_per_sec=293.9
2026-10-04 15:02:22 [   6120] train/loss=0.1294  train/pred_loss=0.01011  train/sigreg_loss=1.326  train/emb_std=0.9848  train/emb_norm=13.61  train/pred_vs_static=1.872  train/grad_norm=0.647  train/lr=4.999e-05  train/samples_per_sec=296.3
2026-10-04 15:02:30 [   6140] train/loss=0.1293  train/pred_loss=0.01021  train/sigreg_loss=1.324  train/emb_std=0.9848  train/emb_norm=13.62  train/pred_vs_static=1.908  train/grad_norm=0.6363  train/lr=4.999e-05  train/samples_per_sec=298
2026-10-04 15:02:38 [   6160] train/loss=0.1311  train/pred_loss=0.0107  train/sigreg_loss=1.337  train/emb_std=0.9859  train/emb_norm=13.64  train/pred_vs_static=1.834  train/grad_norm=0.6431  train/lr=4.999e-05  train/samples_per_sec=299.2
2026-10-04 15:02:47 [   6180] train/loss=0.1301  train/pred_loss=0.01013  train/sigreg_loss=1.333  train/emb_std=0.9855  train/emb_norm=13.63  train/pred_vs_static=1.824  train/grad_norm=0.6174  train/lr=4.999e-05  train/samples_per_sec=300.2
2026-10-04 15:02:55 [   6200] train/loss=0.1292  train/pred_loss=0.01026  train/sigreg_loss=1.321  train/emb_std=0.9854  train/emb_norm=13.63  train/pred_vs_static=1.808  train/grad_norm=0.6369  train/lr=4.998e-05  train/samples_per_sec=301
2026-10-04 15:03:03 [   6220] train/loss=0.1263  train/pred_loss=0.01002  train/sigreg_loss=1.292  train/emb_std=0.9859  train/emb_norm=13.63  train/pred_vs_static=1.749  train/grad_norm=0.607  train/lr=4.998e-05  train/samples_per_sec=301.7
2026-10-04 15:03:11 [   6240] train/loss=0.1279  train/pred_loss=0.009977  train/sigreg_loss=1.311  train/emb_std=0.9865  train/emb_norm=13.63  train/pred_vs_static=1.795  train/grad_norm=0.623  train/lr=4.998e-05  train/samples_per_sec=302.2
2026-10-04 15:03:20 [   6260] train/loss=0.1318  train/pred_loss=0.01014  train/sigreg_loss=1.351  train/emb_std=0.9871  train/emb_norm=13.64  train/pred_vs_static=1.872  train/grad_norm=0.6719  train/lr=4.998e-05  train/samples_per_sec=302.7
2026-10-04 15:03:28 [   6280] train/loss=0.1283  train/pred_loss=0.01014  train/sigreg_loss=1.313  train/emb_std=0.985  train/emb_norm=13.62  train/pred_vs_static=1.896  train/grad_norm=0.6235  train/lr=4.998e-05  train/samples_per_sec=303.1
2026-10-04 15:03:36 [   6300] train/loss=0.1314  train/pred_loss=0.01016  train/sigreg_loss=1.347  train/emb_std=0.9846  train/emb_norm=13.62  train/pred_vs_static=1.903  train/grad_norm=0.6383  train/lr=4.998e-05  train/samples_per_sec=303.5
2026-10-04 15:03:45 [   6320] train/loss=0.1292  train/pred_loss=0.01027  train/sigreg_loss=1.322  train/emb_std=0.985  train/emb_norm=13.61  train/pred_vs_static=1.951  train/grad_norm=0.6378  train/lr=4.998e-05  train/samples_per_sec=303.8
2026-10-04 15:03:53 [   6340] train/loss=0.1274  train/pred_loss=0.009927  train/sigreg_loss=1.305  train/emb_std=0.9859  train/emb_norm=13.63  train/pred_vs_static=1.932  train/grad_norm=0.6259  train/lr=4.998e-05  train/samples_per_sec=304.1
2026-10-04 15:04:01 [   6360] train/loss=0.1272  train/pred_loss=0.01005  train/sigreg_loss=1.302  train/emb_std=0.9846  train/emb_norm=13.61  train/pred_vs_static=1.793  train/grad_norm=0.6156  train/lr=4.998e-05  train/samples_per_sec=304.3
2026-10-04 15:04:10 [   6380] train/loss=0.1309  train/pred_loss=0.009877  train/sigreg_loss=1.345  train/emb_std=0.984  train/emb_norm=13.61  train/pred_vs_static=1.875  train/grad_norm=0.6331  train/lr=4.998e-05  train/samples_per_sec=304.5
2026-10-04 15:04:18 [   6400] train/loss=0.1296  train/pred_loss=0.009983  train/sigreg_loss=1.329  train/emb_std=0.9838  train/emb_norm=13.61  train/pred_vs_static=1.878  train/grad_norm=0.6456  train/lr=4.998e-05  train/samples_per_sec=304.7
2026-10-04 15:04:26 [   6420] train/loss=0.1314  train/pred_loss=0.01013  train/sigreg_loss=1.348  train/emb_std=0.9867  train/emb_norm=13.64  train/pred_vs_static=1.927  train/grad_norm=0.6255  train/lr=4.998e-05  train/samples_per_sec=304.9
2026-10-04 15:04:34 [   6440] train/loss=0.1306  train/pred_loss=0.01049  train/sigreg_loss=1.334  train/emb_std=0.9859  train/emb_norm=13.63  train/pred_vs_static=1.884  train/grad_norm=0.631  train/lr=4.998e-05  train/samples_per_sec=305.1
2026-10-04 15:04:43 [   6460] train/loss=0.1277  train/pred_loss=0.01001  train/sigreg_loss=1.307  train/emb_std=0.9889  train/emb_norm=13.67  train/pred_vs_static=1.87  train/grad_norm=0.6217  train/lr=4.998e-05  train/samples_per_sec=305.2
2026-10-04 15:04:51 [   6480] train/loss=0.1276  train/pred_loss=0.009802  train/sigreg_loss=1.31  train/emb_std=0.9857  train/emb_norm=13.62  train/pred_vs_static=1.887  train/grad_norm=0.6173  train/lr=4.998e-05  train/samples_per_sec=305.3
2026-10-04 15:04:59 [   6500] train/loss=0.1303  train/pred_loss=0.01  train/sigreg_loss=1.337  train/emb_std=0.9844  train/emb_norm=13.61  train/pred_vs_static=1.886  train/grad_norm=0.6292  train/lr=4.998e-05  train/samples_per_sec=305.5
2026-10-04 15:05:08 [   6520] train/loss=0.1285  train/pred_loss=0.009639  train/sigreg_loss=1.321  train/emb_std=0.9861  train/emb_norm=13.63  train/pred_vs_static=1.942  train/grad_norm=0.6267  train/lr=4.998e-05  train/samples_per_sec=305.6
2026-10-04 15:05:16 [   6540] train/loss=0.1264  train/pred_loss=0.009708  train/sigreg_loss=1.296  train/emb_std=0.9869  train/emb_norm=13.64  train/pred_vs_static=1.896  train/grad_norm=0.6093  train/lr=4.998e-05  train/samples_per_sec=305.7
2026-10-04 15:05:24 [   6560] train/loss=0.1233  train/pred_loss=0.00962  train/sigreg_loss=1.263  train/emb_std=0.9848  train/emb_norm=13.63  train/pred_vs_static=1.829  train/grad_norm=0.5953  train/lr=4.998e-05  train/samples_per_sec=305.8
2026-10-04 15:05:32 [   6580] train/loss=0.1259  train/pred_loss=0.009779  train/sigreg_loss=1.291  train/emb_std=0.9852  train/emb_norm=13.62  train/pred_vs_static=1.831  train/grad_norm=0.6168  train/lr=4.998e-05  train/samples_per_sec=305.9
2026-10-04 15:05:41 [   6600] train/loss=0.1245  train/pred_loss=0.009636  train/sigreg_loss=1.276  train/emb_std=0.9844  train/emb_norm=13.62  train/pred_vs_static=1.872  train/grad_norm=0.6032  train/lr=4.998e-05  train/samples_per_sec=306
2026-10-04 15:05:49 [   6620] train/loss=0.1255  train/pred_loss=0.009663  train/sigreg_loss=1.287  train/emb_std=0.9836  train/emb_norm=13.61  train/pred_vs_static=1.891  train/grad_norm=0.6119  train/lr=4.998e-05  train/samples_per_sec=306
2026-10-04 15:05:57 [   6640] train/loss=0.1259  train/pred_loss=0.009247  train/sigreg_loss=1.297  train/emb_std=0.9844  train/emb_norm=13.61  train/pred_vs_static=1.88  train/grad_norm=0.6115  train/lr=4.998e-05  train/samples_per_sec=306.1
2026-10-04 15:06:06 [   6660] train/loss=0.1245  train/pred_loss=0.009482  train/sigreg_loss=1.279  train/emb_std=0.985  train/emb_norm=13.63  train/pred_vs_static=1.865  train/grad_norm=0.6182  train/lr=4.998e-05  train/samples_per_sec=306.2
2026-10-04 15:06:14 [   6680] train/loss=0.127  train/pred_loss=0.009792  train/sigreg_loss=1.302  train/emb_std=0.9863  train/emb_norm=13.63  train/pred_vs_static=1.841  train/grad_norm=0.6198  train/lr=4.998e-05  train/samples_per_sec=306.3
2026-10-04 15:06:22 [   6700] train/loss=0.1241  train/pred_loss=0.00983  train/sigreg_loss=1.27  train/emb_std=0.9857  train/emb_norm=13.64  train/pred_vs_static=1.894  train/grad_norm=0.6016  train/lr=4.998e-05  train/samples_per_sec=306.3
2026-10-04 15:06:31 [   6720] train/loss=0.1265  train/pred_loss=0.009834  train/sigreg_loss=1.296  train/emb_std=0.9852  train/emb_norm=13.63  train/pred_vs_static=1.913  train/grad_norm=0.6286  train/lr=4.998e-05  train/samples_per_sec=306.4
2026-10-04 15:06:39 [   6740] train/loss=0.1253  train/pred_loss=0.009585  train/sigreg_loss=1.285  train/emb_std=0.9871  train/emb_norm=13.64  train/pred_vs_static=1.857  train/grad_norm=0.6205  train/lr=4.998e-05  train/samples_per_sec=306.4
2026-10-04 15:06:47 [   6760] train/loss=0.1255  train/pred_loss=0.009695  train/sigreg_loss=1.287  train/emb_std=0.9861  train/emb_norm=13.63  train/pred_vs_static=1.949  train/grad_norm=0.6163  train/lr=4.998e-05  train/samples_per_sec=306.5
2026-10-04 15:06:55 [   6780] train/loss=0.1259  train/pred_loss=0.009836  train/sigreg_loss=1.29  train/emb_std=0.9865  train/emb_norm=13.64  train/pred_vs_static=1.944  train/grad_norm=0.616  train/lr=4.998e-05  train/samples_per_sec=306.5
2026-10-04 15:07:04 [   6800] train/loss=0.1249  train/pred_loss=0.009619  train/sigreg_loss=1.28  train/emb_std=0.9842  train/emb_norm=13.61  train/pred_vs_static=1.968  train/grad_norm=0.6187  train/lr=4.998e-05  train/samples_per_sec=306.6
2026-10-04 15:07:12 [   6820] train/loss=0.1239  train/pred_loss=0.009598  train/sigreg_loss=1.27  train/emb_std=0.9867  train/emb_norm=13.65  train/pred_vs_static=1.917  train/grad_norm=0.603  train/lr=4.997e-05  train/samples_per_sec=306.6
2026-10-04 15:07:20 [   6840] train/loss=0.1235  train/pred_loss=0.009647  train/sigreg_loss=1.265  train/emb_std=0.9855  train/emb_norm=13.62  train/pred_vs_static=1.84  train/grad_norm=0.5917  train/lr=4.997e-05  train/samples_per_sec=306.7
2026-10-04 15:07:29 [   6860] train/loss=0.1225  train/pred_loss=0.009549  train/sigreg_loss=1.255  train/emb_std=0.9873  train/emb_norm=13.65  train/pred_vs_static=1.938  train/grad_norm=0.5961  train/lr=4.997e-05  train/samples_per_sec=306.7
2026-10-04 15:07:37 [   6880] train/loss=0.1258  train/pred_loss=0.009817  train/sigreg_loss=1.288  train/emb_std=0.9855  train/emb_norm=13.63  train/pred_vs_static=1.866  train/grad_norm=0.6011  train/lr=4.997e-05  train/samples_per_sec=306.8
2026-10-04 15:07:45 [   6900] train/loss=0.1232  train/pred_loss=0.00996  train/sigreg_loss=1.259  train/emb_std=0.9861  train/emb_norm=13.63  train/pred_vs_static=1.918  train/grad_norm=0.6293  train/lr=4.997e-05  train/samples_per_sec=306.8
2026-10-04 15:07:54 [   6920] train/loss=0.1249  train/pred_loss=0.009705  train/sigreg_loss=1.28  train/emb_std=0.9859  train/emb_norm=13.63  train/pred_vs_static=1.911  train/grad_norm=0.6218  train/lr=4.997e-05  train/samples_per_sec=306.8
2026-10-04 15:08:02 [   6940] train/loss=0.1217  train/pred_loss=0.009426  train/sigreg_loss=1.247  train/emb_std=0.9867  train/emb_norm=13.64  train/pred_vs_static=1.849  train/grad_norm=0.5988  train/lr=4.997e-05  train/samples_per_sec=306.9
2026-10-04 15:08:10 [   6960] train/loss=0.1238  train/pred_loss=0.009599  train/sigreg_loss=1.268  train/emb_std=0.9859  train/emb_norm=13.64  train/pred_vs_static=1.914  train/grad_norm=0.5988  train/lr=4.997e-05  train/samples_per_sec=306.9
2026-10-04 15:08:18 [   6980] train/loss=0.122  train/pred_loss=0.009195  train/sigreg_loss=1.254  train/emb_std=0.9871  train/emb_norm=13.65  train/pred_vs_static=1.953  train/grad_norm=0.5955  train/lr=4.997e-05  train/samples_per_sec=306.9
2026-10-04 15:08:27 [   7000] train/loss=0.1209  train/pred_loss=0.009322  train/sigreg_loss=1.24  train/emb_std=0.9861  train/emb_norm=13.63  train/pred_vs_static=1.909  train/grad_norm=0.5913  train/lr=4.997e-05  train/samples_per_sec=307
2026-10-04 15:08:35 [   7020] train/loss=0.1215  train/pred_loss=0.008882  train/sigreg_loss=1.252  train/emb_std=0.9857  train/emb_norm=13.62  train/pred_vs_static=1.893  train/grad_norm=0.5961  train/lr=4.997e-05  train/samples_per_sec=307
2026-10-04 15:08:43 [   7040] train/loss=0.123  train/pred_loss=0.009053  train/sigreg_loss=1.266  train/emb_std=0.9863  train/emb_norm=13.63  train/pred_vs_static=1.968  train/grad_norm=0.5957  train/lr=4.997e-05  train/samples_per_sec=307
2026-10-04 15:08:52 [   7060] train/loss=0.1249  train/pred_loss=0.009279  train/sigreg_loss=1.285  train/emb_std=0.9873  train/emb_norm=13.65  train/pred_vs_static=1.918  train/grad_norm=0.6155  train/lr=4.997e-05  train/samples_per_sec=307.1
2026-10-04 15:09:00 [   7080] train/loss=0.124  train/pred_loss=0.009114  train/sigreg_loss=1.277  train/emb_std=0.9869  train/emb_norm=13.64  train/pred_vs_static=1.915  train/grad_norm=0.6108  train/lr=4.997e-05  train/samples_per_sec=307.1
2026-10-04 15:09:08 [   7100] train/loss=0.121  train/pred_loss=0.00916  train/sigreg_loss=1.243  train/emb_std=0.9871  train/emb_norm=13.64  train/pred_vs_static=1.843  train/grad_norm=0.5953  train/lr=4.997e-05  train/samples_per_sec=307.1
2026-10-04 15:09:17 [   7120] train/loss=0.1207  train/pred_loss=0.009225  train/sigreg_loss=1.239  train/emb_std=0.9857  train/emb_norm=13.62  train/pred_vs_static=1.839  train/grad_norm=0.5978  train/lr=4.997e-05  train/samples_per_sec=307.1
2026-10-04 15:09:25 [   7140] train/loss=0.1228  train/pred_loss=0.009239  train/sigreg_loss=1.261  train/emb_std=0.9867  train/emb_norm=13.64  train/pred_vs_static=2.031  train/grad_norm=0.6153  train/lr=4.997e-05  train/samples_per_sec=307.2
2026-10-04 15:09:33 [   7160] train/loss=0.1213  train/pred_loss=0.00937  train/sigreg_loss=1.244  train/emb_std=0.9873  train/emb_norm=13.63  train/pred_vs_static=1.917  train/grad_norm=0.6074  train/lr=4.997e-05  train/samples_per_sec=307.2
2026-10-04 15:09:41 [   7180] train/loss=0.1229  train/pred_loss=0.00919  train/sigreg_loss=1.262  train/emb_std=0.9879  train/emb_norm=13.65  train/pred_vs_static=1.897  train/grad_norm=0.6004  train/lr=4.997e-05  train/samples_per_sec=307.2
2026-10-04 15:09:50 [   7200] train/loss=0.1194  train/pred_loss=0.009288  train/sigreg_loss=1.223  train/emb_std=0.9871  train/emb_norm=13.63  train/pred_vs_static=1.979  train/grad_norm=0.599  train/lr=4.997e-05  train/samples_per_sec=307.2
2026-10-04 15:09:58 [   7220] train/loss=0.1234  train/pred_loss=0.009416  train/sigreg_loss=1.267  train/emb_std=0.9867  train/emb_norm=13.63  train/pred_vs_static=1.947  train/grad_norm=0.6101  train/lr=4.997e-05  train/samples_per_sec=307.2
2026-10-04 15:10:06 [   7240] train/loss=0.1219  train/pred_loss=0.009296  train/sigreg_loss=1.252  train/emb_std=0.9869  train/emb_norm=13.63  train/pred_vs_static=2.043  train/grad_norm=0.6124  train/lr=4.997e-05  train/samples_per_sec=307.3
2026-10-04 15:10:15 [   7260] train/loss=0.1207  train/pred_loss=0.008986  train/sigreg_loss=1.241  train/emb_std=0.9885  train/emb_norm=13.66  train/pred_vs_static=1.983  train/grad_norm=0.5958  train/lr=4.997e-05  train/samples_per_sec=307.3
2026-10-04 15:10:23 [   7280] train/loss=0.119  train/pred_loss=0.009007  train/sigreg_loss=1.222  train/emb_std=0.9846  train/emb_norm=13.62  train/pred_vs_static=1.932  train/grad_norm=0.5903  train/lr=4.997e-05  train/samples_per_sec=307.3
2026-10-04 15:10:31 [   7300] train/loss=0.1242  train/pred_loss=0.009212  train/sigreg_loss=1.279  train/emb_std=0.9855  train/emb_norm=13.62  train/pred_vs_static=1.954  train/grad_norm=0.6069  train/lr=4.997e-05  train/samples_per_sec=307.3
2026-10-04 15:10:40 [   7320] train/loss=0.1237  train/pred_loss=0.009718  train/sigreg_loss=1.267  train/emb_std=0.9873  train/emb_norm=13.65  train/pred_vs_static=2.006  train/grad_norm=0.622  train/lr=4.997e-05  train/samples_per_sec=307.3
2026-10-04 15:10:48 [   7340] train/loss=0.1179  train/pred_loss=0.008938  train/sigreg_loss=1.211  train/emb_std=0.9871  train/emb_norm=13.65  train/pred_vs_static=1.896  train/grad_norm=0.5708  train/lr=4.996e-05  train/samples_per_sec=307.4
2026-10-04 15:10:56 [   7360] train/loss=0.1201  train/pred_loss=0.00901  train/sigreg_loss=1.234  train/emb_std=0.9879  train/emb_norm=13.65  train/pred_vs_static=1.996  train/grad_norm=0.5815  train/lr=4.996e-05  train/samples_per_sec=307.4
2026-10-04 15:11:04 [   7380] train/loss=0.1235  train/pred_loss=0.008991  train/sigreg_loss=1.271  train/emb_std=0.9873  train/emb_norm=13.65  train/pred_vs_static=1.981  train/grad_norm=0.5993  train/lr=4.996e-05  train/samples_per_sec=307.4
2026-10-04 15:11:13 [   7400] train/loss=0.121  train/pred_loss=0.008871  train/sigreg_loss=1.245  train/emb_std=0.9859  train/emb_norm=13.64  train/pred_vs_static=2.057  train/grad_norm=0.5927  train/lr=4.996e-05  train/samples_per_sec=307.4
2026-10-04 15:11:21 [   7420] train/loss=0.1187  train/pred_loss=0.009001  train/sigreg_loss=1.219  train/emb_std=0.9859  train/emb_norm=13.64  train/pred_vs_static=1.96  train/grad_norm=0.5655  train/lr=4.996e-05  train/samples_per_sec=307.4
2026-10-04 15:11:29 [   7440] train/loss=0.1204  train/pred_loss=0.008872  train/sigreg_loss=1.238  train/emb_std=0.9865  train/emb_norm=13.64  train/pred_vs_static=1.979  train/grad_norm=0.5872  train/lr=4.996e-05  train/samples_per_sec=307.4
2026-10-04 15:11:38 [   7460] train/loss=0.1184  train/pred_loss=0.008763  train/sigreg_loss=1.218  train/emb_std=0.9867  train/emb_norm=13.64  train/pred_vs_static=2.007  train/grad_norm=0.5938  train/lr=4.996e-05  train/samples_per_sec=307.5
2026-10-04 15:11:46 [   7480] train/loss=0.1206  train/pred_loss=0.009009  train/sigreg_loss=1.239  train/emb_std=0.9871  train/emb_norm=13.65  train/pred_vs_static=2.012  train/grad_norm=0.5908  train/lr=4.996e-05  train/samples_per_sec=307.5
2026-10-04 15:11:54 [   7500] train/loss=0.1212  train/pred_loss=0.008969  train/sigreg_loss=1.246  train/emb_std=0.9867  train/emb_norm=13.65  train/pred_vs_static=1.927  train/grad_norm=0.58  train/lr=4.996e-05  train/samples_per_sec=307.5
2026-10-04 15:12:03 [   7520] train/loss=0.1191  train/pred_loss=0.008714  train/sigreg_loss=1.227  train/emb_std=0.985  train/emb_norm=13.62  train/pred_vs_static=1.956  train/grad_norm=0.5688  train/lr=4.996e-05  train/samples_per_sec=307.5
2026-10-04 15:12:11 [   7540] train/loss=0.1197  train/pred_loss=0.008783  train/sigreg_loss=1.232  train/emb_std=0.9857  train/emb_norm=13.63  train/pred_vs_static=1.895  train/grad_norm=0.5755  train/lr=4.996e-05  train/samples_per_sec=307.5
2026-10-04 15:12:19 [   7560] train/loss=0.119  train/pred_loss=0.008845  train/sigreg_loss=1.224  train/emb_std=0.985  train/emb_norm=13.62  train/pred_vs_static=2.038  train/grad_norm=0.5827  train/lr=4.996e-05  train/samples_per_sec=307.5
2026-10-04 15:12:27 [   7580] train/loss=0.1192  train/pred_loss=0.008565  train/sigreg_loss=1.229  train/emb_std=0.9879  train/emb_norm=13.65  train/pred_vs_static=2.033  train/grad_norm=0.581  train/lr=4.996e-05  train/samples_per_sec=307.5
2026-10-04 15:12:36 [   7600] train/loss=0.1176  train/pred_loss=0.008713  train/sigreg_loss=1.209  train/emb_std=0.9869  train/emb_norm=13.65  train/pred_vs_static=1.955  train/grad_norm=0.5753  train/lr=4.996e-05  train/samples_per_sec=307.5
2026-10-04 15:12:44 [   7620] train/loss=0.1151  train/pred_loss=0.008244  train/sigreg_loss=1.187  train/emb_std=0.9859  train/emb_norm=13.64  train/pred_vs_static=1.997  train/grad_norm=0.5565  train/lr=4.996e-05  train/samples_per_sec=307.6
2026-10-04 15:12:52 [   7640] train/loss=0.1189  train/pred_loss=0.008709  train/sigreg_loss=1.225  train/emb_std=0.9869  train/emb_norm=13.65  train/pred_vs_static=1.956  train/grad_norm=0.5756  train/lr=4.996e-05  train/samples_per_sec=307.6
2026-10-04 15:13:01 [   7660] train/loss=0.1213  train/pred_loss=0.008905  train/sigreg_loss=1.249  train/emb_std=0.9848  train/emb_norm=13.62  train/pred_vs_static=1.99  train/grad_norm=0.5918  train/lr=4.996e-05  train/samples_per_sec=307.6
2026-10-04 15:13:09 [   7680] train/loss=0.1188  train/pred_loss=0.008694  train/sigreg_loss=1.223  train/emb_std=0.9863  train/emb_norm=13.64  train/pred_vs_static=1.951  train/grad_norm=0.5774  train/lr=4.996e-05  train/samples_per_sec=307.6
2026-10-04 15:13:17 [   7700] train/loss=0.1208  train/pred_loss=0.009106  train/sigreg_loss=1.241  train/emb_std=0.9869  train/emb_norm=13.64  train/pred_vs_static=1.944  train/grad_norm=0.5947  train/lr=4.996e-05  train/samples_per_sec=307.6
2026-10-04 15:13:26 [   7720] train/loss=0.1174  train/pred_loss=0.008543  train/sigreg_loss=1.209  train/emb_std=0.9871  train/emb_norm=13.65  train/pred_vs_static=2.046  train/grad_norm=0.5804  train/lr=4.996e-05  train/samples_per_sec=307.6
2026-10-04 15:13:34 [   7740] train/loss=0.1196  train/pred_loss=0.008712  train/sigreg_loss=1.233  train/emb_std=0.9859  train/emb_norm=13.64  train/pred_vs_static=2.011  train/grad_norm=0.5894  train/lr=4.996e-05  train/samples_per_sec=307.6
2026-10-04 15:13:42 [   7760] train/loss=0.12  train/pred_loss=0.009078  train/sigreg_loss=1.232  train/emb_std=0.9857  train/emb_norm=13.63  train/pred_vs_static=1.967  train/grad_norm=0.5934  train/lr=4.996e-05  train/samples_per_sec=307.6
2026-10-04 15:13:50 [   7780] train/loss=0.1167  train/pred_loss=0.008493  train/sigreg_loss=1.202  train/emb_std=0.9873  train/emb_norm=13.65  train/pred_vs_static=1.939  train/grad_norm=0.5617  train/lr=4.995e-05  train/samples_per_sec=307.6
2026-10-04 15:13:59 [   7800] train/loss=0.1196  train/pred_loss=0.008596  train/sigreg_loss=1.234  train/emb_std=0.9852  train/emb_norm=13.63  train/pred_vs_static=1.933  train/grad_norm=0.5837  train/lr=4.995e-05  train/samples_per_sec=307.6
2026-10-04 15:14:07 [   7820] train/loss=0.1185  train/pred_loss=0.008754  train/sigreg_loss=1.219  train/emb_std=0.9865  train/emb_norm=13.64  train/pred_vs_static=1.968  train/grad_norm=0.576  train/lr=4.995e-05  train/samples_per_sec=307.7
2026-10-04 15:14:15 [   7840] train/loss=0.116  train/pred_loss=0.008284  train/sigreg_loss=1.197  train/emb_std=0.9859  train/emb_norm=13.63  train/pred_vs_static=2.059  train/grad_norm=0.5782  train/lr=4.995e-05  train/samples_per_sec=307.7
2026-10-04 15:14:24 [   7860] train/loss=0.1154  train/pred_loss=0.00843  train/sigreg_loss=1.188  train/emb_std=0.9871  train/emb_norm=13.65  train/pred_vs_static=1.892  train/grad_norm=0.559  train/lr=4.995e-05  train/samples_per_sec=307.7
2026-10-04 15:14:32 [   7880] train/loss=0.1175  train/pred_loss=0.008153  train/sigreg_loss=1.214  train/emb_std=0.9869  train/emb_norm=13.64  train/pred_vs_static=2.062  train/grad_norm=0.5769  train/lr=4.995e-05  train/samples_per_sec=307.7
2026-10-04 15:14:40 [   7900] train/loss=0.1187  train/pred_loss=0.008393  train/sigreg_loss=1.226  train/emb_std=0.9877  train/emb_norm=13.66  train/pred_vs_static=1.996  train/grad_norm=0.5666  train/lr=4.995e-05  train/samples_per_sec=307.7
2026-10-04 15:14:48 [   7920] train/loss=0.1168  train/pred_loss=0.008463  train/sigreg_loss=1.204  train/emb_std=0.9877  train/emb_norm=13.65  train/pred_vs_static=1.979  train/grad_norm=0.5708  train/lr=4.995e-05  train/samples_per_sec=307.7
2026-10-04 15:14:57 [   7940] train/loss=0.1144  train/pred_loss=0.008235  train/sigreg_loss=1.179  train/emb_std=0.9873  train/emb_norm=13.65  train/pred_vs_static=1.988  train/grad_norm=0.5546  train/lr=4.995e-05  train/samples_per_sec=307.7
2026-10-04 15:15:05 [   7960] train/loss=0.1188  train/pred_loss=0.008298  train/sigreg_loss=1.229  train/emb_std=0.9875  train/emb_norm=13.64  train/pred_vs_static=1.953  train/grad_norm=0.5811  train/lr=4.995e-05  train/samples_per_sec=307.7
2026-10-04 15:15:13 [   7980] train/loss=0.1171  train/pred_loss=0.008524  train/sigreg_loss=1.207  train/emb_std=0.9859  train/emb_norm=13.63  train/pred_vs_static=2.031  train/grad_norm=0.5739  train/lr=4.995e-05  train/samples_per_sec=307.7
2026-10-04 15:15:22 [   8000] train/loss=0.1189  train/pred_loss=0.00865  train/sigreg_loss=1.225  train/emb_std=0.9861  train/emb_norm=13.64  train/pred_vs_static=2.033  train/grad_norm=0.5839  train/lr=4.995e-05  train/samples_per_sec=307.7
2026-10-04 15:15:22 [   8000] train_epoch/loss=0.1235  train_epoch/pred_loss=0.009371  train_epoch/sigreg_loss=1.268  train_epoch/emb_std=0.9861  train_epoch/emb_norm=13.63  train_epoch/pred_vs_static=1.925  train_epoch/grad_norm=0.6041  train_epoch/lr=4.997e-05  train_epoch/epoch=3
2026-10-04 15:15:33 [   8000] val/loss=6.069  val/pred_loss=0.02207  val/sigreg_loss=67.2  val/emb_std=0.4809  val/emb_norm=12.35  val/pred_vs_static=3.162  val/epoch=3
2026-10-04 15:15:33 epoch   3 | val pred_vs_static 3.16162 | best 1.67379 @ epoch 0 | saved epoch_003.pt
2026-10-04 15:15:43 [   8020] train/loss=0.1163  train/pred_loss=0.008567  train/sigreg_loss=1.198  train/emb_std=0.9871  train/emb_norm=13.65  train/pred_vs_static=2.039  train/grad_norm=0.5704  train/lr=4.995e-05  train/samples_per_sec=241.8
2026-10-04 15:15:52 [   8040] train/loss=0.1189  train/pred_loss=0.008456  train/sigreg_loss=1.227  train/emb_std=0.9863  train/emb_norm=13.63  train/pred_vs_static=1.973  train/grad_norm=0.5787  train/lr=4.995e-05  train/samples_per_sec=271.2
2026-10-04 15:16:00 [   8060] train/loss=0.1166  train/pred_loss=0.008554  train/sigreg_loss=1.2  train/emb_std=0.9877  train/emb_norm=13.66  train/pred_vs_static=1.975  train/grad_norm=0.5725  train/lr=4.995e-05  train/samples_per_sec=282.7
2026-10-04 15:16:08 [   8080] train/loss=0.1159  train/pred_loss=0.008288  train/sigreg_loss=1.196  train/emb_std=0.9852  train/emb_norm=13.63  train/pred_vs_static=2.036  train/grad_norm=0.5717  train/lr=4.995e-05  train/samples_per_sec=288.7
2026-10-04 15:16:17 [   8100] train/loss=0.1169  train/pred_loss=0.008363  train/sigreg_loss=1.206  train/emb_std=0.9875  train/emb_norm=13.65  train/pred_vs_static=1.989  train/grad_norm=0.5708  train/lr=4.995e-05  train/samples_per_sec=292.5
2026-10-04 15:16:25 [   8120] train/loss=0.1141  train/pred_loss=0.008154  train/sigreg_loss=1.176  train/emb_std=0.9881  train/emb_norm=13.66  train/pred_vs_static=1.973  train/grad_norm=0.5658  train/lr=4.995e-05  train/samples_per_sec=295.1
2026-10-04 15:16:33 [   8140] train/loss=0.1167  train/pred_loss=0.008523  train/sigreg_loss=1.202  train/emb_std=0.9854  train/emb_norm=13.63  train/pred_vs_static=2.026  train/grad_norm=0.5693  train/lr=4.995e-05  train/samples_per_sec=296.9
2026-10-04 15:16:42 [   8160] train/loss=0.1158  train/pred_loss=0.008199  train/sigreg_loss=1.196  train/emb_std=0.9887  train/emb_norm=13.67  train/pred_vs_static=2.056  train/grad_norm=0.5562  train/lr=4.995e-05  train/samples_per_sec=298.3
2026-10-04 15:16:50 [   8180] train/loss=0.1147  train/pred_loss=0.008378  train/sigreg_loss=1.181  train/emb_std=0.9875  train/emb_norm=13.65  train/pred_vs_static=1.976  train/grad_norm=0.55  train/lr=4.994e-05  train/samples_per_sec=299.4
2026-10-04 15:16:58 [   8200] train/loss=0.1186  train/pred_loss=0.008418  train/sigreg_loss=1.225  train/emb_std=0.9844  train/emb_norm=13.61  train/pred_vs_static=2.072  train/grad_norm=0.5868  train/lr=4.994e-05  train/samples_per_sec=300.3
2026-10-04 15:17:06 [   8220] train/loss=0.1133  train/pred_loss=0.008347  train/sigreg_loss=1.165  train/emb_std=0.9885  train/emb_norm=13.66  train/pred_vs_static=1.996  train/grad_norm=0.552  train/lr=4.994e-05  train/samples_per_sec=301
2026-10-04 15:17:15 [   8240] train/loss=0.1148  train/pred_loss=0.008078  train/sigreg_loss=1.186  train/emb_std=0.9889  train/emb_norm=13.65  train/pred_vs_static=2.087  train/grad_norm=0.5534  train/lr=4.994e-05  train/samples_per_sec=301.6
2026-10-04 15:17:23 [   8260] train/loss=0.1157  train/pred_loss=0.008065  train/sigreg_loss=1.196  train/emb_std=0.9879  train/emb_norm=13.65  train/pred_vs_static=2.049  train/grad_norm=0.5708  train/lr=4.994e-05  train/samples_per_sec=302.2
2026-10-04 15:17:31 [   8280] train/loss=0.1158  train/pred_loss=0.008301  train/sigreg_loss=1.195  train/emb_std=0.9881  train/emb_norm=13.65  train/pred_vs_static=1.97  train/grad_norm=0.5592  train/lr=4.994e-05  train/samples_per_sec=302.6
2026-10-04 15:17:40 [   8300] train/loss=0.1136  train/pred_loss=0.008069  train/sigreg_loss=1.172  train/emb_std=0.9857  train/emb_norm=13.63  train/pred_vs_static=1.97  train/grad_norm=0.5416  train/lr=4.994e-05  train/samples_per_sec=303
2026-10-04 15:17:48 [   8320] train/loss=0.1158  train/pred_loss=0.008116  train/sigreg_loss=1.197  train/emb_std=0.9861  train/emb_norm=13.64  train/pred_vs_static=2.012  train/grad_norm=0.5668  train/lr=4.994e-05  train/samples_per_sec=303.3
2026-10-04 15:17:56 [   8340] train/loss=0.1149  train/pred_loss=0.008379  train/sigreg_loss=1.183  train/emb_std=0.9873  train/emb_norm=13.66  train/pred_vs_static=1.968  train/grad_norm=0.57  train/lr=4.994e-05  train/samples_per_sec=303.6
2026-10-04 15:18:05 [   8360] train/loss=0.1147  train/pred_loss=0.008182  train/sigreg_loss=1.182  train/emb_std=0.9857  train/emb_norm=13.64  train/pred_vs_static=1.989  train/grad_norm=0.5694  train/lr=4.994e-05  train/samples_per_sec=303.9
2026-10-04 15:18:13 [   8380] train/loss=0.1163  train/pred_loss=0.008126  train/sigreg_loss=1.202  train/emb_std=0.9861  train/emb_norm=13.63  train/pred_vs_static=1.959  train/grad_norm=0.5629  train/lr=4.994e-05  train/samples_per_sec=304.1
2026-10-04 15:18:21 [   8400] train/loss=0.1122  train/pred_loss=0.00829  train/sigreg_loss=1.155  train/emb_std=0.9861  train/emb_norm=13.63  train/pred_vs_static=1.913  train/grad_norm=0.5452  train/lr=4.994e-05  train/samples_per_sec=304.4
2026-10-04 15:18:29 [   8420] train/loss=0.1164  train/pred_loss=0.007994  train/sigreg_loss=1.204  train/emb_std=0.9869  train/emb_norm=13.64  train/pred_vs_static=2.02  train/grad_norm=0.58  train/lr=4.994e-05  train/samples_per_sec=304.6
2026-10-04 15:18:38 [   8440] train/loss=0.1168  train/pred_loss=0.008546  train/sigreg_loss=1.203  train/emb_std=0.9881  train/emb_norm=13.66  train/pred_vs_static=1.99  train/grad_norm=0.5706  train/lr=4.994e-05  train/samples_per_sec=304.7
2026-10-04 15:18:46 [   8460] train/loss=0.1153  train/pred_loss=0.008411  train/sigreg_loss=1.188  train/emb_std=0.9861  train/emb_norm=13.63  train/pred_vs_static=2.005  train/grad_norm=0.5551  train/lr=4.994e-05  train/samples_per_sec=304.9
2026-10-04 15:18:54 [   8480] train/loss=0.1148  train/pred_loss=0.008095  train/sigreg_loss=1.185  train/emb_std=0.9855  train/emb_norm=13.62  train/pred_vs_static=2.014  train/grad_norm=0.5651  train/lr=4.994e-05  train/samples_per_sec=305
2026-10-04 15:19:03 [   8500] train/loss=0.1139  train/pred_loss=0.008203  train/sigreg_loss=1.175  train/emb_std=0.9875  train/emb_norm=13.65  train/pred_vs_static=2.076  train/grad_norm=0.5543  train/lr=4.994e-05  train/samples_per_sec=305.2
2026-10-04 15:19:11 [   8520] train/loss=0.1138  train/pred_loss=0.007995  train/sigreg_loss=1.175  train/emb_std=0.9881  train/emb_norm=13.65  train/pred_vs_static=1.995  train/grad_norm=0.5531  train/lr=4.994e-05  train/samples_per_sec=305.3
2026-10-04 15:19:19 [   8540] train/loss=0.115  train/pred_loss=0.007992  train/sigreg_loss=1.19  train/emb_std=0.9875  train/emb_norm=13.64  train/pred_vs_static=1.985  train/grad_norm=0.5626  train/lr=4.993e-05  train/samples_per_sec=305.4
2026-10-04 15:19:28 [   8560] train/loss=0.1133  train/pred_loss=0.007887  train/sigreg_loss=1.171  train/emb_std=0.9889  train/emb_norm=13.66  train/pred_vs_static=2.064  train/grad_norm=0.5515  train/lr=4.993e-05  train/samples_per_sec=305.5
2026-10-04 15:19:36 [   8580] train/loss=0.1136  train/pred_loss=0.008089  train/sigreg_loss=1.173  train/emb_std=0.9873  train/emb_norm=13.64  train/pred_vs_static=2.023  train/grad_norm=0.5515  train/lr=4.993e-05  train/samples_per_sec=305.6
2026-10-04 15:19:44 [   8600] train/loss=0.1134  train/pred_loss=0.008484  train/sigreg_loss=1.165  train/emb_std=0.9879  train/emb_norm=13.66  train/pred_vs_static=1.994  train/grad_norm=0.5543  train/lr=4.993e-05  train/samples_per_sec=305.7
2026-10-04 15:19:52 [   8620] train/loss=0.1138  train/pred_loss=0.007817  train/sigreg_loss=1.177  train/emb_std=0.985  train/emb_norm=13.62  train/pred_vs_static=2.139  train/grad_norm=0.5542  train/lr=4.993e-05  train/samples_per_sec=305.8
2026-10-04 15:20:01 [   8640] train/loss=0.1132  train/pred_loss=0.008415  train/sigreg_loss=1.164  train/emb_std=0.9869  train/emb_norm=13.65  train/pred_vs_static=1.934  train/grad_norm=0.5476  train/lr=4.993e-05  train/samples_per_sec=305.9
2026-10-04 15:20:09 [   8660] train/loss=0.1151  train/pred_loss=0.008116  train/sigreg_loss=1.189  train/emb_std=0.9867  train/emb_norm=13.64  train/pred_vs_static=1.943  train/grad_norm=0.5615  train/lr=4.993e-05  train/samples_per_sec=306
2026-10-04 15:20:17 [   8680] train/loss=0.1132  train/pred_loss=0.008335  train/sigreg_loss=1.166  train/emb_std=0.9881  train/emb_norm=13.65  train/pred_vs_static=2.042  train/grad_norm=0.5571  train/lr=4.993e-05  train/samples_per_sec=306
2026-10-04 15:20:26 [   8700] train/loss=0.1122  train/pred_loss=0.008133  train/sigreg_loss=1.156  train/emb_std=0.9859  train/emb_norm=13.63  train/pred_vs_static=2.004  train/grad_norm=0.5476  train/lr=4.993e-05  train/samples_per_sec=306.1
2026-10-04 15:20:34 [   8720] train/loss=0.1164  train/pred_loss=0.00823  train/sigreg_loss=1.202  train/emb_std=0.9867  train/emb_norm=13.63  train/pred_vs_static=2.035  train/grad_norm=0.5756  train/lr=4.993e-05  train/samples_per_sec=306.2
2026-10-04 15:20:42 [   8740] train/loss=0.1148  train/pred_loss=0.007954  train/sigreg_loss=1.188  train/emb_std=0.9873  train/emb_norm=13.64  train/pred_vs_static=2.037  train/grad_norm=0.5544  train/lr=4.993e-05  train/samples_per_sec=306.2
2026-10-04 15:20:51 [   8760] train/loss=0.1143  train/pred_loss=0.007902  train/sigreg_loss=1.181  train/emb_std=0.9889  train/emb_norm=13.67  train/pred_vs_static=2.043  train/grad_norm=0.5521  train/lr=4.993e-05  train/samples_per_sec=306.3
2026-10-04 15:20:59 [   8780] train/loss=0.115  train/pred_loss=0.007987  train/sigreg_loss=1.189  train/emb_std=0.9865  train/emb_norm=13.64  train/pred_vs_static=1.955  train/grad_norm=0.5489  train/lr=4.993e-05  train/samples_per_sec=306.4
2026-10-04 15:21:07 [   8800] train/loss=0.1116  train/pred_loss=0.007769  train/sigreg_loss=1.154  train/emb_std=0.9865  train/emb_norm=13.64  train/pred_vs_static=2.025  train/grad_norm=0.539  train/lr=4.993e-05  train/samples_per_sec=306.4
2026-10-04 15:21:15 [   8820] train/loss=0.111  train/pred_loss=0.007697  train/sigreg_loss=1.147  train/emb_std=0.9877  train/emb_norm=13.65  train/pred_vs_static=1.977  train/grad_norm=0.5396  train/lr=4.993e-05  train/samples_per_sec=306.5
2026-10-04 15:21:24 [   8840] train/loss=0.1133  train/pred_loss=0.007924  train/sigreg_loss=1.171  train/emb_std=0.9873  train/emb_norm=13.64  train/pred_vs_static=2.093  train/grad_norm=0.5595  train/lr=4.993e-05  train/samples_per_sec=306.5
2026-10-04 15:21:32 [   8860] train/loss=0.1151  train/pred_loss=0.007954  train/sigreg_loss=1.19  train/emb_std=0.9861  train/emb_norm=13.63  train/pred_vs_static=2.003  train/grad_norm=0.5586  train/lr=4.993e-05  train/samples_per_sec=306.6
2026-10-04 15:21:40 [   8880] train/loss=0.1132  train/pred_loss=0.007693  train/sigreg_loss=1.172  train/emb_std=0.9893  train/emb_norm=13.67  train/pred_vs_static=1.97  train/grad_norm=0.541  train/lr=4.992e-05  train/samples_per_sec=306.6
2026-10-04 15:21:49 [   8900] train/loss=0.1131  train/pred_loss=0.007824  train/sigreg_loss=1.17  train/emb_std=0.9869  train/emb_norm=13.64  train/pred_vs_static=1.975  train/grad_norm=0.5517  train/lr=4.992e-05  train/samples_per_sec=306.6
2026-10-04 15:21:57 [   8920] train/loss=0.1115  train/pred_loss=0.007667  train/sigreg_loss=1.154  train/emb_std=0.9883  train/emb_norm=13.65  train/pred_vs_static=2.059  train/grad_norm=0.5406  train/lr=4.992e-05  train/samples_per_sec=306.7
2026-10-04 15:22:05 [   8940] train/loss=0.1122  train/pred_loss=0.008037  train/sigreg_loss=1.157  train/emb_std=0.9873  train/emb_norm=13.65  train/pred_vs_static=1.987  train/grad_norm=0.553  train/lr=4.992e-05  train/samples_per_sec=306.7
2026-10-04 15:22:13 [   8960] train/loss=0.1125  train/pred_loss=0.007817  train/sigreg_loss=1.164  train/emb_std=0.9871  train/emb_norm=13.64  train/pred_vs_static=2.028  train/grad_norm=0.5408  train/lr=4.992e-05  train/samples_per_sec=306.8
2026-10-04 15:22:22 [   8980] train/loss=0.1126  train/pred_loss=0.007737  train/sigreg_loss=1.165  train/emb_std=0.9871  train/emb_norm=13.65  train/pred_vs_static=2.076  train/grad_norm=0.5516  train/lr=4.992e-05  train/samples_per_sec=306.8
2026-10-04 15:22:30 [   9000] train/loss=0.1103  train/pred_loss=0.007895  train/sigreg_loss=1.138  train/emb_std=0.9881  train/emb_norm=13.66  train/pred_vs_static=1.959  train/grad_norm=0.5335  train/lr=4.992e-05  train/samples_per_sec=306.8
2026-10-04 15:22:38 [   9020] train/loss=0.1112  train/pred_loss=0.007935  train/sigreg_loss=1.147  train/emb_std=0.9855  train/emb_norm=13.63  train/pred_vs_static=1.957  train/grad_norm=0.5402  train/lr=4.992e-05  train/samples_per_sec=306.9
2026-10-04 15:22:47 [   9040] train/loss=0.1138  train/pred_loss=0.007841  train/sigreg_loss=1.177  train/emb_std=0.9883  train/emb_norm=13.66  train/pred_vs_static=1.965  train/grad_norm=0.5471  train/lr=4.992e-05  train/samples_per_sec=306.9
2026-10-04 15:22:55 [   9060] train/loss=0.1126  train/pred_loss=0.007791  train/sigreg_loss=1.165  train/emb_std=0.9867  train/emb_norm=13.64  train/pred_vs_static=2.008  train/grad_norm=0.5438  train/lr=4.992e-05  train/samples_per_sec=306.9
2026-10-04 15:23:03 [   9080] train/loss=0.1117  train/pred_loss=0.007587  train/sigreg_loss=1.157  train/emb_std=0.9869  train/emb_norm=13.64  train/pred_vs_static=2.062  train/grad_norm=0.5338  train/lr=4.992e-05  train/samples_per_sec=306.9
2026-10-04 15:23:12 [   9100] train/loss=0.1119  train/pred_loss=0.007881  train/sigreg_loss=1.157  train/emb_std=0.9865  train/emb_norm=13.63  train/pred_vs_static=1.962  train/grad_norm=0.5391  train/lr=4.992e-05  train/samples_per_sec=307
2026-10-04 15:23:20 [   9120] train/loss=0.1129  train/pred_loss=0.007742  train/sigreg_loss=1.169  train/emb_std=0.9883  train/emb_norm=13.66  train/pred_vs_static=2.063  train/grad_norm=0.5469  train/lr=4.992e-05  train/samples_per_sec=307
2026-10-04 15:23:28 [   9140] train/loss=0.1101  train/pred_loss=0.007719  train/sigreg_loss=1.138  train/emb_std=0.9865  train/emb_norm=13.64  train/pred_vs_static=2.004  train/grad_norm=0.545  train/lr=4.992e-05  train/samples_per_sec=307
2026-10-04 15:23:36 [   9160] train/loss=0.113  train/pred_loss=0.007975  train/sigreg_loss=1.166  train/emb_std=0.9871  train/emb_norm=13.65  train/pred_vs_static=1.924  train/grad_norm=0.5479  train/lr=4.992e-05  train/samples_per_sec=307.1
2026-10-04 15:23:45 [   9180] train/loss=0.1093  train/pred_loss=0.007714  train/sigreg_loss=1.129  train/emb_std=0.9881  train/emb_norm=13.66  train/pred_vs_static=1.995  train/grad_norm=0.5269  train/lr=4.992e-05  train/samples_per_sec=307.1
2026-10-04 15:23:53 [   9200] train/loss=0.1121  train/pred_loss=0.007895  train/sigreg_loss=1.158  train/emb_std=0.9863  train/emb_norm=13.64  train/pred_vs_static=1.922  train/grad_norm=0.536  train/lr=4.991e-05  train/samples_per_sec=307.1
2026-10-04 15:24:01 [   9220] train/loss=0.111  train/pred_loss=0.007751  train/sigreg_loss=1.147  train/emb_std=0.9883  train/emb_norm=13.66  train/pred_vs_static=1.881  train/grad_norm=0.5238  train/lr=4.991e-05  train/samples_per_sec=307.1
2026-10-04 15:24:10 [   9240] train/loss=0.1126  train/pred_loss=0.007649  train/sigreg_loss=1.166  train/emb_std=0.9869  train/emb_norm=13.64  train/pred_vs_static=2.086  train/grad_norm=0.5431  train/lr=4.991e-05  train/samples_per_sec=307.1
2026-10-04 15:24:18 [   9260] train/loss=0.1128  train/pred_loss=0.007449  train/sigreg_loss=1.171  train/emb_std=0.9881  train/emb_norm=13.65  train/pred_vs_static=2.105  train/grad_norm=0.547  train/lr=4.991e-05  train/samples_per_sec=307.2
2026-10-04 15:24:26 [   9280] train/loss=0.1089  train/pred_loss=0.007431  train/sigreg_loss=1.128  train/emb_std=0.9877  train/emb_norm=13.65  train/pred_vs_static=2.054  train/grad_norm=0.5307  train/lr=4.991e-05  train/samples_per_sec=307.2
2026-10-04 15:24:35 [   9300] train/loss=0.1116  train/pred_loss=0.00763  train/sigreg_loss=1.155  train/emb_std=0.9871  train/emb_norm=13.64  train/pred_vs_static=2.074  train/grad_norm=0.5528  train/lr=4.991e-05  train/samples_per_sec=307.2
2026-10-04 15:24:43 [   9320] train/loss=0.1133  train/pred_loss=0.007613  train/sigreg_loss=1.174  train/emb_std=0.9879  train/emb_norm=13.65  train/pred_vs_static=2.096  train/grad_norm=0.5494  train/lr=4.991e-05  train/samples_per_sec=307.2
2026-10-04 15:24:51 [   9340] train/loss=0.1122  train/pred_loss=0.007692  train/sigreg_loss=1.161  train/emb_std=0.9861  train/emb_norm=13.64  train/pred_vs_static=2.081  train/grad_norm=0.5345  train/lr=4.991e-05  train/samples_per_sec=307.2
2026-10-04 15:24:59 [   9360] train/loss=0.111  train/pred_loss=0.007381  train/sigreg_loss=1.152  train/emb_std=0.9871  train/emb_norm=13.65  train/pred_vs_static=2.059  train/grad_norm=0.5336  train/lr=4.991e-05  train/samples_per_sec=307.3
2026-10-04 15:25:08 [   9380] train/loss=0.1098  train/pred_loss=0.007358  train/sigreg_loss=1.138  train/emb_std=0.9865  train/emb_norm=13.64  train/pred_vs_static=2.003  train/grad_norm=0.5411  train/lr=4.991e-05  train/samples_per_sec=307.3
2026-10-04 15:25:16 [   9400] train/loss=0.1105  train/pred_loss=0.007503  train/sigreg_loss=1.144  train/emb_std=0.9879  train/emb_norm=13.65  train/pred_vs_static=2.039  train/grad_norm=0.541  train/lr=4.991e-05  train/samples_per_sec=307.3
2026-10-04 15:25:24 [   9420] train/loss=0.1102  train/pred_loss=0.007401  train/sigreg_loss=1.142  train/emb_std=0.9877  train/emb_norm=13.65  train/pred_vs_static=2.167  train/grad_norm=0.5473  train/lr=4.991e-05  train/samples_per_sec=307.3
2026-10-04 15:25:33 [   9440] train/loss=0.11  train/pred_loss=0.007516  train/sigreg_loss=1.139  train/emb_std=0.9885  train/emb_norm=13.66  train/pred_vs_static=2.053  train/grad_norm=0.5357  train/lr=4.991e-05  train/samples_per_sec=307.3
2026-10-04 15:25:41 [   9460] train/loss=0.1105  train/pred_loss=0.007538  train/sigreg_loss=1.144  train/emb_std=0.9885  train/emb_norm=13.66  train/pred_vs_static=1.949  train/grad_norm=0.5416  train/lr=4.991e-05  train/samples_per_sec=307.3
2026-10-04 15:25:49 [   9480] train/loss=0.1076  train/pred_loss=0.007386  train/sigreg_loss=1.113  train/emb_std=0.9883  train/emb_norm=13.65  train/pred_vs_static=1.977  train/grad_norm=0.5252  train/lr=4.99e-05  train/samples_per_sec=307.4
2026-10-04 15:25:58 [   9500] train/loss=0.1093  train/pred_loss=0.007494  train/sigreg_loss=1.131  train/emb_std=0.9887  train/emb_norm=13.67  train/pred_vs_static=2.037  train/grad_norm=0.5235  train/lr=4.99e-05  train/samples_per_sec=307.4
2026-10-04 15:26:06 [   9520] train/loss=0.1084  train/pred_loss=0.007476  train/sigreg_loss=1.121  train/emb_std=0.9883  train/emb_norm=13.66  train/pred_vs_static=1.936  train/grad_norm=0.524  train/lr=4.99e-05  train/samples_per_sec=307.4
2026-10-04 15:26:14 [   9540] train/loss=0.1102  train/pred_loss=0.00753  train/sigreg_loss=1.141  train/emb_std=0.9883  train/emb_norm=13.65  train/pred_vs_static=1.997  train/grad_norm=0.5274  train/lr=4.99e-05  train/samples_per_sec=307.4
2026-10-04 15:26:22 [   9560] train/loss=0.1102  train/pred_loss=0.007195  train/sigreg_loss=1.145  train/emb_std=0.9885  train/emb_norm=13.65  train/pred_vs_static=2.085  train/grad_norm=0.5367  train/lr=4.99e-05  train/samples_per_sec=307.4
2026-10-04 15:26:31 [   9580] train/loss=0.1102  train/pred_loss=0.007486  train/sigreg_loss=1.141  train/emb_std=0.9883  train/emb_norm=13.67  train/pred_vs_static=2.066  train/grad_norm=0.5326  train/lr=4.99e-05  train/samples_per_sec=307.4
2026-10-04 15:26:39 [   9600] train/loss=0.1099  train/pred_loss=0.007519  train/sigreg_loss=1.137  train/emb_std=0.9873  train/emb_norm=13.65  train/pred_vs_static=2.057  train/grad_norm=0.5331  train/lr=4.99e-05  train/samples_per_sec=307.4
2026-10-04 15:26:47 [   9620] train/loss=0.1106  train/pred_loss=0.007443  train/sigreg_loss=1.146  train/emb_std=0.9867  train/emb_norm=13.65  train/pred_vs_static=2.132  train/grad_norm=0.5396  train/lr=4.99e-05  train/samples_per_sec=307.5
2026-10-04 15:26:56 [   9640] train/loss=0.1076  train/pred_loss=0.007372  train/sigreg_loss=1.114  train/emb_std=0.9861  train/emb_norm=13.63  train/pred_vs_static=1.962  train/grad_norm=0.5234  train/lr=4.99e-05  train/samples_per_sec=307.5
2026-10-04 15:27:04 [   9660] train/loss=0.1156  train/pred_loss=0.007565  train/sigreg_loss=1.2  train/emb_std=0.9877  train/emb_norm=13.65  train/pred_vs_static=2.072  train/grad_norm=0.5504  train/lr=4.99e-05  train/samples_per_sec=307.5
2026-10-04 15:27:12 [   9680] train/loss=0.111  train/pred_loss=0.007557  train/sigreg_loss=1.15  train/emb_std=0.9883  train/emb_norm=13.66  train/pred_vs_static=2.129  train/grad_norm=0.5384  train/lr=4.99e-05  train/samples_per_sec=307.5
2026-10-04 15:27:21 [   9700] train/loss=0.1104  train/pred_loss=0.007547  train/sigreg_loss=1.142  train/emb_std=0.9883  train/emb_norm=13.65  train/pred_vs_static=2.002  train/grad_norm=0.536  train/lr=4.99e-05  train/samples_per_sec=307.5
2026-10-04 15:27:29 [   9720] train/loss=0.1107  train/pred_loss=0.007433  train/sigreg_loss=1.148  train/emb_std=0.9873  train/emb_norm=13.65  train/pred_vs_static=2.134  train/grad_norm=0.5371  train/lr=4.99e-05  train/samples_per_sec=307.5
2026-10-04 15:27:37 [   9740] train/loss=0.1082  train/pred_loss=0.007419  train/sigreg_loss=1.12  train/emb_std=0.9893  train/emb_norm=13.67  train/pred_vs_static=2.01  train/grad_norm=0.5145  train/lr=4.99e-05  train/samples_per_sec=307.5
2026-10-04 15:27:45 [   9760] train/loss=0.1098  train/pred_loss=0.007275  train/sigreg_loss=1.14  train/emb_std=0.9883  train/emb_norm=13.65  train/pred_vs_static=2.002  train/grad_norm=0.5304  train/lr=4.989e-05  train/samples_per_sec=307.5
2026-10-04 15:27:54 [   9780] train/loss=0.1081  train/pred_loss=0.007646  train/sigreg_loss=1.116  train/emb_std=0.9883  train/emb_norm=13.65  train/pred_vs_static=2.025  train/grad_norm=0.5265  train/lr=4.989e-05  train/samples_per_sec=307.6
2026-10-04 15:28:02 [   9800] train/loss=0.1108  train/pred_loss=0.007377  train/sigreg_loss=1.15  train/emb_std=0.9889  train/emb_norm=13.66  train/pred_vs_static=1.97  train/grad_norm=0.5436  train/lr=4.989e-05  train/samples_per_sec=307.6
2026-10-04 15:28:10 [   9820] train/loss=0.1097  train/pred_loss=0.007413  train/sigreg_loss=1.136  train/emb_std=0.9871  train/emb_norm=13.64  train/pred_vs_static=2.073  train/grad_norm=0.5364  train/lr=4.989e-05  train/samples_per_sec=307.6
2026-10-04 15:28:19 [   9840] train/loss=0.1104  train/pred_loss=0.0073  train/sigreg_loss=1.145  train/emb_std=0.9875  train/emb_norm=13.65  train/pred_vs_static=2.022  train/grad_norm=0.5332  train/lr=4.989e-05  train/samples_per_sec=307.6
2026-10-04 15:28:27 [   9860] train/loss=0.1108  train/pred_loss=0.007382  train/sigreg_loss=1.149  train/emb_std=0.9879  train/emb_norm=13.64  train/pred_vs_static=2.129  train/grad_norm=0.534  train/lr=4.989e-05  train/samples_per_sec=307.6
2026-10-04 15:28:35 [   9880] train/loss=0.1105  train/pred_loss=0.00733  train/sigreg_loss=1.146  train/emb_std=0.9867  train/emb_norm=13.64  train/pred_vs_static=2.175  train/grad_norm=0.5375  train/lr=4.989e-05  train/samples_per_sec=307.6
2026-10-04 15:28:44 [   9900] train/loss=0.1082  train/pred_loss=0.007569  train/sigreg_loss=1.118  train/emb_std=0.9896  train/emb_norm=13.67  train/pred_vs_static=2.045  train/grad_norm=0.5245  train/lr=4.989e-05  train/samples_per_sec=307.6
2026-10-04 15:28:52 [   9920] train/loss=0.1085  train/pred_loss=0.007163  train/sigreg_loss=1.126  train/emb_std=0.9891  train/emb_norm=13.67  train/pred_vs_static=2.145  train/grad_norm=0.5236  train/lr=4.989e-05  train/samples_per_sec=307.6
2026-10-04 15:29:00 [   9940] train/loss=0.1104  train/pred_loss=0.007438  train/sigreg_loss=1.144  train/emb_std=0.9881  train/emb_norm=13.66  train/pred_vs_static=2.088  train/grad_norm=0.5335  train/lr=4.989e-05  train/samples_per_sec=307.6
2026-10-04 15:29:08 [   9960] train/loss=0.1108  train/pred_loss=0.00727  train/sigreg_loss=1.15  train/emb_std=0.9875  train/emb_norm=13.65  train/pred_vs_static=2.235  train/grad_norm=0.5362  train/lr=4.989e-05  train/samples_per_sec=307.6
2026-10-04 15:29:17 [   9980] train/loss=0.109  train/pred_loss=0.007432  train/sigreg_loss=1.128  train/emb_std=0.9881  train/emb_norm=13.65  train/pred_vs_static=1.943  train/grad_norm=0.5216  train/lr=4.989e-05  train/samples_per_sec=307.6
2026-10-04 15:29:25 [  10000] train/loss=0.1063  train/pred_loss=0.007019  train/sigreg_loss=1.104  train/emb_std=0.9879  train/emb_norm=13.66  train/pred_vs_static=2.002  train/grad_norm=0.5109  train/lr=4.989e-05  train/samples_per_sec=307.7
2026-10-04 15:29:25 [  10000] train_epoch/loss=0.1125  train_epoch/pred_loss=0.007825  train_epoch/sigreg_loss=1.163  train_epoch/emb_std=0.9874  train_epoch/emb_norm=13.65  train_epoch/pred_vs_static=2.024  train_epoch/grad_norm=0.5465  train_epoch/lr=4.992e-05  train_epoch/epoch=4
2026-10-04 15:29:36 [  10000] val/loss=5.919  val/pred_loss=0.02075  val/sigreg_loss=65.54  val/emb_std=0.4668  val/emb_norm=11.95  val/pred_vs_static=3.303  val/epoch=4
2026-10-04 15:29:37 epoch   4 | val pred_vs_static 3.30297 | best 1.67379 @ epoch 0 | saved epoch_004.pt
2026-10-04 15:29:47 [  10020] train/loss=0.1103  train/pred_loss=0.007322  train/sigreg_loss=1.145  train/emb_std=0.9873  train/emb_norm=13.64  train/pred_vs_static=2.026  train/grad_norm=0.534  train/lr=4.989e-05  train/samples_per_sec=240.5
2026-10-04 15:29:56 [  10040] train/loss=0.1081  train/pred_loss=0.007273  train/sigreg_loss=1.12  train/emb_std=0.9867  train/emb_norm=13.63  train/pred_vs_static=2.026  train/grad_norm=0.5233  train/lr=4.988e-05  train/samples_per_sec=270.4
2026-10-04 15:30:04 [  10060] train/loss=0.1091  train/pred_loss=0.00717  train/sigreg_loss=1.132  train/emb_std=0.9881  train/emb_norm=13.65  train/pred_vs_static=2.037  train/grad_norm=0.5267  train/lr=4.988e-05  train/samples_per_sec=282
2026-10-04 15:30:12 [  10080] train/loss=0.1071  train/pred_loss=0.006919  train/sigreg_loss=1.113  train/emb_std=0.9871  train/emb_norm=13.66  train/pred_vs_static=2.071  train/grad_norm=0.5159  train/lr=4.988e-05  train/samples_per_sec=288.3
2026-10-04 15:30:20 [  10100] train/loss=0.1051  train/pred_loss=0.007048  train/sigreg_loss=1.089  train/emb_std=0.9885  train/emb_norm=13.67  train/pred_vs_static=2.057  train/grad_norm=0.5129  train/lr=4.988e-05  train/samples_per_sec=292.1
2026-10-04 15:30:29 [  10120] train/loss=0.107  train/pred_loss=0.006903  train/sigreg_loss=1.112  train/emb_std=0.9885  train/emb_norm=13.66  train/pred_vs_static=2.059  train/grad_norm=0.5104  train/lr=4.988e-05  train/samples_per_sec=294.7
2026-10-04 15:30:37 [  10140] train/loss=0.1085  train/pred_loss=0.007216  train/sigreg_loss=1.126  train/emb_std=0.9857  train/emb_norm=13.63  train/pred_vs_static=2.039  train/grad_norm=0.5278  train/lr=4.988e-05  train/samples_per_sec=296.6
2026-10-04 15:30:45 [  10160] train/loss=0.1092  train/pred_loss=0.007419  train/sigreg_loss=1.132  train/emb_std=0.9883  train/emb_norm=13.65  train/pred_vs_static=2.052  train/grad_norm=0.5315  train/lr=4.988e-05  train/samples_per_sec=298
2026-10-04 15:30:54 [  10180] train/loss=0.1073  train/pred_loss=0.007209  train/sigreg_loss=1.112  train/emb_std=0.9871  train/emb_norm=13.65  train/pred_vs_static=2.089  train/grad_norm=0.5179  train/lr=4.988e-05  train/samples_per_sec=299.2
2026-10-04 15:31:02 [  10200] train/loss=0.1078  train/pred_loss=0.007218  train/sigreg_loss=1.117  train/emb_std=0.9865  train/emb_norm=13.64  train/pred_vs_static=2.142  train/grad_norm=0.5169  train/lr=4.988e-05  train/samples_per_sec=300.1
2026-10-04 15:31:10 [  10220] train/loss=0.1109  train/pred_loss=0.00733  train/sigreg_loss=1.151  train/emb_std=0.9861  train/emb_norm=13.64  train/pred_vs_static=2.089  train/grad_norm=0.5392  train/lr=4.988e-05  train/samples_per_sec=300.8
2026-10-04 15:31:19 [  10240] train/loss=0.1111  train/pred_loss=0.007038  train/sigreg_loss=1.156  train/emb_std=0.9871  train/emb_norm=13.65  train/pred_vs_static=2.116  train/grad_norm=0.5358  train/lr=4.988e-05  train/samples_per_sec=301.4
2026-10-04 15:31:27 [  10260] train/loss=0.1071  train/pred_loss=0.007046  train/sigreg_loss=1.111  train/emb_std=0.9873  train/emb_norm=13.65  train/pred_vs_static=2.071  train/grad_norm=0.5202  train/lr=4.988e-05  train/samples_per_sec=302
2026-10-04 15:31:35 [  10280] train/loss=0.1118  train/pred_loss=0.007171  train/sigreg_loss=1.162  train/emb_std=0.9887  train/emb_norm=13.66  train/pred_vs_static=2.286  train/grad_norm=0.5434  train/lr=4.988e-05  train/samples_per_sec=302.4
2026-10-04 15:31:43 [  10300] train/loss=0.1069  train/pred_loss=0.007172  train/sigreg_loss=1.108  train/emb_std=0.9875  train/emb_norm=13.65  train/pred_vs_static=2.027  train/grad_norm=0.5135  train/lr=4.987e-05  train/samples_per_sec=302.8
2026-10-04 15:31:52 [  10320] train/loss=0.1069  train/pred_loss=0.006943  train/sigreg_loss=1.111  train/emb_std=0.9883  train/emb_norm=13.65  train/pred_vs_static=2.032  train/grad_norm=0.5219  train/lr=4.987e-05  train/samples_per_sec=303.1
2026-10-04 15:32:00 [  10340] train/loss=0.108  train/pred_loss=0.006842  train/sigreg_loss=1.124  train/emb_std=0.9895  train/emb_norm=13.67  train/pred_vs_static=2.044  train/grad_norm=0.5168  train/lr=4.987e-05  train/samples_per_sec=303.4
2026-10-04 15:32:08 [  10360] train/loss=0.1076  train/pred_loss=0.007249  train/sigreg_loss=1.115  train/emb_std=0.9879  train/emb_norm=13.66  train/pred_vs_static=1.902  train/grad_norm=0.5152  train/lr=4.987e-05  train/samples_per_sec=303.7
2026-10-04 15:32:17 [  10380] train/loss=0.1075  train/pred_loss=0.007139  train/sigreg_loss=1.114  train/emb_std=0.9875  train/emb_norm=13.65  train/pred_vs_static=2.084  train/grad_norm=0.5262  train/lr=4.987e-05  train/samples_per_sec=303.9
2026-10-04 15:32:25 [  10400] train/loss=0.1095  train/pred_loss=0.007133  train/sigreg_loss=1.137  train/emb_std=0.9873  train/emb_norm=13.65  train/pred_vs_static=2.072  train/grad_norm=0.5175  train/lr=4.987e-05  train/samples_per_sec=304.1
2026-10-04 15:32:33 [  10420] train/loss=0.1084  train/pred_loss=0.006971  train/sigreg_loss=1.127  train/emb_std=0.9879  train/emb_norm=13.66  train/pred_vs_static=2.082  train/grad_norm=0.5267  train/lr=4.987e-05  train/samples_per_sec=304.3
2026-10-04 15:32:42 [  10440] train/loss=0.1085  train/pred_loss=0.007191  train/sigreg_loss=1.126  train/emb_std=0.9875  train/emb_norm=13.65  train/pred_vs_static=2.106  train/grad_norm=0.5322  train/lr=4.987e-05  train/samples_per_sec=304.5
2026-10-04 15:32:50 [  10460] train/loss=0.1059  train/pred_loss=0.00709  train/sigreg_loss=1.097  train/emb_std=0.9879  train/emb_norm=13.66  train/pred_vs_static=2.024  train/grad_norm=0.5116  train/lr=4.987e-05  train/samples_per_sec=304.7
2026-10-04 15:32:58 [  10480] train/loss=0.1082  train/pred_loss=0.006841  train/sigreg_loss=1.126  train/emb_std=0.9883  train/emb_norm=13.66  train/pred_vs_static=2.079  train/grad_norm=0.5246  train/lr=4.987e-05  train/samples_per_sec=304.8
2026-10-04 15:33:06 [  10500] train/loss=0.108  train/pred_loss=0.006956  train/sigreg_loss=1.122  train/emb_std=0.9873  train/emb_norm=13.64  train/pred_vs_static=2.144  train/grad_norm=0.5218  train/lr=4.987e-05  train/samples_per_sec=305
2026-10-04 15:33:15 [  10520] train/loss=0.1099  train/pred_loss=0.007123  train/sigreg_loss=1.142  train/emb_std=0.9875  train/emb_norm=13.64  train/pred_vs_static=2.066  train/grad_norm=0.5336  train/lr=4.987e-05  train/samples_per_sec=305.1
2026-10-04 15:33:23 [  10540] train/loss=0.1098  train/pred_loss=0.007037  train/sigreg_loss=1.142  train/emb_std=0.9885  train/emb_norm=13.67  train/pred_vs_static=2.193  train/grad_norm=0.5226  train/lr=4.986e-05  train/samples_per_sec=305.2
2026-10-04 15:33:31 [  10560] train/loss=0.1089  train/pred_loss=0.007217  train/sigreg_loss=1.129  train/emb_std=0.9865  train/emb_norm=13.64  train/pred_vs_static=2.094  train/grad_norm=0.5221  train/lr=4.986e-05  train/samples_per_sec=305.3
2026-10-04 15:33:40 [  10580] train/loss=0.106  train/pred_loss=0.007033  train/sigreg_loss=1.099  train/emb_std=0.9902  train/emb_norm=13.68  train/pred_vs_static=2.037  train/grad_norm=0.5055  train/lr=4.986e-05  train/samples_per_sec=305.5
2026-10-04 15:33:48 [  10600] train/loss=0.1062  train/pred_loss=0.006977  train/sigreg_loss=1.103  train/emb_std=0.9887  train/emb_norm=13.65  train/pred_vs_static=2.002  train/grad_norm=0.5133  train/lr=4.986e-05  train/samples_per_sec=305.6
2026-10-04 15:33:56 [  10620] train/loss=0.107  train/pred_loss=0.00662  train/sigreg_loss=1.115  train/emb_std=0.9877  train/emb_norm=13.64  train/pred_vs_static=2.152  train/grad_norm=0.5157  train/lr=4.986e-05  train/samples_per_sec=305.6
2026-10-04 15:34:05 [  10640] train/loss=0.1052  train/pred_loss=0.006666  train/sigreg_loss=1.095  train/emb_std=0.9887  train/emb_norm=13.67  train/pred_vs_static=2.137  train/grad_norm=0.5145  train/lr=4.986e-05  train/samples_per_sec=305.7
2026-10-04 15:34:13 [  10660] train/loss=0.1082  train/pred_loss=0.006915  train/sigreg_loss=1.125  train/emb_std=0.9883  train/emb_norm=13.66  train/pred_vs_static=2.068  train/grad_norm=0.5311  train/lr=4.986e-05  train/samples_per_sec=305.8
2026-10-04 15:34:21 [  10680] train/loss=0.1062  train/pred_loss=0.00692  train/sigreg_loss=1.104  train/emb_std=0.9877  train/emb_norm=13.64  train/pred_vs_static=2.002  train/grad_norm=0.5125  train/lr=4.986e-05  train/samples_per_sec=305.9
2026-10-04 15:34:29 [  10700] train/loss=0.1071  train/pred_loss=0.006792  train/sigreg_loss=1.114  train/emb_std=0.9889  train/emb_norm=13.67  train/pred_vs_static=2.276  train/grad_norm=0.5132  train/lr=4.986e-05  train/samples_per_sec=306
2026-10-04 15:34:38 [  10720] train/loss=0.106  train/pred_loss=0.006639  train/sigreg_loss=1.104  train/emb_std=0.9896  train/emb_norm=13.67  train/pred_vs_static=2.063  train/grad_norm=0.5127  train/lr=4.986e-05  train/samples_per_sec=306
2026-10-04 15:34:46 [  10740] train/loss=0.1065  train/pred_loss=0.006762  train/sigreg_loss=1.108  train/emb_std=0.9887  train/emb_norm=13.65  train/pred_vs_static=2.104  train/grad_norm=0.5148  train/lr=4.986e-05  train/samples_per_sec=306.1
2026-10-04 15:34:54 [  10760] train/loss=0.1073  train/pred_loss=0.006994  train/sigreg_loss=1.114  train/emb_std=0.9863  train/emb_norm=13.64  train/pred_vs_static=1.996  train/grad_norm=0.5162  train/lr=4.986e-05  train/samples_per_sec=306.2
2026-10-04 15:35:03 [  10780] train/loss=0.1065  train/pred_loss=0.006687  train/sigreg_loss=1.109  train/emb_std=0.9887  train/emb_norm=13.67  train/pred_vs_static=2  train/grad_norm=0.5048  train/lr=4.985e-05  train/samples_per_sec=306.2
2026-10-04 15:35:11 [  10800] train/loss=0.1072  train/pred_loss=0.006857  train/sigreg_loss=1.115  train/emb_std=0.9873  train/emb_norm=13.64  train/pred_vs_static=2.093  train/grad_norm=0.5237  train/lr=4.985e-05  train/samples_per_sec=306.3
2026-10-04 15:35:19 [  10820] train/loss=0.1036  train/pred_loss=0.006884  train/sigreg_loss=1.075  train/emb_std=0.9914  train/emb_norm=13.69  train/pred_vs_static=1.985  train/grad_norm=0.4969  train/lr=4.985e-05  train/samples_per_sec=306.3
2026-10-04 15:35:28 [  10840] train/loss=0.1057  train/pred_loss=0.006737  train/sigreg_loss=1.1  train/emb_std=0.9871  train/emb_norm=13.64  train/pred_vs_static=2.074  train/grad_norm=0.514  train/lr=4.985e-05  train/samples_per_sec=306.4
2026-10-04 15:35:36 [  10860] train/loss=0.107  train/pred_loss=0.007024  train/sigreg_loss=1.112  train/emb_std=0.9875  train/emb_norm=13.64  train/pred_vs_static=2.048  train/grad_norm=0.5117  train/lr=4.985e-05  train/samples_per_sec=306.4
2026-10-04 15:35:44 [  10880] train/loss=0.1068  train/pred_loss=0.006908  train/sigreg_loss=1.11  train/emb_std=0.9885  train/emb_norm=13.68  train/pred_vs_static=2.033  train/grad_norm=0.5172  train/lr=4.985e-05  train/samples_per_sec=306.5
2026-10-04 15:35:52 [  10900] train/loss=0.1064  train/pred_loss=0.006846  train/sigreg_loss=1.106  train/emb_std=0.9883  train/emb_norm=13.66  train/pred_vs_static=2.05  train/grad_norm=0.5026  train/lr=4.985e-05  train/samples_per_sec=306.5
2026-10-04 15:36:01 [  10920] train/loss=0.1064  train/pred_loss=0.006877  train/sigreg_loss=1.105  train/emb_std=0.9875  train/emb_norm=13.64  train/pred_vs_static=2.122  train/grad_norm=0.5162  train/lr=4.985e-05  train/samples_per_sec=306.5
2026-10-04 15:36:09 [  10940] train/loss=0.1055  train/pred_loss=0.006755  train/sigreg_loss=1.097  train/emb_std=0.9873  train/emb_norm=13.64  train/pred_vs_static=2.027  train/grad_norm=0.5096  train/lr=4.985e-05  train/samples_per_sec=306.6
2026-10-04 15:36:17 [  10960] train/loss=0.1072  train/pred_loss=0.007059  train/sigreg_loss=1.113  train/emb_std=0.9865  train/emb_norm=13.64  train/pred_vs_static=2.144  train/grad_norm=0.5198  train/lr=4.985e-05  train/samples_per_sec=306.6
2026-10-04 15:36:26 [  10980] train/loss=0.1078  train/pred_loss=0.006732  train/sigreg_loss=1.123  train/emb_std=0.9877  train/emb_norm=13.65  train/pred_vs_static=2.202  train/grad_norm=0.5186  train/lr=4.985e-05  train/samples_per_sec=306.7
2026-10-04 15:36:34 [  11000] train/loss=0.1054  train/pred_loss=0.006624  train/sigreg_loss=1.097  train/emb_std=0.9877  train/emb_norm=13.66  train/pred_vs_static=1.976  train/grad_norm=0.4953  train/lr=4.984e-05  train/samples_per_sec=306.7
2026-10-04 15:36:42 [  11020] train/loss=0.1044  train/pred_loss=0.006384  train/sigreg_loss=1.09  train/emb_std=0.9861  train/emb_norm=13.63  train/pred_vs_static=2.131  train/grad_norm=0.5044  train/lr=4.984e-05  train/samples_per_sec=306.7
2026-10-04 15:36:51 [  11040] train/loss=0.1079  train/pred_loss=0.006609  train/sigreg_loss=1.125  train/emb_std=0.9877  train/emb_norm=13.66  train/pred_vs_static=2.126  train/grad_norm=0.5204  train/lr=4.984e-05  train/samples_per_sec=306.8
2026-10-04 15:36:59 [  11060] train/loss=0.1056  train/pred_loss=0.006592  train/sigreg_loss=1.1  train/emb_std=0.9879  train/emb_norm=13.66  train/pred_vs_static=2.088  train/grad_norm=0.5101  train/lr=4.984e-05  train/samples_per_sec=306.8
2026-10-04 15:37:07 [  11080] train/loss=0.106  train/pred_loss=0.006562  train/sigreg_loss=1.105  train/emb_std=0.9869  train/emb_norm=13.64  train/pred_vs_static=2.002  train/grad_norm=0.5075  train/lr=4.984e-05  train/samples_per_sec=306.8
2026-10-04 15:37:15 [  11100] train/loss=0.1058  train/pred_loss=0.006672  train/sigreg_loss=1.101  train/emb_std=0.9891  train/emb_norm=13.67  train/pred_vs_static=2.053  train/grad_norm=0.5087  train/lr=4.984e-05  train/samples_per_sec=306.9
2026-10-04 15:37:24 [  11120] train/loss=0.1042  train/pred_loss=0.006551  train/sigreg_loss=1.085  train/emb_std=0.9887  train/emb_norm=13.66  train/pred_vs_static=2.009  train/grad_norm=0.4985  train/lr=4.984e-05  train/samples_per_sec=306.9
2026-10-04 15:37:32 [  11140] train/loss=0.1069  train/pred_loss=0.006645  train/sigreg_loss=1.114  train/emb_std=0.9879  train/emb_norm=13.65  train/pred_vs_static=1.971  train/grad_norm=0.5148  train/lr=4.984e-05  train/samples_per_sec=306.9
2026-10-04 15:37:40 [  11160] train/loss=0.106  train/pred_loss=0.006757  train/sigreg_loss=1.102  train/emb_std=0.9885  train/emb_norm=13.66  train/pred_vs_static=2.018  train/grad_norm=0.5043  train/lr=4.984e-05  train/samples_per_sec=306.9
2026-10-04 15:37:49 [  11180] train/loss=0.1049  train/pred_loss=0.006579  train/sigreg_loss=1.092  train/emb_std=0.9859  train/emb_norm=13.64  train/pred_vs_static=2.115  train/grad_norm=0.5069  train/lr=4.984e-05  train/samples_per_sec=306.9
2026-10-04 15:37:57 [  11200] train/loss=0.1077  train/pred_loss=0.007136  train/sigreg_loss=1.118  train/emb_std=0.9871  train/emb_norm=13.65  train/pred_vs_static=2.031  train/grad_norm=0.5178  train/lr=4.984e-05  train/samples_per_sec=306.8
2026-10-04 15:38:06 [  11220] train/loss=0.1049  train/pred_loss=0.00691  train/sigreg_loss=1.088  train/emb_std=0.9877  train/emb_norm=13.66  train/pred_vs_static=1.973  train/grad_norm=0.5015  train/lr=4.983e-05  train/samples_per_sec=306.8
2026-10-04 15:38:14 [  11240] train/loss=0.104  train/pred_loss=0.006647  train/sigreg_loss=1.082  train/emb_std=0.9863  train/emb_norm=13.64  train/pred_vs_static=2.018  train/grad_norm=0.4969  train/lr=4.983e-05  train/samples_per_sec=306.8
2026-10-04 15:38:22 [  11260] train/loss=0.1037  train/pred_loss=0.006561  train/sigreg_loss=1.079  train/emb_std=0.9879  train/emb_norm=13.66  train/pred_vs_static=2.059  train/grad_norm=0.4922  train/lr=4.983e-05  train/samples_per_sec=306.8
2026-10-04 15:38:31 [  11280] train/loss=0.1036  train/pred_loss=0.006524  train/sigreg_loss=1.079  train/emb_std=0.9891  train/emb_norm=13.67  train/pred_vs_static=2.015  train/grad_norm=0.5027  train/lr=4.983e-05  train/samples_per_sec=306.8
2026-10-04 15:38:39 [  11300] train/loss=0.1063  train/pred_loss=0.00657  train/sigreg_loss=1.108  train/emb_std=0.9877  train/emb_norm=13.65  train/pred_vs_static=2.072  train/grad_norm=0.5062  train/lr=4.983e-05  train/samples_per_sec=306.9
2026-10-04 15:38:47 [  11320] train/loss=0.1056  train/pred_loss=0.006591  train/sigreg_loss=1.099  train/emb_std=0.9873  train/emb_norm=13.65  train/pred_vs_static=2.061  train/grad_norm=0.5086  train/lr=4.983e-05  train/samples_per_sec=306.9
2026-10-04 15:38:56 [  11340] train/loss=0.108  train/pred_loss=0.006759  train/sigreg_loss=1.125  train/emb_std=0.9871  train/emb_norm=13.65  train/pred_vs_static=2.081  train/grad_norm=0.5151  train/lr=4.983e-05  train/samples_per_sec=306.9
2026-10-04 15:39:04 [  11360] train/loss=0.1065  train/pred_loss=0.006468  train/sigreg_loss=1.111  train/emb_std=0.9875  train/emb_norm=13.66  train/pred_vs_static=2.23  train/grad_norm=0.5107  train/lr=4.983e-05  train/samples_per_sec=306.9
2026-10-04 15:39:12 [  11380] train/loss=0.107  train/pred_loss=0.006623  train/sigreg_loss=1.116  train/emb_std=0.9865  train/emb_norm=13.64  train/pred_vs_static=2.107  train/grad_norm=0.5117  train/lr=4.983e-05  train/samples_per_sec=306.9
2026-10-04 15:39:20 [  11400] train/loss=0.1043  train/pred_loss=0.006582  train/sigreg_loss=1.086  train/emb_std=0.9891  train/emb_norm=13.67  train/pred_vs_static=2.02  train/grad_norm=0.491  train/lr=4.983e-05  train/samples_per_sec=306.9
2026-10-04 15:39:29 [  11420] train/loss=0.1026  train/pred_loss=0.006421  train/sigreg_loss=1.069  train/emb_std=0.9879  train/emb_norm=13.66  train/pred_vs_static=2.039  train/grad_norm=0.4959  train/lr=4.983e-05  train/samples_per_sec=307
2026-10-04 15:39:37 [  11440] train/loss=0.1054  train/pred_loss=0.006378  train/sigreg_loss=1.1  train/emb_std=0.9863  train/emb_norm=13.64  train/pred_vs_static=2.116  train/grad_norm=0.5087  train/lr=4.982e-05  train/samples_per_sec=307
2026-10-04 15:39:45 [  11460] train/loss=0.1031  train/pred_loss=0.006563  train/sigreg_loss=1.073  train/emb_std=0.9881  train/emb_norm=13.66  train/pred_vs_static=2.014  train/grad_norm=0.4956  train/lr=4.982e-05  train/samples_per_sec=307
2026-10-04 15:39:54 [  11480] train/loss=0.1041  train/pred_loss=0.006328  train/sigreg_loss=1.086  train/emb_std=0.9879  train/emb_norm=13.65  train/pred_vs_static=2.103  train/grad_norm=0.4979  train/lr=4.982e-05  train/samples_per_sec=307
2026-10-04 15:40:02 [  11500] train/loss=0.1064  train/pred_loss=0.006578  train/sigreg_loss=1.109  train/emb_std=0.9896  train/emb_norm=13.68  train/pred_vs_static=2.111  train/grad_norm=0.5035  train/lr=4.982e-05  train/samples_per_sec=307
2026-10-04 15:40:10 [  11520] train/loss=0.1056  train/pred_loss=0.006492  train/sigreg_loss=1.101  train/emb_std=0.9875  train/emb_norm=13.65  train/pred_vs_static=2.158  train/grad_norm=0.4991  train/lr=4.982e-05  train/samples_per_sec=307.1
2026-10-04 15:40:19 [  11540] train/loss=0.1048  train/pred_loss=0.00652  train/sigreg_loss=1.092  train/emb_std=0.9879  train/emb_norm=13.66  train/pred_vs_static=2.046  train/grad_norm=0.4917  train/lr=4.982e-05  train/samples_per_sec=307.1
2026-10-04 15:40:27 [  11560] train/loss=0.1048  train/pred_loss=0.006444  train/sigreg_loss=1.093  train/emb_std=0.9873  train/emb_norm=13.64  train/pred_vs_static=2.11  train/grad_norm=0.4968  train/lr=4.982e-05  train/samples_per_sec=307.1
2026-10-04 15:40:35 [  11580] train/loss=0.1071  train/pred_loss=0.006646  train/sigreg_loss=1.116  train/emb_std=0.9883  train/emb_norm=13.66  train/pred_vs_static=2.193  train/grad_norm=0.5177  train/lr=4.982e-05  train/samples_per_sec=307.1
2026-10-04 15:40:43 [  11600] train/loss=0.1041  train/pred_loss=0.006688  train/sigreg_loss=1.082  train/emb_std=0.9879  train/emb_norm=13.66  train/pred_vs_static=2.14  train/grad_norm=0.5002  train/lr=4.982e-05  train/samples_per_sec=307.1
2026-10-04 15:40:52 [  11620] train/loss=0.1042  train/pred_loss=0.006449  train/sigreg_loss=1.087  train/emb_std=0.9893  train/emb_norm=13.68  train/pred_vs_static=2.102  train/grad_norm=0.501  train/lr=4.982e-05  train/samples_per_sec=307.1
2026-10-04 15:41:00 [  11640] train/loss=0.102  train/pred_loss=0.006506  train/sigreg_loss=1.062  train/emb_std=0.9869  train/emb_norm=13.65  train/pred_vs_static=2.092  train/grad_norm=0.4955  train/lr=4.982e-05  train/samples_per_sec=307.2
2026-10-04 15:41:08 [  11660] train/loss=0.1029  train/pred_loss=0.006364  train/sigreg_loss=1.072  train/emb_std=0.9883  train/emb_norm=13.67  train/pred_vs_static=2.039  train/grad_norm=0.4937  train/lr=4.981e-05  train/samples_per_sec=307.2
2026-10-04 15:41:17 [  11680] train/loss=0.1047  train/pred_loss=0.006241  train/sigreg_loss=1.094  train/emb_std=0.9869  train/emb_norm=13.65  train/pred_vs_static=2.164  train/grad_norm=0.5037  train/lr=4.981e-05  train/samples_per_sec=307.2
2026-10-04 15:41:25 [  11700] train/loss=0.1023  train/pred_loss=0.006203  train/sigreg_loss=1.068  train/emb_std=0.9898  train/emb_norm=13.67  train/pred_vs_static=2.072  train/grad_norm=0.491  train/lr=4.981e-05  train/samples_per_sec=307.2
2026-10-04 15:41:33 [  11720] train/loss=0.1036  train/pred_loss=0.006306  train/sigreg_loss=1.08  train/emb_std=0.9887  train/emb_norm=13.66  train/pred_vs_static=2.178  train/grad_norm=0.4982  train/lr=4.981e-05  train/samples_per_sec=307.2
2026-10-04 15:41:42 [  11740] train/loss=0.1052  train/pred_loss=0.006562  train/sigreg_loss=1.095  train/emb_std=0.9875  train/emb_norm=13.65  train/pred_vs_static=2.036  train/grad_norm=0.5008  train/lr=4.981e-05  train/samples_per_sec=307.2
2026-10-04 15:41:50 [  11760] train/loss=0.1043  train/pred_loss=0.006244  train/sigreg_loss=1.089  train/emb_std=0.9881  train/emb_norm=13.66  train/pred_vs_static=2.128  train/grad_norm=0.4987  train/lr=4.981e-05  train/samples_per_sec=307.2
2026-10-04 15:41:58 [  11780] train/loss=0.1042  train/pred_loss=0.006618  train/sigreg_loss=1.085  train/emb_std=0.9895  train/emb_norm=13.68  train/pred_vs_static=1.929  train/grad_norm=0.4979  train/lr=4.981e-05  train/samples_per_sec=307.3
2026-10-04 15:42:06 [  11800] train/loss=0.1039  train/pred_loss=0.006412  train/sigreg_loss=1.083  train/emb_std=0.9867  train/emb_norm=13.64  train/pred_vs_static=2.134  train/grad_norm=0.5016  train/lr=4.981e-05  train/samples_per_sec=307.3
2026-10-04 15:42:15 [  11820] train/loss=0.1049  train/pred_loss=0.006441  train/sigreg_loss=1.095  train/emb_std=0.9883  train/emb_norm=13.66  train/pred_vs_static=2.076  train/grad_norm=0.4975  train/lr=4.981e-05  train/samples_per_sec=307.3
2026-10-04 15:42:23 [  11840] train/loss=0.1024  train/pred_loss=0.006206  train/sigreg_loss=1.068  train/emb_std=0.99  train/emb_norm=13.68  train/pred_vs_static=2.127  train/grad_norm=0.4871  train/lr=4.981e-05  train/samples_per_sec=307.3
2026-10-04 15:42:31 [  11860] train/loss=0.104  train/pred_loss=0.006315  train/sigreg_loss=1.086  train/emb_std=0.9889  train/emb_norm=13.67  train/pred_vs_static=2.106  train/grad_norm=0.4991  train/lr=4.98e-05  train/samples_per_sec=307.3
2026-10-04 15:42:40 [  11880] train/loss=0.1037  train/pred_loss=0.006335  train/sigreg_loss=1.082  train/emb_std=0.9879  train/emb_norm=13.65  train/pred_vs_static=2.161  train/grad_norm=0.4958  train/lr=4.98e-05  train/samples_per_sec=307.3
2026-10-04 15:42:48 [  11900] train/loss=0.1029  train/pred_loss=0.006144  train/sigreg_loss=1.074  train/emb_std=0.9883  train/emb_norm=13.66  train/pred_vs_static=2.043  train/grad_norm=0.4915  train/lr=4.98e-05  train/samples_per_sec=307.3
2026-10-04 15:42:56 [  11920] train/loss=0.1039  train/pred_loss=0.006458  train/sigreg_loss=1.083  train/emb_std=0.9875  train/emb_norm=13.64  train/pred_vs_static=2.084  train/grad_norm=0.5035  train/lr=4.98e-05  train/samples_per_sec=307.4
2026-10-04 15:43:05 [  11940] train/loss=0.1028  train/pred_loss=0.006463  train/sigreg_loss=1.071  train/emb_std=0.9879  train/emb_norm=13.66  train/pred_vs_static=2.182  train/grad_norm=0.4988  train/lr=4.98e-05  train/samples_per_sec=307.4
2026-10-04 15:43:13 [  11960] train/loss=0.09961  train/pred_loss=0.006297  train/sigreg_loss=1.037  train/emb_std=0.9891  train/emb_norm=13.67  train/pred_vs_static=1.968  train/grad_norm=0.4802  train/lr=4.98e-05  train/samples_per_sec=307.4
2026-10-04 15:43:21 [  11980] train/loss=0.1029  train/pred_loss=0.006293  train/sigreg_loss=1.073  train/emb_std=0.9889  train/emb_norm=13.67  train/pred_vs_static=2.024  train/grad_norm=0.4951  train/lr=4.98e-05  train/samples_per_sec=307.4
2026-10-04 15:43:29 [  12000] train/loss=0.1017  train/pred_loss=0.006254  train/sigreg_loss=1.061  train/emb_std=0.9875  train/emb_norm=13.64  train/pred_vs_static=2.061  train/grad_norm=0.4831  train/lr=4.98e-05  train/samples_per_sec=307.4
2026-10-04 15:43:29 [  12000] train_epoch/loss=0.106  train_epoch/pred_loss=0.006744  train_epoch/sigreg_loss=1.103  train_epoch/emb_std=0.9879  train_epoch/emb_norm=13.65  train_epoch/pred_vs_static=2.076  train_epoch/grad_norm=0.5099  train_epoch/lr=4.984e-05  train_epoch/epoch=5
2026-10-04 15:43:41 [  12000] val/loss=5.862  val/pred_loss=0.02017  val/sigreg_loss=64.92  val/emb_std=0.464  val/emb_norm=11.94  val/pred_vs_static=3.5  val/epoch=5
2026-10-04 15:43:41 epoch   5 | val pred_vs_static 3.50033 | best 1.67379 @ epoch 0 | saved epoch_005.pt
2026-10-04 15:43:52 [  12020] train/loss=0.1057  train/pred_loss=0.006307  train/sigreg_loss=1.104  train/emb_std=0.9893  train/emb_norm=13.67  train/pred_vs_static=2.036  train/grad_norm=0.5089  train/lr=4.98e-05  train/samples_per_sec=227.9
2026-10-04 15:44:00 [  12040] train/loss=0.1058  train/pred_loss=0.006336  train/sigreg_loss=1.105  train/emb_std=0.9875  train/emb_norm=13.65  train/pred_vs_static=2.24  train/grad_norm=0.5086  train/lr=4.98e-05  train/samples_per_sec=262.3
2026-10-04 15:44:09 [  12060] train/loss=0.1022  train/pred_loss=0.006332  train/sigreg_loss=1.066  train/emb_std=0.9883  train/emb_norm=13.66  train/pred_vs_static=2.044  train/grad_norm=0.4853  train/lr=4.979e-05  train/samples_per_sec=276.1
2026-10-04 15:44:17 [  12080] train/loss=0.1018  train/pred_loss=0.0061  train/sigreg_loss=1.063  train/emb_std=0.9873  train/emb_norm=13.65  train/pred_vs_static=2.118  train/grad_norm=0.4866  train/lr=4.979e-05  train/samples_per_sec=283.2
2026-10-04 15:44:25 [  12100] train/loss=0.1038  train/pred_loss=0.006363  train/sigreg_loss=1.083  train/emb_std=0.9887  train/emb_norm=13.66  train/pred_vs_static=2.035  train/grad_norm=0.4961  train/lr=4.979e-05  train/samples_per_sec=287.6
2026-10-04 15:44:34 [  12120] train/loss=0.1041  train/pred_loss=0.006556  train/sigreg_loss=1.084  train/emb_std=0.9895  train/emb_norm=13.67  train/pred_vs_static=2.104  train/grad_norm=0.5032  train/lr=4.979e-05  train/samples_per_sec=290.6
2026-10-04 15:44:42 [  12140] train/loss=0.103  train/pred_loss=0.006262  train/sigreg_loss=1.075  train/emb_std=0.9898  train/emb_norm=13.67  train/pred_vs_static=2.053  train/grad_norm=0.4963  train/lr=4.979e-05  train/samples_per_sec=293
2026-10-04 15:44:50 [  12160] train/loss=0.1043  train/pred_loss=0.006414  train/sigreg_loss=1.087  train/emb_std=0.9895  train/emb_norm=13.67  train/pred_vs_static=2.079  train/grad_norm=0.5024  train/lr=4.979e-05  train/samples_per_sec=294.9
2026-10-04 15:44:59 [  12180] train/loss=0.1045  train/pred_loss=0.006212  train/sigreg_loss=1.092  train/emb_std=0.9891  train/emb_norm=13.67  train/pred_vs_static=2.167  train/grad_norm=0.4962  train/lr=4.979e-05  train/samples_per_sec=296
2026-10-04 15:45:07 [  12200] train/loss=0.1029  train/pred_loss=0.006261  train/sigreg_loss=1.074  train/emb_std=0.9891  train/emb_norm=13.66  train/pred_vs_static=2.052  train/grad_norm=0.495  train/lr=4.979e-05  train/samples_per_sec=297.2
2026-10-04 15:45:15 [  12220] train/loss=0.1033  train/pred_loss=0.006215  train/sigreg_loss=1.079  train/emb_std=0.9885  train/emb_norm=13.66  train/pred_vs_static=2.156  train/grad_norm=0.4995  train/lr=4.979e-05  train/samples_per_sec=298.2
2026-10-04 15:45:23 [  12240] train/loss=0.1049  train/pred_loss=0.006688  train/sigreg_loss=1.09  train/emb_std=0.9895  train/emb_norm=13.67  train/pred_vs_static=2.088  train/grad_norm=0.505  train/lr=4.978e-05  train/samples_per_sec=298.9
2026-10-04 15:45:32 [  12260] train/loss=0.102  train/pred_loss=0.006195  train/sigreg_loss=1.064  train/emb_std=0.9887  train/emb_norm=13.66  train/pred_vs_static=2.164  train/grad_norm=0.488  train/lr=4.978e-05  train/samples_per_sec=299.5
2026-10-04 15:45:40 [  12280] train/loss=0.1034  train/pred_loss=0.006087  train/sigreg_loss=1.081  train/emb_std=0.9879  train/emb_norm=13.65  train/pred_vs_static=1.998  train/grad_norm=0.4909  train/lr=4.978e-05  train/samples_per_sec=300.2
2026-10-04 15:45:48 [  12300] train/loss=0.1009  train/pred_loss=0.006066  train/sigreg_loss=1.054  train/emb_std=0.9881  train/emb_norm=13.66  train/pred_vs_static=2.057  train/grad_norm=0.4809  train/lr=4.978e-05  train/samples_per_sec=300.7
2026-10-04 15:45:57 [  12320] train/loss=0.101  train/pred_loss=0.006164  train/sigreg_loss=1.054  train/emb_std=0.9887  train/emb_norm=13.67  train/pred_vs_static=1.892  train/grad_norm=0.4728  train/lr=4.978e-05  train/samples_per_sec=301.2
2026-10-04 15:46:05 [  12340] train/loss=0.1037  train/pred_loss=0.006302  train/sigreg_loss=1.082  train/emb_std=0.9883  train/emb_norm=13.66  train/pred_vs_static=2.045  train/grad_norm=0.499  train/lr=4.978e-05  train/samples_per_sec=301.6
2026-10-04 15:46:13 [  12360] train/loss=0.1029  train/pred_loss=0.006484  train/sigreg_loss=1.071  train/emb_std=0.9891  train/emb_norm=13.66  train/pred_vs_static=2.147  train/grad_norm=0.4947  train/lr=4.978e-05  train/samples_per_sec=302
2026-10-04 15:46:22 [  12380] train/loss=0.1042  train/pred_loss=0.0064  train/sigreg_loss=1.087  train/emb_std=0.9875  train/emb_norm=13.64  train/pred_vs_static=2.162  train/grad_norm=0.4986  train/lr=4.978e-05  train/samples_per_sec=302.3
2026-10-04 15:46:30 [  12400] train/loss=0.1033  train/pred_loss=0.006375  train/sigreg_loss=1.078  train/emb_std=0.9889  train/emb_norm=13.66  train/pred_vs_static=2.211  train/grad_norm=0.4887  train/lr=4.978e-05  train/samples_per_sec=302.6
2026-10-04 15:46:38 [  12420] train/loss=0.1026  train/pred_loss=0.006315  train/sigreg_loss=1.07  train/emb_std=0.9879  train/emb_norm=13.66  train/pred_vs_static=2.104  train/grad_norm=0.4872  train/lr=4.978e-05  train/samples_per_sec=302.9
2026-10-04 15:46:47 [  12440] train/loss=0.1046  train/pred_loss=0.006131  train/sigreg_loss=1.094  train/emb_std=0.9885  train/emb_norm=13.66  train/pred_vs_static=2.201  train/grad_norm=0.497  train/lr=4.977e-05  train/samples_per_sec=303.1
2026-10-04 15:46:55 [  12460] train/loss=0.1024  train/pred_loss=0.00613  train/sigreg_loss=1.069  train/emb_std=0.9877  train/emb_norm=13.65  train/pred_vs_static=2.225  train/grad_norm=0.4834  train/lr=4.977e-05  train/samples_per_sec=303.4
2026-10-04 15:47:03 [  12480] train/loss=0.1029  train/pred_loss=0.006129  train/sigreg_loss=1.075  train/emb_std=0.9887  train/emb_norm=13.66  train/pred_vs_static=2.132  train/grad_norm=0.4836  train/lr=4.977e-05  train/samples_per_sec=303.6
2026-10-04 15:47:11 [  12500] train/loss=0.1018  train/pred_loss=0.006117  train/sigreg_loss=1.063  train/emb_std=0.9898  train/emb_norm=13.68  train/pred_vs_static=2.083  train/grad_norm=0.4841  train/lr=4.977e-05  train/samples_per_sec=303.8
2026-10-04 15:47:20 [  12520] train/loss=0.1012  train/pred_loss=0.006017  train/sigreg_loss=1.058  train/emb_std=0.9889  train/emb_norm=13.66  train/pred_vs_static=2.02  train/grad_norm=0.4817  train/lr=4.977e-05  train/samples_per_sec=303.9
2026-10-04 15:47:28 [  12540] train/loss=0.1019  train/pred_loss=0.00603  train/sigreg_loss=1.064  train/emb_std=0.9877  train/emb_norm=13.65  train/pred_vs_static=2.084  train/grad_norm=0.487  train/lr=4.977e-05  train/samples_per_sec=304.1
2026-10-04 15:47:36 [  12560] train/loss=0.1013  train/pred_loss=0.00595  train/sigreg_loss=1.06  train/emb_std=0.9875  train/emb_norm=13.65  train/pred_vs_static=2.055  train/grad_norm=0.4889  train/lr=4.977e-05  train/samples_per_sec=304.3
2026-10-04 15:47:45 [  12580] train/loss=0.1019  train/pred_loss=0.00605  train/sigreg_loss=1.065  train/emb_std=0.9889  train/emb_norm=13.67  train/pred_vs_static=2.12  train/grad_norm=0.4995  train/lr=4.977e-05  train/samples_per_sec=304.4
2026-10-04 15:47:53 [  12600] train/loss=0.1009  train/pred_loss=0.005953  train/sigreg_loss=1.055  train/emb_std=0.9891  train/emb_norm=13.67  train/pred_vs_static=2.108  train/grad_norm=0.4801  train/lr=4.977e-05  train/samples_per_sec=304.5
2026-10-04 15:48:01 [  12620] train/loss=0.1022  train/pred_loss=0.006086  train/sigreg_loss=1.068  train/emb_std=0.9879  train/emb_norm=13.65  train/pred_vs_static=2.097  train/grad_norm=0.4852  train/lr=4.976e-05  train/samples_per_sec=304.7
2026-10-04 15:48:10 [  12640] train/loss=0.1013  train/pred_loss=0.006073  train/sigreg_loss=1.058  train/emb_std=0.9879  train/emb_norm=13.66  train/pred_vs_static=2.17  train/grad_norm=0.486  train/lr=4.976e-05  train/samples_per_sec=304.8
2026-10-04 15:48:18 [  12660] train/loss=0.1012  train/pred_loss=0.006013  train/sigreg_loss=1.058  train/emb_std=0.9891  train/emb_norm=13.68  train/pred_vs_static=2.105  train/grad_norm=0.4763  train/lr=4.976e-05  train/samples_per_sec=304.9
2026-10-04 15:48:26 [  12680] train/loss=0.1035  train/pred_loss=0.006168  train/sigreg_loss=1.081  train/emb_std=0.9875  train/emb_norm=13.66  train/pred_vs_static=2.016  train/grad_norm=0.4854  train/lr=4.976e-05  train/samples_per_sec=305
2026-10-04 15:48:34 [  12700] train/loss=0.1028  train/pred_loss=0.006209  train/sigreg_loss=1.073  train/emb_std=0.9875  train/emb_norm=13.65  train/pred_vs_static=2.091  train/grad_norm=0.4913  train/lr=4.976e-05  train/samples_per_sec=305.1
2026-10-04 15:48:43 [  12720] train/loss=0.1031  train/pred_loss=0.006123  train/sigreg_loss=1.078  train/emb_std=0.9877  train/emb_norm=13.65  train/pred_vs_static=2.209  train/grad_norm=0.4887  train/lr=4.976e-05  train/samples_per_sec=305
2026-10-04 15:48:51 [  12740] train/loss=0.1026  train/pred_loss=0.006311  train/sigreg_loss=1.07  train/emb_std=0.9885  train/emb_norm=13.67  train/pred_vs_static=2.014  train/grad_norm=0.4893  train/lr=4.976e-05  train/samples_per_sec=305
2026-10-04 15:49:00 [  12760] train/loss=0.1009  train/pred_loss=0.006253  train/sigreg_loss=1.052  train/emb_std=0.9898  train/emb_norm=13.68  train/pred_vs_static=1.994  train/grad_norm=0.4821  train/lr=4.976e-05  train/samples_per_sec=305.1
2026-10-04 15:49:08 [  12780] train/loss=0.1006  train/pred_loss=0.006006  train/sigreg_loss=1.051  train/emb_std=0.9889  train/emb_norm=13.67  train/pred_vs_static=2.123  train/grad_norm=0.4772  train/lr=4.976e-05  train/samples_per_sec=305.2
2026-10-04 15:49:16 [  12800] train/loss=0.1024  train/pred_loss=0.005999  train/sigreg_loss=1.071  train/emb_std=0.99  train/emb_norm=13.69  train/pred_vs_static=2.109  train/grad_norm=0.4848  train/lr=4.975e-05  train/samples_per_sec=305.3
2026-10-04 15:49:24 [  12820] train/loss=0.101  train/pred_loss=0.006178  train/sigreg_loss=1.054  train/emb_std=0.9875  train/emb_norm=13.64  train/pred_vs_static=2.08  train/grad_norm=0.4826  train/lr=4.975e-05  train/samples_per_sec=305.3
2026-10-04 15:49:33 [  12840] train/loss=0.1008  train/pred_loss=0.00605  train/sigreg_loss=1.052  train/emb_std=0.9893  train/emb_norm=13.67  train/pred_vs_static=2.141  train/grad_norm=0.4834  train/lr=4.975e-05  train/samples_per_sec=305.4
2026-10-04 15:49:41 [  12860] train/loss=0.1033  train/pred_loss=0.006275  train/sigreg_loss=1.078  train/emb_std=0.9902  train/emb_norm=13.69  train/pred_vs_static=2.117  train/grad_norm=0.491  train/lr=4.975e-05  train/samples_per_sec=305.5
2026-10-04 15:49:49 [  12880] train/loss=0.1013  train/pred_loss=0.006079  train/sigreg_loss=1.058  train/emb_std=0.9887  train/emb_norm=13.66  train/pred_vs_static=2.058  train/grad_norm=0.486  train/lr=4.975e-05  train/samples_per_sec=305.6
2026-10-04 15:49:58 [  12900] train/loss=0.1033  train/pred_loss=0.006023  train/sigreg_loss=1.081  train/emb_std=0.9896  train/emb_norm=13.66  train/pred_vs_static=2.062  train/grad_norm=0.4932  train/lr=4.975e-05  train/samples_per_sec=305.6
2026-10-04 15:50:06 [  12920] train/loss=0.101  train/pred_loss=0.006058  train/sigreg_loss=1.056  train/emb_std=0.9891  train/emb_norm=13.68  train/pred_vs_static=2.102  train/grad_norm=0.4762  train/lr=4.975e-05  train/samples_per_sec=305.7
2026-10-04 15:50:14 [  12940] train/loss=0.1014  train/pred_loss=0.005973  train/sigreg_loss=1.059  train/emb_std=0.9875  train/emb_norm=13.65  train/pred_vs_static=2.104  train/grad_norm=0.4818  train/lr=4.975e-05  train/samples_per_sec=305.7
2026-10-04 15:50:23 [  12960] train/loss=0.09776  train/pred_loss=0.005667  train/sigreg_loss=1.023  train/emb_std=0.9895  train/emb_norm=13.67  train/pred_vs_static=2.104  train/grad_norm=0.4693  train/lr=4.975e-05  train/samples_per_sec=305.8
2026-10-04 15:50:31 [  12980] train/loss=0.09999  train/pred_loss=0.005507  train/sigreg_loss=1.049  train/emb_std=0.99  train/emb_norm=13.67  train/pred_vs_static=2.149  train/grad_norm=0.4731  train/lr=4.974e-05  train/samples_per_sec=305.9
2026-10-04 15:50:39 [  13000] train/loss=0.1016  train/pred_loss=0.005786  train/sigreg_loss=1.065  train/emb_std=0.9887  train/emb_norm=13.66  train/pred_vs_static=2.081  train/grad_norm=0.4856  train/lr=4.974e-05  train/samples_per_sec=305.9
2026-10-04 15:50:47 [  13020] train/loss=0.1007  train/pred_loss=0.005938  train/sigreg_loss=1.053  train/emb_std=0.9885  train/emb_norm=13.66  train/pred_vs_static=2.046  train/grad_norm=0.4827  train/lr=4.974e-05  train/samples_per_sec=305.9
2026-10-04 15:50:56 [  13040] train/loss=0.1035  train/pred_loss=0.006137  train/sigreg_loss=1.082  train/emb_std=0.9881  train/emb_norm=13.66  train/pred_vs_static=2.083  train/grad_norm=0.491  train/lr=4.974e-05  train/samples_per_sec=306
2026-10-04 15:51:04 [  13060] train/loss=0.1035  train/pred_loss=0.006044  train/sigreg_loss=1.082  train/emb_std=0.9889  train/emb_norm=13.66  train/pred_vs_static=2.167  train/grad_norm=0.4916  train/lr=4.974e-05  train/samples_per_sec=306
2026-10-04 15:51:12 [  13080] train/loss=0.1005  train/pred_loss=0.005822  train/sigreg_loss=1.052  train/emb_std=0.9891  train/emb_norm=13.67  train/pred_vs_static=2.102  train/grad_norm=0.4817  train/lr=4.974e-05  train/samples_per_sec=306.1
2026-10-04 15:51:21 [  13100] train/loss=0.1032  train/pred_loss=0.006053  train/sigreg_loss=1.079  train/emb_std=0.9887  train/emb_norm=13.67  train/pred_vs_static=2.121  train/grad_norm=0.4853  train/lr=4.974e-05  train/samples_per_sec=306.1
2026-10-04 15:51:29 [  13120] train/loss=0.09933  train/pred_loss=0.006188  train/sigreg_loss=1.035  train/emb_std=0.9881  train/emb_norm=13.66  train/pred_vs_static=1.904  train/grad_norm=0.4703  train/lr=4.974e-05  train/samples_per_sec=306.2
2026-10-04 15:51:37 [  13140] train/loss=0.1003  train/pred_loss=0.005651  train/sigreg_loss=1.052  train/emb_std=0.9887  train/emb_norm=13.67  train/pred_vs_static=2.063  train/grad_norm=0.4713  train/lr=4.974e-05  train/samples_per_sec=306.2
2026-10-04 15:51:46 [  13160] train/loss=0.1017  train/pred_loss=0.005843  train/sigreg_loss=1.065  train/emb_std=0.9883  train/emb_norm=13.66  train/pred_vs_static=2.057  train/grad_norm=0.4845  train/lr=4.973e-05  train/samples_per_sec=306.2
2026-10-04 15:51:54 [  13180] train/loss=0.1033  train/pred_loss=0.006074  train/sigreg_loss=1.081  train/emb_std=0.9871  train/emb_norm=13.64  train/pred_vs_static=2.111  train/grad_norm=0.4873  train/lr=4.973e-05  train/samples_per_sec=306.3
2026-10-04 15:52:02 [  13200] train/loss=0.1011  train/pred_loss=0.006037  train/sigreg_loss=1.056  train/emb_std=0.9881  train/emb_norm=13.66  train/pred_vs_static=2.117  train/grad_norm=0.49  train/lr=4.973e-05  train/samples_per_sec=306.3
2026-10-04 15:52:10 [  13220] train/loss=0.1021  train/pred_loss=0.00591  train/sigreg_loss=1.069  train/emb_std=0.9879  train/emb_norm=13.66  train/pred_vs_static=2.156  train/grad_norm=0.4812  train/lr=4.973e-05  train/samples_per_sec=306.3
2026-10-04 15:52:19 [  13240] train/loss=0.0999  train/pred_loss=0.005805  train/sigreg_loss=1.045  train/emb_std=0.9879  train/emb_norm=13.64  train/pred_vs_static=2.141  train/grad_norm=0.4716  train/lr=4.973e-05  train/samples_per_sec=306.4
2026-10-04 15:52:27 [  13260] train/loss=0.1034  train/pred_loss=0.005848  train/sigreg_loss=1.085  train/emb_std=0.9896  train/emb_norm=13.66  train/pred_vs_static=2.027  train/grad_norm=0.4902  train/lr=4.973e-05  train/samples_per_sec=306.4
2026-10-04 15:52:35 [  13280] train/loss=0.1026  train/pred_loss=0.005943  train/sigreg_loss=1.074  train/emb_std=0.9887  train/emb_norm=13.66  train/pred_vs_static=2.205  train/grad_norm=0.4897  train/lr=4.973e-05  train/samples_per_sec=306.4
2026-10-04 15:52:44 [  13300] train/loss=0.1002  train/pred_loss=0.005882  train/sigreg_loss=1.047  train/emb_std=0.9908  train/emb_norm=13.68  train/pred_vs_static=2.026  train/grad_norm=0.48  train/lr=4.973e-05  train/samples_per_sec=306.5
2026-10-04 15:52:52 [  13320] train/loss=0.09941  train/pred_loss=0.005758  train/sigreg_loss=1.041  train/emb_std=0.9906  train/emb_norm=13.68  train/pred_vs_static=2.025  train/grad_norm=0.475  train/lr=4.972e-05  train/samples_per_sec=306.5
2026-10-04 15:53:00 [  13340] train/loss=0.09948  train/pred_loss=0.005901  train/sigreg_loss=1.039  train/emb_std=0.9904  train/emb_norm=13.68  train/pred_vs_static=2.056  train/grad_norm=0.4712  train/lr=4.972e-05  train/samples_per_sec=306.5
2026-10-04 15:53:09 [  13360] train/loss=0.1006  train/pred_loss=0.005764  train/sigreg_loss=1.054  train/emb_std=0.99  train/emb_norm=13.67  train/pred_vs_static=2.167  train/grad_norm=0.4787  train/lr=4.972e-05  train/samples_per_sec=306.6
2026-10-04 15:53:17 [  13380] train/loss=0.1007  train/pred_loss=0.006  train/sigreg_loss=1.053  train/emb_std=0.9889  train/emb_norm=13.66  train/pred_vs_static=2.175  train/grad_norm=0.4813  train/lr=4.972e-05  train/samples_per_sec=306.6
2026-10-04 15:53:25 [  13400] train/loss=0.1001  train/pred_loss=0.005551  train/sigreg_loss=1.05  train/emb_std=0.9891  train/emb_norm=13.68  train/pred_vs_static=2.247  train/grad_norm=0.4773  train/lr=4.972e-05  train/samples_per_sec=306.6
2026-10-04 15:53:33 [  13420] train/loss=0.09996  train/pred_loss=0.00582  train/sigreg_loss=1.046  train/emb_std=0.9867  train/emb_norm=13.64  train/pred_vs_static=2.113  train/grad_norm=0.4751  train/lr=4.972e-05  train/samples_per_sec=306.7
2026-10-04 15:53:42 [  13440] train/loss=0.1002  train/pred_loss=0.005669  train/sigreg_loss=1.05  train/emb_std=0.9898  train/emb_norm=13.68  train/pred_vs_static=2.256  train/grad_norm=0.4766  train/lr=4.972e-05  train/samples_per_sec=306.7
2026-10-04 15:53:50 [  13460] train/loss=0.0985  train/pred_loss=0.005704  train/sigreg_loss=1.032  train/emb_std=0.9893  train/emb_norm=13.66  train/pred_vs_static=2.125  train/grad_norm=0.4745  train/lr=4.972e-05  train/samples_per_sec=306.7
2026-10-04 15:53:58 [  13480] train/loss=0.1014  train/pred_loss=0.00569  train/sigreg_loss=1.063  train/emb_std=0.9885  train/emb_norm=13.65  train/pred_vs_static=2.153  train/grad_norm=0.4829  train/lr=4.972e-05  train/samples_per_sec=306.7
2026-10-04 15:54:07 [  13500] train/loss=0.1016  train/pred_loss=0.005855  train/sigreg_loss=1.064  train/emb_std=0.9883  train/emb_norm=13.66  train/pred_vs_static=2.038  train/grad_norm=0.4843  train/lr=4.971e-05  train/samples_per_sec=306.7
2026-10-04 15:54:15 [  13520] train/loss=0.1001  train/pred_loss=0.005829  train/sigreg_loss=1.048  train/emb_std=0.9898  train/emb_norm=13.68  train/pred_vs_static=2.119  train/grad_norm=0.4691  train/lr=4.971e-05  train/samples_per_sec=306.8
2026-10-04 15:54:23 [  13540] train/loss=0.1017  train/pred_loss=0.00583  train/sigreg_loss=1.064  train/emb_std=0.9877  train/emb_norm=13.66  train/pred_vs_static=2.069  train/grad_norm=0.4872  train/lr=4.971e-05  train/samples_per_sec=306.8
2026-10-04 15:54:32 [  13560] train/loss=0.1018  train/pred_loss=0.005811  train/sigreg_loss=1.067  train/emb_std=0.9867  train/emb_norm=13.64  train/pred_vs_static=2.144  train/grad_norm=0.4896  train/lr=4.971e-05  train/samples_per_sec=306.8
2026-10-04 15:54:40 [  13580] train/loss=0.1004  train/pred_loss=0.005689  train/sigreg_loss=1.053  train/emb_std=0.9887  train/emb_norm=13.66  train/pred_vs_static=2.144  train/grad_norm=0.4804  train/lr=4.971e-05  train/samples_per_sec=306.8
2026-10-04 15:54:48 [  13600] train/loss=0.1009  train/pred_loss=0.006071  train/sigreg_loss=1.054  train/emb_std=0.9908  train/emb_norm=13.68  train/pred_vs_static=2.013  train/grad_norm=0.4794  train/lr=4.971e-05  train/samples_per_sec=306.8
2026-10-04 15:54:56 [  13620] train/loss=0.1018  train/pred_loss=0.005792  train/sigreg_loss=1.067  train/emb_std=0.9879  train/emb_norm=13.66  train/pred_vs_static=2.128  train/grad_norm=0.4794  train/lr=4.971e-05  train/samples_per_sec=306.9
2026-10-04 15:55:05 [  13640] train/loss=0.09926  train/pred_loss=0.005826  train/sigreg_loss=1.038  train/emb_std=0.9893  train/emb_norm=13.67  train/pred_vs_static=1.906  train/grad_norm=0.463  train/lr=4.971e-05  train/samples_per_sec=306.9
2026-10-04 15:55:13 [  13660] train/loss=0.1012  train/pred_loss=0.005631  train/sigreg_loss=1.062  train/emb_std=0.99  train/emb_norm=13.67  train/pred_vs_static=1.989  train/grad_norm=0.472  train/lr=4.97e-05  train/samples_per_sec=306.9
2026-10-04 15:55:21 [  13680] train/loss=0.09806  train/pred_loss=0.005746  train/sigreg_loss=1.025  train/emb_std=0.9883  train/emb_norm=13.65  train/pred_vs_static=2.154  train/grad_norm=0.4711  train/lr=4.97e-05  train/samples_per_sec=306.9
2026-10-04 15:55:30 [  13700] train/loss=0.1021  train/pred_loss=0.005867  train/sigreg_loss=1.069  train/emb_std=0.9893  train/emb_norm=13.67  train/pred_vs_static=2.051  train/grad_norm=0.4875  train/lr=4.97e-05  train/samples_per_sec=306.9
2026-10-04 15:55:38 [  13720] train/loss=0.09958  train/pred_loss=0.005834  train/sigreg_loss=1.042  train/emb_std=0.9885  train/emb_norm=13.66  train/pred_vs_static=2.104  train/grad_norm=0.4768  train/lr=4.97e-05  train/samples_per_sec=306.9
2026-10-04 15:55:46 [  13740] train/loss=0.1008  train/pred_loss=0.005656  train/sigreg_loss=1.057  train/emb_std=0.9896  train/emb_norm=13.68  train/pred_vs_static=2.062  train/grad_norm=0.476  train/lr=4.97e-05  train/samples_per_sec=307
2026-10-04 15:55:55 [  13760] train/loss=0.09843  train/pred_loss=0.005686  train/sigreg_loss=1.03  train/emb_std=0.9902  train/emb_norm=13.68  train/pred_vs_static=2.051  train/grad_norm=0.4623  train/lr=4.97e-05  train/samples_per_sec=307
2026-10-04 15:56:03 [  13780] train/loss=0.1001  train/pred_loss=0.005829  train/sigreg_loss=1.047  train/emb_std=0.9883  train/emb_norm=13.66  train/pred_vs_static=2.07  train/grad_norm=0.4808  train/lr=4.97e-05  train/samples_per_sec=307
2026-10-04 15:56:11 [  13800] train/loss=0.101  train/pred_loss=0.005909  train/sigreg_loss=1.057  train/emb_std=0.9896  train/emb_norm=13.67  train/pred_vs_static=2.068  train/grad_norm=0.4757  train/lr=4.97e-05  train/samples_per_sec=307
2026-10-04 15:56:19 [  13820] train/loss=0.09949  train/pred_loss=0.0055  train/sigreg_loss=1.045  train/emb_std=0.9873  train/emb_norm=13.65  train/pred_vs_static=2.142  train/grad_norm=0.4792  train/lr=4.969e-05  train/samples_per_sec=307
2026-10-04 15:56:28 [  13840] train/loss=0.09757  train/pred_loss=0.005624  train/sigreg_loss=1.021  train/emb_std=0.9893  train/emb_norm=13.66  train/pred_vs_static=1.98  train/grad_norm=0.4597  train/lr=4.969e-05  train/samples_per_sec=307
2026-10-04 15:56:36 [  13860] train/loss=0.1018  train/pred_loss=0.005522  train/sigreg_loss=1.07  train/emb_std=0.9898  train/emb_norm=13.67  train/pred_vs_static=2.078  train/grad_norm=0.4765  train/lr=4.969e-05  train/samples_per_sec=307.1
2026-10-04 15:56:44 [  13880] train/loss=0.09923  train/pred_loss=0.005429  train/sigreg_loss=1.043  train/emb_std=0.9887  train/emb_norm=13.66  train/pred_vs_static=2.208  train/grad_norm=0.4709  train/lr=4.969e-05  train/samples_per_sec=307.1
2026-10-04 15:56:53 [  13900] train/loss=0.0967  train/pred_loss=0.005511  train/sigreg_loss=1.013  train/emb_std=0.9893  train/emb_norm=13.67  train/pred_vs_static=2.136  train/grad_norm=0.466  train/lr=4.969e-05  train/samples_per_sec=307.1
2026-10-04 15:57:01 [  13920] train/loss=0.09885  train/pred_loss=0.005584  train/sigreg_loss=1.036  train/emb_std=0.9889  train/emb_norm=13.66  train/pred_vs_static=2.037  train/grad_norm=0.4666  train/lr=4.969e-05  train/samples_per_sec=307.1
2026-10-04 15:57:09 [  13940] train/loss=0.09748  train/pred_loss=0.005413  train/sigreg_loss=1.023  train/emb_std=0.9898  train/emb_norm=13.67  train/pred_vs_static=1.981  train/grad_norm=0.4569  train/lr=4.969e-05  train/samples_per_sec=307.1
2026-10-04 15:57:18 [  13960] train/loss=0.1004  train/pred_loss=0.005584  train/sigreg_loss=1.053  train/emb_std=0.9873  train/emb_norm=13.65  train/pred_vs_static=2.111  train/grad_norm=0.4776  train/lr=4.969e-05  train/samples_per_sec=307.1
2026-10-04 15:57:26 [  13980] train/loss=0.09979  train/pred_loss=0.005502  train/sigreg_loss=1.047  train/emb_std=0.9881  train/emb_norm=13.65  train/pred_vs_static=2.126  train/grad_norm=0.4754  train/lr=4.968e-05  train/samples_per_sec=307.2
2026-10-04 15:57:34 [  14000] train/loss=0.09936  train/pred_loss=0.005658  train/sigreg_loss=1.041  train/emb_std=0.9896  train/emb_norm=13.67  train/pred_vs_static=2.078  train/grad_norm=0.4711  train/lr=4.968e-05  train/samples_per_sec=307.2
2026-10-04 15:57:34 [  14000] train_epoch/loss=0.1015  train_epoch/pred_loss=0.00597  train_epoch/sigreg_loss=1.061  train_epoch/emb_std=0.9888  train_epoch/emb_norm=13.66  train_epoch/pred_vs_static=2.095  train_epoch/grad_norm=0.4831  train_epoch/lr=4.974e-05  train_epoch/epoch=6
2026-10-04 15:57:45 [  14000] val/loss=5.839  val/pred_loss=0.01891  val/sigreg_loss=64.69  val/emb_std=0.4618  val/emb_norm=11.89  val/pred_vs_static=3.466  val/epoch=6
2026-10-04 15:57:46 epoch   6 | val pred_vs_static 3.46629 | best 1.67379 @ epoch 0 | saved epoch_006.pt
2026-10-04 15:57:46 === finished 2026-10-04 15:57:46 ===
