2026-10-05 04:04:53 === run cube-single_vit (vit) started 2026-10-05 04:04:53 ===
2026-10-05 04:04:53 config: {"run_name": "cube-single_vit", "out_dir": "/home/world-models/lewm-cus/checkpoints/cube-single", "exp_id": "vit", "seed": 3072, "device": "cuda", "compile": false, "data": {"task": "cube-single", "h5_path": "/home/world-models/.stable_worldmodel/datasets/ogbench/cube_single_expert.h5", "frameskip": 5, "history": 3, "num_preds": 1, "img_size": 224, "obs_key": "pixels", "train_stride": 2, "val_stride": 5, "max_episodes": null, "val_episodes": 1000, "stats_path": null, "stats_max_rows": 200000, "rdcc_mb": 256}, "model": {"encoder": "vit", "freeze_encoder": false, "vit_name": "vit_tiny_patch16_224", "vit_pretrained": false, "vit_pool": "cls", "dino_name": "dinov2_vits14", "dino_tokens": "patch", "dino_img_size": 196, "mlp_hidden": 512, "embed_dim": 192, "act_smooth_dim": 64, "act_mlp_scale": 4, "depth": 6, "heads": 16, "dim_head": 64, "mlp_dim": 2048, "dropout": 0.1, "use_projector": true, "proj_hidden": 2048, "proj_norm": "batch"}, "optim": {"epochs": 100, "stop_epoch": 6, "batch_size": 128, "lr": 5e-05, "weight_decay": 0.001, "betas": [0.9, 0.999], "warmup_epochs": 2.0, "min_lr_scale": 0.01, "grad_clip": 1.0, "amp_dtype": "bf16", "num_workers": 12, "prefetch_factor": 4, "persistent_workers": true, "pin_memory": true, "steps_per_epoch": 2000, "val_steps": 100, "log_every": 20, "ckpt_every": 1, "select_metric": "pred_vs_static"}, "loss": {"use_sigreg": true, "sigreg_weight": 0.09, "sigreg_knots": 17, "sigreg_proj": 1024}, "wandb": {"enabled": false, "project": "lewm-cus", "entity": null, "name": null, "mode": "online"}}
2026-10-05 04:05:14 [     20] train/loss=3.201  train/pred_loss=0.2757  train/sigreg_loss=32.48  train/emb_std=0.3729  train/emb_norm=5.424  train/pred_vs_static=1.933  train/grad_norm=10.61  train/lr=1.312e-07  train/samples_per_sec=122.6
2026-10-05 04:05:22 [     40] train/loss=3.149  train/pred_loss=0.2795  train/sigreg_loss=31.88  train/emb_std=0.3823  train/emb_norm=5.531  train/pred_vs_static=1.883  train/grad_norm=9.467  train/lr=3.813e-07  train/samples_per_sec=174.4
2026-10-05 04:05:31 [     60] train/loss=3.061  train/pred_loss=0.2841  train/sigreg_loss=30.86  train/emb_std=0.3958  train/emb_norm=5.695  train/pred_vs_static=1.795  train/grad_norm=8.123  train/lr=6.312e-07  train/samples_per_sec=204.4
2026-10-05 04:05:39 [     80] train/loss=2.946  train/pred_loss=0.2908  train/sigreg_loss=29.51  train/emb_std=0.4125  train/emb_norm=5.904  train/pred_vs_static=1.757  train/grad_norm=7.75  train/lr=8.813e-07  train/samples_per_sec=223.7
2026-10-05 04:05:47 [    100] train/loss=2.841  train/pred_loss=0.3002  train/sigreg_loss=28.23  train/emb_std=0.4332  train/emb_norm=6.148  train/pred_vs_static=1.665  train/grad_norm=7.372  train/lr=1.131e-06  train/samples_per_sec=237
2026-10-05 04:05:55 [    120] train/loss=2.697  train/pred_loss=0.3107  train/sigreg_loss=26.51  train/emb_std=0.4585  train/emb_norm=6.471  train/pred_vs_static=1.609  train/grad_norm=7.348  train/lr=1.381e-06  train/samples_per_sec=246.7
2026-10-05 04:06:04 [    140] train/loss=2.559  train/pred_loss=0.3172  train/sigreg_loss=24.9  train/emb_std=0.4824  train/emb_norm=6.76  train/pred_vs_static=1.513  train/grad_norm=7.248  train/lr=1.631e-06  train/samples_per_sec=253.5
2026-10-05 04:06:12 [    160] train/loss=2.428  train/pred_loss=0.3269  train/sigreg_loss=23.34  train/emb_std=0.5077  train/emb_norm=7.07  train/pred_vs_static=1.41  train/grad_norm=7.105  train/lr=1.881e-06  train/samples_per_sec=259.5
2026-10-05 04:06:20 [    180] train/loss=2.287  train/pred_loss=0.3318  train/sigreg_loss=21.73  train/emb_std=0.5303  train/emb_norm=7.361  train/pred_vs_static=1.322  train/grad_norm=7.318  train/lr=2.131e-06  train/samples_per_sec=264.4
2026-10-05 04:06:29 [    200] train/loss=2.156  train/pred_loss=0.3348  train/sigreg_loss=20.23  train/emb_std=0.5518  train/emb_norm=7.651  train/pred_vs_static=1.224  train/grad_norm=7.325  train/lr=2.381e-06  train/samples_per_sec=267.9
2026-10-05 04:06:37 [    220] train/loss=2.019  train/pred_loss=0.3433  train/sigreg_loss=18.61  train/emb_std=0.5754  train/emb_norm=7.964  train/pred_vs_static=1.137  train/grad_norm=7.375  train/lr=2.631e-06  train/samples_per_sec=270.5
2026-10-05 04:06:46 [    240] train/loss=1.889  train/pred_loss=0.352  train/sigreg_loss=17.08  train/emb_std=0.5996  train/emb_norm=8.279  train/pred_vs_static=1.075  train/grad_norm=7.299  train/lr=2.881e-06  train/samples_per_sec=272.9
2026-10-05 04:06:54 [    260] train/loss=1.766  train/pred_loss=0.3599  train/sigreg_loss=15.62  train/emb_std=0.6234  train/emb_norm=8.614  train/pred_vs_static=1.022  train/grad_norm=7.176  train/lr=3.131e-06  train/samples_per_sec=275.2
2026-10-05 04:07:02 [    280] train/loss=1.687  train/pred_loss=0.369  train/sigreg_loss=14.63  train/emb_std=0.6447  train/emb_norm=8.887  train/pred_vs_static=0.9646  train/grad_norm=8.242  train/lr=3.381e-06  train/samples_per_sec=277.1
2026-10-05 04:07:11 [    300] train/loss=1.611  train/pred_loss=0.3779  train/sigreg_loss=13.71  train/emb_std=0.6666  train/emb_norm=9.176  train/pred_vs_static=0.9246  train/grad_norm=8.516  train/lr=3.631e-06  train/samples_per_sec=278.9
2026-10-05 04:07:19 [    320] train/loss=1.535  train/pred_loss=0.3801  train/sigreg_loss=12.83  train/emb_std=0.6855  train/emb_norm=9.423  train/pred_vs_static=0.8988  train/grad_norm=7.2  train/lr=3.881e-06  train/samples_per_sec=280.4
2026-10-05 04:07:28 [    340] train/loss=1.467  train/pred_loss=0.3802  train/sigreg_loss=12.07  train/emb_std=0.7037  train/emb_norm=9.676  train/pred_vs_static=0.8701  train/grad_norm=8.681  train/lr=4.131e-06  train/samples_per_sec=281.8
2026-10-05 04:07:36 [    360] train/loss=1.416  train/pred_loss=0.3816  train/sigreg_loss=11.48  train/emb_std=0.7189  train/emb_norm=9.902  train/pred_vs_static=0.8285  train/grad_norm=9.172  train/lr=4.381e-06  train/samples_per_sec=282.9
2026-10-05 04:07:44 [    380] train/loss=1.379  train/pred_loss=0.3797  train/sigreg_loss=11.1  train/emb_std=0.7316  train/emb_norm=10.07  train/pred_vs_static=0.817  train/grad_norm=9.796  train/lr=4.631e-06  train/samples_per_sec=284
2026-10-05 04:07:53 [    400] train/loss=1.33  train/pred_loss=0.3718  train/sigreg_loss=10.65  train/emb_std=0.7447  train/emb_norm=10.28  train/pred_vs_static=0.795  train/grad_norm=9.038  train/lr=4.881e-06  train/samples_per_sec=285
2026-10-05 04:08:01 [    420] train/loss=1.277  train/pred_loss=0.3636  train/sigreg_loss=10.15  train/emb_std=0.7574  train/emb_norm=10.43  train/pred_vs_static=0.7722  train/grad_norm=11.38  train/lr=5.131e-06  train/samples_per_sec=286.1
2026-10-05 04:08:09 [    440] train/loss=1.247  train/pred_loss=0.3535  train/sigreg_loss=9.928  train/emb_std=0.7676  train/emb_norm=10.6  train/pred_vs_static=0.7439  train/grad_norm=9.92  train/lr=5.381e-06  train/samples_per_sec=287
2026-10-05 04:08:18 [    460] train/loss=1.224  train/pred_loss=0.3469  train/sigreg_loss=9.744  train/emb_std=0.7744  train/emb_norm=10.68  train/pred_vs_static=0.7325  train/grad_norm=11.93  train/lr=5.631e-06  train/samples_per_sec=287.7
2026-10-05 04:08:26 [    480] train/loss=1.188  train/pred_loss=0.3454  train/sigreg_loss=9.363  train/emb_std=0.7871  train/emb_norm=10.84  train/pred_vs_static=0.7119  train/grad_norm=9.953  train/lr=5.881e-06  train/samples_per_sec=288.4
2026-10-05 04:08:35 [    500] train/loss=1.162  train/pred_loss=0.3303  train/sigreg_loss=9.238  train/emb_std=0.7896  train/emb_norm=10.89  train/pred_vs_static=0.7036  train/grad_norm=14.67  train/lr=6.131e-06  train/samples_per_sec=289
2026-10-05 04:08:43 [    520] train/loss=1.139  train/pred_loss=0.3233  train/sigreg_loss=9.062  train/emb_std=0.7984  train/emb_norm=11  train/pred_vs_static=0.6851  train/grad_norm=9.475  train/lr=6.381e-06  train/samples_per_sec=289.7
2026-10-05 04:08:51 [    540] train/loss=1.132  train/pred_loss=0.3161  train/sigreg_loss=9.066  train/emb_std=0.8014  train/emb_norm=11.03  train/pred_vs_static=0.6913  train/grad_norm=12.73  train/lr=6.631e-06  train/samples_per_sec=290.4
2026-10-05 04:08:59 [    560] train/loss=1.105  train/pred_loss=0.3112  train/sigreg_loss=8.822  train/emb_std=0.8076  train/emb_norm=11.14  train/pred_vs_static=0.6685  train/grad_norm=11.27  train/lr=6.881e-06  train/samples_per_sec=291
2026-10-05 04:09:08 [    580] train/loss=1.068  train/pred_loss=0.2988  train/sigreg_loss=8.552  train/emb_std=0.8113  train/emb_norm=11.18  train/pred_vs_static=0.6646  train/grad_norm=12.33  train/lr=7.131e-06  train/samples_per_sec=291.6
2026-10-05 04:09:16 [    600] train/loss=1.063  train/pred_loss=0.2973  train/sigreg_loss=8.506  train/emb_std=0.816  train/emb_norm=11.24  train/pred_vs_static=0.6619  train/grad_norm=15.04  train/lr=7.381e-06  train/samples_per_sec=292.1
2026-10-05 04:09:24 [    620] train/loss=1.032  train/pred_loss=0.2916  train/sigreg_loss=8.228  train/emb_std=0.8227  train/emb_norm=11.35  train/pred_vs_static=0.6471  train/grad_norm=10.77  train/lr=7.631e-06  train/samples_per_sec=292.6
2026-10-05 04:09:33 [    640] train/loss=1.018  train/pred_loss=0.2847  train/sigreg_loss=8.139  train/emb_std=0.8275  train/emb_norm=11.41  train/pred_vs_static=0.6442  train/grad_norm=11.79  train/lr=7.881e-06  train/samples_per_sec=293.1
2026-10-05 04:09:41 [    660] train/loss=0.9964  train/pred_loss=0.2784  train/sigreg_loss=7.973  train/emb_std=0.8338  train/emb_norm=11.47  train/pred_vs_static=0.6351  train/grad_norm=12.29  train/lr=8.131e-06  train/samples_per_sec=293.5
2026-10-05 04:09:49 [    680] train/loss=0.9767  train/pred_loss=0.2798  train/sigreg_loss=7.744  train/emb_std=0.8396  train/emb_norm=11.57  train/pred_vs_static=0.6375  train/grad_norm=8.976  train/lr=8.381e-06  train/samples_per_sec=293.8
2026-10-05 04:09:58 [    700] train/loss=0.9646  train/pred_loss=0.2674  train/sigreg_loss=7.745  train/emb_std=0.8463  train/emb_norm=11.65  train/pred_vs_static=0.6299  train/grad_norm=11.63  train/lr=8.631e-06  train/samples_per_sec=294.2
2026-10-05 04:10:06 [    720] train/loss=0.9483  train/pred_loss=0.2622  train/sigreg_loss=7.625  train/emb_std=0.8486  train/emb_norm=11.7  train/pred_vs_static=0.6124  train/grad_norm=12.3  train/lr=8.881e-06  train/samples_per_sec=294.5
2026-10-05 04:10:14 [    740] train/loss=0.9219  train/pred_loss=0.2523  train/sigreg_loss=7.439  train/emb_std=0.8547  train/emb_norm=11.77  train/pred_vs_static=0.6096  train/grad_norm=10.31  train/lr=9.131e-06  train/samples_per_sec=294.9
2026-10-05 04:10:23 [    760] train/loss=0.9009  train/pred_loss=0.2466  train/sigreg_loss=7.267  train/emb_std=0.8609  train/emb_norm=11.87  train/pred_vs_static=0.6002  train/grad_norm=9.657  train/lr=9.381e-06  train/samples_per_sec=295.3
2026-10-05 04:10:31 [    780] train/loss=0.8837  train/pred_loss=0.2421  train/sigreg_loss=7.134  train/emb_std=0.8641  train/emb_norm=11.89  train/pred_vs_static=0.581  train/grad_norm=11.02  train/lr=9.631e-06  train/samples_per_sec=295.6
2026-10-05 04:10:39 [    800] train/loss=0.8743  train/pred_loss=0.2386  train/sigreg_loss=7.059  train/emb_std=0.8695  train/emb_norm=11.98  train/pred_vs_static=0.5686  train/grad_norm=9.158  train/lr=9.881e-06  train/samples_per_sec=295.9
2026-10-05 04:10:47 [    820] train/loss=0.856  train/pred_loss=0.2312  train/sigreg_loss=6.944  train/emb_std=0.8723  train/emb_norm=12.02  train/pred_vs_static=0.5533  train/grad_norm=8.622  train/lr=1.013e-05  train/samples_per_sec=296.3
2026-10-05 04:10:56 [    840] train/loss=0.8335  train/pred_loss=0.2194  train/sigreg_loss=6.823  train/emb_std=0.8797  train/emb_norm=12.12  train/pred_vs_static=0.5427  train/grad_norm=7.09  train/lr=1.038e-05  train/samples_per_sec=296.5
2026-10-05 04:11:04 [    860] train/loss=0.8284  train/pred_loss=0.2155  train/sigreg_loss=6.808  train/emb_std=0.883  train/emb_norm=12.16  train/pred_vs_static=0.5274  train/grad_norm=6.849  train/lr=1.063e-05  train/samples_per_sec=296.7
2026-10-05 04:11:12 [    880] train/loss=0.7975  train/pred_loss=0.2056  train/sigreg_loss=6.583  train/emb_std=0.8908  train/emb_norm=12.29  train/pred_vs_static=0.5104  train/grad_norm=7.259  train/lr=1.088e-05  train/samples_per_sec=297
2026-10-05 04:11:21 [    900] train/loss=0.7883  train/pred_loss=0.1989  train/sigreg_loss=6.55  train/emb_std=0.8934  train/emb_norm=12.31  train/pred_vs_static=0.4951  train/grad_norm=6.173  train/lr=1.113e-05  train/samples_per_sec=297
2026-10-05 04:11:29 [    920] train/loss=0.7817  train/pred_loss=0.1954  train/sigreg_loss=6.511  train/emb_std=0.8941  train/emb_norm=12.34  train/pred_vs_static=0.4839  train/grad_norm=6.576  train/lr=1.138e-05  train/samples_per_sec=297.2
2026-10-05 04:11:38 [    940] train/loss=0.7655  train/pred_loss=0.1948  train/sigreg_loss=6.347  train/emb_std=0.8984  train/emb_norm=12.39  train/pred_vs_static=0.4784  train/grad_norm=5.497  train/lr=1.163e-05  train/samples_per_sec=297.3
2026-10-05 04:11:46 [    960] train/loss=0.7583  train/pred_loss=0.1872  train/sigreg_loss=6.342  train/emb_std=0.9057  train/emb_norm=12.46  train/pred_vs_static=0.4661  train/grad_norm=4.236  train/lr=1.188e-05  train/samples_per_sec=297.4
2026-10-05 04:11:55 [    980] train/loss=0.7374  train/pred_loss=0.1811  train/sigreg_loss=6.18  train/emb_std=0.9064  train/emb_norm=12.5  train/pred_vs_static=0.4578  train/grad_norm=4.077  train/lr=1.213e-05  train/samples_per_sec=297.6
2026-10-05 04:12:03 [   1000] train/loss=0.7184  train/pred_loss=0.1743  train/sigreg_loss=6.047  train/emb_std=0.9102  train/emb_norm=12.59  train/pred_vs_static=0.4231  train/grad_norm=4.292  train/lr=1.238e-05  train/samples_per_sec=297.7
2026-10-05 04:12:11 [   1020] train/loss=0.7012  train/pred_loss=0.1702  train/sigreg_loss=5.9  train/emb_std=0.91  train/emb_norm=12.57  train/pred_vs_static=0.4212  train/grad_norm=4.154  train/lr=1.263e-05  train/samples_per_sec=297.9
2026-10-05 04:12:20 [   1040] train/loss=0.6902  train/pred_loss=0.1602  train/sigreg_loss=5.889  train/emb_std=0.9135  train/emb_norm=12.63  train/pred_vs_static=0.4008  train/grad_norm=4.231  train/lr=1.288e-05  train/samples_per_sec=298
2026-10-05 04:12:28 [   1060] train/loss=0.6768  train/pred_loss=0.1599  train/sigreg_loss=5.742  train/emb_std=0.9168  train/emb_norm=12.65  train/pred_vs_static=0.3874  train/grad_norm=3.931  train/lr=1.313e-05  train/samples_per_sec=298.1
2026-10-05 04:12:37 [   1080] train/loss=0.6642  train/pred_loss=0.1497  train/sigreg_loss=5.717  train/emb_std=0.9156  train/emb_norm=12.64  train/pred_vs_static=0.3749  train/grad_norm=3.974  train/lr=1.338e-05  train/samples_per_sec=298.1
2026-10-05 04:12:45 [   1100] train/loss=0.6478  train/pred_loss=0.1503  train/sigreg_loss=5.528  train/emb_std=0.9189  train/emb_norm=12.69  train/pred_vs_static=0.3664  train/grad_norm=3.659  train/lr=1.363e-05  train/samples_per_sec=298.2
2026-10-05 04:12:54 [   1120] train/loss=0.6358  train/pred_loss=0.1412  train/sigreg_loss=5.495  train/emb_std=0.9254  train/emb_norm=12.78  train/pred_vs_static=0.3474  train/grad_norm=3.527  train/lr=1.388e-05  train/samples_per_sec=298.3
2026-10-05 04:13:02 [   1140] train/loss=0.629  train/pred_loss=0.1427  train/sigreg_loss=5.405  train/emb_std=0.9273  train/emb_norm=12.8  train/pred_vs_static=0.3426  train/grad_norm=3.571  train/lr=1.413e-05  train/samples_per_sec=298.3
2026-10-05 04:13:11 [   1160] train/loss=0.6197  train/pred_loss=0.1382  train/sigreg_loss=5.352  train/emb_std=0.9297  train/emb_norm=12.83  train/pred_vs_static=0.3339  train/grad_norm=3.395  train/lr=1.438e-05  train/samples_per_sec=298.4
2026-10-05 04:13:19 [   1180] train/loss=0.6067  train/pred_loss=0.1343  train/sigreg_loss=5.248  train/emb_std=0.9311  train/emb_norm=12.87  train/pred_vs_static=0.3209  train/grad_norm=3.192  train/lr=1.463e-05  train/samples_per_sec=298.4
2026-10-05 04:13:28 [   1200] train/loss=0.601  train/pred_loss=0.1298  train/sigreg_loss=5.236  train/emb_std=0.9301  train/emb_norm=12.83  train/pred_vs_static=0.3152  train/grad_norm=3.351  train/lr=1.488e-05  train/samples_per_sec=298.5
2026-10-05 04:13:36 [   1220] train/loss=0.5939  train/pred_loss=0.1276  train/sigreg_loss=5.181  train/emb_std=0.9363  train/emb_norm=12.91  train/pred_vs_static=0.3017  train/grad_norm=3.273  train/lr=1.513e-05  train/samples_per_sec=298.5
2026-10-05 04:13:45 [   1240] train/loss=0.573  train/pred_loss=0.1251  train/sigreg_loss=4.977  train/emb_std=0.9363  train/emb_norm=12.92  train/pred_vs_static=0.3006  train/grad_norm=2.958  train/lr=1.538e-05  train/samples_per_sec=298.5
2026-10-05 04:13:53 [   1260] train/loss=0.5861  train/pred_loss=0.1251  train/sigreg_loss=5.122  train/emb_std=0.9367  train/emb_norm=12.92  train/pred_vs_static=0.2936  train/grad_norm=3.009  train/lr=1.563e-05  train/samples_per_sec=298.6
2026-10-05 04:14:02 [   1280] train/loss=0.5606  train/pred_loss=0.1182  train/sigreg_loss=4.914  train/emb_std=0.94  train/emb_norm=12.96  train/pred_vs_static=0.2851  train/grad_norm=2.816  train/lr=1.588e-05  train/samples_per_sec=298.6
2026-10-05 04:14:10 [   1300] train/loss=0.5637  train/pred_loss=0.1182  train/sigreg_loss=4.95  train/emb_std=0.9412  train/emb_norm=12.96  train/pred_vs_static=0.2777  train/grad_norm=3.032  train/lr=1.613e-05  train/samples_per_sec=298.7
2026-10-05 04:14:19 [   1320] train/loss=0.5456  train/pred_loss=0.1141  train/sigreg_loss=4.795  train/emb_std=0.9402  train/emb_norm=12.95  train/pred_vs_static=0.2752  train/grad_norm=3.067  train/lr=1.638e-05  train/samples_per_sec=298.6
2026-10-05 04:14:27 [   1340] train/loss=0.5404  train/pred_loss=0.1134  train/sigreg_loss=4.744  train/emb_std=0.9434  train/emb_norm=12.98  train/pred_vs_static=0.2615  train/grad_norm=2.517  train/lr=1.663e-05  train/samples_per_sec=298.7
2026-10-05 04:14:36 [   1360] train/loss=0.5423  train/pred_loss=0.112  train/sigreg_loss=4.783  train/emb_std=0.9473  train/emb_norm=13.02  train/pred_vs_static=0.2671  train/grad_norm=2.752  train/lr=1.688e-05  train/samples_per_sec=298.7
2026-10-05 04:14:44 [   1380] train/loss=0.533  train/pred_loss=0.1101  train/sigreg_loss=4.698  train/emb_std=0.9492  train/emb_norm=13.04  train/pred_vs_static=0.2583  train/grad_norm=2.709  train/lr=1.713e-05  train/samples_per_sec=298.7
2026-10-05 04:14:53 [   1400] train/loss=0.5223  train/pred_loss=0.1065  train/sigreg_loss=4.62  train/emb_std=0.9506  train/emb_norm=13.08  train/pred_vs_static=0.252  train/grad_norm=2.57  train/lr=1.738e-05  train/samples_per_sec=298.8
2026-10-05 04:15:01 [   1420] train/loss=0.5222  train/pred_loss=0.1069  train/sigreg_loss=4.614  train/emb_std=0.9496  train/emb_norm=13.06  train/pred_vs_static=0.2469  train/grad_norm=2.698  train/lr=1.763e-05  train/samples_per_sec=298.8
2026-10-05 04:15:10 [   1440] train/loss=0.5115  train/pred_loss=0.1028  train/sigreg_loss=4.541  train/emb_std=0.9506  train/emb_norm=13.08  train/pred_vs_static=0.2391  train/grad_norm=2.42  train/lr=1.788e-05  train/samples_per_sec=298.9
2026-10-05 04:15:18 [   1460] train/loss=0.5095  train/pred_loss=0.1013  train/sigreg_loss=4.534  train/emb_std=0.9486  train/emb_norm=13.02  train/pred_vs_static=0.2361  train/grad_norm=2.759  train/lr=1.813e-05  train/samples_per_sec=298.9
2026-10-05 04:15:27 [   1480] train/loss=0.497  train/pred_loss=0.09872  train/sigreg_loss=4.427  train/emb_std=0.9557  train/emb_norm=13.11  train/pred_vs_static=0.2288  train/grad_norm=2.612  train/lr=1.838e-05  train/samples_per_sec=298.9
2026-10-05 04:15:35 [   1500] train/loss=0.4898  train/pred_loss=0.0976  train/sigreg_loss=4.358  train/emb_std=0.9537  train/emb_norm=13.08  train/pred_vs_static=0.228  train/grad_norm=2.301  train/lr=1.863e-05  train/samples_per_sec=299
2026-10-05 04:15:44 [   1520] train/loss=0.4913  train/pred_loss=0.09602  train/sigreg_loss=4.395  train/emb_std=0.9547  train/emb_norm=13.12  train/pred_vs_static=0.2156  train/grad_norm=2.364  train/lr=1.888e-05  train/samples_per_sec=299
2026-10-05 04:15:52 [   1540] train/loss=0.4867  train/pred_loss=0.09583  train/sigreg_loss=4.344  train/emb_std=0.9574  train/emb_norm=13.14  train/pred_vs_static=0.2182  train/grad_norm=2.421  train/lr=1.913e-05  train/samples_per_sec=299
2026-10-05 04:16:01 [   1560] train/loss=0.4766  train/pred_loss=0.09568  train/sigreg_loss=4.234  train/emb_std=0.957  train/emb_norm=13.12  train/pred_vs_static=0.218  train/grad_norm=2.312  train/lr=1.938e-05  train/samples_per_sec=299
2026-10-05 04:16:09 [   1580] train/loss=0.4649  train/pred_loss=0.09222  train/sigreg_loss=4.139  train/emb_std=0.9576  train/emb_norm=13.15  train/pred_vs_static=0.2069  train/grad_norm=2.245  train/lr=1.963e-05  train/samples_per_sec=299.1
2026-10-05 04:16:18 [   1600] train/loss=0.4621  train/pred_loss=0.09226  train/sigreg_loss=4.109  train/emb_std=0.9611  train/emb_norm=13.18  train/pred_vs_static=0.2048  train/grad_norm=2.193  train/lr=1.988e-05  train/samples_per_sec=299.1
2026-10-05 04:16:26 [   1620] train/loss=0.4581  train/pred_loss=0.09107  train/sigreg_loss=4.077  train/emb_std=0.9607  train/emb_norm=13.19  train/pred_vs_static=0.1998  train/grad_norm=2.482  train/lr=2.013e-05  train/samples_per_sec=299.1
2026-10-05 04:16:35 [   1640] train/loss=0.4525  train/pred_loss=0.08918  train/sigreg_loss=4.036  train/emb_std=0.9609  train/emb_norm=13.18  train/pred_vs_static=0.1933  train/grad_norm=2.197  train/lr=2.038e-05  train/samples_per_sec=299.2
2026-10-05 04:16:43 [   1660] train/loss=0.4521  train/pred_loss=0.0873  train/sigreg_loss=4.055  train/emb_std=0.9596  train/emb_norm=13.15  train/pred_vs_static=0.1902  train/grad_norm=2.09  train/lr=2.063e-05  train/samples_per_sec=299.3
2026-10-05 04:16:51 [   1680] train/loss=0.4459  train/pred_loss=0.08539  train/sigreg_loss=4.005  train/emb_std=0.9615  train/emb_norm=13.2  train/pred_vs_static=0.1868  train/grad_norm=2.285  train/lr=2.088e-05  train/samples_per_sec=299.4
2026-10-05 04:17:00 [   1700] train/loss=0.4372  train/pred_loss=0.08244  train/sigreg_loss=3.941  train/emb_std=0.9623  train/emb_norm=13.2  train/pred_vs_static=0.1802  train/grad_norm=2.051  train/lr=2.113e-05  train/samples_per_sec=299.5
2026-10-05 04:17:08 [   1720] train/loss=0.4335  train/pred_loss=0.08418  train/sigreg_loss=3.88  train/emb_std=0.9617  train/emb_norm=13.2  train/pred_vs_static=0.182  train/grad_norm=2.11  train/lr=2.138e-05  train/samples_per_sec=299.6
2026-10-05 04:17:16 [   1740] train/loss=0.4346  train/pred_loss=0.0809  train/sigreg_loss=3.928  train/emb_std=0.9607  train/emb_norm=13.18  train/pred_vs_static=0.1756  train/grad_norm=2.187  train/lr=2.163e-05  train/samples_per_sec=299.7
2026-10-05 04:17:25 [   1760] train/loss=0.4254  train/pred_loss=0.08061  train/sigreg_loss=3.83  train/emb_std=0.96  train/emb_norm=13.17  train/pred_vs_static=0.1763  train/grad_norm=2.088  train/lr=2.188e-05  train/samples_per_sec=299.8
2026-10-05 04:17:33 [   1780] train/loss=0.4206  train/pred_loss=0.07846  train/sigreg_loss=3.801  train/emb_std=0.9621  train/emb_norm=13.22  train/pred_vs_static=0.1714  train/grad_norm=1.99  train/lr=2.213e-05  train/samples_per_sec=299.9
2026-10-05 04:17:41 [   1800] train/loss=0.4146  train/pred_loss=0.07651  train/sigreg_loss=3.759  train/emb_std=0.9629  train/emb_norm=13.21  train/pred_vs_static=0.1667  train/grad_norm=2.186  train/lr=2.238e-05  train/samples_per_sec=300
2026-10-05 04:17:50 [   1820] train/loss=0.4118  train/pred_loss=0.07774  train/sigreg_loss=3.713  train/emb_std=0.9672  train/emb_norm=13.26  train/pred_vs_static=0.1651  train/grad_norm=2.013  train/lr=2.263e-05  train/samples_per_sec=300
2026-10-05 04:17:58 [   1840] train/loss=0.4085  train/pred_loss=0.07486  train/sigreg_loss=3.706  train/emb_std=0.9645  train/emb_norm=13.25  train/pred_vs_static=0.1602  train/grad_norm=1.94  train/lr=2.288e-05  train/samples_per_sec=300.1
2026-10-05 04:18:06 [   1860] train/loss=0.4016  train/pred_loss=0.0758  train/sigreg_loss=3.62  train/emb_std=0.9611  train/emb_norm=13.2  train/pred_vs_static=0.159  train/grad_norm=1.996  train/lr=2.313e-05  train/samples_per_sec=300.2
2026-10-05 04:18:15 [   1880] train/loss=0.3972  train/pred_loss=0.07428  train/sigreg_loss=3.589  train/emb_std=0.968  train/emb_norm=13.29  train/pred_vs_static=0.1556  train/grad_norm=1.932  train/lr=2.338e-05  train/samples_per_sec=300.2
2026-10-05 04:18:23 [   1900] train/loss=0.3962  train/pred_loss=0.07227  train/sigreg_loss=3.599  train/emb_std=0.965  train/emb_norm=13.26  train/pred_vs_static=0.1492  train/grad_norm=1.959  train/lr=2.363e-05  train/samples_per_sec=300.3
2026-10-05 04:18:31 [   1920] train/loss=0.3956  train/pred_loss=0.07318  train/sigreg_loss=3.582  train/emb_std=0.967  train/emb_norm=13.26  train/pred_vs_static=0.1543  train/grad_norm=1.759  train/lr=2.388e-05  train/samples_per_sec=300.4
2026-10-05 04:18:40 [   1940] train/loss=0.3844  train/pred_loss=0.07122  train/sigreg_loss=3.482  train/emb_std=0.9662  train/emb_norm=13.27  train/pred_vs_static=0.1492  train/grad_norm=1.781  train/lr=2.413e-05  train/samples_per_sec=300.4
2026-10-05 04:18:48 [   1960] train/loss=0.3815  train/pred_loss=0.06906  train/sigreg_loss=3.471  train/emb_std=0.9664  train/emb_norm=13.29  train/pred_vs_static=0.1436  train/grad_norm=1.775  train/lr=2.438e-05  train/samples_per_sec=300.5
2026-10-05 04:18:56 [   1980] train/loss=0.3864  train/pred_loss=0.07017  train/sigreg_loss=3.514  train/emb_std=0.9697  train/emb_norm=13.29  train/pred_vs_static=0.142  train/grad_norm=1.756  train/lr=2.463e-05  train/samples_per_sec=300.6
2026-10-05 04:19:05 [   2000] train/loss=0.3783  train/pred_loss=0.06744  train/sigreg_loss=3.455  train/emb_std=0.9678  train/emb_norm=13.29  train/pred_vs_static=0.1364  train/grad_norm=1.803  train/lr=2.488e-05  train/samples_per_sec=300.7
2026-10-05 04:19:05 [   2000] train_epoch/loss=0.9767  train_epoch/pred_loss=0.1987  train_epoch/sigreg_loss=8.644  train_epoch/emb_std=0.84  train_epoch/emb_norm=11.58  train_epoch/pred_vs_static=0.5554  train_epoch/grad_norm=5.798  train_epoch/lr=1.251e-05  train_epoch/epoch=0
2026-10-05 04:19:30 [   2000] val/loss=1.11  val/pred_loss=0.06059  val/sigreg_loss=11.66  val/emb_std=0.9163  val/emb_norm=13.35  val/pred_vs_static=0.1264  val/epoch=0
2026-10-05 04:19:31 epoch   0 | val pred_vs_static 0.12640 | best 0.12640 @ epoch 0 | saved epoch_000.pt
2026-10-05 04:19:54 [   2020] train/loss=0.379  train/pred_loss=0.06722  train/sigreg_loss=3.465  train/emb_std=0.9705  train/emb_norm=13.32  train/pred_vs_static=0.1374  train/grad_norm=1.869  train/lr=2.513e-05  train/samples_per_sec=107.7
2026-10-05 04:20:03 [   2040] train/loss=0.3746  train/pred_loss=0.06717  train/sigreg_loss=3.416  train/emb_std=0.9693  train/emb_norm=13.29  train/pred_vs_static=0.135  train/grad_norm=1.729  train/lr=2.538e-05  train/samples_per_sec=155.6
2026-10-05 04:20:12 [   2060] train/loss=0.369  train/pred_loss=0.0649  train/sigreg_loss=3.379  train/emb_std=0.9691  train/emb_norm=13.31  train/pred_vs_static=0.1349  train/grad_norm=1.698  train/lr=2.563e-05  train/samples_per_sec=186.6
2026-10-05 04:20:20 [   2080] train/loss=0.3633  train/pred_loss=0.06451  train/sigreg_loss=3.321  train/emb_std=0.9686  train/emb_norm=13.31  train/pred_vs_static=0.1315  train/grad_norm=1.72  train/lr=2.588e-05  train/samples_per_sec=207.3
2026-10-05 04:20:28 [   2100] train/loss=0.3626  train/pred_loss=0.06258  train/sigreg_loss=3.336  train/emb_std=0.9709  train/emb_norm=13.33  train/pred_vs_static=0.1244  train/grad_norm=1.683  train/lr=2.613e-05  train/samples_per_sec=222
2026-10-05 04:20:36 [   2120] train/loss=0.3602  train/pred_loss=0.06471  train/sigreg_loss=3.283  train/emb_std=0.9705  train/emb_norm=13.34  train/pred_vs_static=0.1303  train/grad_norm=1.851  train/lr=2.638e-05  train/samples_per_sec=233
2026-10-05 04:20:45 [   2140] train/loss=0.3558  train/pred_loss=0.0619  train/sigreg_loss=3.264  train/emb_std=0.9703  train/emb_norm=13.34  train/pred_vs_static=0.1242  train/grad_norm=1.564  train/lr=2.663e-05  train/samples_per_sec=241.6
2026-10-05 04:20:53 [   2160] train/loss=0.3526  train/pred_loss=0.06243  train/sigreg_loss=3.227  train/emb_std=0.9707  train/emb_norm=13.35  train/pred_vs_static=0.1238  train/grad_norm=1.683  train/lr=2.688e-05  train/samples_per_sec=248.5
2026-10-05 04:21:01 [   2180] train/loss=0.3526  train/pred_loss=0.06178  train/sigreg_loss=3.231  train/emb_std=0.9713  train/emb_norm=13.35  train/pred_vs_static=0.124  train/grad_norm=1.511  train/lr=2.713e-05  train/samples_per_sec=254.1
2026-10-05 04:21:09 [   2200] train/loss=0.3469  train/pred_loss=0.06015  train/sigreg_loss=3.186  train/emb_std=0.9699  train/emb_norm=13.33  train/pred_vs_static=0.1195  train/grad_norm=1.502  train/lr=2.738e-05  train/samples_per_sec=258.7
2026-10-05 04:21:18 [   2220] train/loss=0.3512  train/pred_loss=0.05993  train/sigreg_loss=3.237  train/emb_std=0.9719  train/emb_norm=13.36  train/pred_vs_static=0.1181  train/grad_norm=1.677  train/lr=2.763e-05  train/samples_per_sec=262.7
2026-10-05 04:21:26 [   2240] train/loss=0.3451  train/pred_loss=0.05876  train/sigreg_loss=3.181  train/emb_std=0.9719  train/emb_norm=13.38  train/pred_vs_static=0.1144  train/grad_norm=1.603  train/lr=2.788e-05  train/samples_per_sec=266.1
2026-10-05 04:21:34 [   2260] train/loss=0.3458  train/pred_loss=0.05836  train/sigreg_loss=3.195  train/emb_std=0.974  train/emb_norm=13.39  train/pred_vs_static=0.1164  train/grad_norm=1.453  train/lr=2.813e-05  train/samples_per_sec=269
2026-10-05 04:21:42 [   2280] train/loss=0.3411  train/pred_loss=0.05806  train/sigreg_loss=3.144  train/emb_std=0.9742  train/emb_norm=13.4  train/pred_vs_static=0.1121  train/grad_norm=1.465  train/lr=2.838e-05  train/samples_per_sec=271.6
2026-10-05 04:21:51 [   2300] train/loss=0.3377  train/pred_loss=0.05752  train/sigreg_loss=3.114  train/emb_std=0.9725  train/emb_norm=13.37  train/pred_vs_static=0.1122  train/grad_norm=1.507  train/lr=2.863e-05  train/samples_per_sec=273.8
2026-10-05 04:21:59 [   2320] train/loss=0.3366  train/pred_loss=0.05826  train/sigreg_loss=3.091  train/emb_std=0.974  train/emb_norm=13.4  train/pred_vs_static=0.1124  train/grad_norm=1.625  train/lr=2.888e-05  train/samples_per_sec=275.8
2026-10-05 04:22:07 [   2340] train/loss=0.3314  train/pred_loss=0.05548  train/sigreg_loss=3.066  train/emb_std=0.9764  train/emb_norm=13.42  train/pred_vs_static=0.1085  train/grad_norm=1.448  train/lr=2.913e-05  train/samples_per_sec=277.6
2026-10-05 04:22:16 [   2360] train/loss=0.3379  train/pred_loss=0.05568  train/sigreg_loss=3.136  train/emb_std=0.976  train/emb_norm=13.4  train/pred_vs_static=0.1063  train/grad_norm=1.377  train/lr=2.938e-05  train/samples_per_sec=279.2
2026-10-05 04:22:24 [   2380] train/loss=0.3355  train/pred_loss=0.05604  train/sigreg_loss=3.105  train/emb_std=0.973  train/emb_norm=13.38  train/pred_vs_static=0.1115  train/grad_norm=1.441  train/lr=2.963e-05  train/samples_per_sec=280.6
2026-10-05 04:22:32 [   2400] train/loss=0.3291  train/pred_loss=0.05564  train/sigreg_loss=3.041  train/emb_std=0.9748  train/emb_norm=13.41  train/pred_vs_static=0.1105  train/grad_norm=1.529  train/lr=2.988e-05  train/samples_per_sec=281.9
2026-10-05 04:22:40 [   2420] train/loss=0.3248  train/pred_loss=0.05349  train/sigreg_loss=3.013  train/emb_std=0.9752  train/emb_norm=13.41  train/pred_vs_static=0.104  train/grad_norm=1.387  train/lr=3.013e-05  train/samples_per_sec=283.1
2026-10-05 04:22:49 [   2440] train/loss=0.3238  train/pred_loss=0.05344  train/sigreg_loss=3.005  train/emb_std=0.975  train/emb_norm=13.42  train/pred_vs_static=0.1051  train/grad_norm=1.461  train/lr=3.038e-05  train/samples_per_sec=284.1
2026-10-05 04:22:57 [   2460] train/loss=0.3222  train/pred_loss=0.05315  train/sigreg_loss=2.989  train/emb_std=0.9742  train/emb_norm=13.41  train/pred_vs_static=0.1028  train/grad_norm=1.358  train/lr=3.063e-05  train/samples_per_sec=285.1
2026-10-05 04:23:05 [   2480] train/loss=0.3213  train/pred_loss=0.05291  train/sigreg_loss=2.982  train/emb_std=0.975  train/emb_norm=13.4  train/pred_vs_static=0.1029  train/grad_norm=1.313  train/lr=3.088e-05  train/samples_per_sec=286
2026-10-05 04:23:14 [   2500] train/loss=0.3234  train/pred_loss=0.05294  train/sigreg_loss=3.002  train/emb_std=0.9738  train/emb_norm=13.38  train/pred_vs_static=0.1038  train/grad_norm=1.308  train/lr=3.113e-05  train/samples_per_sec=286.9
2026-10-05 04:23:22 [   2520] train/loss=0.316  train/pred_loss=0.05189  train/sigreg_loss=2.934  train/emb_std=0.9746  train/emb_norm=13.4  train/pred_vs_static=0.1013  train/grad_norm=1.299  train/lr=3.138e-05  train/samples_per_sec=287.6
2026-10-05 04:23:30 [   2540] train/loss=0.3117  train/pred_loss=0.05067  train/sigreg_loss=2.901  train/emb_std=0.976  train/emb_norm=13.43  train/pred_vs_static=0.09849  train/grad_norm=1.316  train/lr=3.163e-05  train/samples_per_sec=288.4
2026-10-05 04:23:38 [   2560] train/loss=0.3195  train/pred_loss=0.05164  train/sigreg_loss=2.977  train/emb_std=0.9756  train/emb_norm=13.42  train/pred_vs_static=0.1014  train/grad_norm=1.454  train/lr=3.188e-05  train/samples_per_sec=289.1
2026-10-05 04:23:47 [   2580] train/loss=0.3105  train/pred_loss=0.051  train/sigreg_loss=2.882  train/emb_std=0.975  train/emb_norm=13.42  train/pred_vs_static=0.1013  train/grad_norm=1.263  train/lr=3.213e-05  train/samples_per_sec=289.6
2026-10-05 04:23:55 [   2600] train/loss=0.3118  train/pred_loss=0.04977  train/sigreg_loss=2.912  train/emb_std=0.9725  train/emb_norm=13.41  train/pred_vs_static=0.09943  train/grad_norm=1.303  train/lr=3.238e-05  train/samples_per_sec=290
2026-10-05 04:24:04 [   2620] train/loss=0.3069  train/pred_loss=0.04978  train/sigreg_loss=2.859  train/emb_std=0.9756  train/emb_norm=13.45  train/pred_vs_static=0.09726  train/grad_norm=1.252  train/lr=3.263e-05  train/samples_per_sec=290.5
2026-10-05 04:24:12 [   2640] train/loss=0.3073  train/pred_loss=0.04996  train/sigreg_loss=2.859  train/emb_std=0.9764  train/emb_norm=13.44  train/pred_vs_static=0.09466  train/grad_norm=1.325  train/lr=3.288e-05  train/samples_per_sec=291
2026-10-05 04:24:20 [   2660] train/loss=0.3083  train/pred_loss=0.04927  train/sigreg_loss=2.877  train/emb_std=0.975  train/emb_norm=13.43  train/pred_vs_static=0.09752  train/grad_norm=1.366  train/lr=3.313e-05  train/samples_per_sec=291.4
2026-10-05 04:24:29 [   2680] train/loss=0.302  train/pred_loss=0.04782  train/sigreg_loss=2.823  train/emb_std=0.9729  train/emb_norm=13.41  train/pred_vs_static=0.09158  train/grad_norm=1.196  train/lr=3.338e-05  train/samples_per_sec=291.7
2026-10-05 04:24:37 [   2700] train/loss=0.3003  train/pred_loss=0.04754  train/sigreg_loss=2.809  train/emb_std=0.9736  train/emb_norm=13.41  train/pred_vs_static=0.09156  train/grad_norm=1.261  train/lr=3.363e-05  train/samples_per_sec=292
2026-10-05 04:24:46 [   2720] train/loss=0.3015  train/pred_loss=0.04676  train/sigreg_loss=2.831  train/emb_std=0.9729  train/emb_norm=13.4  train/pred_vs_static=0.09107  train/grad_norm=1.349  train/lr=3.388e-05  train/samples_per_sec=292.2
2026-10-05 04:24:54 [   2740] train/loss=0.3041  train/pred_loss=0.04727  train/sigreg_loss=2.852  train/emb_std=0.9764  train/emb_norm=13.44  train/pred_vs_static=0.09189  train/grad_norm=1.217  train/lr=3.413e-05  train/samples_per_sec=292.5
2026-10-05 04:25:03 [   2760] train/loss=0.296  train/pred_loss=0.04817  train/sigreg_loss=2.752  train/emb_std=0.9779  train/emb_norm=13.44  train/pred_vs_static=0.09184  train/grad_norm=1.235  train/lr=3.438e-05  train/samples_per_sec=292.8
2026-10-05 04:25:11 [   2780] train/loss=0.3006  train/pred_loss=0.04729  train/sigreg_loss=2.815  train/emb_std=0.9766  train/emb_norm=13.45  train/pred_vs_static=0.09078  train/grad_norm=1.219  train/lr=3.463e-05  train/samples_per_sec=293.1
2026-10-05 04:25:20 [   2800] train/loss=0.2946  train/pred_loss=0.04748  train/sigreg_loss=2.746  train/emb_std=0.9736  train/emb_norm=13.4  train/pred_vs_static=0.09304  train/grad_norm=1.355  train/lr=3.488e-05  train/samples_per_sec=293.4
2026-10-05 04:25:28 [   2820] train/loss=0.292  train/pred_loss=0.04665  train/sigreg_loss=2.726  train/emb_std=0.9756  train/emb_norm=13.44  train/pred_vs_static=0.08995  train/grad_norm=1.157  train/lr=3.513e-05  train/samples_per_sec=293.6
2026-10-05 04:25:36 [   2840] train/loss=0.2973  train/pred_loss=0.04741  train/sigreg_loss=2.774  train/emb_std=0.976  train/emb_norm=13.44  train/pred_vs_static=0.09214  train/grad_norm=1.212  train/lr=3.538e-05  train/samples_per_sec=293.8
2026-10-05 04:25:45 [   2860] train/loss=0.2935  train/pred_loss=0.04664  train/sigreg_loss=2.743  train/emb_std=0.9756  train/emb_norm=13.43  train/pred_vs_static=0.08944  train/grad_norm=1.157  train/lr=3.563e-05  train/samples_per_sec=294
2026-10-05 04:25:53 [   2880] train/loss=0.2927  train/pred_loss=0.04692  train/sigreg_loss=2.73  train/emb_std=0.9756  train/emb_norm=13.43  train/pred_vs_static=0.08901  train/grad_norm=1.23  train/lr=3.588e-05  train/samples_per_sec=294.1
2026-10-05 04:26:02 [   2900] train/loss=0.285  train/pred_loss=0.04623  train/sigreg_loss=2.653  train/emb_std=0.976  train/emb_norm=13.44  train/pred_vs_static=0.08578  train/grad_norm=1.244  train/lr=3.613e-05  train/samples_per_sec=294.3
2026-10-05 04:26:10 [   2920] train/loss=0.2867  train/pred_loss=0.04553  train/sigreg_loss=2.68  train/emb_std=0.975  train/emb_norm=13.43  train/pred_vs_static=0.08672  train/grad_norm=1.242  train/lr=3.638e-05  train/samples_per_sec=294.5
2026-10-05 04:26:19 [   2940] train/loss=0.2886  train/pred_loss=0.04565  train/sigreg_loss=2.7  train/emb_std=0.975  train/emb_norm=13.44  train/pred_vs_static=0.08746  train/grad_norm=1.284  train/lr=3.663e-05  train/samples_per_sec=294.6
2026-10-05 04:26:27 [   2960] train/loss=0.2832  train/pred_loss=0.0443  train/sigreg_loss=2.657  train/emb_std=0.9793  train/emb_norm=13.48  train/pred_vs_static=0.08214  train/grad_norm=1.14  train/lr=3.688e-05  train/samples_per_sec=294.9
2026-10-05 04:26:36 [   2980] train/loss=0.2812  train/pred_loss=0.04484  train/sigreg_loss=2.627  train/emb_std=0.9746  train/emb_norm=13.41  train/pred_vs_static=0.0865  train/grad_norm=1.145  train/lr=3.713e-05  train/samples_per_sec=295
2026-10-05 04:26:44 [   3000] train/loss=0.2852  train/pred_loss=0.0448  train/sigreg_loss=2.673  train/emb_std=0.9771  train/emb_norm=13.45  train/pred_vs_static=0.08551  train/grad_norm=1.136  train/lr=3.738e-05  train/samples_per_sec=295.2
2026-10-05 04:26:53 [   3020] train/loss=0.2775  train/pred_loss=0.04432  train/sigreg_loss=2.591  train/emb_std=0.9748  train/emb_norm=13.45  train/pred_vs_static=0.08298  train/grad_norm=1.097  train/lr=3.763e-05  train/samples_per_sec=295.4
2026-10-05 04:27:01 [   3040] train/loss=0.2775  train/pred_loss=0.04256  train/sigreg_loss=2.609  train/emb_std=0.977  train/emb_norm=13.48  train/pred_vs_static=0.08154  train/grad_norm=1.104  train/lr=3.788e-05  train/samples_per_sec=295.4
2026-10-05 04:27:09 [   3060] train/loss=0.2764  train/pred_loss=0.0448  train/sigreg_loss=2.573  train/emb_std=0.9771  train/emb_norm=13.47  train/pred_vs_static=0.0825  train/grad_norm=1.116  train/lr=3.813e-05  train/samples_per_sec=295.6
2026-10-05 04:27:18 [   3080] train/loss=0.2726  train/pred_loss=0.04335  train/sigreg_loss=2.548  train/emb_std=0.9764  train/emb_norm=13.47  train/pred_vs_static=0.08068  train/grad_norm=1.1  train/lr=3.838e-05  train/samples_per_sec=295.7
2026-10-05 04:27:26 [   3100] train/loss=0.277  train/pred_loss=0.04435  train/sigreg_loss=2.584  train/emb_std=0.9752  train/emb_norm=13.44  train/pred_vs_static=0.0821  train/grad_norm=1.121  train/lr=3.863e-05  train/samples_per_sec=295.9
2026-10-05 04:27:35 [   3120] train/loss=0.2711  train/pred_loss=0.04406  train/sigreg_loss=2.522  train/emb_std=0.9803  train/emb_norm=13.5  train/pred_vs_static=0.08128  train/grad_norm=1.094  train/lr=3.888e-05  train/samples_per_sec=296
2026-10-05 04:27:43 [   3140] train/loss=0.2696  train/pred_loss=0.04269  train/sigreg_loss=2.52  train/emb_std=0.9764  train/emb_norm=13.47  train/pred_vs_static=0.07951  train/grad_norm=1.126  train/lr=3.913e-05  train/samples_per_sec=296.1
2026-10-05 04:27:52 [   3160] train/loss=0.2682  train/pred_loss=0.04243  train/sigreg_loss=2.509  train/emb_std=0.9771  train/emb_norm=13.47  train/pred_vs_static=0.07759  train/grad_norm=1.163  train/lr=3.938e-05  train/samples_per_sec=296.3
2026-10-05 04:28:00 [   3180] train/loss=0.2671  train/pred_loss=0.04162  train/sigreg_loss=2.505  train/emb_std=0.9775  train/emb_norm=13.48  train/pred_vs_static=0.07755  train/grad_norm=1.059  train/lr=3.963e-05  train/samples_per_sec=296.4
2026-10-05 04:28:08 [   3200] train/loss=0.2627  train/pred_loss=0.04157  train/sigreg_loss=2.456  train/emb_std=0.9748  train/emb_norm=13.45  train/pred_vs_static=0.0766  train/grad_norm=1.079  train/lr=3.988e-05  train/samples_per_sec=296.5
2026-10-05 04:28:17 [   3220] train/loss=0.265  train/pred_loss=0.04048  train/sigreg_loss=2.495  train/emb_std=0.9766  train/emb_norm=13.47  train/pred_vs_static=0.0753  train/grad_norm=1.022  train/lr=4.013e-05  train/samples_per_sec=296.7
2026-10-05 04:28:25 [   3240] train/loss=0.2669  train/pred_loss=0.04134  train/sigreg_loss=2.507  train/emb_std=0.9748  train/emb_norm=13.44  train/pred_vs_static=0.07645  train/grad_norm=1.115  train/lr=4.038e-05  train/samples_per_sec=296.8
2026-10-05 04:28:34 [   3260] train/loss=0.2637  train/pred_loss=0.04205  train/sigreg_loss=2.462  train/emb_std=0.976  train/emb_norm=13.45  train/pred_vs_static=0.07721  train/grad_norm=1.114  train/lr=4.063e-05  train/samples_per_sec=296.8
2026-10-05 04:28:42 [   3280] train/loss=0.2645  train/pred_loss=0.0421  train/sigreg_loss=2.47  train/emb_std=0.9773  train/emb_norm=13.48  train/pred_vs_static=0.07774  train/grad_norm=1.09  train/lr=4.088e-05  train/samples_per_sec=297
2026-10-05 04:28:51 [   3300] train/loss=0.2629  train/pred_loss=0.04219  train/sigreg_loss=2.451  train/emb_std=0.9777  train/emb_norm=13.5  train/pred_vs_static=0.07793  train/grad_norm=1.019  train/lr=4.113e-05  train/samples_per_sec=297.1
2026-10-05 04:28:59 [   3320] train/loss=0.2656  train/pred_loss=0.04183  train/sigreg_loss=2.487  train/emb_std=0.977  train/emb_norm=13.47  train/pred_vs_static=0.07489  train/grad_norm=0.9961  train/lr=4.138e-05  train/samples_per_sec=297.2
2026-10-05 04:29:07 [   3340] train/loss=0.2608  train/pred_loss=0.04044  train/sigreg_loss=2.447  train/emb_std=0.977  train/emb_norm=13.47  train/pred_vs_static=0.07328  train/grad_norm=1.038  train/lr=4.163e-05  train/samples_per_sec=297.3
2026-10-05 04:29:16 [   3360] train/loss=0.2565  train/pred_loss=0.03997  train/sigreg_loss=2.406  train/emb_std=0.9764  train/emb_norm=13.46  train/pred_vs_static=0.07381  train/grad_norm=0.9999  train/lr=4.188e-05  train/samples_per_sec=297.4
2026-10-05 04:29:24 [   3380] train/loss=0.2577  train/pred_loss=0.03943  train/sigreg_loss=2.425  train/emb_std=0.9791  train/emb_norm=13.51  train/pred_vs_static=0.07153  train/grad_norm=0.9899  train/lr=4.213e-05  train/samples_per_sec=297.5
2026-10-05 04:29:33 [   3400] train/loss=0.2542  train/pred_loss=0.03951  train/sigreg_loss=2.385  train/emb_std=0.9805  train/emb_norm=13.51  train/pred_vs_static=0.07158  train/grad_norm=0.9941  train/lr=4.238e-05  train/samples_per_sec=297.6
2026-10-05 04:29:41 [   3420] train/loss=0.2611  train/pred_loss=0.04076  train/sigreg_loss=2.448  train/emb_std=0.9793  train/emb_norm=13.5  train/pred_vs_static=0.07194  train/grad_norm=1.076  train/lr=4.263e-05  train/samples_per_sec=297.7
2026-10-05 04:29:50 [   3440] train/loss=0.2579  train/pred_loss=0.04087  train/sigreg_loss=2.411  train/emb_std=0.9793  train/emb_norm=13.5  train/pred_vs_static=0.07252  train/grad_norm=1.038  train/lr=4.288e-05  train/samples_per_sec=297.8
2026-10-05 04:29:58 [   3460] train/loss=0.2563  train/pred_loss=0.039  train/sigreg_loss=2.416  train/emb_std=0.9797  train/emb_norm=13.5  train/pred_vs_static=0.07033  train/grad_norm=0.9592  train/lr=4.313e-05  train/samples_per_sec=297.8
2026-10-05 04:30:06 [   3480] train/loss=0.2555  train/pred_loss=0.03906  train/sigreg_loss=2.404  train/emb_std=0.9783  train/emb_norm=13.48  train/pred_vs_static=0.06959  train/grad_norm=0.9959  train/lr=4.338e-05  train/samples_per_sec=298
2026-10-05 04:30:15 [   3500] train/loss=0.252  train/pred_loss=0.03956  train/sigreg_loss=2.36  train/emb_std=0.9777  train/emb_norm=13.49  train/pred_vs_static=0.07025  train/grad_norm=0.9601  train/lr=4.363e-05  train/samples_per_sec=298
2026-10-05 04:30:23 [   3520] train/loss=0.2537  train/pred_loss=0.03921  train/sigreg_loss=2.384  train/emb_std=0.9771  train/emb_norm=13.48  train/pred_vs_static=0.0706  train/grad_norm=0.984  train/lr=4.388e-05  train/samples_per_sec=298.1
2026-10-05 04:30:32 [   3540] train/loss=0.2499  train/pred_loss=0.0381  train/sigreg_loss=2.352  train/emb_std=0.9789  train/emb_norm=13.5  train/pred_vs_static=0.06824  train/grad_norm=0.9842  train/lr=4.413e-05  train/samples_per_sec=298.2
2026-10-05 04:30:40 [   3560] train/loss=0.2499  train/pred_loss=0.03842  train/sigreg_loss=2.349  train/emb_std=0.9801  train/emb_norm=13.51  train/pred_vs_static=0.06777  train/grad_norm=0.9741  train/lr=4.438e-05  train/samples_per_sec=298.3
2026-10-05 04:30:48 [   3580] train/loss=0.2519  train/pred_loss=0.03787  train/sigreg_loss=2.378  train/emb_std=0.9795  train/emb_norm=13.52  train/pred_vs_static=0.06694  train/grad_norm=0.9886  train/lr=4.463e-05  train/samples_per_sec=298.3
2026-10-05 04:30:57 [   3600] train/loss=0.2515  train/pred_loss=0.03908  train/sigreg_loss=2.359  train/emb_std=0.9791  train/emb_norm=13.51  train/pred_vs_static=0.06721  train/grad_norm=0.9368  train/lr=4.488e-05  train/samples_per_sec=298.4
2026-10-05 04:31:05 [   3620] train/loss=0.2458  train/pred_loss=0.0368  train/sigreg_loss=2.322  train/emb_std=0.9787  train/emb_norm=13.5  train/pred_vs_static=0.06438  train/grad_norm=0.9321  train/lr=4.513e-05  train/samples_per_sec=298.5
2026-10-05 04:31:14 [   3640] train/loss=0.2467  train/pred_loss=0.03697  train/sigreg_loss=2.33  train/emb_std=0.9779  train/emb_norm=13.49  train/pred_vs_static=0.06564  train/grad_norm=0.9803  train/lr=4.538e-05  train/samples_per_sec=298.5
2026-10-05 04:31:22 [   3660] train/loss=0.2482  train/pred_loss=0.03752  train/sigreg_loss=2.341  train/emb_std=0.9787  train/emb_norm=13.5  train/pred_vs_static=0.06569  train/grad_norm=0.9753  train/lr=4.563e-05  train/samples_per_sec=298.6
2026-10-05 04:31:31 [   3680] train/loss=0.2465  train/pred_loss=0.03712  train/sigreg_loss=2.327  train/emb_std=0.9801  train/emb_norm=13.52  train/pred_vs_static=0.06452  train/grad_norm=0.9299  train/lr=4.588e-05  train/samples_per_sec=298.6
2026-10-05 04:31:39 [   3700] train/loss=0.2434  train/pred_loss=0.03654  train/sigreg_loss=2.3  train/emb_std=0.9801  train/emb_norm=13.52  train/pred_vs_static=0.0646  train/grad_norm=0.8984  train/lr=4.613e-05  train/samples_per_sec=298.7
2026-10-05 04:31:47 [   3720] train/loss=0.243  train/pred_loss=0.03632  train/sigreg_loss=2.297  train/emb_std=0.9785  train/emb_norm=13.49  train/pred_vs_static=0.06538  train/grad_norm=0.927  train/lr=4.638e-05  train/samples_per_sec=298.8
2026-10-05 04:31:56 [   3740] train/loss=0.2392  train/pred_loss=0.03588  train/sigreg_loss=2.259  train/emb_std=0.9814  train/emb_norm=13.53  train/pred_vs_static=0.0638  train/grad_norm=0.8804  train/lr=4.663e-05  train/samples_per_sec=298.8
2026-10-05 04:32:04 [   3760] train/loss=0.244  train/pred_loss=0.03656  train/sigreg_loss=2.305  train/emb_std=0.9801  train/emb_norm=13.51  train/pred_vs_static=0.06387  train/grad_norm=0.9621  train/lr=4.688e-05  train/samples_per_sec=298.9
2026-10-05 04:32:13 [   3780] train/loss=0.2438  train/pred_loss=0.0366  train/sigreg_loss=2.303  train/emb_std=0.9789  train/emb_norm=13.5  train/pred_vs_static=0.06379  train/grad_norm=0.9206  train/lr=4.713e-05  train/samples_per_sec=299
2026-10-05 04:32:21 [   3800] train/loss=0.2445  train/pred_loss=0.03614  train/sigreg_loss=2.316  train/emb_std=0.982  train/emb_norm=13.54  train/pred_vs_static=0.06349  train/grad_norm=0.9297  train/lr=4.738e-05  train/samples_per_sec=299
2026-10-05 04:32:30 [   3820] train/loss=0.2433  train/pred_loss=0.03562  train/sigreg_loss=2.308  train/emb_std=0.9787  train/emb_norm=13.5  train/pred_vs_static=0.06222  train/grad_norm=0.9182  train/lr=4.763e-05  train/samples_per_sec=299
2026-10-05 04:32:38 [   3840] train/loss=0.2407  train/pred_loss=0.0361  train/sigreg_loss=2.273  train/emb_std=0.9809  train/emb_norm=13.53  train/pred_vs_static=0.06247  train/grad_norm=0.9211  train/lr=4.788e-05  train/samples_per_sec=299
2026-10-05 04:32:47 [   3860] train/loss=0.2364  train/pred_loss=0.03564  train/sigreg_loss=2.231  train/emb_std=0.9814  train/emb_norm=13.53  train/pred_vs_static=0.06298  train/grad_norm=0.8567  train/lr=4.813e-05  train/samples_per_sec=299.1
2026-10-05 04:32:55 [   3880] train/loss=0.2373  train/pred_loss=0.03533  train/sigreg_loss=2.245  train/emb_std=0.9797  train/emb_norm=13.51  train/pred_vs_static=0.06248  train/grad_norm=0.8412  train/lr=4.838e-05  train/samples_per_sec=299.1
2026-10-05 04:33:04 [   3900] train/loss=0.2413  train/pred_loss=0.03561  train/sigreg_loss=2.286  train/emb_std=0.9805  train/emb_norm=13.53  train/pred_vs_static=0.06182  train/grad_norm=0.8495  train/lr=4.863e-05  train/samples_per_sec=299.1
2026-10-05 04:33:12 [   3920] train/loss=0.2409  train/pred_loss=0.03544  train/sigreg_loss=2.283  train/emb_std=0.9801  train/emb_norm=13.53  train/pred_vs_static=0.06143  train/grad_norm=0.873  train/lr=4.888e-05  train/samples_per_sec=299.1
2026-10-05 04:33:20 [   3940] train/loss=0.2376  train/pred_loss=0.03431  train/sigreg_loss=2.259  train/emb_std=0.9797  train/emb_norm=13.53  train/pred_vs_static=0.05852  train/grad_norm=0.8593  train/lr=4.913e-05  train/samples_per_sec=299.2
2026-10-05 04:33:29 [   3960] train/loss=0.2376  train/pred_loss=0.03487  train/sigreg_loss=2.251  train/emb_std=0.9793  train/emb_norm=13.51  train/pred_vs_static=0.05962  train/grad_norm=0.91  train/lr=4.938e-05  train/samples_per_sec=299.1
2026-10-05 04:33:37 [   3980] train/loss=0.2366  train/pred_loss=0.03528  train/sigreg_loss=2.237  train/emb_std=0.9805  train/emb_norm=13.53  train/pred_vs_static=0.06022  train/grad_norm=0.9221  train/lr=4.963e-05  train/samples_per_sec=299.2
2026-10-05 04:33:46 [   4000] train/loss=0.2363  train/pred_loss=0.03445  train/sigreg_loss=2.243  train/emb_std=0.9791  train/emb_norm=13.52  train/pred_vs_static=0.06072  train/grad_norm=0.8505  train/lr=4.988e-05  train/samples_per_sec=299.3
2026-10-05 04:33:46 [   4000] train_epoch/loss=0.2881  train_epoch/pred_loss=0.04624  train_epoch/sigreg_loss=2.687  train_epoch/emb_std=0.9762  train_epoch/emb_norm=13.45  train_epoch/pred_vs_static=0.08739  train_epoch/grad_norm=1.196  train_epoch/lr=3.751e-05  train_epoch/epoch=1
2026-10-05 04:34:18 [   4000] val/loss=0.9268  val/pred_loss=0.02833  val/sigreg_loss=9.981  val/emb_std=0.926  val/emb_norm=13.51  val/pred_vs_static=0.04952  val/epoch=1
2026-10-05 04:34:19 epoch   1 | val pred_vs_static 0.04952 | best 0.04952 @ epoch 1 | saved epoch_001.pt
2026-10-05 04:34:32 [   4020] train/loss=0.234  train/pred_loss=0.03413  train/sigreg_loss=2.222  train/emb_std=0.9777  train/emb_norm=13.5  train/pred_vs_static=0.05992  train/grad_norm=0.8365  train/lr=5e-05  train/samples_per_sec=194.7
2026-10-05 04:34:40 [   4040] train/loss=0.2365  train/pred_loss=0.0351  train/sigreg_loss=2.236  train/emb_std=0.9809  train/emb_norm=13.53  train/pred_vs_static=0.05995  train/grad_norm=0.9065  train/lr=5e-05  train/samples_per_sec=239.2
2026-10-05 04:34:48 [   4060] train/loss=0.2349  train/pred_loss=0.03454  train/sigreg_loss=2.225  train/emb_std=0.9812  train/emb_norm=13.53  train/pred_vs_static=0.05952  train/grad_norm=0.8488  train/lr=5e-05  train/samples_per_sec=258.9
2026-10-05 04:34:57 [   4080] train/loss=0.2327  train/pred_loss=0.03492  train/sigreg_loss=2.198  train/emb_std=0.9787  train/emb_norm=13.51  train/pred_vs_static=0.05994  train/grad_norm=0.8116  train/lr=5e-05  train/samples_per_sec=270
2026-10-05 04:35:05 [   4100] train/loss=0.2329  train/pred_loss=0.03441  train/sigreg_loss=2.205  train/emb_std=0.9793  train/emb_norm=13.52  train/pred_vs_static=0.05799  train/grad_norm=0.8683  train/lr=5e-05  train/samples_per_sec=277.1
2026-10-05 04:35:13 [   4120] train/loss=0.2324  train/pred_loss=0.03352  train/sigreg_loss=2.209  train/emb_std=0.9818  train/emb_norm=13.54  train/pred_vs_static=0.05678  train/grad_norm=0.8446  train/lr=5e-05  train/samples_per_sec=282
2026-10-05 04:35:22 [   4140] train/loss=0.2296  train/pred_loss=0.03439  train/sigreg_loss=2.169  train/emb_std=0.9824  train/emb_norm=13.55  train/pred_vs_static=0.05849  train/grad_norm=0.8907  train/lr=5e-05  train/samples_per_sec=285.6
2026-10-05 04:35:30 [   4160] train/loss=0.2298  train/pred_loss=0.03375  train/sigreg_loss=2.177  train/emb_std=0.982  train/emb_norm=13.54  train/pred_vs_static=0.05611  train/grad_norm=0.8465  train/lr=5e-05  train/samples_per_sec=288.3
2026-10-05 04:35:38 [   4180] train/loss=0.2363  train/pred_loss=0.03511  train/sigreg_loss=2.238  train/emb_std=0.982  train/emb_norm=13.54  train/pred_vs_static=0.05855  train/grad_norm=0.8891  train/lr=5e-05  train/samples_per_sec=290.5
2026-10-05 04:35:46 [   4200] train/loss=0.2302  train/pred_loss=0.03325  train/sigreg_loss=2.189  train/emb_std=0.9795  train/emb_norm=13.53  train/pred_vs_static=0.05556  train/grad_norm=0.8238  train/lr=5e-05  train/samples_per_sec=292.2
2026-10-05 04:35:55 [   4220] train/loss=0.2236  train/pred_loss=0.03255  train/sigreg_loss=2.123  train/emb_std=0.9822  train/emb_norm=13.55  train/pred_vs_static=0.05552  train/grad_norm=0.7754  train/lr=5e-05  train/samples_per_sec=293.7
2026-10-05 04:36:03 [   4240] train/loss=0.2263  train/pred_loss=0.03347  train/sigreg_loss=2.143  train/emb_std=0.9797  train/emb_norm=13.51  train/pred_vs_static=0.05615  train/grad_norm=0.8052  train/lr=5e-05  train/samples_per_sec=294.9
2026-10-05 04:36:11 [   4260] train/loss=0.2267  train/pred_loss=0.03321  train/sigreg_loss=2.149  train/emb_std=0.9814  train/emb_norm=13.54  train/pred_vs_static=0.05669  train/grad_norm=0.8341  train/lr=5e-05  train/samples_per_sec=296
2026-10-05 04:36:20 [   4280] train/loss=0.2298  train/pred_loss=0.03298  train/sigreg_loss=2.187  train/emb_std=0.9818  train/emb_norm=13.55  train/pred_vs_static=0.05579  train/grad_norm=0.7994  train/lr=5e-05  train/samples_per_sec=296.9
2026-10-05 04:36:28 [   4300] train/loss=0.2266  train/pred_loss=0.0327  train/sigreg_loss=2.154  train/emb_std=0.9801  train/emb_norm=13.52  train/pred_vs_static=0.05589  train/grad_norm=0.7991  train/lr=5e-05  train/samples_per_sec=297.7
2026-10-05 04:36:36 [   4320] train/loss=0.2225  train/pred_loss=0.03234  train/sigreg_loss=2.112  train/emb_std=0.9793  train/emb_norm=13.5  train/pred_vs_static=0.05501  train/grad_norm=0.8168  train/lr=5e-05  train/samples_per_sec=298.4
2026-10-05 04:36:44 [   4340] train/loss=0.2259  train/pred_loss=0.03225  train/sigreg_loss=2.152  train/emb_std=0.9811  train/emb_norm=13.54  train/pred_vs_static=0.05325  train/grad_norm=0.8261  train/lr=5e-05  train/samples_per_sec=299.1
2026-10-05 04:36:53 [   4360] train/loss=0.2243  train/pred_loss=0.03288  train/sigreg_loss=2.126  train/emb_std=0.9814  train/emb_norm=13.54  train/pred_vs_static=0.05514  train/grad_norm=0.8029  train/lr=5e-05  train/samples_per_sec=299.6
2026-10-05 04:37:01 [   4380] train/loss=0.2234  train/pred_loss=0.03246  train/sigreg_loss=2.121  train/emb_std=0.9803  train/emb_norm=13.54  train/pred_vs_static=0.05471  train/grad_norm=0.8306  train/lr=5e-05  train/samples_per_sec=300
2026-10-05 04:37:09 [   4400] train/loss=0.2235  train/pred_loss=0.03262  train/sigreg_loss=2.122  train/emb_std=0.9797  train/emb_norm=13.53  train/pred_vs_static=0.05514  train/grad_norm=0.9404  train/lr=5e-05  train/samples_per_sec=300.4
2026-10-05 04:37:18 [   4420] train/loss=0.2215  train/pred_loss=0.03209  train/sigreg_loss=2.105  train/emb_std=0.9811  train/emb_norm=13.55  train/pred_vs_static=0.05337  train/grad_norm=0.7569  train/lr=5e-05  train/samples_per_sec=300.4
2026-10-05 04:37:26 [   4440] train/loss=0.2215  train/pred_loss=0.03182  train/sigreg_loss=2.107  train/emb_std=0.9811  train/emb_norm=13.55  train/pred_vs_static=0.05221  train/grad_norm=0.7757  train/lr=5e-05  train/samples_per_sec=300.8
2026-10-05 04:37:34 [   4460] train/loss=0.22  train/pred_loss=0.03126  train/sigreg_loss=2.097  train/emb_std=0.9799  train/emb_norm=13.54  train/pred_vs_static=0.05301  train/grad_norm=0.8243  train/lr=5e-05  train/samples_per_sec=301.1
2026-10-05 04:37:43 [   4480] train/loss=0.2224  train/pred_loss=0.03238  train/sigreg_loss=2.111  train/emb_std=0.9805  train/emb_norm=13.53  train/pred_vs_static=0.05315  train/grad_norm=0.8157  train/lr=5e-05  train/samples_per_sec=301.5
2026-10-05 04:37:51 [   4500] train/loss=0.2197  train/pred_loss=0.03119  train/sigreg_loss=2.093  train/emb_std=0.9803  train/emb_norm=13.54  train/pred_vs_static=0.05221  train/grad_norm=0.7774  train/lr=5e-05  train/samples_per_sec=301.8
2026-10-05 04:37:59 [   4520] train/loss=0.2204  train/pred_loss=0.03155  train/sigreg_loss=2.097  train/emb_std=0.9807  train/emb_norm=13.53  train/pred_vs_static=0.05197  train/grad_norm=0.7898  train/lr=5e-05  train/samples_per_sec=302.1
2026-10-05 04:38:08 [   4540] train/loss=0.2216  train/pred_loss=0.03064  train/sigreg_loss=2.122  train/emb_std=0.9789  train/emb_norm=13.51  train/pred_vs_static=0.05114  train/grad_norm=0.7738  train/lr=5e-05  train/samples_per_sec=302.2
2026-10-05 04:38:16 [   4560] train/loss=0.2203  train/pred_loss=0.03232  train/sigreg_loss=2.088  train/emb_std=0.9816  train/emb_norm=13.55  train/pred_vs_static=0.05342  train/grad_norm=0.8256  train/lr=5e-05  train/samples_per_sec=302.5
2026-10-05 04:38:24 [   4580] train/loss=0.2172  train/pred_loss=0.03081  train/sigreg_loss=2.07  train/emb_std=0.9797  train/emb_norm=13.53  train/pred_vs_static=0.05007  train/grad_norm=0.7489  train/lr=5e-05  train/samples_per_sec=302.8
2026-10-05 04:38:32 [   4600] train/loss=0.2176  train/pred_loss=0.03105  train/sigreg_loss=2.073  train/emb_std=0.9799  train/emb_norm=13.54  train/pred_vs_static=0.05154  train/grad_norm=0.7961  train/lr=5e-05  train/samples_per_sec=303
2026-10-05 04:38:41 [   4620] train/loss=0.2211  train/pred_loss=0.03176  train/sigreg_loss=2.104  train/emb_std=0.9797  train/emb_norm=13.54  train/pred_vs_static=0.05282  train/grad_norm=0.81  train/lr=5e-05  train/samples_per_sec=303.2
2026-10-05 04:38:49 [   4640] train/loss=0.2162  train/pred_loss=0.03134  train/sigreg_loss=2.054  train/emb_std=0.9795  train/emb_norm=13.53  train/pred_vs_static=0.0508  train/grad_norm=0.774  train/lr=5e-05  train/samples_per_sec=303.3
2026-10-05 04:38:57 [   4660] train/loss=0.2161  train/pred_loss=0.03068  train/sigreg_loss=2.06  train/emb_std=0.9791  train/emb_norm=13.52  train/pred_vs_static=0.04983  train/grad_norm=0.7607  train/lr=5e-05  train/samples_per_sec=303.4
2026-10-05 04:39:06 [   4680] train/loss=0.2181  train/pred_loss=0.031  train/sigreg_loss=2.077  train/emb_std=0.9816  train/emb_norm=13.55  train/pred_vs_static=0.05026  train/grad_norm=0.8079  train/lr=5e-05  train/samples_per_sec=303.6
2026-10-05 04:39:14 [   4700] train/loss=0.2178  train/pred_loss=0.03075  train/sigreg_loss=2.079  train/emb_std=0.9814  train/emb_norm=13.55  train/pred_vs_static=0.05086  train/grad_norm=0.7826  train/lr=5e-05  train/samples_per_sec=303.7
2026-10-05 04:39:22 [   4720] train/loss=0.2179  train/pred_loss=0.02978  train/sigreg_loss=2.09  train/emb_std=0.9811  train/emb_norm=13.55  train/pred_vs_static=0.04859  train/grad_norm=0.7528  train/lr=5e-05  train/samples_per_sec=303.8
2026-10-05 04:39:31 [   4740] train/loss=0.2183  train/pred_loss=0.03057  train/sigreg_loss=2.085  train/emb_std=0.9795  train/emb_norm=13.52  train/pred_vs_static=0.05053  train/grad_norm=0.7726  train/lr=5e-05  train/samples_per_sec=303.6
2026-10-05 04:39:39 [   4760] train/loss=0.2172  train/pred_loss=0.03106  train/sigreg_loss=2.069  train/emb_std=0.9803  train/emb_norm=13.54  train/pred_vs_static=0.05075  train/grad_norm=0.7822  train/lr=5e-05  train/samples_per_sec=303.7
2026-10-05 04:39:47 [   4780] train/loss=0.2165  train/pred_loss=0.03053  train/sigreg_loss=2.066  train/emb_std=0.9801  train/emb_norm=13.53  train/pred_vs_static=0.05096  train/grad_norm=0.7587  train/lr=5e-05  train/samples_per_sec=303.8
2026-10-05 04:39:56 [   4800] train/loss=0.2144  train/pred_loss=0.03032  train/sigreg_loss=2.045  train/emb_std=0.9818  train/emb_norm=13.56  train/pred_vs_static=0.04919  train/grad_norm=0.7276  train/lr=5e-05  train/samples_per_sec=303.9
2026-10-05 04:40:04 [   4820] train/loss=0.2123  train/pred_loss=0.03048  train/sigreg_loss=2.019  train/emb_std=0.9807  train/emb_norm=13.55  train/pred_vs_static=0.04953  train/grad_norm=0.7693  train/lr=5e-05  train/samples_per_sec=303.9
2026-10-05 04:40:13 [   4840] train/loss=0.2154  train/pred_loss=0.03021  train/sigreg_loss=2.057  train/emb_std=0.9818  train/emb_norm=13.56  train/pred_vs_static=0.0491  train/grad_norm=0.7532  train/lr=5e-05  train/samples_per_sec=304
2026-10-05 04:40:21 [   4860] train/loss=0.2166  train/pred_loss=0.03023  train/sigreg_loss=2.071  train/emb_std=0.9797  train/emb_norm=13.53  train/pred_vs_static=0.04849  train/grad_norm=0.7548  train/lr=5e-05  train/samples_per_sec=304
2026-10-05 04:40:29 [   4880] train/loss=0.2122  train/pred_loss=0.02935  train/sigreg_loss=2.03  train/emb_std=0.9826  train/emb_norm=13.57  train/pred_vs_static=0.04799  train/grad_norm=0.7223  train/lr=5e-05  train/samples_per_sec=304.1
2026-10-05 04:40:38 [   4900] train/loss=0.2135  train/pred_loss=0.03037  train/sigreg_loss=2.036  train/emb_std=0.9814  train/emb_norm=13.56  train/pred_vs_static=0.04917  train/grad_norm=0.7882  train/lr=5e-05  train/samples_per_sec=304.2
2026-10-05 04:40:46 [   4920] train/loss=0.2104  train/pred_loss=0.03049  train/sigreg_loss=1.999  train/emb_std=0.9809  train/emb_norm=13.55  train/pred_vs_static=0.04902  train/grad_norm=0.7826  train/lr=5e-05  train/samples_per_sec=304.2
2026-10-05 04:40:54 [   4940] train/loss=0.212  train/pred_loss=0.02979  train/sigreg_loss=2.024  train/emb_std=0.9803  train/emb_norm=13.54  train/pred_vs_static=0.04913  train/grad_norm=0.7412  train/lr=5e-05  train/samples_per_sec=304.3
2026-10-05 04:41:03 [   4960] train/loss=0.2129  train/pred_loss=0.0292  train/sigreg_loss=2.042  train/emb_std=0.9803  train/emb_norm=13.54  train/pred_vs_static=0.04745  train/grad_norm=0.7576  train/lr=5e-05  train/samples_per_sec=304.3
2026-10-05 04:41:11 [   4980] train/loss=0.2137  train/pred_loss=0.02957  train/sigreg_loss=2.046  train/emb_std=0.9826  train/emb_norm=13.57  train/pred_vs_static=0.04835  train/grad_norm=0.756  train/lr=5e-05  train/samples_per_sec=304.2
2026-10-05 04:41:20 [   5000] train/loss=0.2115  train/pred_loss=0.02972  train/sigreg_loss=2.02  train/emb_std=0.9805  train/emb_norm=13.55  train/pred_vs_static=0.0485  train/grad_norm=0.7832  train/lr=5e-05  train/samples_per_sec=304.1
2026-10-05 04:41:28 [   5020] train/loss=0.2117  train/pred_loss=0.02916  train/sigreg_loss=2.028  train/emb_std=0.9826  train/emb_norm=13.57  train/pred_vs_static=0.04737  train/grad_norm=0.7327  train/lr=5e-05  train/samples_per_sec=304.1
2026-10-05 04:41:37 [   5040] train/loss=0.2137  train/pred_loss=0.02911  train/sigreg_loss=2.049  train/emb_std=0.9801  train/emb_norm=13.53  train/pred_vs_static=0.04666  train/grad_norm=0.7253  train/lr=5e-05  train/samples_per_sec=304.1
2026-10-05 04:41:45 [   5060] train/loss=0.2144  train/pred_loss=0.0304  train/sigreg_loss=2.043  train/emb_std=0.9799  train/emb_norm=13.53  train/pred_vs_static=0.04826  train/grad_norm=0.7425  train/lr=5e-05  train/samples_per_sec=304.1
2026-10-05 04:41:53 [   5080] train/loss=0.2064  train/pred_loss=0.02875  train/sigreg_loss=1.973  train/emb_std=0.9811  train/emb_norm=13.56  train/pred_vs_static=0.04697  train/grad_norm=0.6968  train/lr=5e-05  train/samples_per_sec=304.1
2026-10-05 04:42:02 [   5100] train/loss=0.2099  train/pred_loss=0.02875  train/sigreg_loss=2.011  train/emb_std=0.9816  train/emb_norm=13.55  train/pred_vs_static=0.04639  train/grad_norm=0.7432  train/lr=5e-05  train/samples_per_sec=304.2
2026-10-05 04:42:10 [   5120] train/loss=0.2055  train/pred_loss=0.02886  train/sigreg_loss=1.964  train/emb_std=0.9824  train/emb_norm=13.57  train/pred_vs_static=0.04642  train/grad_norm=0.7121  train/lr=5e-05  train/samples_per_sec=304.2
2026-10-05 04:42:18 [   5140] train/loss=0.2091  train/pred_loss=0.02854  train/sigreg_loss=2.005  train/emb_std=0.9807  train/emb_norm=13.55  train/pred_vs_static=0.04611  train/grad_norm=0.6976  train/lr=5e-05  train/samples_per_sec=304.3
2026-10-05 04:42:27 [   5160] train/loss=0.2064  train/pred_loss=0.0288  train/sigreg_loss=1.974  train/emb_std=0.9822  train/emb_norm=13.56  train/pred_vs_static=0.04616  train/grad_norm=0.7073  train/lr=5e-05  train/samples_per_sec=304.4
2026-10-05 04:42:35 [   5180] train/loss=0.2051  train/pred_loss=0.02813  train/sigreg_loss=1.966  train/emb_std=0.9834  train/emb_norm=13.58  train/pred_vs_static=0.04533  train/grad_norm=0.6762  train/lr=5e-05  train/samples_per_sec=304.3
2026-10-05 04:42:44 [   5200] train/loss=0.2059  train/pred_loss=0.02787  train/sigreg_loss=1.978  train/emb_std=0.9807  train/emb_norm=13.56  train/pred_vs_static=0.04404  train/grad_norm=0.7285  train/lr=5e-05  train/samples_per_sec=304.3
2026-10-05 04:42:52 [   5220] train/loss=0.2083  train/pred_loss=0.02783  train/sigreg_loss=2.006  train/emb_std=0.9809  train/emb_norm=13.55  train/pred_vs_static=0.04526  train/grad_norm=0.7034  train/lr=5e-05  train/samples_per_sec=304.4
2026-10-05 04:43:00 [   5240] train/loss=0.2092  train/pred_loss=0.02847  train/sigreg_loss=2.008  train/emb_std=0.9822  train/emb_norm=13.57  train/pred_vs_static=0.04619  train/grad_norm=0.6997  train/lr=5e-05  train/samples_per_sec=304.4
2026-10-05 04:43:09 [   5260] train/loss=0.209  train/pred_loss=0.02837  train/sigreg_loss=2.008  train/emb_std=0.9803  train/emb_norm=13.54  train/pred_vs_static=0.04567  train/grad_norm=0.7239  train/lr=5e-05  train/samples_per_sec=304.4
2026-10-05 04:43:17 [   5280] train/loss=0.2063  train/pred_loss=0.02801  train/sigreg_loss=1.982  train/emb_std=0.983  train/emb_norm=13.57  train/pred_vs_static=0.04564  train/grad_norm=0.738  train/lr=4.999e-05  train/samples_per_sec=304.5
2026-10-05 04:43:25 [   5300] train/loss=0.2055  train/pred_loss=0.02824  train/sigreg_loss=1.97  train/emb_std=0.9842  train/emb_norm=13.6  train/pred_vs_static=0.045  train/grad_norm=0.7308  train/lr=4.999e-05  train/samples_per_sec=304.5
2026-10-05 04:43:34 [   5320] train/loss=0.2057  train/pred_loss=0.02813  train/sigreg_loss=1.973  train/emb_std=0.9818  train/emb_norm=13.56  train/pred_vs_static=0.04495  train/grad_norm=0.7613  train/lr=4.999e-05  train/samples_per_sec=304.5
2026-10-05 04:43:42 [   5340] train/loss=0.2039  train/pred_loss=0.02788  train/sigreg_loss=1.955  train/emb_std=0.9816  train/emb_norm=13.56  train/pred_vs_static=0.04459  train/grad_norm=0.7121  train/lr=4.999e-05  train/samples_per_sec=304.5
2026-10-05 04:43:50 [   5360] train/loss=0.2046  train/pred_loss=0.02804  train/sigreg_loss=1.961  train/emb_std=0.9812  train/emb_norm=13.57  train/pred_vs_static=0.04491  train/grad_norm=0.7026  train/lr=4.999e-05  train/samples_per_sec=304.6
2026-10-05 04:43:59 [   5380] train/loss=0.2032  train/pred_loss=0.02801  train/sigreg_loss=1.947  train/emb_std=0.983  train/emb_norm=13.58  train/pred_vs_static=0.0444  train/grad_norm=0.6738  train/lr=4.999e-05  train/samples_per_sec=304.6
2026-10-05 04:44:07 [   5400] train/loss=0.2071  train/pred_loss=0.02804  train/sigreg_loss=1.987  train/emb_std=0.9809  train/emb_norm=13.55  train/pred_vs_static=0.04502  train/grad_norm=0.7092  train/lr=4.999e-05  train/samples_per_sec=304.6
2026-10-05 04:44:15 [   5420] train/loss=0.2071  train/pred_loss=0.02856  train/sigreg_loss=1.983  train/emb_std=0.983  train/emb_norm=13.58  train/pred_vs_static=0.0448  train/grad_norm=0.6869  train/lr=4.999e-05  train/samples_per_sec=304.7
2026-10-05 04:44:24 [   5440] train/loss=0.2074  train/pred_loss=0.0281  train/sigreg_loss=1.993  train/emb_std=0.9816  train/emb_norm=13.56  train/pred_vs_static=0.04529  train/grad_norm=0.7229  train/lr=4.999e-05  train/samples_per_sec=304.7
2026-10-05 04:44:32 [   5460] train/loss=0.205  train/pred_loss=0.02847  train/sigreg_loss=1.96  train/emb_std=0.9809  train/emb_norm=13.54  train/pred_vs_static=0.04544  train/grad_norm=0.7024  train/lr=4.999e-05  train/samples_per_sec=304.7
2026-10-05 04:44:41 [   5480] train/loss=0.2011  train/pred_loss=0.02785  train/sigreg_loss=1.925  train/emb_std=0.9824  train/emb_norm=13.58  train/pred_vs_static=0.04399  train/grad_norm=0.6747  train/lr=4.999e-05  train/samples_per_sec=304.7
2026-10-05 04:44:49 [   5500] train/loss=0.2042  train/pred_loss=0.0285  train/sigreg_loss=1.951  train/emb_std=0.9811  train/emb_norm=13.56  train/pred_vs_static=0.04498  train/grad_norm=0.6614  train/lr=4.999e-05  train/samples_per_sec=304.7
2026-10-05 04:44:57 [   5520] train/loss=0.2036  train/pred_loss=0.0277  train/sigreg_loss=1.954  train/emb_std=0.9814  train/emb_norm=13.56  train/pred_vs_static=0.04444  train/grad_norm=0.7059  train/lr=4.999e-05  train/samples_per_sec=304.7
2026-10-05 04:45:06 [   5540] train/loss=0.2015  train/pred_loss=0.02777  train/sigreg_loss=1.931  train/emb_std=0.9807  train/emb_norm=13.56  train/pred_vs_static=0.04378  train/grad_norm=0.6856  train/lr=4.999e-05  train/samples_per_sec=304.7
2026-10-05 04:45:14 [   5560] train/loss=0.1996  train/pred_loss=0.0272  train/sigreg_loss=1.916  train/emb_std=0.9809  train/emb_norm=13.56  train/pred_vs_static=0.04451  train/grad_norm=0.68  train/lr=4.999e-05  train/samples_per_sec=304.6
2026-10-05 04:45:23 [   5580] train/loss=0.1988  train/pred_loss=0.02831  train/sigreg_loss=1.895  train/emb_std=0.983  train/emb_norm=13.58  train/pred_vs_static=0.04486  train/grad_norm=0.6849  train/lr=4.999e-05  train/samples_per_sec=304.7
2026-10-05 04:45:31 [   5600] train/loss=0.2013  train/pred_loss=0.02733  train/sigreg_loss=1.933  train/emb_std=0.9834  train/emb_norm=13.58  train/pred_vs_static=0.04279  train/grad_norm=0.6537  train/lr=4.999e-05  train/samples_per_sec=304.7
2026-10-05 04:45:39 [   5620] train/loss=0.1992  train/pred_loss=0.02671  train/sigreg_loss=1.917  train/emb_std=0.9812  train/emb_norm=13.55  train/pred_vs_static=0.04254  train/grad_norm=0.6524  train/lr=4.999e-05  train/samples_per_sec=304.7
2026-10-05 04:45:48 [   5640] train/loss=0.2  train/pred_loss=0.02672  train/sigreg_loss=1.925  train/emb_std=0.9832  train/emb_norm=13.58  train/pred_vs_static=0.04299  train/grad_norm=0.6936  train/lr=4.999e-05  train/samples_per_sec=304.7
2026-10-05 04:45:56 [   5660] train/loss=0.1984  train/pred_loss=0.02631  train/sigreg_loss=1.911  train/emb_std=0.983  train/emb_norm=13.58  train/pred_vs_static=0.04196  train/grad_norm=0.6869  train/lr=4.999e-05  train/samples_per_sec=304.7
2026-10-05 04:46:05 [   5680] train/loss=0.2006  train/pred_loss=0.02681  train/sigreg_loss=1.932  train/emb_std=0.9844  train/emb_norm=13.6  train/pred_vs_static=0.04305  train/grad_norm=0.6724  train/lr=4.999e-05  train/samples_per_sec=304.7
2026-10-05 04:46:15 [   5700] train/loss=0.1995  train/pred_loss=0.02689  train/sigreg_loss=1.916  train/emb_std=0.9801  train/emb_norm=13.55  train/pred_vs_static=0.04265  train/grad_norm=0.6654  train/lr=4.999e-05  train/samples_per_sec=303.7
2026-10-05 04:46:29 [   5720] train/loss=0.2003  train/pred_loss=0.02696  train/sigreg_loss=1.926  train/emb_std=0.9828  train/emb_norm=13.58  train/pred_vs_static=0.04311  train/grad_norm=0.6772  train/lr=4.999e-05  train/samples_per_sec=301.6
2026-10-05 04:46:43 [   5740] train/loss=0.199  train/pred_loss=0.02729  train/sigreg_loss=1.909  train/emb_std=0.9809  train/emb_norm=13.56  train/pred_vs_static=0.04315  train/grad_norm=0.714  train/lr=4.999e-05  train/samples_per_sec=299.5
2026-10-05 04:46:56 [   5760] train/loss=0.1959  train/pred_loss=0.02735  train/sigreg_loss=1.872  train/emb_std=0.9807  train/emb_norm=13.54  train/pred_vs_static=0.04301  train/grad_norm=0.6965  train/lr=4.999e-05  train/samples_per_sec=297.4
2026-10-05 04:47:06 [   5780] train/loss=0.1969  train/pred_loss=0.02734  train/sigreg_loss=1.884  train/emb_std=0.982  train/emb_norm=13.57  train/pred_vs_static=0.04317  train/grad_norm=0.6508  train/lr=4.999e-05  train/samples_per_sec=296.9
2026-10-05 04:47:15 [   5800] train/loss=0.1996  train/pred_loss=0.02708  train/sigreg_loss=1.916  train/emb_std=0.9812  train/emb_norm=13.56  train/pred_vs_static=0.04288  train/grad_norm=0.6681  train/lr=4.999e-05  train/samples_per_sec=297
2026-10-05 04:47:23 [   5820] train/loss=0.1974  train/pred_loss=0.02684  train/sigreg_loss=1.896  train/emb_std=0.9805  train/emb_norm=13.55  train/pred_vs_static=0.04242  train/grad_norm=0.6857  train/lr=4.999e-05  train/samples_per_sec=297.1
2026-10-05 04:47:31 [   5840] train/loss=0.1998  train/pred_loss=0.02732  train/sigreg_loss=1.917  train/emb_std=0.9814  train/emb_norm=13.56  train/pred_vs_static=0.04309  train/grad_norm=0.6787  train/lr=4.999e-05  train/samples_per_sec=297.3
2026-10-05 04:47:39 [   5860] train/loss=0.1985  train/pred_loss=0.02724  train/sigreg_loss=1.904  train/emb_std=0.9824  train/emb_norm=13.58  train/pred_vs_static=0.04245  train/grad_norm=0.671  train/lr=4.999e-05  train/samples_per_sec=297.4
2026-10-05 04:47:48 [   5880] train/loss=0.1978  train/pred_loss=0.02693  train/sigreg_loss=1.899  train/emb_std=0.9824  train/emb_norm=13.57  train/pred_vs_static=0.04275  train/grad_norm=0.68  train/lr=4.999e-05  train/samples_per_sec=297.5
2026-10-05 04:47:56 [   5900] train/loss=0.1959  train/pred_loss=0.02646  train/sigreg_loss=1.884  train/emb_std=0.982  train/emb_norm=13.58  train/pred_vs_static=0.04244  train/grad_norm=0.6806  train/lr=4.999e-05  train/samples_per_sec=297.6
2026-10-05 04:48:04 [   5920] train/loss=0.1954  train/pred_loss=0.02649  train/sigreg_loss=1.877  train/emb_std=0.9812  train/emb_norm=13.57  train/pred_vs_static=0.04171  train/grad_norm=0.6464  train/lr=4.999e-05  train/samples_per_sec=297.8
2026-10-05 04:48:13 [   5940] train/loss=0.1977  train/pred_loss=0.02691  train/sigreg_loss=1.897  train/emb_std=0.9803  train/emb_norm=13.56  train/pred_vs_static=0.04188  train/grad_norm=0.6858  train/lr=4.999e-05  train/samples_per_sec=297.8
2026-10-05 04:48:21 [   5960] train/loss=0.1962  train/pred_loss=0.02573  train/sigreg_loss=1.895  train/emb_std=0.9814  train/emb_norm=13.57  train/pred_vs_static=0.04015  train/grad_norm=0.6589  train/lr=4.999e-05  train/samples_per_sec=297.9
2026-10-05 04:48:29 [   5980] train/loss=0.1974  train/pred_loss=0.02645  train/sigreg_loss=1.901  train/emb_std=0.9826  train/emb_norm=13.58  train/pred_vs_static=0.04183  train/grad_norm=0.6777  train/lr=4.999e-05  train/samples_per_sec=298
2026-10-05 04:48:38 [   6000] train/loss=0.1979  train/pred_loss=0.02726  train/sigreg_loss=1.896  train/emb_std=0.9828  train/emb_norm=13.58  train/pred_vs_static=0.04242  train/grad_norm=0.6669  train/lr=4.999e-05  train/samples_per_sec=298.1
2026-10-05 04:48:38 [   6000] train_epoch/loss=0.2123  train_epoch/pred_loss=0.02979  train_epoch/sigreg_loss=2.028  train_epoch/emb_std=0.9812  train_epoch/emb_norm=13.55  train_epoch/pred_vs_static=0.04859  train_epoch/grad_norm=0.747  train_epoch/lr=5e-05  train_epoch/epoch=2
2026-10-05 04:49:09 [   6000] val/loss=0.8536  val/pred_loss=0.02113  val/sigreg_loss=9.25  val/emb_std=0.932  val/emb_norm=13.58  val/pred_vs_static=0.03349  val/epoch=2
2026-10-05 04:49:09 epoch   2 | val pred_vs_static 0.03349 | best 0.03349 @ epoch 2 | saved epoch_002.pt
2026-10-05 04:49:23 [   6020] train/loss=0.1992  train/pred_loss=0.02713  train/sigreg_loss=1.912  train/emb_std=0.9807  train/emb_norm=13.55  train/pred_vs_static=0.04254  train/grad_norm=0.6998  train/lr=4.999e-05  train/samples_per_sec=188.3
2026-10-05 04:49:31 [   6040] train/loss=0.1952  train/pred_loss=0.02641  train/sigreg_loss=1.875  train/emb_std=0.9822  train/emb_norm=13.57  train/pred_vs_static=0.0409  train/grad_norm=0.6528  train/lr=4.999e-05  train/samples_per_sec=234.4
2026-10-05 04:49:39 [   6060] train/loss=0.1949  train/pred_loss=0.02611  train/sigreg_loss=1.875  train/emb_std=0.9803  train/emb_norm=13.55  train/pred_vs_static=0.04045  train/grad_norm=0.617  train/lr=4.999e-05  train/samples_per_sec=255.2
2026-10-05 04:49:48 [   6080] train/loss=0.193  train/pred_loss=0.02589  train/sigreg_loss=1.856  train/emb_std=0.982  train/emb_norm=13.56  train/pred_vs_static=0.04067  train/grad_norm=0.6151  train/lr=4.999e-05  train/samples_per_sec=267.1
2026-10-05 04:49:56 [   6100] train/loss=0.1985  train/pred_loss=0.02693  train/sigreg_loss=1.907  train/emb_std=0.9834  train/emb_norm=13.59  train/pred_vs_static=0.04137  train/grad_norm=0.6658  train/lr=4.999e-05  train/samples_per_sec=274.8
2026-10-05 04:50:04 [   6120] train/loss=0.1971  train/pred_loss=0.02751  train/sigreg_loss=1.886  train/emb_std=0.9818  train/emb_norm=13.57  train/pred_vs_static=0.04224  train/grad_norm=0.6665  train/lr=4.999e-05  train/samples_per_sec=280.1
2026-10-05 04:50:12 [   6140] train/loss=0.1947  train/pred_loss=0.0269  train/sigreg_loss=1.865  train/emb_std=0.9836  train/emb_norm=13.6  train/pred_vs_static=0.04179  train/grad_norm=0.6481  train/lr=4.999e-05  train/samples_per_sec=284
2026-10-05 04:50:21 [   6160] train/loss=0.1946  train/pred_loss=0.02684  train/sigreg_loss=1.864  train/emb_std=0.9836  train/emb_norm=13.59  train/pred_vs_static=0.04077  train/grad_norm=0.6728  train/lr=4.999e-05  train/samples_per_sec=287
2026-10-05 04:50:29 [   6180] train/loss=0.1944  train/pred_loss=0.02669  train/sigreg_loss=1.864  train/emb_std=0.9807  train/emb_norm=13.55  train/pred_vs_static=0.04156  train/grad_norm=0.7127  train/lr=4.999e-05  train/samples_per_sec=289.4
2026-10-05 04:50:37 [   6200] train/loss=0.1967  train/pred_loss=0.02668  train/sigreg_loss=1.888  train/emb_std=0.9814  train/emb_norm=13.56  train/pred_vs_static=0.04084  train/grad_norm=0.6647  train/lr=4.998e-05  train/samples_per_sec=291.3
2026-10-05 04:50:45 [   6220] train/loss=0.1936  train/pred_loss=0.02663  train/sigreg_loss=1.855  train/emb_std=0.9816  train/emb_norm=13.56  train/pred_vs_static=0.04115  train/grad_norm=0.6369  train/lr=4.998e-05  train/samples_per_sec=292.9
2026-10-05 04:50:54 [   6240] train/loss=0.1919  train/pred_loss=0.02655  train/sigreg_loss=1.838  train/emb_std=0.984  train/emb_norm=13.58  train/pred_vs_static=0.04085  train/grad_norm=0.6401  train/lr=4.998e-05  train/samples_per_sec=294.2
2026-10-05 04:51:02 [   6260] train/loss=0.1954  train/pred_loss=0.02649  train/sigreg_loss=1.877  train/emb_std=0.9838  train/emb_norm=13.58  train/pred_vs_static=0.04028  train/grad_norm=0.6572  train/lr=4.998e-05  train/samples_per_sec=295.3
2026-10-05 04:51:10 [   6280] train/loss=0.1937  train/pred_loss=0.02629  train/sigreg_loss=1.86  train/emb_std=0.9826  train/emb_norm=13.57  train/pred_vs_static=0.0405  train/grad_norm=0.6644  train/lr=4.998e-05  train/samples_per_sec=296.3
2026-10-05 04:51:18 [   6300] train/loss=0.1966  train/pred_loss=0.02649  train/sigreg_loss=1.889  train/emb_std=0.9848  train/emb_norm=13.6  train/pred_vs_static=0.04052  train/grad_norm=0.6775  train/lr=4.998e-05  train/samples_per_sec=297
2026-10-05 04:51:27 [   6320] train/loss=0.1917  train/pred_loss=0.02637  train/sigreg_loss=1.837  train/emb_std=0.984  train/emb_norm=13.58  train/pred_vs_static=0.04051  train/grad_norm=0.662  train/lr=4.998e-05  train/samples_per_sec=297.7
2026-10-05 04:51:35 [   6340] train/loss=0.1953  train/pred_loss=0.02645  train/sigreg_loss=1.876  train/emb_std=0.9828  train/emb_norm=13.57  train/pred_vs_static=0.04014  train/grad_norm=0.6538  train/lr=4.998e-05  train/samples_per_sec=298.4
2026-10-05 04:51:43 [   6360] train/loss=0.1933  train/pred_loss=0.02619  train/sigreg_loss=1.857  train/emb_std=0.9836  train/emb_norm=13.58  train/pred_vs_static=0.03956  train/grad_norm=0.618  train/lr=4.998e-05  train/samples_per_sec=299
2026-10-05 04:51:52 [   6380] train/loss=0.1891  train/pred_loss=0.02522  train/sigreg_loss=1.82  train/emb_std=0.9828  train/emb_norm=13.57  train/pred_vs_static=0.03837  train/grad_norm=0.6039  train/lr=4.998e-05  train/samples_per_sec=299.5
2026-10-05 04:52:00 [   6400] train/loss=0.1892  train/pred_loss=0.02473  train/sigreg_loss=1.827  train/emb_std=0.9832  train/emb_norm=13.59  train/pred_vs_static=0.03914  train/grad_norm=0.6641  train/lr=4.998e-05  train/samples_per_sec=300
2026-10-05 04:52:08 [   6420] train/loss=0.1925  train/pred_loss=0.02566  train/sigreg_loss=1.854  train/emb_std=0.9828  train/emb_norm=13.58  train/pred_vs_static=0.03994  train/grad_norm=0.6535  train/lr=4.998e-05  train/samples_per_sec=300.5
2026-10-05 04:52:16 [   6440] train/loss=0.1919  train/pred_loss=0.02601  train/sigreg_loss=1.843  train/emb_std=0.9844  train/emb_norm=13.59  train/pred_vs_static=0.03937  train/grad_norm=0.6481  train/lr=4.998e-05  train/samples_per_sec=300.9
2026-10-05 04:52:25 [   6460] train/loss=0.1891  train/pred_loss=0.02493  train/sigreg_loss=1.825  train/emb_std=0.9838  train/emb_norm=13.58  train/pred_vs_static=0.03845  train/grad_norm=0.6111  train/lr=4.998e-05  train/samples_per_sec=301.3
2026-10-05 04:52:33 [   6480] train/loss=0.1904  train/pred_loss=0.02593  train/sigreg_loss=1.828  train/emb_std=0.9836  train/emb_norm=13.58  train/pred_vs_static=0.04069  train/grad_norm=0.6574  train/lr=4.998e-05  train/samples_per_sec=301.6
2026-10-05 04:52:41 [   6500] train/loss=0.1911  train/pred_loss=0.02528  train/sigreg_loss=1.843  train/emb_std=0.985  train/emb_norm=13.6  train/pred_vs_static=0.03821  train/grad_norm=0.6204  train/lr=4.998e-05  train/samples_per_sec=301.9
2026-10-05 04:52:49 [   6520] train/loss=0.1935  train/pred_loss=0.02574  train/sigreg_loss=1.863  train/emb_std=0.983  train/emb_norm=13.57  train/pred_vs_static=0.03909  train/grad_norm=0.6389  train/lr=4.998e-05  train/samples_per_sec=302.2
2026-10-05 04:52:58 [   6540] train/loss=0.1905  train/pred_loss=0.02575  train/sigreg_loss=1.831  train/emb_std=0.9812  train/emb_norm=13.56  train/pred_vs_static=0.03935  train/grad_norm=0.6393  train/lr=4.998e-05  train/samples_per_sec=302.5
2026-10-05 04:53:06 [   6560] train/loss=0.1908  train/pred_loss=0.02556  train/sigreg_loss=1.837  train/emb_std=0.9824  train/emb_norm=13.57  train/pred_vs_static=0.03835  train/grad_norm=0.6333  train/lr=4.998e-05  train/samples_per_sec=302.8
2026-10-05 04:53:14 [   6580] train/loss=0.1914  train/pred_loss=0.02458  train/sigreg_loss=1.854  train/emb_std=0.9836  train/emb_norm=13.59  train/pred_vs_static=0.03743  train/grad_norm=0.6182  train/lr=4.998e-05  train/samples_per_sec=303
2026-10-05 04:53:23 [   6600] train/loss=0.1893  train/pred_loss=0.02574  train/sigreg_loss=1.818  train/emb_std=0.983  train/emb_norm=13.58  train/pred_vs_static=0.03888  train/grad_norm=0.6225  train/lr=4.998e-05  train/samples_per_sec=303
2026-10-05 04:53:31 [   6620] train/loss=0.1896  train/pred_loss=0.02568  train/sigreg_loss=1.822  train/emb_std=0.9838  train/emb_norm=13.59  train/pred_vs_static=0.03898  train/grad_norm=0.6133  train/lr=4.998e-05  train/samples_per_sec=303.2
2026-10-05 04:53:39 [   6640] train/loss=0.1912  train/pred_loss=0.02536  train/sigreg_loss=1.842  train/emb_std=0.9824  train/emb_norm=13.58  train/pred_vs_static=0.03875  train/grad_norm=0.6445  train/lr=4.998e-05  train/samples_per_sec=303.5
2026-10-05 04:53:47 [   6660] train/loss=0.188  train/pred_loss=0.02518  train/sigreg_loss=1.809  train/emb_std=0.9834  train/emb_norm=13.58  train/pred_vs_static=0.03746  train/grad_norm=0.6049  train/lr=4.998e-05  train/samples_per_sec=303.6
2026-10-05 04:53:56 [   6680] train/loss=0.1891  train/pred_loss=0.02611  train/sigreg_loss=1.811  train/emb_std=0.9816  train/emb_norm=13.56  train/pred_vs_static=0.0396  train/grad_norm=0.6282  train/lr=4.998e-05  train/samples_per_sec=303.8
2026-10-05 04:54:04 [   6700] train/loss=0.1911  train/pred_loss=0.02526  train/sigreg_loss=1.842  train/emb_std=0.983  train/emb_norm=13.59  train/pred_vs_static=0.03902  train/grad_norm=0.6334  train/lr=4.998e-05  train/samples_per_sec=303.9
2026-10-05 04:54:13 [   6720] train/loss=0.1871  train/pred_loss=0.02477  train/sigreg_loss=1.804  train/emb_std=0.9828  train/emb_norm=13.58  train/pred_vs_static=0.03793  train/grad_norm=0.6047  train/lr=4.998e-05  train/samples_per_sec=303.8
2026-10-05 04:54:21 [   6740] train/loss=0.1882  train/pred_loss=0.02505  train/sigreg_loss=1.813  train/emb_std=0.9832  train/emb_norm=13.58  train/pred_vs_static=0.03757  train/grad_norm=0.6003  train/lr=4.998e-05  train/samples_per_sec=303.8
2026-10-05 04:54:29 [   6760] train/loss=0.1868  train/pred_loss=0.0252  train/sigreg_loss=1.795  train/emb_std=0.9812  train/emb_norm=13.56  train/pred_vs_static=0.03876  train/grad_norm=0.6367  train/lr=4.998e-05  train/samples_per_sec=303.9
2026-10-05 04:54:38 [   6780] train/loss=0.1855  train/pred_loss=0.02508  train/sigreg_loss=1.783  train/emb_std=0.9836  train/emb_norm=13.59  train/pred_vs_static=0.03806  train/grad_norm=0.5974  train/lr=4.998e-05  train/samples_per_sec=303.9
2026-10-05 04:54:46 [   6800] train/loss=0.1882  train/pred_loss=0.02484  train/sigreg_loss=1.815  train/emb_std=0.9832  train/emb_norm=13.58  train/pred_vs_static=0.03752  train/grad_norm=0.6033  train/lr=4.998e-05  train/samples_per_sec=303.9
2026-10-05 04:54:54 [   6820] train/loss=0.1844  train/pred_loss=0.02418  train/sigreg_loss=1.781  train/emb_std=0.9818  train/emb_norm=13.57  train/pred_vs_static=0.03695  train/grad_norm=0.6202  train/lr=4.997e-05  train/samples_per_sec=304
2026-10-05 04:55:03 [   6840] train/loss=0.1884  train/pred_loss=0.02525  train/sigreg_loss=1.813  train/emb_std=0.9826  train/emb_norm=13.57  train/pred_vs_static=0.03756  train/grad_norm=0.6187  train/lr=4.997e-05  train/samples_per_sec=304.2
2026-10-05 04:55:11 [   6860] train/loss=0.1868  train/pred_loss=0.02486  train/sigreg_loss=1.8  train/emb_std=0.983  train/emb_norm=13.58  train/pred_vs_static=0.0372  train/grad_norm=0.608  train/lr=4.997e-05  train/samples_per_sec=304.2
2026-10-05 04:55:19 [   6880] train/loss=0.1885  train/pred_loss=0.0256  train/sigreg_loss=1.809  train/emb_std=0.9842  train/emb_norm=13.6  train/pred_vs_static=0.03805  train/grad_norm=0.629  train/lr=4.997e-05  train/samples_per_sec=304.2
2026-10-05 04:55:28 [   6900] train/loss=0.1868  train/pred_loss=0.02495  train/sigreg_loss=1.798  train/emb_std=0.9824  train/emb_norm=13.57  train/pred_vs_static=0.03796  train/grad_norm=0.6358  train/lr=4.997e-05  train/samples_per_sec=304.3
2026-10-05 04:55:36 [   6920] train/loss=0.1894  train/pred_loss=0.02604  train/sigreg_loss=1.814  train/emb_std=0.9834  train/emb_norm=13.58  train/pred_vs_static=0.03959  train/grad_norm=0.6109  train/lr=4.997e-05  train/samples_per_sec=304.2
2026-10-05 04:55:45 [   6940] train/loss=0.1824  train/pred_loss=0.0251  train/sigreg_loss=1.749  train/emb_std=0.9832  train/emb_norm=13.59  train/pred_vs_static=0.03797  train/grad_norm=0.6126  train/lr=4.997e-05  train/samples_per_sec=304.3
2026-10-05 04:55:53 [   6960] train/loss=0.1868  train/pred_loss=0.02449  train/sigreg_loss=1.802  train/emb_std=0.9824  train/emb_norm=13.58  train/pred_vs_static=0.03731  train/grad_norm=0.6213  train/lr=4.997e-05  train/samples_per_sec=304.3
2026-10-05 04:56:01 [   6980] train/loss=0.1878  train/pred_loss=0.0249  train/sigreg_loss=1.811  train/emb_std=0.9832  train/emb_norm=13.59  train/pred_vs_static=0.03714  train/grad_norm=0.6184  train/lr=4.997e-05  train/samples_per_sec=304.3
2026-10-05 04:56:10 [   7000] train/loss=0.1836  train/pred_loss=0.02449  train/sigreg_loss=1.769  train/emb_std=0.9818  train/emb_norm=13.56  train/pred_vs_static=0.03634  train/grad_norm=0.6164  train/lr=4.997e-05  train/samples_per_sec=304.4
2026-10-05 04:56:18 [   7020] train/loss=0.1843  train/pred_loss=0.02401  train/sigreg_loss=1.78  train/emb_std=0.9826  train/emb_norm=13.59  train/pred_vs_static=0.03652  train/grad_norm=0.5914  train/lr=4.997e-05  train/samples_per_sec=304.3
2026-10-05 04:56:27 [   7040] train/loss=0.1857  train/pred_loss=0.02487  train/sigreg_loss=1.787  train/emb_std=0.9838  train/emb_norm=13.59  train/pred_vs_static=0.0375  train/grad_norm=0.6075  train/lr=4.997e-05  train/samples_per_sec=304.3
2026-10-05 04:56:35 [   7060] train/loss=0.1856  train/pred_loss=0.02517  train/sigreg_loss=1.782  train/emb_std=0.983  train/emb_norm=13.58  train/pred_vs_static=0.03789  train/grad_norm=0.599  train/lr=4.997e-05  train/samples_per_sec=304.2
2026-10-05 04:56:44 [   7080] train/loss=0.1854  train/pred_loss=0.02445  train/sigreg_loss=1.789  train/emb_std=0.9826  train/emb_norm=13.58  train/pred_vs_static=0.03746  train/grad_norm=0.618  train/lr=4.997e-05  train/samples_per_sec=304.2
2026-10-05 04:56:52 [   7100] train/loss=0.1821  train/pred_loss=0.02381  train/sigreg_loss=1.76  train/emb_std=0.984  train/emb_norm=13.59  train/pred_vs_static=0.03632  train/grad_norm=0.6102  train/lr=4.997e-05  train/samples_per_sec=304.2
2026-10-05 04:57:01 [   7120] train/loss=0.1867  train/pred_loss=0.02555  train/sigreg_loss=1.79  train/emb_std=0.9838  train/emb_norm=13.59  train/pred_vs_static=0.03754  train/grad_norm=0.5973  train/lr=4.997e-05  train/samples_per_sec=304.2
2026-10-05 04:57:09 [   7140] train/loss=0.1863  train/pred_loss=0.02544  train/sigreg_loss=1.788  train/emb_std=0.9854  train/emb_norm=13.6  train/pred_vs_static=0.03772  train/grad_norm=0.643  train/lr=4.997e-05  train/samples_per_sec=304.1
2026-10-05 04:57:17 [   7160] train/loss=0.1836  train/pred_loss=0.02412  train/sigreg_loss=1.773  train/emb_std=0.9846  train/emb_norm=13.6  train/pred_vs_static=0.03726  train/grad_norm=0.5995  train/lr=4.997e-05  train/samples_per_sec=304.1
2026-10-05 04:57:26 [   7180] train/loss=0.1841  train/pred_loss=0.0251  train/sigreg_loss=1.766  train/emb_std=0.9824  train/emb_norm=13.58  train/pred_vs_static=0.03762  train/grad_norm=0.59  train/lr=4.997e-05  train/samples_per_sec=304
2026-10-05 04:57:35 [   7200] train/loss=0.1835  train/pred_loss=0.02431  train/sigreg_loss=1.769  train/emb_std=0.9834  train/emb_norm=13.59  train/pred_vs_static=0.03672  train/grad_norm=0.5882  train/lr=4.997e-05  train/samples_per_sec=303.8
2026-10-05 04:57:43 [   7220] train/loss=0.1849  train/pred_loss=0.02479  train/sigreg_loss=1.779  train/emb_std=0.9832  train/emb_norm=13.58  train/pred_vs_static=0.03778  train/grad_norm=0.6267  train/lr=4.997e-05  train/samples_per_sec=303.8
2026-10-05 04:57:52 [   7240] train/loss=0.1813  train/pred_loss=0.02471  train/sigreg_loss=1.739  train/emb_std=0.9834  train/emb_norm=13.59  train/pred_vs_static=0.03743  train/grad_norm=0.6573  train/lr=4.997e-05  train/samples_per_sec=303.8
2026-10-05 04:58:00 [   7260] train/loss=0.1817  train/pred_loss=0.02468  train/sigreg_loss=1.743  train/emb_std=0.9834  train/emb_norm=13.6  train/pred_vs_static=0.03775  train/grad_norm=0.6059  train/lr=4.997e-05  train/samples_per_sec=303.7
2026-10-05 04:58:09 [   7280] train/loss=0.1821  train/pred_loss=0.02395  train/sigreg_loss=1.757  train/emb_std=0.984  train/emb_norm=13.6  train/pred_vs_static=0.03648  train/grad_norm=0.5651  train/lr=4.997e-05  train/samples_per_sec=303.7
2026-10-05 04:58:17 [   7300] train/loss=0.1826  train/pred_loss=0.02399  train/sigreg_loss=1.762  train/emb_std=0.9822  train/emb_norm=13.57  train/pred_vs_static=0.03654  train/grad_norm=0.5913  train/lr=4.997e-05  train/samples_per_sec=303.6
2026-10-05 04:58:26 [   7320] train/loss=0.1809  train/pred_loss=0.02448  train/sigreg_loss=1.738  train/emb_std=0.9838  train/emb_norm=13.59  train/pred_vs_static=0.03621  train/grad_norm=0.5794  train/lr=4.997e-05  train/samples_per_sec=303.6
2026-10-05 04:58:34 [   7340] train/loss=0.1812  train/pred_loss=0.02371  train/sigreg_loss=1.75  train/emb_std=0.9828  train/emb_norm=13.58  train/pred_vs_static=0.03525  train/grad_norm=0.585  train/lr=4.996e-05  train/samples_per_sec=303.5
2026-10-05 04:58:43 [   7360] train/loss=0.1823  train/pred_loss=0.02449  train/sigreg_loss=1.754  train/emb_std=0.9834  train/emb_norm=13.59  train/pred_vs_static=0.03581  train/grad_norm=0.5702  train/lr=4.996e-05  train/samples_per_sec=303.5
2026-10-05 04:58:51 [   7380] train/loss=0.183  train/pred_loss=0.02378  train/sigreg_loss=1.77  train/emb_std=0.9838  train/emb_norm=13.59  train/pred_vs_static=0.03603  train/grad_norm=0.5919  train/lr=4.996e-05  train/samples_per_sec=303.5
2026-10-05 04:59:00 [   7400] train/loss=0.1818  train/pred_loss=0.02453  train/sigreg_loss=1.747  train/emb_std=0.9816  train/emb_norm=13.56  train/pred_vs_static=0.0372  train/grad_norm=0.609  train/lr=4.996e-05  train/samples_per_sec=303.5
2026-10-05 04:59:08 [   7420] train/loss=0.1822  train/pred_loss=0.02497  train/sigreg_loss=1.747  train/emb_std=0.9846  train/emb_norm=13.6  train/pred_vs_static=0.03749  train/grad_norm=0.5841  train/lr=4.996e-05  train/samples_per_sec=303.5
2026-10-05 04:59:16 [   7440] train/loss=0.1822  train/pred_loss=0.02418  train/sigreg_loss=1.756  train/emb_std=0.9832  train/emb_norm=13.59  train/pred_vs_static=0.03651  train/grad_norm=0.5853  train/lr=4.996e-05  train/samples_per_sec=303.5
2026-10-05 04:59:25 [   7460] train/loss=0.181  train/pred_loss=0.02451  train/sigreg_loss=1.738  train/emb_std=0.9857  train/emb_norm=13.61  train/pred_vs_static=0.03609  train/grad_norm=0.5822  train/lr=4.996e-05  train/samples_per_sec=303.5
2026-10-05 04:59:34 [   7480] train/loss=0.1807  train/pred_loss=0.0239  train/sigreg_loss=1.742  train/emb_std=0.9854  train/emb_norm=13.61  train/pred_vs_static=0.03592  train/grad_norm=0.5979  train/lr=4.996e-05  train/samples_per_sec=303.4
2026-10-05 04:59:42 [   7500] train/loss=0.1821  train/pred_loss=0.02378  train/sigreg_loss=1.759  train/emb_std=0.985  train/emb_norm=13.61  train/pred_vs_static=0.03618  train/grad_norm=0.6001  train/lr=4.996e-05  train/samples_per_sec=303.4
2026-10-05 04:59:50 [   7520] train/loss=0.1788  train/pred_loss=0.02364  train/sigreg_loss=1.723  train/emb_std=0.9842  train/emb_norm=13.59  train/pred_vs_static=0.0352  train/grad_norm=0.604  train/lr=4.996e-05  train/samples_per_sec=303.4
2026-10-05 04:59:59 [   7540] train/loss=0.1812  train/pred_loss=0.02423  train/sigreg_loss=1.743  train/emb_std=0.9838  train/emb_norm=13.59  train/pred_vs_static=0.03566  train/grad_norm=0.604  train/lr=4.996e-05  train/samples_per_sec=303.4
2026-10-05 05:00:07 [   7560] train/loss=0.1789  train/pred_loss=0.02428  train/sigreg_loss=1.718  train/emb_std=0.9844  train/emb_norm=13.59  train/pred_vs_static=0.03557  train/grad_norm=0.5929  train/lr=4.996e-05  train/samples_per_sec=303.4
2026-10-05 05:00:16 [   7580] train/loss=0.1802  train/pred_loss=0.0237  train/sigreg_loss=1.741  train/emb_std=0.9834  train/emb_norm=13.59  train/pred_vs_static=0.0355  train/grad_norm=0.5686  train/lr=4.996e-05  train/samples_per_sec=303.3
2026-10-05 05:00:24 [   7600] train/loss=0.1774  train/pred_loss=0.02309  train/sigreg_loss=1.714  train/emb_std=0.9832  train/emb_norm=13.59  train/pred_vs_static=0.03482  train/grad_norm=0.5848  train/lr=4.996e-05  train/samples_per_sec=303.3
2026-10-05 05:00:33 [   7620] train/loss=0.1785  train/pred_loss=0.02347  train/sigreg_loss=1.725  train/emb_std=0.9828  train/emb_norm=13.58  train/pred_vs_static=0.03543  train/grad_norm=0.5801  train/lr=4.996e-05  train/samples_per_sec=303.3
2026-10-05 05:00:41 [   7640] train/loss=0.1831  train/pred_loss=0.02429  train/sigreg_loss=1.765  train/emb_std=0.9824  train/emb_norm=13.57  train/pred_vs_static=0.03532  train/grad_norm=0.6117  train/lr=4.996e-05  train/samples_per_sec=303.3
2026-10-05 05:00:50 [   7660] train/loss=0.1798  train/pred_loss=0.02426  train/sigreg_loss=1.728  train/emb_std=0.9859  train/emb_norm=13.61  train/pred_vs_static=0.03557  train/grad_norm=0.5992  train/lr=4.996e-05  train/samples_per_sec=303.2
2026-10-05 05:00:59 [   7680] train/loss=0.1771  train/pred_loss=0.02342  train/sigreg_loss=1.71  train/emb_std=0.982  train/emb_norm=13.58  train/pred_vs_static=0.03508  train/grad_norm=0.569  train/lr=4.996e-05  train/samples_per_sec=303.2
2026-10-05 05:01:07 [   7700] train/loss=0.1789  train/pred_loss=0.02433  train/sigreg_loss=1.717  train/emb_std=0.9836  train/emb_norm=13.59  train/pred_vs_static=0.0353  train/grad_norm=0.5879  train/lr=4.996e-05  train/samples_per_sec=303.1
2026-10-05 05:01:16 [   7720] train/loss=0.1774  train/pred_loss=0.02341  train/sigreg_loss=1.71  train/emb_std=0.985  train/emb_norm=13.61  train/pred_vs_static=0.03533  train/grad_norm=0.5539  train/lr=4.996e-05  train/samples_per_sec=303
2026-10-05 05:01:24 [   7740] train/loss=0.179  train/pred_loss=0.02346  train/sigreg_loss=1.729  train/emb_std=0.9834  train/emb_norm=13.59  train/pred_vs_static=0.03478  train/grad_norm=0.5812  train/lr=4.996e-05  train/samples_per_sec=303
2026-10-05 05:01:33 [   7760] train/loss=0.1776  train/pred_loss=0.02326  train/sigreg_loss=1.714  train/emb_std=0.9826  train/emb_norm=13.58  train/pred_vs_static=0.03491  train/grad_norm=0.6044  train/lr=4.996e-05  train/samples_per_sec=303
2026-10-05 05:01:41 [   7780] train/loss=0.1803  train/pred_loss=0.02387  train/sigreg_loss=1.737  train/emb_std=0.984  train/emb_norm=13.61  train/pred_vs_static=0.0352  train/grad_norm=0.58  train/lr=4.995e-05  train/samples_per_sec=302.9
2026-10-05 05:01:50 [   7800] train/loss=0.1782  train/pred_loss=0.02381  train/sigreg_loss=1.715  train/emb_std=0.983  train/emb_norm=13.58  train/pred_vs_static=0.03508  train/grad_norm=0.5759  train/lr=4.995e-05  train/samples_per_sec=303
2026-10-05 05:01:58 [   7820] train/loss=0.1783  train/pred_loss=0.02317  train/sigreg_loss=1.723  train/emb_std=0.9836  train/emb_norm=13.59  train/pred_vs_static=0.03423  train/grad_norm=0.5657  train/lr=4.995e-05  train/samples_per_sec=303
2026-10-05 05:02:07 [   7840] train/loss=0.1803  train/pred_loss=0.02357  train/sigreg_loss=1.743  train/emb_std=0.9826  train/emb_norm=13.58  train/pred_vs_static=0.03512  train/grad_norm=0.5767  train/lr=4.995e-05  train/samples_per_sec=303
2026-10-05 05:02:15 [   7860] train/loss=0.179  train/pred_loss=0.02374  train/sigreg_loss=1.725  train/emb_std=0.9824  train/emb_norm=13.58  train/pred_vs_static=0.03586  train/grad_norm=0.5979  train/lr=4.995e-05  train/samples_per_sec=302.9
2026-10-05 05:02:24 [   7880] train/loss=0.179  train/pred_loss=0.0242  train/sigreg_loss=1.72  train/emb_std=0.983  train/emb_norm=13.59  train/pred_vs_static=0.0352  train/grad_norm=0.6001  train/lr=4.995e-05  train/samples_per_sec=302.9
2026-10-05 05:02:32 [   7900] train/loss=0.1768  train/pred_loss=0.02314  train/sigreg_loss=1.707  train/emb_std=0.9836  train/emb_norm=13.59  train/pred_vs_static=0.03501  train/grad_norm=0.5685  train/lr=4.995e-05  train/samples_per_sec=302.8
2026-10-05 05:02:41 [   7920] train/loss=0.178  train/pred_loss=0.02401  train/sigreg_loss=1.711  train/emb_std=0.9814  train/emb_norm=13.57  train/pred_vs_static=0.03598  train/grad_norm=0.5773  train/lr=4.995e-05  train/samples_per_sec=302.8
2026-10-05 05:02:49 [   7940] train/loss=0.179  train/pred_loss=0.024  train/sigreg_loss=1.723  train/emb_std=0.985  train/emb_norm=13.61  train/pred_vs_static=0.03554  train/grad_norm=0.5679  train/lr=4.995e-05  train/samples_per_sec=302.8
2026-10-05 05:02:58 [   7960] train/loss=0.1775  train/pred_loss=0.02316  train/sigreg_loss=1.713  train/emb_std=0.984  train/emb_norm=13.59  train/pred_vs_static=0.03409  train/grad_norm=0.5676  train/lr=4.995e-05  train/samples_per_sec=302.9
2026-10-05 05:03:06 [   7980] train/loss=0.1796  train/pred_loss=0.02443  train/sigreg_loss=1.725  train/emb_std=0.9836  train/emb_norm=13.59  train/pred_vs_static=0.03573  train/grad_norm=0.6292  train/lr=4.995e-05  train/samples_per_sec=302.9
2026-10-05 05:03:14 [   8000] train/loss=0.177  train/pred_loss=0.02386  train/sigreg_loss=1.702  train/emb_std=0.984  train/emb_norm=13.6  train/pred_vs_static=0.03549  train/grad_norm=0.6063  train/lr=4.995e-05  train/samples_per_sec=303
2026-10-05 05:03:14 [   8000] train_epoch/loss=0.186  train_epoch/pred_loss=0.02491  train_epoch/sigreg_loss=1.79  train_epoch/emb_std=0.9832  train_epoch/emb_norm=13.58  train_epoch/pred_vs_static=0.03766  train_epoch/grad_norm=0.6142  train_epoch/lr=4.997e-05  train_epoch/epoch=3
2026-10-05 05:03:45 [   8000] val/loss=0.8242  val/pred_loss=0.01748  val/sigreg_loss=8.965  val/emb_std=0.9402  val/emb_norm=13.69  val/pred_vs_static=0.02587  val/epoch=3
2026-10-05 05:03:45 epoch   3 | val pred_vs_static 0.02587 | best 0.02587 @ epoch 3 | saved epoch_003.pt
2026-10-05 05:04:01 [   8020] train/loss=0.176  train/pred_loss=0.02318  train/sigreg_loss=1.698  train/emb_std=0.9846  train/emb_norm=13.6  train/pred_vs_static=0.03404  train/grad_norm=0.5775  train/lr=4.995e-05  train/samples_per_sec=163.7
2026-10-05 05:04:09 [   8040] train/loss=0.1776  train/pred_loss=0.02338  train/sigreg_loss=1.713  train/emb_std=0.984  train/emb_norm=13.6  train/pred_vs_static=0.03403  train/grad_norm=0.5838  train/lr=4.995e-05  train/samples_per_sec=214.1
2026-10-05 05:04:17 [   8060] train/loss=0.1763  train/pred_loss=0.02339  train/sigreg_loss=1.699  train/emb_std=0.9844  train/emb_norm=13.59  train/pred_vs_static=0.03468  train/grad_norm=0.5637  train/lr=4.995e-05  train/samples_per_sec=238.6
2026-10-05 05:04:26 [   8080] train/loss=0.1736  train/pred_loss=0.02326  train/sigreg_loss=1.671  train/emb_std=0.9852  train/emb_norm=13.61  train/pred_vs_static=0.03397  train/grad_norm=0.5612  train/lr=4.995e-05  train/samples_per_sec=253.1
2026-10-05 05:04:34 [   8100] train/loss=0.1724  train/pred_loss=0.0221  train/sigreg_loss=1.67  train/emb_std=0.9844  train/emb_norm=13.6  train/pred_vs_static=0.0334  train/grad_norm=0.5429  train/lr=4.995e-05  train/samples_per_sec=262.7
2026-10-05 05:04:42 [   8120] train/loss=0.1756  train/pred_loss=0.02278  train/sigreg_loss=1.698  train/emb_std=0.9834  train/emb_norm=13.59  train/pred_vs_static=0.03335  train/grad_norm=0.5466  train/lr=4.995e-05  train/samples_per_sec=269.4
2026-10-05 05:04:51 [   8140] train/loss=0.1766  train/pred_loss=0.02317  train/sigreg_loss=1.704  train/emb_std=0.9842  train/emb_norm=13.59  train/pred_vs_static=0.03464  train/grad_norm=0.5586  train/lr=4.995e-05  train/samples_per_sec=274.5
2026-10-05 05:04:59 [   8160] train/loss=0.1751  train/pred_loss=0.02295  train/sigreg_loss=1.691  train/emb_std=0.9852  train/emb_norm=13.61  train/pred_vs_static=0.03408  train/grad_norm=0.569  train/lr=4.995e-05  train/samples_per_sec=278.4
2026-10-05 05:05:07 [   8180] train/loss=0.1757  train/pred_loss=0.02279  train/sigreg_loss=1.699  train/emb_std=0.984  train/emb_norm=13.59  train/pred_vs_static=0.0338  train/grad_norm=0.5508  train/lr=4.994e-05  train/samples_per_sec=281.4
2026-10-05 05:05:15 [   8200] train/loss=0.1773  train/pred_loss=0.02291  train/sigreg_loss=1.716  train/emb_std=0.984  train/emb_norm=13.6  train/pred_vs_static=0.03442  train/grad_norm=0.5587  train/lr=4.994e-05  train/samples_per_sec=283.9
2026-10-05 05:05:24 [   8220] train/loss=0.1759  train/pred_loss=0.02288  train/sigreg_loss=1.699  train/emb_std=0.9842  train/emb_norm=13.59  train/pred_vs_static=0.03354  train/grad_norm=0.5742  train/lr=4.994e-05  train/samples_per_sec=286.1
2026-10-05 05:05:32 [   8240] train/loss=0.1751  train/pred_loss=0.02291  train/sigreg_loss=1.69  train/emb_std=0.984  train/emb_norm=13.6  train/pred_vs_static=0.034  train/grad_norm=0.5542  train/lr=4.994e-05  train/samples_per_sec=287.9
2026-10-05 05:05:40 [   8260] train/loss=0.1755  train/pred_loss=0.02276  train/sigreg_loss=1.698  train/emb_std=0.9842  train/emb_norm=13.6  train/pred_vs_static=0.03411  train/grad_norm=0.5869  train/lr=4.994e-05  train/samples_per_sec=289.4
2026-10-05 05:05:49 [   8280] train/loss=0.1751  train/pred_loss=0.02307  train/sigreg_loss=1.689  train/emb_std=0.9846  train/emb_norm=13.6  train/pred_vs_static=0.03431  train/grad_norm=0.5584  train/lr=4.994e-05  train/samples_per_sec=290.7
2026-10-05 05:05:57 [   8300] train/loss=0.1762  train/pred_loss=0.02307  train/sigreg_loss=1.701  train/emb_std=0.9857  train/emb_norm=13.61  train/pred_vs_static=0.03436  train/grad_norm=0.5746  train/lr=4.994e-05  train/samples_per_sec=291.9
2026-10-05 05:06:05 [   8320] train/loss=0.1733  train/pred_loss=0.0229  train/sigreg_loss=1.671  train/emb_std=0.9855  train/emb_norm=13.61  train/pred_vs_static=0.03386  train/grad_norm=0.5563  train/lr=4.994e-05  train/samples_per_sec=292.8
2026-10-05 05:06:13 [   8340] train/loss=0.1732  train/pred_loss=0.02315  train/sigreg_loss=1.669  train/emb_std=0.983  train/emb_norm=13.59  train/pred_vs_static=0.03433  train/grad_norm=0.56  train/lr=4.994e-05  train/samples_per_sec=293.7
2026-10-05 05:06:22 [   8360] train/loss=0.1726  train/pred_loss=0.02254  train/sigreg_loss=1.667  train/emb_std=0.9842  train/emb_norm=13.6  train/pred_vs_static=0.03315  train/grad_norm=0.5685  train/lr=4.994e-05  train/samples_per_sec=294.6
2026-10-05 05:06:30 [   8380] train/loss=0.1727  train/pred_loss=0.0227  train/sigreg_loss=1.668  train/emb_std=0.9846  train/emb_norm=13.6  train/pred_vs_static=0.0337  train/grad_norm=0.5481  train/lr=4.994e-05  train/samples_per_sec=295.3
2026-10-05 05:06:38 [   8400] train/loss=0.1746  train/pred_loss=0.0229  train/sigreg_loss=1.686  train/emb_std=0.9828  train/emb_norm=13.59  train/pred_vs_static=0.03438  train/grad_norm=0.5824  train/lr=4.994e-05  train/samples_per_sec=296
2026-10-05 05:06:47 [   8420] train/loss=0.1751  train/pred_loss=0.02344  train/sigreg_loss=1.684  train/emb_std=0.9846  train/emb_norm=13.61  train/pred_vs_static=0.0342  train/grad_norm=0.5957  train/lr=4.994e-05  train/samples_per_sec=296.6
2026-10-05 05:06:55 [   8440] train/loss=0.1756  train/pred_loss=0.02332  train/sigreg_loss=1.691  train/emb_std=0.9834  train/emb_norm=13.6  train/pred_vs_static=0.03411  train/grad_norm=0.5777  train/lr=4.994e-05  train/samples_per_sec=297.2
2026-10-05 05:07:03 [   8460] train/loss=0.1698  train/pred_loss=0.0221  train/sigreg_loss=1.639  train/emb_std=0.9836  train/emb_norm=13.6  train/pred_vs_static=0.03213  train/grad_norm=0.542  train/lr=4.994e-05  train/samples_per_sec=297.7
2026-10-05 05:07:11 [   8480] train/loss=0.1708  train/pred_loss=0.02208  train/sigreg_loss=1.653  train/emb_std=0.985  train/emb_norm=13.61  train/pred_vs_static=0.03238  train/grad_norm=0.5321  train/lr=4.994e-05  train/samples_per_sec=298
2026-10-05 05:07:20 [   8500] train/loss=0.1735  train/pred_loss=0.02241  train/sigreg_loss=1.678  train/emb_std=0.9828  train/emb_norm=13.59  train/pred_vs_static=0.03253  train/grad_norm=0.5442  train/lr=4.994e-05  train/samples_per_sec=298.4
2026-10-05 05:07:28 [   8520] train/loss=0.1723  train/pred_loss=0.02266  train/sigreg_loss=1.662  train/emb_std=0.9834  train/emb_norm=13.59  train/pred_vs_static=0.03354  train/grad_norm=0.5678  train/lr=4.994e-05  train/samples_per_sec=298.8
2026-10-05 05:07:36 [   8540] train/loss=0.1729  train/pred_loss=0.02297  train/sigreg_loss=1.665  train/emb_std=0.9834  train/emb_norm=13.59  train/pred_vs_static=0.03331  train/grad_norm=0.5694  train/lr=4.993e-05  train/samples_per_sec=299.2
2026-10-05 05:07:45 [   8560] train/loss=0.1737  train/pred_loss=0.02301  train/sigreg_loss=1.675  train/emb_std=0.9834  train/emb_norm=13.59  train/pred_vs_static=0.03327  train/grad_norm=0.5587  train/lr=4.993e-05  train/samples_per_sec=299.6
2026-10-05 05:07:53 [   8580] train/loss=0.1721  train/pred_loss=0.02286  train/sigreg_loss=1.658  train/emb_std=0.984  train/emb_norm=13.6  train/pred_vs_static=0.03348  train/grad_norm=0.5462  train/lr=4.993e-05  train/samples_per_sec=299.9
2026-10-05 05:08:01 [   8600] train/loss=0.174  train/pred_loss=0.0223  train/sigreg_loss=1.685  train/emb_std=0.9846  train/emb_norm=13.6  train/pred_vs_static=0.03224  train/grad_norm=0.5419  train/lr=4.993e-05  train/samples_per_sec=300.2
2026-10-05 05:08:09 [   8620] train/loss=0.1737  train/pred_loss=0.02331  train/sigreg_loss=1.671  train/emb_std=0.9842  train/emb_norm=13.6  train/pred_vs_static=0.03418  train/grad_norm=0.5875  train/lr=4.993e-05  train/samples_per_sec=300.5
2026-10-05 05:08:18 [   8640] train/loss=0.1702  train/pred_loss=0.02278  train/sigreg_loss=1.638  train/emb_std=0.9844  train/emb_norm=13.61  train/pred_vs_static=0.03342  train/grad_norm=0.5596  train/lr=4.993e-05  train/samples_per_sec=300.8
2026-10-05 05:08:26 [   8660] train/loss=0.1745  train/pred_loss=0.02229  train/sigreg_loss=1.692  train/emb_std=0.983  train/emb_norm=13.59  train/pred_vs_static=0.03269  train/grad_norm=0.5577  train/lr=4.993e-05  train/samples_per_sec=301
2026-10-05 05:08:34 [   8680] train/loss=0.1717  train/pred_loss=0.02215  train/sigreg_loss=1.661  train/emb_std=0.9826  train/emb_norm=13.59  train/pred_vs_static=0.03244  train/grad_norm=0.5375  train/lr=4.993e-05  train/samples_per_sec=301.3
2026-10-05 05:08:42 [   8700] train/loss=0.1712  train/pred_loss=0.02191  train/sigreg_loss=1.659  train/emb_std=0.9844  train/emb_norm=13.61  train/pred_vs_static=0.03247  train/grad_norm=0.5254  train/lr=4.993e-05  train/samples_per_sec=301.5
2026-10-05 05:08:51 [   8720] train/loss=0.1752  train/pred_loss=0.0233  train/sigreg_loss=1.688  train/emb_std=0.9836  train/emb_norm=13.6  train/pred_vs_static=0.03371  train/grad_norm=0.5782  train/lr=4.993e-05  train/samples_per_sec=301.8
2026-10-05 05:08:59 [   8740] train/loss=0.1711  train/pred_loss=0.02225  train/sigreg_loss=1.653  train/emb_std=0.9834  train/emb_norm=13.59  train/pred_vs_static=0.03254  train/grad_norm=0.5253  train/lr=4.993e-05  train/samples_per_sec=301.9
2026-10-05 05:09:07 [   8760] train/loss=0.171  train/pred_loss=0.02255  train/sigreg_loss=1.649  train/emb_std=0.9836  train/emb_norm=13.59  train/pred_vs_static=0.03255  train/grad_norm=0.5473  train/lr=4.993e-05  train/samples_per_sec=302
2026-10-05 05:09:16 [   8780] train/loss=0.1722  train/pred_loss=0.0219  train/sigreg_loss=1.67  train/emb_std=0.9834  train/emb_norm=13.61  train/pred_vs_static=0.03147  train/grad_norm=0.548  train/lr=4.993e-05  train/samples_per_sec=302.2
2026-10-05 05:09:24 [   8800] train/loss=0.1736  train/pred_loss=0.02237  train/sigreg_loss=1.68  train/emb_std=0.9814  train/emb_norm=13.57  train/pred_vs_static=0.03289  train/grad_norm=0.5572  train/lr=4.993e-05  train/samples_per_sec=302.4
2026-10-05 05:09:32 [   8820] train/loss=0.1707  train/pred_loss=0.02232  train/sigreg_loss=1.648  train/emb_std=0.9842  train/emb_norm=13.6  train/pred_vs_static=0.03253  train/grad_norm=0.5411  train/lr=4.993e-05  train/samples_per_sec=302.5
2026-10-05 05:09:41 [   8840] train/loss=0.1721  train/pred_loss=0.0221  train/sigreg_loss=1.666  train/emb_std=0.9844  train/emb_norm=13.61  train/pred_vs_static=0.03177  train/grad_norm=0.5489  train/lr=4.993e-05  train/samples_per_sec=302.6
2026-10-05 05:09:49 [   8860] train/loss=0.1712  train/pred_loss=0.02257  train/sigreg_loss=1.652  train/emb_std=0.985  train/emb_norm=13.61  train/pred_vs_static=0.03252  train/grad_norm=0.5356  train/lr=4.993e-05  train/samples_per_sec=302.8
2026-10-05 05:09:57 [   8880] train/loss=0.1682  train/pred_loss=0.02197  train/sigreg_loss=1.625  train/emb_std=0.9844  train/emb_norm=13.6  train/pred_vs_static=0.032  train/grad_norm=0.5416  train/lr=4.992e-05  train/samples_per_sec=302.9
2026-10-05 05:10:05 [   8900] train/loss=0.1718  train/pred_loss=0.02214  train/sigreg_loss=1.663  train/emb_std=0.985  train/emb_norm=13.61  train/pred_vs_static=0.03172  train/grad_norm=0.559  train/lr=4.992e-05  train/samples_per_sec=303.1
2026-10-05 05:10:14 [   8920] train/loss=0.1703  train/pred_loss=0.02188  train/sigreg_loss=1.649  train/emb_std=0.984  train/emb_norm=13.6  train/pred_vs_static=0.03184  train/grad_norm=0.5312  train/lr=4.992e-05  train/samples_per_sec=303.1
2026-10-05 05:10:22 [   8940] train/loss=0.1711  train/pred_loss=0.02225  train/sigreg_loss=1.654  train/emb_std=0.9834  train/emb_norm=13.6  train/pred_vs_static=0.03264  train/grad_norm=0.5657  train/lr=4.992e-05  train/samples_per_sec=303.2
2026-10-05 05:10:30 [   8960] train/loss=0.1709  train/pred_loss=0.0219  train/sigreg_loss=1.655  train/emb_std=0.9855  train/emb_norm=13.63  train/pred_vs_static=0.03236  train/grad_norm=0.5466  train/lr=4.992e-05  train/samples_per_sec=303.3
2026-10-05 05:10:39 [   8980] train/loss=0.1712  train/pred_loss=0.02317  train/sigreg_loss=1.645  train/emb_std=0.9828  train/emb_norm=13.59  train/pred_vs_static=0.03403  train/grad_norm=0.5743  train/lr=4.992e-05  train/samples_per_sec=303.3
2026-10-05 05:10:47 [   9000] train/loss=0.1697  train/pred_loss=0.02258  train/sigreg_loss=1.635  train/emb_std=0.9857  train/emb_norm=13.63  train/pred_vs_static=0.03235  train/grad_norm=0.566  train/lr=4.992e-05  train/samples_per_sec=303.5
2026-10-05 05:10:56 [   9020] train/loss=0.1706  train/pred_loss=0.02231  train/sigreg_loss=1.648  train/emb_std=0.9854  train/emb_norm=13.62  train/pred_vs_static=0.03244  train/grad_norm=0.532  train/lr=4.992e-05  train/samples_per_sec=303.4
2026-10-05 05:11:04 [   9040] train/loss=0.1698  train/pred_loss=0.02216  train/sigreg_loss=1.638  train/emb_std=0.983  train/emb_norm=13.6  train/pred_vs_static=0.03249  train/grad_norm=0.5382  train/lr=4.992e-05  train/samples_per_sec=303.5
2026-10-05 05:11:12 [   9060] train/loss=0.1731  train/pred_loss=0.02208  train/sigreg_loss=1.679  train/emb_std=0.9814  train/emb_norm=13.58  train/pred_vs_static=0.0328  train/grad_norm=0.5485  train/lr=4.992e-05  train/samples_per_sec=303.6
2026-10-05 05:11:21 [   9080] train/loss=0.1685  train/pred_loss=0.02256  train/sigreg_loss=1.621  train/emb_std=0.9828  train/emb_norm=13.6  train/pred_vs_static=0.03333  train/grad_norm=0.5993  train/lr=4.992e-05  train/samples_per_sec=303.6
2026-10-05 05:11:29 [   9100] train/loss=0.1697  train/pred_loss=0.02255  train/sigreg_loss=1.635  train/emb_std=0.9836  train/emb_norm=13.6  train/pred_vs_static=0.03302  train/grad_norm=0.5441  train/lr=4.992e-05  train/samples_per_sec=303.6
2026-10-05 05:11:38 [   9120] train/loss=0.1681  train/pred_loss=0.02229  train/sigreg_loss=1.62  train/emb_std=0.9848  train/emb_norm=13.62  train/pred_vs_static=0.03275  train/grad_norm=0.5269  train/lr=4.992e-05  train/samples_per_sec=303.6
2026-10-05 05:11:46 [   9140] train/loss=0.1681  train/pred_loss=0.02132  train/sigreg_loss=1.632  train/emb_std=0.9848  train/emb_norm=13.61  train/pred_vs_static=0.03092  train/grad_norm=0.533  train/lr=4.992e-05  train/samples_per_sec=303.5
2026-10-05 05:11:55 [   9160] train/loss=0.1703  train/pred_loss=0.02186  train/sigreg_loss=1.65  train/emb_std=0.9842  train/emb_norm=13.61  train/pred_vs_static=0.03145  train/grad_norm=0.5314  train/lr=4.992e-05  train/samples_per_sec=303.5
2026-10-05 05:12:03 [   9180] train/loss=0.171  train/pred_loss=0.02261  train/sigreg_loss=1.649  train/emb_std=0.9842  train/emb_norm=13.61  train/pred_vs_static=0.03244  train/grad_norm=0.5404  train/lr=4.992e-05  train/samples_per_sec=303.4
2026-10-05 05:12:12 [   9200] train/loss=0.1694  train/pred_loss=0.02209  train/sigreg_loss=1.636  train/emb_std=0.9838  train/emb_norm=13.6  train/pred_vs_static=0.03209  train/grad_norm=0.537  train/lr=4.991e-05  train/samples_per_sec=303.3
2026-10-05 05:12:20 [   9220] train/loss=0.1703  train/pred_loss=0.02245  train/sigreg_loss=1.643  train/emb_std=0.9844  train/emb_norm=13.61  train/pred_vs_static=0.03228  train/grad_norm=0.5488  train/lr=4.991e-05  train/samples_per_sec=303.3
2026-10-05 05:12:29 [   9240] train/loss=0.1703  train/pred_loss=0.02221  train/sigreg_loss=1.646  train/emb_std=0.9832  train/emb_norm=13.6  train/pred_vs_static=0.03213  train/grad_norm=0.5436  train/lr=4.991e-05  train/samples_per_sec=303.3
2026-10-05 05:12:37 [   9260] train/loss=0.1694  train/pred_loss=0.02192  train/sigreg_loss=1.637  train/emb_std=0.984  train/emb_norm=13.61  train/pred_vs_static=0.03172  train/grad_norm=0.5241  train/lr=4.991e-05  train/samples_per_sec=303.2
2026-10-05 05:12:46 [   9280] train/loss=0.1726  train/pred_loss=0.0226  train/sigreg_loss=1.666  train/emb_std=0.983  train/emb_norm=13.6  train/pred_vs_static=0.0328  train/grad_norm=0.5652  train/lr=4.991e-05  train/samples_per_sec=303.2
2026-10-05 05:12:54 [   9300] train/loss=0.1712  train/pred_loss=0.02257  train/sigreg_loss=1.653  train/emb_std=0.9816  train/emb_norm=13.57  train/pred_vs_static=0.03236  train/grad_norm=0.5679  train/lr=4.991e-05  train/samples_per_sec=303.1
2026-10-05 05:13:03 [   9320] train/loss=0.169  train/pred_loss=0.02209  train/sigreg_loss=1.633  train/emb_std=0.9844  train/emb_norm=13.61  train/pred_vs_static=0.03205  train/grad_norm=0.5313  train/lr=4.991e-05  train/samples_per_sec=303
2026-10-05 05:13:12 [   9340] train/loss=0.1669  train/pred_loss=0.02172  train/sigreg_loss=1.614  train/emb_std=0.9846  train/emb_norm=13.61  train/pred_vs_static=0.03162  train/grad_norm=0.5461  train/lr=4.991e-05  train/samples_per_sec=302.9
2026-10-05 05:13:20 [   9360] train/loss=0.1694  train/pred_loss=0.02218  train/sigreg_loss=1.636  train/emb_std=0.9844  train/emb_norm=13.61  train/pred_vs_static=0.03152  train/grad_norm=0.5312  train/lr=4.991e-05  train/samples_per_sec=302.8
2026-10-05 05:13:29 [   9380] train/loss=0.1689  train/pred_loss=0.02216  train/sigreg_loss=1.63  train/emb_std=0.9848  train/emb_norm=13.62  train/pred_vs_static=0.03167  train/grad_norm=0.5306  train/lr=4.991e-05  train/samples_per_sec=302.8
2026-10-05 05:13:37 [   9400] train/loss=0.1679  train/pred_loss=0.0212  train/sigreg_loss=1.63  train/emb_std=0.9828  train/emb_norm=13.59  train/pred_vs_static=0.03037  train/grad_norm=0.5125  train/lr=4.991e-05  train/samples_per_sec=302.8
2026-10-05 05:13:46 [   9420] train/loss=0.1664  train/pred_loss=0.0218  train/sigreg_loss=1.605  train/emb_std=0.9842  train/emb_norm=13.6  train/pred_vs_static=0.03141  train/grad_norm=0.5219  train/lr=4.991e-05  train/samples_per_sec=302.6
2026-10-05 05:13:54 [   9440] train/loss=0.1663  train/pred_loss=0.0214  train/sigreg_loss=1.61  train/emb_std=0.9842  train/emb_norm=13.61  train/pred_vs_static=0.0309  train/grad_norm=0.5374  train/lr=4.991e-05  train/samples_per_sec=302.6
2026-10-05 05:14:03 [   9460] train/loss=0.1683  train/pred_loss=0.02218  train/sigreg_loss=1.624  train/emb_std=0.984  train/emb_norm=13.6  train/pred_vs_static=0.03144  train/grad_norm=0.5347  train/lr=4.991e-05  train/samples_per_sec=302.6
2026-10-05 05:14:11 [   9480] train/loss=0.166  train/pred_loss=0.0215  train/sigreg_loss=1.605  train/emb_std=0.9855  train/emb_norm=13.62  train/pred_vs_static=0.03039  train/grad_norm=0.5336  train/lr=4.99e-05  train/samples_per_sec=302.5
2026-10-05 05:14:20 [   9500] train/loss=0.166  train/pred_loss=0.02096  train/sigreg_loss=1.612  train/emb_std=0.985  train/emb_norm=13.62  train/pred_vs_static=0.02979  train/grad_norm=0.5138  train/lr=4.99e-05  train/samples_per_sec=302.5
2026-10-05 05:14:29 [   9520] train/loss=0.1664  train/pred_loss=0.02164  train/sigreg_loss=1.608  train/emb_std=0.9834  train/emb_norm=13.6  train/pred_vs_static=0.03079  train/grad_norm=0.5298  train/lr=4.99e-05  train/samples_per_sec=302.5
2026-10-05 05:14:37 [   9540] train/loss=0.1675  train/pred_loss=0.02185  train/sigreg_loss=1.62  train/emb_std=0.9842  train/emb_norm=13.6  train/pred_vs_static=0.03162  train/grad_norm=0.5624  train/lr=4.99e-05  train/samples_per_sec=302.5
2026-10-05 05:14:45 [   9560] train/loss=0.1688  train/pred_loss=0.02189  train/sigreg_loss=1.632  train/emb_std=0.9832  train/emb_norm=13.6  train/pred_vs_static=0.0314  train/grad_norm=0.538  train/lr=4.99e-05  train/samples_per_sec=302.5
2026-10-05 05:14:54 [   9580] train/loss=0.1697  train/pred_loss=0.02175  train/sigreg_loss=1.645  train/emb_std=0.984  train/emb_norm=13.61  train/pred_vs_static=0.03178  train/grad_norm=0.5418  train/lr=4.99e-05  train/samples_per_sec=302.6
2026-10-05 05:15:02 [   9600] train/loss=0.1701  train/pred_loss=0.02178  train/sigreg_loss=1.648  train/emb_std=0.9859  train/emb_norm=13.62  train/pred_vs_static=0.03142  train/grad_norm=0.5475  train/lr=4.99e-05  train/samples_per_sec=302.6
2026-10-05 05:15:11 [   9620] train/loss=0.167  train/pred_loss=0.0218  train/sigreg_loss=1.614  train/emb_std=0.9838  train/emb_norm=13.6  train/pred_vs_static=0.03097  train/grad_norm=0.5343  train/lr=4.99e-05  train/samples_per_sec=302.6
2026-10-05 05:15:19 [   9640] train/loss=0.1649  train/pred_loss=0.02115  train/sigreg_loss=1.597  train/emb_std=0.984  train/emb_norm=13.6  train/pred_vs_static=0.0303  train/grad_norm=0.5558  train/lr=4.99e-05  train/samples_per_sec=302.6
2026-10-05 05:15:28 [   9660] train/loss=0.1671  train/pred_loss=0.0209  train/sigreg_loss=1.623  train/emb_std=0.9848  train/emb_norm=13.61  train/pred_vs_static=0.03025  train/grad_norm=0.5305  train/lr=4.99e-05  train/samples_per_sec=302.5
2026-10-05 05:15:36 [   9680] train/loss=0.1688  train/pred_loss=0.02242  train/sigreg_loss=1.627  train/emb_std=0.9832  train/emb_norm=13.59  train/pred_vs_static=0.03189  train/grad_norm=0.5511  train/lr=4.99e-05  train/samples_per_sec=302.5
2026-10-05 05:15:45 [   9700] train/loss=0.1648  train/pred_loss=0.02135  train/sigreg_loss=1.593  train/emb_std=0.9836  train/emb_norm=13.6  train/pred_vs_static=0.03063  train/grad_norm=0.5136  train/lr=4.99e-05  train/samples_per_sec=302.5
2026-10-05 05:15:53 [   9720] train/loss=0.1664  train/pred_loss=0.02174  train/sigreg_loss=1.606  train/emb_std=0.9842  train/emb_norm=13.6  train/pred_vs_static=0.03121  train/grad_norm=0.5682  train/lr=4.99e-05  train/samples_per_sec=302.5
2026-10-05 05:16:02 [   9740] train/loss=0.1652  train/pred_loss=0.02119  train/sigreg_loss=1.602  train/emb_std=0.9834  train/emb_norm=13.6  train/pred_vs_static=0.02995  train/grad_norm=0.5254  train/lr=4.99e-05  train/samples_per_sec=302.4
2026-10-05 05:16:10 [   9760] train/loss=0.1655  train/pred_loss=0.02098  train/sigreg_loss=1.606  train/emb_std=0.9846  train/emb_norm=13.61  train/pred_vs_static=0.03046  train/grad_norm=0.5315  train/lr=4.989e-05  train/samples_per_sec=302.4
2026-10-05 05:16:19 [   9780] train/loss=0.167  train/pred_loss=0.02167  train/sigreg_loss=1.614  train/emb_std=0.9848  train/emb_norm=13.62  train/pred_vs_static=0.03152  train/grad_norm=0.5756  train/lr=4.989e-05  train/samples_per_sec=302.4
2026-10-05 05:16:27 [   9800] train/loss=0.167  train/pred_loss=0.02209  train/sigreg_loss=1.611  train/emb_std=0.9844  train/emb_norm=13.61  train/pred_vs_static=0.03173  train/grad_norm=0.532  train/lr=4.989e-05  train/samples_per_sec=302.4
2026-10-05 05:16:36 [   9820] train/loss=0.1635  train/pred_loss=0.021  train/sigreg_loss=1.584  train/emb_std=0.984  train/emb_norm=13.61  train/pred_vs_static=0.03078  train/grad_norm=0.5104  train/lr=4.989e-05  train/samples_per_sec=302.4
2026-10-05 05:16:44 [   9840] train/loss=0.1623  train/pred_loss=0.02009  train/sigreg_loss=1.58  train/emb_std=0.9848  train/emb_norm=13.62  train/pred_vs_static=0.02876  train/grad_norm=0.5022  train/lr=4.989e-05  train/samples_per_sec=302.4
2026-10-05 05:16:53 [   9860] train/loss=0.1654  train/pred_loss=0.02073  train/sigreg_loss=1.607  train/emb_std=0.9854  train/emb_norm=13.62  train/pred_vs_static=0.0297  train/grad_norm=0.5077  train/lr=4.989e-05  train/samples_per_sec=302.3
2026-10-05 05:17:01 [   9880] train/loss=0.1673  train/pred_loss=0.02106  train/sigreg_loss=1.624  train/emb_std=0.9838  train/emb_norm=13.6  train/pred_vs_static=0.03018  train/grad_norm=0.5119  train/lr=4.989e-05  train/samples_per_sec=302.3
2026-10-05 05:17:10 [   9900] train/loss=0.1646  train/pred_loss=0.02157  train/sigreg_loss=1.589  train/emb_std=0.9846  train/emb_norm=13.6  train/pred_vs_static=0.03073  train/grad_norm=0.5157  train/lr=4.989e-05  train/samples_per_sec=302.2
2026-10-05 05:17:19 [   9920] train/loss=0.1649  train/pred_loss=0.0211  train/sigreg_loss=1.598  train/emb_std=0.9844  train/emb_norm=13.62  train/pred_vs_static=0.03051  train/grad_norm=0.5452  train/lr=4.989e-05  train/samples_per_sec=302.2
2026-10-05 05:17:27 [   9940] train/loss=0.1644  train/pred_loss=0.021  train/sigreg_loss=1.592  train/emb_std=0.9834  train/emb_norm=13.6  train/pred_vs_static=0.03035  train/grad_norm=0.5214  train/lr=4.989e-05  train/samples_per_sec=302.1
2026-10-05 05:17:36 [   9960] train/loss=0.1632  train/pred_loss=0.02085  train/sigreg_loss=1.582  train/emb_std=0.9838  train/emb_norm=13.6  train/pred_vs_static=0.02995  train/grad_norm=0.5257  train/lr=4.989e-05  train/samples_per_sec=302.2
2026-10-05 05:17:44 [   9980] train/loss=0.1643  train/pred_loss=0.02103  train/sigreg_loss=1.592  train/emb_std=0.984  train/emb_norm=13.61  train/pred_vs_static=0.03041  train/grad_norm=0.5247  train/lr=4.989e-05  train/samples_per_sec=302.2
2026-10-05 05:17:52 [  10000] train/loss=0.1647  train/pred_loss=0.02138  train/sigreg_loss=1.593  train/emb_std=0.9828  train/emb_norm=13.58  train/pred_vs_static=0.0308  train/grad_norm=0.5121  train/lr=4.989e-05  train/samples_per_sec=302.3
2026-10-05 05:17:52 [  10000] train_epoch/loss=0.1704  train_epoch/pred_loss=0.02218  train_epoch/sigreg_loss=1.647  train_epoch/emb_std=0.984  train_epoch/emb_norm=13.6  train_epoch/pred_vs_static=0.03228  train_epoch/grad_norm=0.5467  train_epoch/lr=4.992e-05  train_epoch/epoch=4
2026-10-05 05:18:23 [  10000] val/loss=0.795  val/pred_loss=0.01596  val/sigreg_loss=8.655  val/emb_std=0.9373  val/emb_norm=13.64  val/pred_vs_static=0.02312  val/epoch=4
2026-10-05 05:18:23 epoch   4 | val pred_vs_static 0.02312 | best 0.02312 @ epoch 4 | saved epoch_004.pt
2026-10-05 05:18:37 [  10020] train/loss=0.1631  train/pred_loss=0.0209  train/sigreg_loss=1.58  train/emb_std=0.9826  train/emb_norm=13.58  train/pred_vs_static=0.03074  train/grad_norm=0.5082  train/lr=4.989e-05  train/samples_per_sec=190.3
2026-10-05 05:18:45 [  10040] train/loss=0.1661  train/pred_loss=0.0216  train/sigreg_loss=1.605  train/emb_std=0.9836  train/emb_norm=13.6  train/pred_vs_static=0.03049  train/grad_norm=0.5257  train/lr=4.988e-05  train/samples_per_sec=235.8
2026-10-05 05:18:53 [  10060] train/loss=0.1647  train/pred_loss=0.02138  train/sigreg_loss=1.593  train/emb_std=0.9852  train/emb_norm=13.62  train/pred_vs_static=0.03056  train/grad_norm=0.5269  train/lr=4.988e-05  train/samples_per_sec=256.3
2026-10-05 05:19:02 [  10080] train/loss=0.1645  train/pred_loss=0.02109  train/sigreg_loss=1.592  train/emb_std=0.9852  train/emb_norm=13.62  train/pred_vs_static=0.03033  train/grad_norm=0.5213  train/lr=4.988e-05  train/samples_per_sec=267.3
2026-10-05 05:19:10 [  10100] train/loss=0.1618  train/pred_loss=0.02083  train/sigreg_loss=1.568  train/emb_std=0.9834  train/emb_norm=13.6  train/pred_vs_static=0.02969  train/grad_norm=0.5238  train/lr=4.988e-05  train/samples_per_sec=274.8
2026-10-05 05:19:18 [  10120] train/loss=0.1644  train/pred_loss=0.02093  train/sigreg_loss=1.595  train/emb_std=0.9844  train/emb_norm=13.61  train/pred_vs_static=0.02931  train/grad_norm=0.5106  train/lr=4.988e-05  train/samples_per_sec=280.1
2026-10-05 05:19:27 [  10140] train/loss=0.164  train/pred_loss=0.02149  train/sigreg_loss=1.584  train/emb_std=0.9838  train/emb_norm=13.6  train/pred_vs_static=0.03104  train/grad_norm=0.518  train/lr=4.988e-05  train/samples_per_sec=284
2026-10-05 05:19:35 [  10160] train/loss=0.165  train/pred_loss=0.02054  train/sigreg_loss=1.604  train/emb_std=0.983  train/emb_norm=13.59  train/pred_vs_static=0.02931  train/grad_norm=0.513  train/lr=4.988e-05  train/samples_per_sec=287
2026-10-05 05:19:43 [  10180] train/loss=0.1645  train/pred_loss=0.02102  train/sigreg_loss=1.593  train/emb_std=0.9846  train/emb_norm=13.6  train/pred_vs_static=0.03023  train/grad_norm=0.546  train/lr=4.988e-05  train/samples_per_sec=289
2026-10-05 05:19:51 [  10200] train/loss=0.1633  train/pred_loss=0.0207  train/sigreg_loss=1.584  train/emb_std=0.9844  train/emb_norm=13.61  train/pred_vs_static=0.02973  train/grad_norm=0.5211  train/lr=4.988e-05  train/samples_per_sec=290.9
2026-10-05 05:20:00 [  10220] train/loss=0.1647  train/pred_loss=0.02138  train/sigreg_loss=1.593  train/emb_std=0.9852  train/emb_norm=13.61  train/pred_vs_static=0.03016  train/grad_norm=0.5385  train/lr=4.988e-05  train/samples_per_sec=292.6
2026-10-05 05:20:08 [  10240] train/loss=0.1655  train/pred_loss=0.02151  train/sigreg_loss=1.598  train/emb_std=0.9844  train/emb_norm=13.61  train/pred_vs_static=0.03116  train/grad_norm=0.5207  train/lr=4.988e-05  train/samples_per_sec=293.7
2026-10-05 05:20:16 [  10260] train/loss=0.1653  train/pred_loss=0.02111  train/sigreg_loss=1.603  train/emb_std=0.9844  train/emb_norm=13.61  train/pred_vs_static=0.03051  train/grad_norm=0.5195  train/lr=4.988e-05  train/samples_per_sec=294.9
2026-10-05 05:20:25 [  10280] train/loss=0.1614  train/pred_loss=0.02108  train/sigreg_loss=1.559  train/emb_std=0.9846  train/emb_norm=13.6  train/pred_vs_static=0.02982  train/grad_norm=0.5327  train/lr=4.988e-05  train/samples_per_sec=295.9
2026-10-05 05:20:33 [  10300] train/loss=0.1622  train/pred_loss=0.02093  train/sigreg_loss=1.569  train/emb_std=0.985  train/emb_norm=13.61  train/pred_vs_static=0.02968  train/grad_norm=0.5197  train/lr=4.987e-05  train/samples_per_sec=296.8
2026-10-05 05:20:41 [  10320] train/loss=0.163  train/pred_loss=0.02081  train/sigreg_loss=1.581  train/emb_std=0.9838  train/emb_norm=13.61  train/pred_vs_static=0.02968  train/grad_norm=0.5283  train/lr=4.987e-05  train/samples_per_sec=297.5
2026-10-05 05:20:49 [  10340] train/loss=0.1629  train/pred_loss=0.02073  train/sigreg_loss=1.581  train/emb_std=0.984  train/emb_norm=13.6  train/pred_vs_static=0.02964  train/grad_norm=0.5217  train/lr=4.987e-05  train/samples_per_sec=298.2
2026-10-05 05:20:58 [  10360] train/loss=0.1669  train/pred_loss=0.02181  train/sigreg_loss=1.612  train/emb_std=0.9846  train/emb_norm=13.61  train/pred_vs_static=0.03096  train/grad_norm=0.52  train/lr=4.987e-05  train/samples_per_sec=298.8
2026-10-05 05:21:06 [  10380] train/loss=0.164  train/pred_loss=0.02127  train/sigreg_loss=1.587  train/emb_std=0.9836  train/emb_norm=13.59  train/pred_vs_static=0.03023  train/grad_norm=0.5408  train/lr=4.987e-05  train/samples_per_sec=299.4
2026-10-05 05:21:14 [  10400] train/loss=0.1615  train/pred_loss=0.02036  train/sigreg_loss=1.569  train/emb_std=0.9855  train/emb_norm=13.62  train/pred_vs_static=0.02892  train/grad_norm=0.4982  train/lr=4.987e-05  train/samples_per_sec=299.9
2026-10-05 05:21:22 [  10420] train/loss=0.1643  train/pred_loss=0.021  train/sigreg_loss=1.593  train/emb_std=0.9877  train/emb_norm=13.64  train/pred_vs_static=0.02907  train/grad_norm=0.5073  train/lr=4.987e-05  train/samples_per_sec=300.4
2026-10-05 05:21:31 [  10440] train/loss=0.1645  train/pred_loss=0.02165  train/sigreg_loss=1.587  train/emb_std=0.9834  train/emb_norm=13.6  train/pred_vs_static=0.03042  train/grad_norm=0.5475  train/lr=4.987e-05  train/samples_per_sec=300.8
2026-10-05 05:21:39 [  10460] train/loss=0.1608  train/pred_loss=0.02117  train/sigreg_loss=1.552  train/emb_std=0.9861  train/emb_norm=13.64  train/pred_vs_static=0.02966  train/grad_norm=0.5205  train/lr=4.987e-05  train/samples_per_sec=301.2
2026-10-05 05:21:47 [  10480] train/loss=0.1632  train/pred_loss=0.02088  train/sigreg_loss=1.582  train/emb_std=0.9836  train/emb_norm=13.59  train/pred_vs_static=0.02945  train/grad_norm=0.5124  train/lr=4.987e-05  train/samples_per_sec=301.6
2026-10-05 05:21:55 [  10500] train/loss=0.1627  train/pred_loss=0.02066  train/sigreg_loss=1.578  train/emb_std=0.9854  train/emb_norm=13.62  train/pred_vs_static=0.0291  train/grad_norm=0.5063  train/lr=4.987e-05  train/samples_per_sec=301.9
2026-10-05 05:22:04 [  10520] train/loss=0.1623  train/pred_loss=0.02059  train/sigreg_loss=1.575  train/emb_std=0.9852  train/emb_norm=13.62  train/pred_vs_static=0.02895  train/grad_norm=0.5026  train/lr=4.987e-05  train/samples_per_sec=302.2
2026-10-05 05:22:12 [  10540] train/loss=0.1625  train/pred_loss=0.02035  train/sigreg_loss=1.58  train/emb_std=0.984  train/emb_norm=13.61  train/pred_vs_static=0.02878  train/grad_norm=0.508  train/lr=4.986e-05  train/samples_per_sec=302.5
2026-10-05 05:22:20 [  10560] train/loss=0.1617  train/pred_loss=0.0207  train/sigreg_loss=1.566  train/emb_std=0.9838  train/emb_norm=13.6  train/pred_vs_static=0.02939  train/grad_norm=0.5091  train/lr=4.986e-05  train/samples_per_sec=302.7
2026-10-05 05:22:29 [  10580] train/loss=0.1594  train/pred_loss=0.02098  train/sigreg_loss=1.538  train/emb_std=0.9834  train/emb_norm=13.6  train/pred_vs_static=0.02986  train/grad_norm=0.5098  train/lr=4.986e-05  train/samples_per_sec=302.9
2026-10-05 05:22:37 [  10600] train/loss=0.1623  train/pred_loss=0.02073  train/sigreg_loss=1.573  train/emb_std=0.9846  train/emb_norm=13.62  train/pred_vs_static=0.02934  train/grad_norm=0.531  train/lr=4.986e-05  train/samples_per_sec=303.1
2026-10-05 05:22:45 [  10620] train/loss=0.1593  train/pred_loss=0.02039  train/sigreg_loss=1.543  train/emb_std=0.9826  train/emb_norm=13.59  train/pred_vs_static=0.02888  train/grad_norm=0.4996  train/lr=4.986e-05  train/samples_per_sec=303.3
2026-10-05 05:22:53 [  10640] train/loss=0.1629  train/pred_loss=0.02095  train/sigreg_loss=1.578  train/emb_std=0.9846  train/emb_norm=13.61  train/pred_vs_static=0.02972  train/grad_norm=0.5249  train/lr=4.986e-05  train/samples_per_sec=303.6
2026-10-05 05:23:02 [  10660] train/loss=0.1603  train/pred_loss=0.02048  train/sigreg_loss=1.552  train/emb_std=0.9859  train/emb_norm=13.63  train/pred_vs_static=0.02895  train/grad_norm=0.503  train/lr=4.986e-05  train/samples_per_sec=303.8
2026-10-05 05:23:10 [  10680] train/loss=0.1645  train/pred_loss=0.02099  train/sigreg_loss=1.595  train/emb_std=0.9836  train/emb_norm=13.59  train/pred_vs_static=0.02975  train/grad_norm=0.5203  train/lr=4.986e-05  train/samples_per_sec=303.8
2026-10-05 05:23:18 [  10700] train/loss=0.1631  train/pred_loss=0.02066  train/sigreg_loss=1.581  train/emb_std=0.9846  train/emb_norm=13.61  train/pred_vs_static=0.02862  train/grad_norm=0.5189  train/lr=4.986e-05  train/samples_per_sec=303.9
2026-10-05 05:23:27 [  10720] train/loss=0.1619  train/pred_loss=0.02069  train/sigreg_loss=1.57  train/emb_std=0.9844  train/emb_norm=13.61  train/pred_vs_static=0.02917  train/grad_norm=0.5168  train/lr=4.986e-05  train/samples_per_sec=304
2026-10-05 05:23:35 [  10740] train/loss=0.1604  train/pred_loss=0.02055  train/sigreg_loss=1.553  train/emb_std=0.9838  train/emb_norm=13.6  train/pred_vs_static=0.02881  train/grad_norm=0.512  train/lr=4.986e-05  train/samples_per_sec=304.1
2026-10-05 05:23:43 [  10760] train/loss=0.1617  train/pred_loss=0.02097  train/sigreg_loss=1.563  train/emb_std=0.9855  train/emb_norm=13.62  train/pred_vs_static=0.02973  train/grad_norm=0.5184  train/lr=4.986e-05  train/samples_per_sec=304.2
2026-10-05 05:23:52 [  10780] train/loss=0.1613  train/pred_loss=0.02049  train/sigreg_loss=1.564  train/emb_std=0.9852  train/emb_norm=13.62  train/pred_vs_static=0.02891  train/grad_norm=0.4912  train/lr=4.985e-05  train/samples_per_sec=304.1
2026-10-05 05:24:00 [  10800] train/loss=0.1619  train/pred_loss=0.02041  train/sigreg_loss=1.572  train/emb_std=0.9826  train/emb_norm=13.58  train/pred_vs_static=0.0283  train/grad_norm=0.5039  train/lr=4.985e-05  train/samples_per_sec=304.1
2026-10-05 05:24:08 [  10820] train/loss=0.1606  train/pred_loss=0.02032  train/sigreg_loss=1.557  train/emb_std=0.9859  train/emb_norm=13.63  train/pred_vs_static=0.02856  train/grad_norm=0.4946  train/lr=4.985e-05  train/samples_per_sec=304.2
2026-10-05 05:24:17 [  10840] train/loss=0.1627  train/pred_loss=0.02089  train/sigreg_loss=1.575  train/emb_std=0.9842  train/emb_norm=13.6  train/pred_vs_static=0.02977  train/grad_norm=0.5327  train/lr=4.985e-05  train/samples_per_sec=304.3
2026-10-05 05:24:25 [  10860] train/loss=0.1611  train/pred_loss=0.02113  train/sigreg_loss=1.555  train/emb_std=0.9854  train/emb_norm=13.63  train/pred_vs_static=0.02925  train/grad_norm=0.5075  train/lr=4.985e-05  train/samples_per_sec=304.4
2026-10-05 05:24:33 [  10880] train/loss=0.1617  train/pred_loss=0.02064  train/sigreg_loss=1.566  train/emb_std=0.9854  train/emb_norm=13.62  train/pred_vs_static=0.02872  train/grad_norm=0.5079  train/lr=4.985e-05  train/samples_per_sec=304.5
2026-10-05 05:24:42 [  10900] train/loss=0.158  train/pred_loss=0.02024  train/sigreg_loss=1.53  train/emb_std=0.9855  train/emb_norm=13.63  train/pred_vs_static=0.02833  train/grad_norm=0.4917  train/lr=4.985e-05  train/samples_per_sec=304.5
2026-10-05 05:24:50 [  10920] train/loss=0.1571  train/pred_loss=0.02012  train/sigreg_loss=1.521  train/emb_std=0.985  train/emb_norm=13.62  train/pred_vs_static=0.02801  train/grad_norm=0.4986  train/lr=4.985e-05  train/samples_per_sec=304.5
2026-10-05 05:24:59 [  10940] train/loss=0.1574  train/pred_loss=0.01988  train/sigreg_loss=1.528  train/emb_std=0.9857  train/emb_norm=13.63  train/pred_vs_static=0.02809  train/grad_norm=0.4983  train/lr=4.985e-05  train/samples_per_sec=304.5
2026-10-05 05:25:07 [  10960] train/loss=0.1613  train/pred_loss=0.02025  train/sigreg_loss=1.566  train/emb_std=0.9836  train/emb_norm=13.6  train/pred_vs_static=0.0287  train/grad_norm=0.513  train/lr=4.985e-05  train/samples_per_sec=304.6
2026-10-05 05:25:15 [  10980] train/loss=0.1596  train/pred_loss=0.02011  train/sigreg_loss=1.55  train/emb_std=0.985  train/emb_norm=13.62  train/pred_vs_static=0.02851  train/grad_norm=0.4813  train/lr=4.985e-05  train/samples_per_sec=304.7
2026-10-05 05:25:23 [  11000] train/loss=0.1609  train/pred_loss=0.02035  train/sigreg_loss=1.561  train/emb_std=0.985  train/emb_norm=13.63  train/pred_vs_static=0.02875  train/grad_norm=0.4926  train/lr=4.984e-05  train/samples_per_sec=304.7
2026-10-05 05:25:32 [  11020] train/loss=0.1594  train/pred_loss=0.0207  train/sigreg_loss=1.542  train/emb_std=0.9844  train/emb_norm=13.61  train/pred_vs_static=0.0292  train/grad_norm=0.4974  train/lr=4.984e-05  train/samples_per_sec=304.8
2026-10-05 05:25:40 [  11040] train/loss=0.1609  train/pred_loss=0.02035  train/sigreg_loss=1.562  train/emb_std=0.9822  train/emb_norm=13.59  train/pred_vs_static=0.02904  train/grad_norm=0.5044  train/lr=4.984e-05  train/samples_per_sec=304.9
2026-10-05 05:25:48 [  11060] train/loss=0.1598  train/pred_loss=0.02044  train/sigreg_loss=1.548  train/emb_std=0.983  train/emb_norm=13.6  train/pred_vs_static=0.0283  train/grad_norm=0.5005  train/lr=4.984e-05  train/samples_per_sec=305
2026-10-05 05:25:57 [  11080] train/loss=0.1593  train/pred_loss=0.0206  train/sigreg_loss=1.541  train/emb_std=0.9842  train/emb_norm=13.61  train/pred_vs_static=0.02905  train/grad_norm=0.5037  train/lr=4.984e-05  train/samples_per_sec=305.1
2026-10-05 05:26:05 [  11100] train/loss=0.1595  train/pred_loss=0.02011  train/sigreg_loss=1.548  train/emb_std=0.984  train/emb_norm=13.61  train/pred_vs_static=0.02833  train/grad_norm=0.4991  train/lr=4.984e-05  train/samples_per_sec=305.1
2026-10-05 05:26:13 [  11120] train/loss=0.1574  train/pred_loss=0.02014  train/sigreg_loss=1.525  train/emb_std=0.9848  train/emb_norm=13.61  train/pred_vs_static=0.02809  train/grad_norm=0.5088  train/lr=4.984e-05  train/samples_per_sec=305.1
2026-10-05 05:26:22 [  11140] train/loss=0.1581  train/pred_loss=0.01947  train/sigreg_loss=1.541  train/emb_std=0.9852  train/emb_norm=13.62  train/pred_vs_static=0.0278  train/grad_norm=0.5  train/lr=4.984e-05  train/samples_per_sec=305.2
2026-10-05 05:26:30 [  11160] train/loss=0.1586  train/pred_loss=0.02019  train/sigreg_loss=1.536  train/emb_std=0.9846  train/emb_norm=13.62  train/pred_vs_static=0.02802  train/grad_norm=0.4916  train/lr=4.984e-05  train/samples_per_sec=305.2
2026-10-05 05:26:38 [  11180] train/loss=0.1614  train/pred_loss=0.02034  train/sigreg_loss=1.568  train/emb_std=0.983  train/emb_norm=13.6  train/pred_vs_static=0.02836  train/grad_norm=0.5056  train/lr=4.984e-05  train/samples_per_sec=305.3
2026-10-05 05:26:47 [  11200] train/loss=0.16  train/pred_loss=0.01998  train/sigreg_loss=1.555  train/emb_std=0.985  train/emb_norm=13.62  train/pred_vs_static=0.02814  train/grad_norm=0.4986  train/lr=4.984e-05  train/samples_per_sec=305.3
2026-10-05 05:26:55 [  11220] train/loss=0.1573  train/pred_loss=0.01949  train/sigreg_loss=1.531  train/emb_std=0.985  train/emb_norm=13.62  train/pred_vs_static=0.0275  train/grad_norm=0.4832  train/lr=4.983e-05  train/samples_per_sec=305.1
2026-10-05 05:27:04 [  11240] train/loss=0.1617  train/pred_loss=0.02077  train/sigreg_loss=1.566  train/emb_std=0.984  train/emb_norm=13.61  train/pred_vs_static=0.02892  train/grad_norm=0.5143  train/lr=4.983e-05  train/samples_per_sec=305.1
2026-10-05 05:27:12 [  11260] train/loss=0.1619  train/pred_loss=0.02038  train/sigreg_loss=1.572  train/emb_std=0.984  train/emb_norm=13.61  train/pred_vs_static=0.02843  train/grad_norm=0.4902  train/lr=4.983e-05  train/samples_per_sec=305
2026-10-05 05:27:21 [  11280] train/loss=0.1589  train/pred_loss=0.01967  train/sigreg_loss=1.547  train/emb_std=0.985  train/emb_norm=13.61  train/pred_vs_static=0.02851  train/grad_norm=0.4911  train/lr=4.983e-05  train/samples_per_sec=304.9
2026-10-05 05:27:29 [  11300] train/loss=0.1618  train/pred_loss=0.02035  train/sigreg_loss=1.571  train/emb_std=0.9844  train/emb_norm=13.62  train/pred_vs_static=0.02867  train/grad_norm=0.5043  train/lr=4.983e-05  train/samples_per_sec=304.9
2026-10-05 05:27:38 [  11320] train/loss=0.1581  train/pred_loss=0.02005  train/sigreg_loss=1.534  train/emb_std=0.984  train/emb_norm=13.6  train/pred_vs_static=0.02816  train/grad_norm=0.5079  train/lr=4.983e-05  train/samples_per_sec=304.8
2026-10-05 05:27:46 [  11340] train/loss=0.1579  train/pred_loss=0.01995  train/sigreg_loss=1.533  train/emb_std=0.985  train/emb_norm=13.62  train/pred_vs_static=0.02751  train/grad_norm=0.5062  train/lr=4.983e-05  train/samples_per_sec=304.8
2026-10-05 05:27:55 [  11360] train/loss=0.1577  train/pred_loss=0.01951  train/sigreg_loss=1.536  train/emb_std=0.9869  train/emb_norm=13.64  train/pred_vs_static=0.02697  train/grad_norm=0.4914  train/lr=4.983e-05  train/samples_per_sec=304.8
2026-10-05 05:28:03 [  11380] train/loss=0.1572  train/pred_loss=0.01941  train/sigreg_loss=1.531  train/emb_std=0.984  train/emb_norm=13.61  train/pred_vs_static=0.02705  train/grad_norm=0.4913  train/lr=4.983e-05  train/samples_per_sec=304.7
2026-10-05 05:28:11 [  11400] train/loss=0.1635  train/pred_loss=0.02029  train/sigreg_loss=1.591  train/emb_std=0.9855  train/emb_norm=13.63  train/pred_vs_static=0.02859  train/grad_norm=0.5067  train/lr=4.983e-05  train/samples_per_sec=304.8
2026-10-05 05:28:20 [  11420] train/loss=0.1579  train/pred_loss=0.0202  train/sigreg_loss=1.531  train/emb_std=0.9828  train/emb_norm=13.6  train/pred_vs_static=0.02832  train/grad_norm=0.5191  train/lr=4.983e-05  train/samples_per_sec=304.7
2026-10-05 05:28:28 [  11440] train/loss=0.1581  train/pred_loss=0.02034  train/sigreg_loss=1.531  train/emb_std=0.9832  train/emb_norm=13.6  train/pred_vs_static=0.02854  train/grad_norm=0.503  train/lr=4.982e-05  train/samples_per_sec=304.7
2026-10-05 05:28:37 [  11460] train/loss=0.1612  train/pred_loss=0.0199  train/sigreg_loss=1.57  train/emb_std=0.9846  train/emb_norm=13.61  train/pred_vs_static=0.02785  train/grad_norm=0.4898  train/lr=4.982e-05  train/samples_per_sec=304.7
2026-10-05 05:28:45 [  11480] train/loss=0.1593  train/pred_loss=0.02009  train/sigreg_loss=1.546  train/emb_std=0.9842  train/emb_norm=13.61  train/pred_vs_static=0.02772  train/grad_norm=0.5195  train/lr=4.982e-05  train/samples_per_sec=304.6
2026-10-05 05:28:54 [  11500] train/loss=0.1568  train/pred_loss=0.01987  train/sigreg_loss=1.523  train/emb_std=0.9855  train/emb_norm=13.62  train/pred_vs_static=0.02875  train/grad_norm=0.5206  train/lr=4.982e-05  train/samples_per_sec=304.6
2026-10-05 05:29:02 [  11520] train/loss=0.157  train/pred_loss=0.01995  train/sigreg_loss=1.521  train/emb_std=0.9852  train/emb_norm=13.62  train/pred_vs_static=0.02793  train/grad_norm=0.514  train/lr=4.982e-05  train/samples_per_sec=304.6
2026-10-05 05:29:11 [  11540] train/loss=0.156  train/pred_loss=0.01915  train/sigreg_loss=1.52  train/emb_std=0.9852  train/emb_norm=13.62  train/pred_vs_static=0.02684  train/grad_norm=0.4917  train/lr=4.982e-05  train/samples_per_sec=304.6
2026-10-05 05:29:19 [  11560] train/loss=0.1595  train/pred_loss=0.02072  train/sigreg_loss=1.543  train/emb_std=0.9846  train/emb_norm=13.61  train/pred_vs_static=0.02879  train/grad_norm=0.5019  train/lr=4.982e-05  train/samples_per_sec=304.6
2026-10-05 05:29:28 [  11580] train/loss=0.1579  train/pred_loss=0.02012  train/sigreg_loss=1.531  train/emb_std=0.9854  train/emb_norm=13.62  train/pred_vs_static=0.02826  train/grad_norm=0.4867  train/lr=4.982e-05  train/samples_per_sec=304.5
2026-10-05 05:29:36 [  11600] train/loss=0.1567  train/pred_loss=0.02024  train/sigreg_loss=1.516  train/emb_std=0.9863  train/emb_norm=13.64  train/pred_vs_static=0.02847  train/grad_norm=0.5026  train/lr=4.982e-05  train/samples_per_sec=304.5
2026-10-05 05:29:45 [  11620] train/loss=0.1581  train/pred_loss=0.02041  train/sigreg_loss=1.529  train/emb_std=0.9848  train/emb_norm=13.61  train/pred_vs_static=0.02794  train/grad_norm=0.5137  train/lr=4.982e-05  train/samples_per_sec=304.4
2026-10-05 05:29:53 [  11640] train/loss=0.1581  train/pred_loss=0.01974  train/sigreg_loss=1.537  train/emb_std=0.9859  train/emb_norm=13.63  train/pred_vs_static=0.02714  train/grad_norm=0.4949  train/lr=4.982e-05  train/samples_per_sec=304.4
2026-10-05 05:30:01 [  11660] train/loss=0.1564  train/pred_loss=0.01968  train/sigreg_loss=1.519  train/emb_std=0.9828  train/emb_norm=13.59  train/pred_vs_static=0.02739  train/grad_norm=0.4715  train/lr=4.981e-05  train/samples_per_sec=304.4
2026-10-05 05:30:10 [  11680] train/loss=0.1596  train/pred_loss=0.02018  train/sigreg_loss=1.549  train/emb_std=0.9854  train/emb_norm=13.62  train/pred_vs_static=0.02786  train/grad_norm=0.495  train/lr=4.981e-05  train/samples_per_sec=304.4
2026-10-05 05:30:18 [  11700] train/loss=0.156  train/pred_loss=0.01939  train/sigreg_loss=1.518  train/emb_std=0.9836  train/emb_norm=13.59  train/pred_vs_static=0.02761  train/grad_norm=0.4824  train/lr=4.981e-05  train/samples_per_sec=304.4
2026-10-05 05:30:27 [  11720] train/loss=0.1587  train/pred_loss=0.01945  train/sigreg_loss=1.547  train/emb_std=0.9832  train/emb_norm=13.6  train/pred_vs_static=0.02729  train/grad_norm=0.4983  train/lr=4.981e-05  train/samples_per_sec=304.3
2026-10-05 05:30:35 [  11740] train/loss=0.1596  train/pred_loss=0.01987  train/sigreg_loss=1.553  train/emb_std=0.9846  train/emb_norm=13.61  train/pred_vs_static=0.02741  train/grad_norm=0.4811  train/lr=4.981e-05  train/samples_per_sec=304.3
2026-10-05 05:30:44 [  11760] train/loss=0.1571  train/pred_loss=0.01987  train/sigreg_loss=1.523  train/emb_std=0.9846  train/emb_norm=13.6  train/pred_vs_static=0.02741  train/grad_norm=0.4919  train/lr=4.981e-05  train/samples_per_sec=304.2
2026-10-05 05:30:52 [  11780] train/loss=0.1582  train/pred_loss=0.02005  train/sigreg_loss=1.536  train/emb_std=0.9848  train/emb_norm=13.62  train/pred_vs_static=0.02795  train/grad_norm=0.4988  train/lr=4.981e-05  train/samples_per_sec=304.2
2026-10-05 05:31:01 [  11800] train/loss=0.1567  train/pred_loss=0.01964  train/sigreg_loss=1.523  train/emb_std=0.9854  train/emb_norm=13.62  train/pred_vs_static=0.0277  train/grad_norm=0.4965  train/lr=4.981e-05  train/samples_per_sec=304.2
2026-10-05 05:31:10 [  11820] train/loss=0.1575  train/pred_loss=0.01986  train/sigreg_loss=1.529  train/emb_std=0.9854  train/emb_norm=13.62  train/pred_vs_static=0.02805  train/grad_norm=0.4922  train/lr=4.981e-05  train/samples_per_sec=304.1
2026-10-05 05:31:18 [  11840] train/loss=0.1549  train/pred_loss=0.01911  train/sigreg_loss=1.508  train/emb_std=0.9846  train/emb_norm=13.61  train/pred_vs_static=0.02675  train/grad_norm=0.4734  train/lr=4.981e-05  train/samples_per_sec=304.1
2026-10-05 05:31:26 [  11860] train/loss=0.1587  train/pred_loss=0.02024  train/sigreg_loss=1.538  train/emb_std=0.9846  train/emb_norm=13.61  train/pred_vs_static=0.02795  train/grad_norm=0.4971  train/lr=4.98e-05  train/samples_per_sec=304.1
2026-10-05 05:31:35 [  11880] train/loss=0.157  train/pred_loss=0.01962  train/sigreg_loss=1.528  train/emb_std=0.9842  train/emb_norm=13.61  train/pred_vs_static=0.02764  train/grad_norm=0.4978  train/lr=4.98e-05  train/samples_per_sec=304.1
2026-10-05 05:31:43 [  11900] train/loss=0.1571  train/pred_loss=0.02  train/sigreg_loss=1.522  train/emb_std=0.9855  train/emb_norm=13.62  train/pred_vs_static=0.02723  train/grad_norm=0.4917  train/lr=4.98e-05  train/samples_per_sec=304.1
2026-10-05 05:31:51 [  11920] train/loss=0.1588  train/pred_loss=0.01982  train/sigreg_loss=1.543  train/emb_std=0.9844  train/emb_norm=13.61  train/pred_vs_static=0.02779  train/grad_norm=0.5022  train/lr=4.98e-05  train/samples_per_sec=304.1
2026-10-05 05:32:00 [  11940] train/loss=0.1559  train/pred_loss=0.01936  train/sigreg_loss=1.517  train/emb_std=0.9848  train/emb_norm=13.62  train/pred_vs_static=0.02745  train/grad_norm=0.493  train/lr=4.98e-05  train/samples_per_sec=304.1
2026-10-05 05:32:08 [  11960] train/loss=0.1574  train/pred_loss=0.02019  train/sigreg_loss=1.526  train/emb_std=0.9846  train/emb_norm=13.61  train/pred_vs_static=0.02791  train/grad_norm=0.5036  train/lr=4.98e-05  train/samples_per_sec=304.1
2026-10-05 05:32:17 [  11980] train/loss=0.1569  train/pred_loss=0.02036  train/sigreg_loss=1.518  train/emb_std=0.985  train/emb_norm=13.61  train/pred_vs_static=0.02768  train/grad_norm=0.5074  train/lr=4.98e-05  train/samples_per_sec=304.2
2026-10-05 05:32:25 [  12000] train/loss=0.1566  train/pred_loss=0.02008  train/sigreg_loss=1.516  train/emb_std=0.9857  train/emb_norm=13.63  train/pred_vs_static=0.02732  train/grad_norm=0.4844  train/lr=4.98e-05  train/samples_per_sec=304.2
2026-10-05 05:32:25 [  12000] train_epoch/loss=0.1604  train_epoch/pred_loss=0.0204  train_epoch/sigreg_loss=1.555  train_epoch/emb_std=0.9845  train_epoch/emb_norm=13.61  train_epoch/pred_vs_static=0.02871  train_epoch/grad_norm=0.5065  train_epoch/lr=4.984e-05  train_epoch/epoch=5
2026-10-05 05:32:53 [  12000] val/loss=0.7842  val/pred_loss=0.0139  val/sigreg_loss=8.561  val/emb_std=0.9445  val/emb_norm=13.73  val/pred_vs_static=0.01942  val/epoch=5
2026-10-05 05:32:54 epoch   5 | val pred_vs_static 0.01942 | best 0.01942 @ epoch 5 | saved epoch_005.pt
2026-10-05 05:33:07 [  12020] train/loss=0.1594  train/pred_loss=0.02024  train/sigreg_loss=1.546  train/emb_std=0.9846  train/emb_norm=13.61  train/pred_vs_static=0.0284  train/grad_norm=0.4906  train/lr=4.98e-05  train/samples_per_sec=193.1
2026-10-05 05:33:15 [  12040] train/loss=0.155  train/pred_loss=0.02004  train/sigreg_loss=1.499  train/emb_std=0.9842  train/emb_norm=13.6  train/pred_vs_static=0.0273  train/grad_norm=0.4897  train/lr=4.98e-05  train/samples_per_sec=238.2
2026-10-05 05:33:24 [  12060] train/loss=0.1553  train/pred_loss=0.01948  train/sigreg_loss=1.509  train/emb_std=0.9863  train/emb_norm=13.64  train/pred_vs_static=0.02681  train/grad_norm=0.4827  train/lr=4.979e-05  train/samples_per_sec=257
2026-10-05 05:33:32 [  12080] train/loss=0.1586  train/pred_loss=0.0201  train/sigreg_loss=1.538  train/emb_std=0.9859  train/emb_norm=13.62  train/pred_vs_static=0.02813  train/grad_norm=0.5108  train/lr=4.979e-05  train/samples_per_sec=268.6
2026-10-05 05:33:40 [  12100] train/loss=0.1574  train/pred_loss=0.01966  train/sigreg_loss=1.532  train/emb_std=0.9852  train/emb_norm=13.62  train/pred_vs_static=0.02764  train/grad_norm=0.4828  train/lr=4.979e-05  train/samples_per_sec=276
2026-10-05 05:33:48 [  12120] train/loss=0.1565  train/pred_loss=0.01986  train/sigreg_loss=1.519  train/emb_std=0.985  train/emb_norm=13.61  train/pred_vs_static=0.0278  train/grad_norm=0.4913  train/lr=4.979e-05  train/samples_per_sec=281.2
2026-10-05 05:33:57 [  12140] train/loss=0.1549  train/pred_loss=0.01926  train/sigreg_loss=1.506  train/emb_std=0.985  train/emb_norm=13.62  train/pred_vs_static=0.02636  train/grad_norm=0.4772  train/lr=4.979e-05  train/samples_per_sec=285
2026-10-05 05:34:05 [  12160] train/loss=0.156  train/pred_loss=0.01961  train/sigreg_loss=1.516  train/emb_std=0.9848  train/emb_norm=13.61  train/pred_vs_static=0.02685  train/grad_norm=0.4817  train/lr=4.979e-05  train/samples_per_sec=288
2026-10-05 05:34:13 [  12180] train/loss=0.1561  train/pred_loss=0.02004  train/sigreg_loss=1.511  train/emb_std=0.9844  train/emb_norm=13.6  train/pred_vs_static=0.02774  train/grad_norm=0.4865  train/lr=4.979e-05  train/samples_per_sec=290.3
2026-10-05 05:34:21 [  12200] train/loss=0.1597  train/pred_loss=0.02078  train/sigreg_loss=1.544  train/emb_std=0.9855  train/emb_norm=13.62  train/pred_vs_static=0.02869  train/grad_norm=0.5051  train/lr=4.979e-05  train/samples_per_sec=292.2
2026-10-05 05:34:30 [  12220] train/loss=0.1562  train/pred_loss=0.02015  train/sigreg_loss=1.511  train/emb_std=0.9844  train/emb_norm=13.62  train/pred_vs_static=0.02803  train/grad_norm=0.5011  train/lr=4.979e-05  train/samples_per_sec=293.8
2026-10-05 05:34:38 [  12240] train/loss=0.1567  train/pred_loss=0.01958  train/sigreg_loss=1.524  train/emb_std=0.985  train/emb_norm=13.61  train/pred_vs_static=0.02761  train/grad_norm=0.4867  train/lr=4.978e-05  train/samples_per_sec=295
2026-10-05 05:34:46 [  12260] train/loss=0.1548  train/pred_loss=0.01927  train/sigreg_loss=1.505  train/emb_std=0.984  train/emb_norm=13.6  train/pred_vs_static=0.02649  train/grad_norm=0.4845  train/lr=4.978e-05  train/samples_per_sec=296
2026-10-05 05:34:54 [  12280] train/loss=0.1551  train/pred_loss=0.01917  train/sigreg_loss=1.509  train/emb_std=0.9844  train/emb_norm=13.61  train/pred_vs_static=0.02619  train/grad_norm=0.4777  train/lr=4.978e-05  train/samples_per_sec=297
2026-10-05 05:35:03 [  12300] train/loss=0.1564  train/pred_loss=0.01984  train/sigreg_loss=1.518  train/emb_std=0.9855  train/emb_norm=13.62  train/pred_vs_static=0.02732  train/grad_norm=0.4825  train/lr=4.978e-05  train/samples_per_sec=297.6
2026-10-05 05:35:11 [  12320] train/loss=0.1574  train/pred_loss=0.01982  train/sigreg_loss=1.528  train/emb_std=0.9838  train/emb_norm=13.6  train/pred_vs_static=0.02721  train/grad_norm=0.4936  train/lr=4.978e-05  train/samples_per_sec=298.3
2026-10-05 05:35:19 [  12340] train/loss=0.1563  train/pred_loss=0.01903  train/sigreg_loss=1.526  train/emb_std=0.985  train/emb_norm=13.62  train/pred_vs_static=0.02567  train/grad_norm=0.4755  train/lr=4.978e-05  train/samples_per_sec=298.8
2026-10-05 05:35:28 [  12360] train/loss=0.1541  train/pred_loss=0.01926  train/sigreg_loss=1.5  train/emb_std=0.984  train/emb_norm=13.61  train/pred_vs_static=0.02691  train/grad_norm=0.4718  train/lr=4.978e-05  train/samples_per_sec=299.5
2026-10-05 05:35:36 [  12380] train/loss=0.1528  train/pred_loss=0.01938  train/sigreg_loss=1.482  train/emb_std=0.9842  train/emb_norm=13.61  train/pred_vs_static=0.02658  train/grad_norm=0.4801  train/lr=4.978e-05  train/samples_per_sec=299.7
2026-10-05 05:35:44 [  12400] train/loss=0.1536  train/pred_loss=0.01882  train/sigreg_loss=1.497  train/emb_std=0.9854  train/emb_norm=13.63  train/pred_vs_static=0.02621  train/grad_norm=0.4764  train/lr=4.978e-05  train/samples_per_sec=300.1
2026-10-05 05:35:53 [  12420] train/loss=0.1549  train/pred_loss=0.01925  train/sigreg_loss=1.507  train/emb_std=0.9855  train/emb_norm=13.63  train/pred_vs_static=0.02652  train/grad_norm=0.4952  train/lr=4.978e-05  train/samples_per_sec=300.4
2026-10-05 05:36:01 [  12440] train/loss=0.1542  train/pred_loss=0.01924  train/sigreg_loss=1.5  train/emb_std=0.9836  train/emb_norm=13.6  train/pred_vs_static=0.02688  train/grad_norm=0.4818  train/lr=4.977e-05  train/samples_per_sec=300.9
2026-10-05 05:36:09 [  12460] train/loss=0.1564  train/pred_loss=0.01958  train/sigreg_loss=1.52  train/emb_std=0.9854  train/emb_norm=13.62  train/pred_vs_static=0.027  train/grad_norm=0.4828  train/lr=4.977e-05  train/samples_per_sec=301.2
2026-10-05 05:36:17 [  12480] train/loss=0.1556  train/pred_loss=0.01954  train/sigreg_loss=1.511  train/emb_std=0.9846  train/emb_norm=13.61  train/pred_vs_static=0.02743  train/grad_norm=0.4816  train/lr=4.977e-05  train/samples_per_sec=301.5
2026-10-05 05:36:26 [  12500] train/loss=0.1549  train/pred_loss=0.01935  train/sigreg_loss=1.507  train/emb_std=0.9842  train/emb_norm=13.62  train/pred_vs_static=0.0265  train/grad_norm=0.4744  train/lr=4.977e-05  train/samples_per_sec=301.8
2026-10-05 05:36:34 [  12520] train/loss=0.1554  train/pred_loss=0.01956  train/sigreg_loss=1.509  train/emb_std=0.9863  train/emb_norm=13.64  train/pred_vs_static=0.02643  train/grad_norm=0.4761  train/lr=4.977e-05  train/samples_per_sec=301.9
2026-10-05 05:36:42 [  12540] train/loss=0.1568  train/pred_loss=0.02029  train/sigreg_loss=1.516  train/emb_std=0.9846  train/emb_norm=13.61  train/pred_vs_static=0.02773  train/grad_norm=0.5013  train/lr=4.977e-05  train/samples_per_sec=302.2
2026-10-05 05:36:51 [  12560] train/loss=0.1549  train/pred_loss=0.01966  train/sigreg_loss=1.504  train/emb_std=0.9861  train/emb_norm=13.63  train/pred_vs_static=0.02671  train/grad_norm=0.473  train/lr=4.977e-05  train/samples_per_sec=302.4
2026-10-05 05:36:59 [  12580] train/loss=0.1538  train/pred_loss=0.01933  train/sigreg_loss=1.493  train/emb_std=0.9842  train/emb_norm=13.6  train/pred_vs_static=0.02672  train/grad_norm=0.4704  train/lr=4.977e-05  train/samples_per_sec=302.7
2026-10-05 05:37:07 [  12600] train/loss=0.1502  train/pred_loss=0.01899  train/sigreg_loss=1.458  train/emb_std=0.9859  train/emb_norm=13.63  train/pred_vs_static=0.02635  train/grad_norm=0.4618  train/lr=4.977e-05  train/samples_per_sec=302.9
2026-10-05 05:37:16 [  12620] train/loss=0.1533  train/pred_loss=0.01853  train/sigreg_loss=1.498  train/emb_std=0.985  train/emb_norm=13.62  train/pred_vs_static=0.02574  train/grad_norm=0.4634  train/lr=4.976e-05  train/samples_per_sec=303.1
2026-10-05 05:37:24 [  12640] train/loss=0.1571  train/pred_loss=0.02015  train/sigreg_loss=1.521  train/emb_std=0.9857  train/emb_norm=13.62  train/pred_vs_static=0.02712  train/grad_norm=0.4921  train/lr=4.976e-05  train/samples_per_sec=303.1
2026-10-05 05:37:32 [  12660] train/loss=0.1568  train/pred_loss=0.01964  train/sigreg_loss=1.523  train/emb_std=0.9855  train/emb_norm=13.61  train/pred_vs_static=0.02718  train/grad_norm=0.4792  train/lr=4.976e-05  train/samples_per_sec=303.1
2026-10-05 05:37:41 [  12680] train/loss=0.1536  train/pred_loss=0.01908  train/sigreg_loss=1.494  train/emb_std=0.9867  train/emb_norm=13.64  train/pred_vs_static=0.02653  train/grad_norm=0.475  train/lr=4.976e-05  train/samples_per_sec=303.2
2026-10-05 05:37:49 [  12700] train/loss=0.1531  train/pred_loss=0.01909  train/sigreg_loss=1.489  train/emb_std=0.9852  train/emb_norm=13.62  train/pred_vs_static=0.02691  train/grad_norm=0.481  train/lr=4.976e-05  train/samples_per_sec=303.2
2026-10-05 05:37:58 [  12720] train/loss=0.1538  train/pred_loss=0.02006  train/sigreg_loss=1.486  train/emb_std=0.985  train/emb_norm=13.61  train/pred_vs_static=0.0275  train/grad_norm=0.5025  train/lr=4.976e-05  train/samples_per_sec=303.1
2026-10-05 05:38:06 [  12740] train/loss=0.1564  train/pred_loss=0.01977  train/sigreg_loss=1.518  train/emb_std=0.9855  train/emb_norm=13.63  train/pred_vs_static=0.02686  train/grad_norm=0.4937  train/lr=4.976e-05  train/samples_per_sec=303.3
2026-10-05 05:38:14 [  12760] train/loss=0.1525  train/pred_loss=0.01894  train/sigreg_loss=1.485  train/emb_std=0.9859  train/emb_norm=13.63  train/pred_vs_static=0.02612  train/grad_norm=0.4713  train/lr=4.976e-05  train/samples_per_sec=303.4
2026-10-05 05:38:23 [  12780] train/loss=0.1556  train/pred_loss=0.02012  train/sigreg_loss=1.505  train/emb_std=0.9846  train/emb_norm=13.61  train/pred_vs_static=0.02752  train/grad_norm=0.4988  train/lr=4.976e-05  train/samples_per_sec=303.4
2026-10-05 05:38:31 [  12800] train/loss=0.1537  train/pred_loss=0.01956  train/sigreg_loss=1.491  train/emb_std=0.9852  train/emb_norm=13.62  train/pred_vs_static=0.02679  train/grad_norm=0.467  train/lr=4.975e-05  train/samples_per_sec=303.2
2026-10-05 05:38:40 [  12820] train/loss=0.1547  train/pred_loss=0.01956  train/sigreg_loss=1.502  train/emb_std=0.9848  train/emb_norm=13.61  train/pred_vs_static=0.02742  train/grad_norm=0.4958  train/lr=4.975e-05  train/samples_per_sec=303.1
2026-10-05 05:38:49 [  12840] train/loss=0.1538  train/pred_loss=0.01942  train/sigreg_loss=1.493  train/emb_std=0.9842  train/emb_norm=13.61  train/pred_vs_static=0.02682  train/grad_norm=0.4831  train/lr=4.975e-05  train/samples_per_sec=303
2026-10-05 05:38:57 [  12860] train/loss=0.1543  train/pred_loss=0.01935  train/sigreg_loss=1.499  train/emb_std=0.9854  train/emb_norm=13.62  train/pred_vs_static=0.02645  train/grad_norm=0.4896  train/lr=4.975e-05  train/samples_per_sec=303
2026-10-05 05:39:05 [  12880] train/loss=0.1524  train/pred_loss=0.01983  train/sigreg_loss=1.473  train/emb_std=0.9848  train/emb_norm=13.62  train/pred_vs_static=0.02717  train/grad_norm=0.4774  train/lr=4.975e-05  train/samples_per_sec=303
2026-10-05 05:39:14 [  12900] train/loss=0.1517  train/pred_loss=0.01952  train/sigreg_loss=1.469  train/emb_std=0.9859  train/emb_norm=13.64  train/pred_vs_static=0.02737  train/grad_norm=0.4843  train/lr=4.975e-05  train/samples_per_sec=302.9
2026-10-05 05:39:22 [  12920] train/loss=0.1543  train/pred_loss=0.01949  train/sigreg_loss=1.498  train/emb_std=0.9844  train/emb_norm=13.61  train/pred_vs_static=0.02727  train/grad_norm=0.4901  train/lr=4.975e-05  train/samples_per_sec=302.9
2026-10-05 05:39:31 [  12940] train/loss=0.154  train/pred_loss=0.0201  train/sigreg_loss=1.489  train/emb_std=0.983  train/emb_norm=13.6  train/pred_vs_static=0.02798  train/grad_norm=0.4839  train/lr=4.975e-05  train/samples_per_sec=302.9
2026-10-05 05:39:39 [  12960] train/loss=0.155  train/pred_loss=0.01917  train/sigreg_loss=1.509  train/emb_std=0.9855  train/emb_norm=13.62  train/pred_vs_static=0.02654  train/grad_norm=0.471  train/lr=4.975e-05  train/samples_per_sec=302.9
2026-10-05 05:39:48 [  12980] train/loss=0.153  train/pred_loss=0.01911  train/sigreg_loss=1.487  train/emb_std=0.9852  train/emb_norm=13.62  train/pred_vs_static=0.02655  train/grad_norm=0.4666  train/lr=4.974e-05  train/samples_per_sec=302.9
2026-10-05 05:39:56 [  13000] train/loss=0.1538  train/pred_loss=0.01887  train/sigreg_loss=1.498  train/emb_std=0.985  train/emb_norm=13.62  train/pred_vs_static=0.02612  train/grad_norm=0.4696  train/lr=4.974e-05  train/samples_per_sec=302.9
2026-10-05 05:40:05 [  13020] train/loss=0.1529  train/pred_loss=0.01906  train/sigreg_loss=1.488  train/emb_std=0.9846  train/emb_norm=13.61  train/pred_vs_static=0.02641  train/grad_norm=0.4695  train/lr=4.974e-05  train/samples_per_sec=302.8
2026-10-05 05:40:13 [  13040] train/loss=0.1504  train/pred_loss=0.01956  train/sigreg_loss=1.454  train/emb_std=0.9848  train/emb_norm=13.61  train/pred_vs_static=0.02739  train/grad_norm=0.481  train/lr=4.974e-05  train/samples_per_sec=302.7
2026-10-05 05:40:22 [  13060] train/loss=0.1539  train/pred_loss=0.01953  train/sigreg_loss=1.493  train/emb_std=0.9863  train/emb_norm=13.64  train/pred_vs_static=0.02668  train/grad_norm=0.4738  train/lr=4.974e-05  train/samples_per_sec=302.7
2026-10-05 05:40:30 [  13080] train/loss=0.1534  train/pred_loss=0.01931  train/sigreg_loss=1.489  train/emb_std=0.9857  train/emb_norm=13.62  train/pred_vs_static=0.02603  train/grad_norm=0.4808  train/lr=4.974e-05  train/samples_per_sec=302.7
2026-10-05 05:40:39 [  13100] train/loss=0.1542  train/pred_loss=0.01928  train/sigreg_loss=1.5  train/emb_std=0.9855  train/emb_norm=13.63  train/pred_vs_static=0.0271  train/grad_norm=0.4683  train/lr=4.974e-05  train/samples_per_sec=302.7
2026-10-05 05:40:47 [  13120] train/loss=0.1519  train/pred_loss=0.01954  train/sigreg_loss=1.471  train/emb_std=0.984  train/emb_norm=13.61  train/pred_vs_static=0.0265  train/grad_norm=0.4673  train/lr=4.974e-05  train/samples_per_sec=302.7
2026-10-05 05:40:56 [  13140] train/loss=0.1508  train/pred_loss=0.01889  train/sigreg_loss=1.466  train/emb_std=0.9842  train/emb_norm=13.61  train/pred_vs_static=0.02596  train/grad_norm=0.4779  train/lr=4.974e-05  train/samples_per_sec=302.8
2026-10-05 05:41:04 [  13160] train/loss=0.1517  train/pred_loss=0.01906  train/sigreg_loss=1.472  train/emb_std=0.9859  train/emb_norm=13.63  train/pred_vs_static=0.02678  train/grad_norm=0.4769  train/lr=4.973e-05  train/samples_per_sec=302.7
2026-10-05 05:41:13 [  13180] train/loss=0.1531  train/pred_loss=0.01941  train/sigreg_loss=1.484  train/emb_std=0.9854  train/emb_norm=13.62  train/pred_vs_static=0.02688  train/grad_norm=0.4729  train/lr=4.973e-05  train/samples_per_sec=302.7
2026-10-05 05:41:21 [  13200] train/loss=0.1499  train/pred_loss=0.01903  train/sigreg_loss=1.454  train/emb_std=0.9844  train/emb_norm=13.61  train/pred_vs_static=0.0263  train/grad_norm=0.4563  train/lr=4.973e-05  train/samples_per_sec=302.7
2026-10-05 05:41:30 [  13220] train/loss=0.1534  train/pred_loss=0.01944  train/sigreg_loss=1.489  train/emb_std=0.9848  train/emb_norm=13.61  train/pred_vs_static=0.0266  train/grad_norm=0.4718  train/lr=4.973e-05  train/samples_per_sec=302.7
2026-10-05 05:41:38 [  13240] train/loss=0.152  train/pred_loss=0.01906  train/sigreg_loss=1.476  train/emb_std=0.9846  train/emb_norm=13.61  train/pred_vs_static=0.02694  train/grad_norm=0.4741  train/lr=4.973e-05  train/samples_per_sec=302.7
2026-10-05 05:41:47 [  13260] train/loss=0.1531  train/pred_loss=0.01886  train/sigreg_loss=1.491  train/emb_std=0.9844  train/emb_norm=13.61  train/pred_vs_static=0.02614  train/grad_norm=0.4851  train/lr=4.973e-05  train/samples_per_sec=302.6
2026-10-05 05:41:55 [  13280] train/loss=0.1513  train/pred_loss=0.01899  train/sigreg_loss=1.47  train/emb_std=0.9848  train/emb_norm=13.62  train/pred_vs_static=0.02613  train/grad_norm=0.4508  train/lr=4.973e-05  train/samples_per_sec=302.6
2026-10-05 05:42:04 [  13300] train/loss=0.1478  train/pred_loss=0.01851  train/sigreg_loss=1.438  train/emb_std=0.9852  train/emb_norm=13.63  train/pred_vs_static=0.02597  train/grad_norm=0.4542  train/lr=4.973e-05  train/samples_per_sec=302.6
2026-10-05 05:42:12 [  13320] train/loss=0.1516  train/pred_loss=0.01873  train/sigreg_loss=1.475  train/emb_std=0.9855  train/emb_norm=13.62  train/pred_vs_static=0.0258  train/grad_norm=0.4553  train/lr=4.972e-05  train/samples_per_sec=302.6
2026-10-05 05:42:21 [  13340] train/loss=0.1521  train/pred_loss=0.01896  train/sigreg_loss=1.479  train/emb_std=0.9842  train/emb_norm=13.61  train/pred_vs_static=0.02604  train/grad_norm=0.4692  train/lr=4.972e-05  train/samples_per_sec=302.6
2026-10-05 05:42:29 [  13360] train/loss=0.1548  train/pred_loss=0.01939  train/sigreg_loss=1.505  train/emb_std=0.9844  train/emb_norm=13.62  train/pred_vs_static=0.02676  train/grad_norm=0.472  train/lr=4.972e-05  train/samples_per_sec=302.6
2026-10-05 05:42:38 [  13380] train/loss=0.1529  train/pred_loss=0.01899  train/sigreg_loss=1.486  train/emb_std=0.9838  train/emb_norm=13.59  train/pred_vs_static=0.02601  train/grad_norm=0.4688  train/lr=4.972e-05  train/samples_per_sec=302.5
2026-10-05 05:42:46 [  13400] train/loss=0.1517  train/pred_loss=0.0188  train/sigreg_loss=1.477  train/emb_std=0.9855  train/emb_norm=13.62  train/pred_vs_static=0.02631  train/grad_norm=0.4713  train/lr=4.972e-05  train/samples_per_sec=302.5
2026-10-05 05:42:55 [  13420] train/loss=0.1492  train/pred_loss=0.01889  train/sigreg_loss=1.448  train/emb_std=0.9852  train/emb_norm=13.62  train/pred_vs_static=0.02588  train/grad_norm=0.4567  train/lr=4.972e-05  train/samples_per_sec=302.5
2026-10-05 05:43:03 [  13440] train/loss=0.1534  train/pred_loss=0.01854  train/sigreg_loss=1.498  train/emb_std=0.9834  train/emb_norm=13.6  train/pred_vs_static=0.02553  train/grad_norm=0.4662  train/lr=4.972e-05  train/samples_per_sec=302.5
2026-10-05 05:43:12 [  13460] train/loss=0.1519  train/pred_loss=0.01898  train/sigreg_loss=1.476  train/emb_std=0.9855  train/emb_norm=13.62  train/pred_vs_static=0.02548  train/grad_norm=0.4628  train/lr=4.972e-05  train/samples_per_sec=302.4
2026-10-05 05:43:20 [  13480] train/loss=0.1531  train/pred_loss=0.01924  train/sigreg_loss=1.486  train/emb_std=0.9844  train/emb_norm=13.61  train/pred_vs_static=0.02606  train/grad_norm=0.4736  train/lr=4.972e-05  train/samples_per_sec=302.2
2026-10-05 05:43:29 [  13500] train/loss=0.1512  train/pred_loss=0.01932  train/sigreg_loss=1.466  train/emb_std=0.9852  train/emb_norm=13.62  train/pred_vs_static=0.02644  train/grad_norm=0.4877  train/lr=4.971e-05  train/samples_per_sec=302.1
2026-10-05 05:43:38 [  13520] train/loss=0.1499  train/pred_loss=0.01897  train/sigreg_loss=1.455  train/emb_std=0.9844  train/emb_norm=13.61  train/pred_vs_static=0.02599  train/grad_norm=0.4777  train/lr=4.971e-05  train/samples_per_sec=302.1
2026-10-05 05:43:46 [  13540] train/loss=0.15  train/pred_loss=0.01841  train/sigreg_loss=1.462  train/emb_std=0.9857  train/emb_norm=13.63  train/pred_vs_static=0.02534  train/grad_norm=0.4637  train/lr=4.971e-05  train/samples_per_sec=302.1
2026-10-05 05:43:55 [  13560] train/loss=0.1519  train/pred_loss=0.01876  train/sigreg_loss=1.48  train/emb_std=0.984  train/emb_norm=13.61  train/pred_vs_static=0.02579  train/grad_norm=0.4774  train/lr=4.971e-05  train/samples_per_sec=302.1
2026-10-05 05:44:03 [  13580] train/loss=0.1481  train/pred_loss=0.01858  train/sigreg_loss=1.439  train/emb_std=0.9852  train/emb_norm=13.63  train/pred_vs_static=0.02571  train/grad_norm=0.4589  train/lr=4.971e-05  train/samples_per_sec=302.1
2026-10-05 05:44:12 [  13600] train/loss=0.15  train/pred_loss=0.01867  train/sigreg_loss=1.459  train/emb_std=0.9855  train/emb_norm=13.62  train/pred_vs_static=0.02621  train/grad_norm=0.454  train/lr=4.971e-05  train/samples_per_sec=302.1
2026-10-05 05:44:20 [  13620] train/loss=0.1503  train/pred_loss=0.01871  train/sigreg_loss=1.462  train/emb_std=0.9844  train/emb_norm=13.61  train/pred_vs_static=0.02603  train/grad_norm=0.4642  train/lr=4.971e-05  train/samples_per_sec=302.1
2026-10-05 05:44:29 [  13640] train/loss=0.1507  train/pred_loss=0.01901  train/sigreg_loss=1.461  train/emb_std=0.9852  train/emb_norm=13.62  train/pred_vs_static=0.0263  train/grad_norm=0.4815  train/lr=4.971e-05  train/samples_per_sec=302.1
2026-10-05 05:44:37 [  13660] train/loss=0.1494  train/pred_loss=0.01894  train/sigreg_loss=1.449  train/emb_std=0.9863  train/emb_norm=13.63  train/pred_vs_static=0.02646  train/grad_norm=0.4725  train/lr=4.97e-05  train/samples_per_sec=302.1
2026-10-05 05:44:46 [  13680] train/loss=0.1488  train/pred_loss=0.0185  train/sigreg_loss=1.447  train/emb_std=0.9848  train/emb_norm=13.62  train/pred_vs_static=0.02584  train/grad_norm=0.4906  train/lr=4.97e-05  train/samples_per_sec=302
2026-10-05 05:44:54 [  13700] train/loss=0.1529  train/pred_loss=0.01936  train/sigreg_loss=1.483  train/emb_std=0.9861  train/emb_norm=13.63  train/pred_vs_static=0.02681  train/grad_norm=0.4695  train/lr=4.97e-05  train/samples_per_sec=302
2026-10-05 05:45:03 [  13720] train/loss=0.1515  train/pred_loss=0.01905  train/sigreg_loss=1.472  train/emb_std=0.9861  train/emb_norm=13.63  train/pred_vs_static=0.02562  train/grad_norm=0.4569  train/lr=4.97e-05  train/samples_per_sec=302
2026-10-05 05:45:11 [  13740] train/loss=0.1497  train/pred_loss=0.01878  train/sigreg_loss=1.455  train/emb_std=0.9852  train/emb_norm=13.62  train/pred_vs_static=0.02608  train/grad_norm=0.4606  train/lr=4.97e-05  train/samples_per_sec=302
2026-10-05 05:45:20 [  13760] train/loss=0.1504  train/pred_loss=0.01869  train/sigreg_loss=1.462  train/emb_std=0.9854  train/emb_norm=13.62  train/pred_vs_static=0.02562  train/grad_norm=0.4719  train/lr=4.97e-05  train/samples_per_sec=302
2026-10-05 05:45:28 [  13780] train/loss=0.1496  train/pred_loss=0.01866  train/sigreg_loss=1.455  train/emb_std=0.9844  train/emb_norm=13.61  train/pred_vs_static=0.02618  train/grad_norm=0.468  train/lr=4.97e-05  train/samples_per_sec=302
2026-10-05 05:45:37 [  13800] train/loss=0.1524  train/pred_loss=0.01914  train/sigreg_loss=1.479  train/emb_std=0.9838  train/emb_norm=13.6  train/pred_vs_static=0.02689  train/grad_norm=0.4707  train/lr=4.97e-05  train/samples_per_sec=302
2026-10-05 05:45:45 [  13820] train/loss=0.1496  train/pred_loss=0.01915  train/sigreg_loss=1.448  train/emb_std=0.9859  train/emb_norm=13.63  train/pred_vs_static=0.02603  train/grad_norm=0.459  train/lr=4.969e-05  train/samples_per_sec=302
2026-10-05 05:45:54 [  13840] train/loss=0.148  train/pred_loss=0.01819  train/sigreg_loss=1.443  train/emb_std=0.9848  train/emb_norm=13.62  train/pred_vs_static=0.02524  train/grad_norm=0.467  train/lr=4.969e-05  train/samples_per_sec=301.9
2026-10-05 05:46:02 [  13860] train/loss=0.1513  train/pred_loss=0.01889  train/sigreg_loss=1.471  train/emb_std=0.9863  train/emb_norm=13.63  train/pred_vs_static=0.02617  train/grad_norm=0.4834  train/lr=4.969e-05  train/samples_per_sec=301.9
2026-10-05 05:46:11 [  13880] train/loss=0.1494  train/pred_loss=0.01865  train/sigreg_loss=1.453  train/emb_std=0.9854  train/emb_norm=13.62  train/pred_vs_static=0.02617  train/grad_norm=0.4496  train/lr=4.969e-05  train/samples_per_sec=302
2026-10-05 05:46:19 [  13900] train/loss=0.1492  train/pred_loss=0.01875  train/sigreg_loss=1.449  train/emb_std=0.9832  train/emb_norm=13.6  train/pred_vs_static=0.02628  train/grad_norm=0.4702  train/lr=4.969e-05  train/samples_per_sec=301.9
2026-10-05 05:46:28 [  13920] train/loss=0.1514  train/pred_loss=0.01917  train/sigreg_loss=1.468  train/emb_std=0.9848  train/emb_norm=13.61  train/pred_vs_static=0.02607  train/grad_norm=0.4694  train/lr=4.969e-05  train/samples_per_sec=301.9
2026-10-05 05:46:36 [  13940] train/loss=0.1505  train/pred_loss=0.0194  train/sigreg_loss=1.456  train/emb_std=0.9846  train/emb_norm=13.62  train/pred_vs_static=0.0265  train/grad_norm=0.4684  train/lr=4.969e-05  train/samples_per_sec=301.9
2026-10-05 05:46:45 [  13960] train/loss=0.1474  train/pred_loss=0.01823  train/sigreg_loss=1.437  train/emb_std=0.9854  train/emb_norm=13.62  train/pred_vs_static=0.02545  train/grad_norm=0.4612  train/lr=4.969e-05  train/samples_per_sec=301.9
2026-10-05 05:46:53 [  13980] train/loss=0.1481  train/pred_loss=0.0183  train/sigreg_loss=1.441  train/emb_std=0.9846  train/emb_norm=13.61  train/pred_vs_static=0.0257  train/grad_norm=0.4539  train/lr=4.968e-05  train/samples_per_sec=302
2026-10-05 05:47:01 [  14000] train/loss=0.1488  train/pred_loss=0.01873  train/sigreg_loss=1.446  train/emb_std=0.9857  train/emb_norm=13.63  train/pred_vs_static=0.02541  train/grad_norm=0.4543  train/lr=4.968e-05  train/samples_per_sec=302
2026-10-05 05:47:01 [  14000] train_epoch/loss=0.153  train_epoch/pred_loss=0.01925  train_epoch/sigreg_loss=1.486  train_epoch/emb_std=0.985  train_epoch/emb_norm=13.62  train_epoch/pred_vs_static=0.02658  train_epoch/grad_norm=0.4758  train_epoch/lr=4.974e-05  train_epoch/epoch=6
2026-10-05 05:47:33 [  14000] val/loss=0.7635  val/pred_loss=0.01282  val/sigreg_loss=8.34  val/emb_std=0.9419  val/emb_norm=13.69  val/pred_vs_static=0.01782  val/epoch=6
2026-10-05 05:47:34 epoch   6 | val pred_vs_static 0.01782 | best 0.01782 @ epoch 6 | saved epoch_006.pt
2026-10-05 05:47:34 === finished 2026-10-05 05:47:34 ===
