2026-09-29 11:24:28 === run lewm_ball (exp_1790681067) started 2026-09-29 11:24:28 ===
2026-09-29 11:24:28 config: {"run_name": "lewm_ball", "out_dir": "/home/world-models/lewm-cus/checkpoints", "exp_id": "exp_1790681067", "seed": 3072, "device": "cuda", "compile": false, "data": {"backend": "h5", "h5_path": "/home/world-models/.stable_worldmodel/datasets/ballcatch/ballcatch_20k.h5", "frameskip": 5, "history": 3, "num_preds": 1, "img_size": 128, "obs_key": "pixels", "train_stride": 1, "val_stride": 3, "max_episodes": null, "val_episodes": 2000, "stats_path": null, "stats_max_rows": 200000, "rdcc_mb": 256}, "scene": {"data_dir": "/home/world-models/lewm-cus/ogbench_scene_single", "train_npz": "visual-scene-play-v0.npz", "val_npz": "visual-scene-play-v0-val.npz", "store_dir": null, "train_pairs": "train_pairs.npz", "val_pairs": null, "v1_pairs": "v1_pairs.npz", "p_task": 0.5, "balance_tasks": true, "hindsight_min_gap": 30, "hindsight_max_gap": 160, "resample_start": true, "samples_per_epoch": 200000, "val_samples": 20000, "env_id": "visual-scene-v0", "num_eval": null, "eval_batch": 50, "budget": 250, "cube_tol": 0.04, "slide_tol": 0.03, "render_size": 64}, "model": {"encoder": "vit", "freeze_encoder": false, "vit_name": "vit_tiny_patch16_224", "vit_pretrained": false, "vit_pool": "cls", "dino_name": "dinov2_vits14", "dino_tokens": "patch", "dino_img_size": 196, "mlp_hidden": 512, "drop_obs": "", "oracle_obs": "", "oracle_hidden": 512, "embed_dim": 192, "act_smooth_dim": 64, "act_mlp_scale": 4, "depth": 6, "heads": 16, "dim_head": 64, "mlp_dim": 2048, "dropout": 0.1, "use_projector": true, "proj_hidden": 2048, "proj_norm": "batch", "cost": "final_mse"}, "optim": {"epochs": 100, "batch_size": 128, "lr": 5e-05, "weight_decay": 0.001, "betas": [0.9, 0.999], "warmup_epochs": 2.0, "min_lr_scale": 0.01, "grad_clip": 1.0, "amp_dtype": "bf16", "num_workers": 12, "prefetch_factor": 4, "persistent_workers": true, "pin_memory": true, "steps_per_epoch": 2000, "val_steps": 100, "log_every": 20, "ckpt_every": 1, "select_metric": "pred_vs_static"}, "loss": {"use_sigreg": true, "sigreg_weight": 0.09, "sigreg_knots": 17, "sigreg_proj": 1024}, "plan": {"planner": "mpc", "solver": "cem", "horizon": 5, "receding_horizon": 5, "action_block": 5, "history_len": 1, "warm_start": true, "num_samples": 300, "n_iters": 30, "topk": 30, "var_scale": 1.0, "momentum": 0.1, "min_std": 0.01, "temperature": 1.0, "chunk_size": 0, "diffusion_samples": 1, "ddim_steps": 10}, "policy": {"chunk": 5, "goal_offset_min": 5, "goal_offset_max": 50, "goal": "cube_xyz", "proprio": "arm", "use_proprio": true, "use_contact": false, "random_backbone": false, "goal_noise": 0.0, "width": 256, "depth": 8, "heads": 4, "cond_layers": 2, "dropout": 0.1, "train_timesteps": 100, "ema_decay": 0.999}, "eval": {"num_eval": 200, "num_envs": 100, "goal_offset": 3, "eval_budget": 50, "min_goal_distance": 0.5, "cube_tol": 0.04, "env_id": "swm/OGBCube-v0", "env_type": "single", "terminate_at_goal": true, "grasp_contact": 0.5, "grasp_dist_cm": 3.0, "lift_cm": 2.0, "save_video": true, "num_videos": 8, "video_fps": 20}, "rollout": {"num_sequences": 256, "horizon": 10, "batch_size": 32, "retrieval_video": true, "retrieval_bank": 2048, "num_videos": 4}, "wandb": {"enabled": true, "project": "lewm-cus", "entity": null, "name": null, "mode": "online"}}
2026-09-29 11:24:39 [     20] train/loss=3.24  train/pred_loss=0.2717  train/sigreg_loss=32.98  train/emb_std=0.3617  train/emb_norm=5.39  train/pred_vs_static=1.393  train/grad_norm=7.188  train/lr=1.312e-07  train/samples_per_sec=301
2026-09-29 11:24:41 [     40] train/loss=3.194  train/pred_loss=0.276  train/sigreg_loss=32.4  train/emb_std=0.3696  train/emb_norm=5.493  train/pred_vs_static=1.354  train/grad_norm=7.207  train/lr=3.813e-07  train/samples_per_sec=458.2
2026-09-29 11:24:44 [     60] train/loss=3.105  train/pred_loss=0.2806  train/sigreg_loss=31.41  train/emb_std=0.3799  train/emb_norm=5.63  train/pred_vs_static=1.285  train/grad_norm=7.362  train/lr=6.312e-07  train/samples_per_sec=554.7
2026-09-29 11:24:47 [     80] train/loss=2.985  train/pred_loss=0.2901  train/sigreg_loss=29.96  train/emb_std=0.3957  train/emb_norm=5.845  train/pred_vs_static=1.217  train/grad_norm=7.411  train/lr=8.813e-07  train/samples_per_sec=619.9
2026-09-29 11:24:49 [    100] train/loss=2.837  train/pred_loss=0.3038  train/sigreg_loss=28.14  train/emb_std=0.4179  train/emb_norm=6.154  train/pred_vs_static=1.119  train/grad_norm=7.209  train/lr=1.131e-06  train/samples_per_sec=667.1
2026-09-29 11:24:52 [    120] train/loss=2.661  train/pred_loss=0.324  train/sigreg_loss=25.98  train/emb_std=0.4455  train/emb_norm=6.556  train/pred_vs_static=1.012  train/grad_norm=6.938  train/lr=1.381e-06  train/samples_per_sec=702.9
2026-09-29 11:24:55 [    140] train/loss=2.459  train/pred_loss=0.3494  train/sigreg_loss=23.45  train/emb_std=0.4767  train/emb_norm=7.007  train/pred_vs_static=0.9297  train/grad_norm=6.844  train/lr=1.631e-06  train/samples_per_sec=731
2026-09-29 11:24:57 [    160] train/loss=2.3  train/pred_loss=0.3715  train/sigreg_loss=21.44  train/emb_std=0.5079  train/emb_norm=7.452  train/pred_vs_static=0.8565  train/grad_norm=6.546  train/lr=1.881e-06  train/samples_per_sec=753.5
2026-09-29 11:25:00 [    180] train/loss=2.175  train/pred_loss=0.3917  train/sigreg_loss=19.81  train/emb_std=0.5373  train/emb_norm=7.858  train/pred_vs_static=0.7939  train/grad_norm=6.232  train/lr=2.131e-06  train/samples_per_sec=771.8
2026-09-29 11:25:03 [    200] train/loss=2.039  train/pred_loss=0.4084  train/sigreg_loss=18.11  train/emb_std=0.5615  train/emb_norm=8.19  train/pred_vs_static=0.7708  train/grad_norm=7.075  train/lr=2.381e-06  train/samples_per_sec=787.1
2026-09-29 11:25:05 [    220] train/loss=1.934  train/pred_loss=0.4149  train/sigreg_loss=16.89  train/emb_std=0.5809  train/emb_norm=8.432  train/pred_vs_static=0.7598  train/grad_norm=7.091  train/lr=2.631e-06  train/samples_per_sec=799.8
2026-09-29 11:25:08 [    240] train/loss=1.841  train/pred_loss=0.423  train/sigreg_loss=15.75  train/emb_std=0.601  train/emb_norm=8.683  train/pred_vs_static=0.7653  train/grad_norm=6.991  train/lr=2.881e-06  train/samples_per_sec=810.8
2026-09-29 11:25:11 [    260] train/loss=1.764  train/pred_loss=0.4263  train/sigreg_loss=14.88  train/emb_std=0.6195  train/emb_norm=8.903  train/pred_vs_static=0.7494  train/grad_norm=7.463  train/lr=3.131e-06  train/samples_per_sec=820
2026-09-29 11:25:13 [    280] train/loss=1.673  train/pred_loss=0.4265  train/sigreg_loss=13.85  train/emb_std=0.6359  train/emb_norm=9.103  train/pred_vs_static=0.7341  train/grad_norm=7.632  train/lr=3.381e-06  train/samples_per_sec=828.3
2026-09-29 11:25:16 [    300] train/loss=1.597  train/pred_loss=0.4266  train/sigreg_loss=13  train/emb_std=0.6529  train/emb_norm=9.326  train/pred_vs_static=0.7274  train/grad_norm=7.635  train/lr=3.631e-06  train/samples_per_sec=835.3
2026-09-29 11:25:19 [    320] train/loss=1.555  train/pred_loss=0.4243  train/sigreg_loss=12.55  train/emb_std=0.6682  train/emb_norm=9.519  train/pred_vs_static=0.7087  train/grad_norm=9.54  train/lr=3.881e-06  train/samples_per_sec=841.5
2026-09-29 11:25:21 [    340] train/loss=1.493  train/pred_loss=0.4156  train/sigreg_loss=11.97  train/emb_std=0.682  train/emb_norm=9.707  train/pred_vs_static=0.7101  train/grad_norm=9.192  train/lr=4.131e-06  train/samples_per_sec=847.3
2026-09-29 11:25:24 [    360] train/loss=1.451  train/pred_loss=0.4134  train/sigreg_loss=11.53  train/emb_std=0.6934  train/emb_norm=9.854  train/pred_vs_static=0.6887  train/grad_norm=10.41  train/lr=4.381e-06  train/samples_per_sec=852.6
2026-09-29 11:25:27 [    380] train/loss=1.412  train/pred_loss=0.4092  train/sigreg_loss=11.14  train/emb_std=0.7033  train/emb_norm=9.973  train/pred_vs_static=0.6881  train/grad_norm=11.39  train/lr=4.631e-06  train/samples_per_sec=857.3
2026-09-29 11:25:30 [    400] train/loss=1.365  train/pred_loss=0.4016  train/sigreg_loss=10.71  train/emb_std=0.7141  train/emb_norm=10.12  train/pred_vs_static=0.6834  train/grad_norm=10  train/lr=4.881e-06  train/samples_per_sec=861.8
2026-09-29 11:25:32 [    420] train/loss=1.328  train/pred_loss=0.3986  train/sigreg_loss=10.32  train/emb_std=0.7225  train/emb_norm=10.24  train/pred_vs_static=0.6728  train/grad_norm=9.926  train/lr=5.131e-06  train/samples_per_sec=865.7
2026-09-29 11:25:35 [    440] train/loss=1.287  train/pred_loss=0.3881  train/sigreg_loss=9.981  train/emb_std=0.7311  train/emb_norm=10.33  train/pred_vs_static=0.686  train/grad_norm=9.232  train/lr=5.381e-06  train/samples_per_sec=869.4
2026-09-29 11:25:38 [    460] train/loss=1.256  train/pred_loss=0.3774  train/sigreg_loss=9.756  train/emb_std=0.7385  train/emb_norm=10.44  train/pred_vs_static=0.6838  train/grad_norm=11.16  train/lr=5.631e-06  train/samples_per_sec=872.7
2026-09-29 11:25:40 [    480] train/loss=1.203  train/pred_loss=0.3644  train/sigreg_loss=9.325  train/emb_std=0.743  train/emb_norm=10.52  train/pred_vs_static=0.6798  train/grad_norm=13.93  train/lr=5.881e-06  train/samples_per_sec=875.7
2026-09-29 11:25:43 [    500] train/loss=1.167  train/pred_loss=0.3518  train/sigreg_loss=9.056  train/emb_std=0.7553  train/emb_norm=10.71  train/pred_vs_static=0.6703  train/grad_norm=8.382  train/lr=6.131e-06  train/samples_per_sec=878.5
2026-09-29 11:25:46 [    520] train/loss=1.126  train/pred_loss=0.3425  train/sigreg_loss=8.709  train/emb_std=0.7652  train/emb_norm=10.83  train/pred_vs_static=0.6592  train/grad_norm=9.81  train/lr=6.381e-06  train/samples_per_sec=881
2026-09-29 11:25:48 [    540] train/loss=1.099  train/pred_loss=0.3322  train/sigreg_loss=8.519  train/emb_std=0.776  train/emb_norm=11  train/pred_vs_static=0.6463  train/grad_norm=10.1  train/lr=6.631e-06  train/samples_per_sec=883.3
2026-09-29 11:25:51 [    560] train/loss=1.083  train/pred_loss=0.3366  train/sigreg_loss=8.291  train/emb_std=0.7824  train/emb_norm=11.08  train/pred_vs_static=0.6189  train/grad_norm=11.16  train/lr=6.881e-06  train/samples_per_sec=885.6
2026-09-29 11:25:54 [    580] train/loss=1.058  train/pred_loss=0.335  train/sigreg_loss=8.023  train/emb_std=0.7926  train/emb_norm=11.24  train/pred_vs_static=0.6231  train/grad_norm=9.208  train/lr=7.131e-06  train/samples_per_sec=887.8
2026-09-29 11:25:56 [    600] train/loss=1.047  train/pred_loss=0.3314  train/sigreg_loss=7.952  train/emb_std=0.8016  train/emb_norm=11.35  train/pred_vs_static=0.6188  train/grad_norm=9.283  train/lr=7.381e-06  train/samples_per_sec=889.8
2026-09-29 11:25:59 [    620] train/loss=1.033  train/pred_loss=0.3396  train/sigreg_loss=7.703  train/emb_std=0.8092  train/emb_norm=11.46  train/pred_vs_static=0.6131  train/grad_norm=9.331  train/lr=7.631e-06  train/samples_per_sec=891.8
2026-09-29 11:26:02 [    640] train/loss=1.025  train/pred_loss=0.3367  train/sigreg_loss=7.642  train/emb_std=0.8166  train/emb_norm=11.55  train/pred_vs_static=0.6179  train/grad_norm=6.812  train/lr=7.881e-06  train/samples_per_sec=893.5
2026-09-29 11:26:04 [    660] train/loss=1.016  train/pred_loss=0.3406  train/sigreg_loss=7.503  train/emb_std=0.8195  train/emb_norm=11.58  train/pred_vs_static=0.6167  train/grad_norm=8.108  train/lr=8.131e-06  train/samples_per_sec=895.2
2026-09-29 11:26:07 [    680] train/loss=0.9985  train/pred_loss=0.3358  train/sigreg_loss=7.361  train/emb_std=0.8297  train/emb_norm=11.71  train/pred_vs_static=0.6176  train/grad_norm=5.209  train/lr=8.381e-06  train/samples_per_sec=896.7
2026-09-29 11:26:10 [    700] train/loss=0.9813  train/pred_loss=0.3335  train/sigreg_loss=7.197  train/emb_std=0.8309  train/emb_norm=11.69  train/pred_vs_static=0.6232  train/grad_norm=5.376  train/lr=8.631e-06  train/samples_per_sec=898.2
2026-09-29 11:26:13 [    720] train/loss=0.9597  train/pred_loss=0.3265  train/sigreg_loss=7.039  train/emb_std=0.832  train/emb_norm=11.69  train/pred_vs_static=0.6364  train/grad_norm=6.174  train/lr=8.881e-06  train/samples_per_sec=899.6
2026-09-29 11:26:15 [    740] train/loss=0.9431  train/pred_loss=0.3089  train/sigreg_loss=7.045  train/emb_std=0.8379  train/emb_norm=11.72  train/pred_vs_static=0.6485  train/grad_norm=6.237  train/lr=9.131e-06  train/samples_per_sec=900.9
2026-09-29 11:26:18 [    760] train/loss=0.9113  train/pred_loss=0.2871  train/sigreg_loss=6.931  train/emb_std=0.8418  train/emb_norm=11.77  train/pred_vs_static=0.6588  train/grad_norm=5.613  train/lr=9.381e-06  train/samples_per_sec=902.1
2026-09-29 11:26:21 [    780] train/loss=0.8794  train/pred_loss=0.2725  train/sigreg_loss=6.741  train/emb_std=0.849  train/emb_norm=11.85  train/pred_vs_static=0.6691  train/grad_norm=4.974  train/lr=9.631e-06  train/samples_per_sec=903.4
2026-09-29 11:26:23 [    800] train/loss=0.8547  train/pred_loss=0.259  train/sigreg_loss=6.619  train/emb_std=0.8639  train/emb_norm=12  train/pred_vs_static=0.6757  train/grad_norm=4.808  train/lr=9.881e-06  train/samples_per_sec=904.6
2026-09-29 11:26:26 [    820] train/loss=0.8251  train/pred_loss=0.2433  train/sigreg_loss=6.458  train/emb_std=0.8688  train/emb_norm=12.05  train/pred_vs_static=0.6879  train/grad_norm=5.447  train/lr=1.013e-05  train/samples_per_sec=905.5
2026-09-29 11:26:29 [    840] train/loss=0.7799  train/pred_loss=0.2149  train/sigreg_loss=6.277  train/emb_std=0.8783  train/emb_norm=12.18  train/pred_vs_static=0.7182  train/grad_norm=5.211  train/lr=1.038e-05  train/samples_per_sec=906.5
2026-09-29 11:26:31 [    860] train/loss=0.7488  train/pred_loss=0.1879  train/sigreg_loss=6.233  train/emb_std=0.8859  train/emb_norm=12.23  train/pred_vs_static=0.7341  train/grad_norm=5.168  train/lr=1.063e-05  train/samples_per_sec=907.3
2026-09-29 11:26:34 [    880] train/loss=0.7241  train/pred_loss=0.1665  train/sigreg_loss=6.194  train/emb_std=0.8953  train/emb_norm=12.32  train/pred_vs_static=0.7783  train/grad_norm=5.013  train/lr=1.088e-05  train/samples_per_sec=908.2
2026-09-29 11:26:37 [    900] train/loss=0.6926  train/pred_loss=0.1461  train/sigreg_loss=6.07  train/emb_std=0.9002  train/emb_norm=12.38  train/pred_vs_static=0.8158  train/grad_norm=5.296  train/lr=1.113e-05  train/samples_per_sec=909
2026-09-29 11:26:40 [    920] train/loss=0.6629  train/pred_loss=0.1247  train/sigreg_loss=5.981  train/emb_std=0.9078  train/emb_norm=12.5  train/pred_vs_static=0.87  train/grad_norm=5.245  train/lr=1.138e-05  train/samples_per_sec=909.9
2026-09-29 11:26:42 [    940] train/loss=0.628  train/pred_loss=0.106  train/sigreg_loss=5.802  train/emb_std=0.9209  train/emb_norm=12.7  train/pred_vs_static=0.915  train/grad_norm=4.957  train/lr=1.163e-05  train/samples_per_sec=910.7
2026-09-29 11:26:45 [    960] train/loss=0.604  train/pred_loss=0.08854  train/sigreg_loss=5.725  train/emb_std=0.9291  train/emb_norm=12.77  train/pred_vs_static=0.9532  train/grad_norm=4.448  train/lr=1.188e-05  train/samples_per_sec=911.6
2026-09-29 11:26:48 [    980] train/loss=0.5812  train/pred_loss=0.07927  train/sigreg_loss=5.578  train/emb_std=0.9383  train/emb_norm=12.82  train/pred_vs_static=1.007  train/grad_norm=4.974  train/lr=1.213e-05  train/samples_per_sec=912.3
2026-09-29 11:26:50 [   1000] train/loss=0.5695  train/pred_loss=0.07051  train/sigreg_loss=5.545  train/emb_std=0.9451  train/emb_norm=12.94  train/pred_vs_static=1.013  train/grad_norm=4.382  train/lr=1.238e-05  train/samples_per_sec=913
2026-09-29 11:26:53 [   1020] train/loss=0.5565  train/pred_loss=0.06486  train/sigreg_loss=5.464  train/emb_std=0.9496  train/emb_norm=12.95  train/pred_vs_static=1.112  train/grad_norm=4.609  train/lr=1.263e-05  train/samples_per_sec=913.7
2026-09-29 11:26:56 [   1040] train/loss=0.5351  train/pred_loss=0.05896  train/sigreg_loss=5.291  train/emb_std=0.9586  train/emb_norm=13.04  train/pred_vs_static=1.168  train/grad_norm=4.263  train/lr=1.288e-05  train/samples_per_sec=914.3
2026-09-29 11:26:58 [   1060] train/loss=0.5271  train/pred_loss=0.05568  train/sigreg_loss=5.239  train/emb_std=0.9621  train/emb_norm=13.06  train/pred_vs_static=1.279  train/grad_norm=4.846  train/lr=1.313e-05  train/samples_per_sec=914.9
2026-09-29 11:27:01 [   1080] train/loss=0.5132  train/pred_loss=0.05023  train/sigreg_loss=5.142  train/emb_std=0.9676  train/emb_norm=13.13  train/pred_vs_static=1.403  train/grad_norm=4.304  train/lr=1.338e-05  train/samples_per_sec=915.5
2026-09-29 11:27:04 [   1100] train/loss=0.5021  train/pred_loss=0.05029  train/sigreg_loss=5.02  train/emb_std=0.9635  train/emb_norm=13.09  train/pred_vs_static=1.507  train/grad_norm=4.26  train/lr=1.363e-05  train/samples_per_sec=916.1
2026-09-29 11:27:07 [   1120] train/loss=0.4847  train/pred_loss=0.04631  train/sigreg_loss=4.87  train/emb_std=0.9689  train/emb_norm=13.11  train/pred_vs_static=1.612  train/grad_norm=4.39  train/lr=1.388e-05  train/samples_per_sec=916.5
2026-09-29 11:27:09 [   1140] train/loss=0.4719  train/pred_loss=0.04236  train/sigreg_loss=4.773  train/emb_std=0.9736  train/emb_norm=13.19  train/pred_vs_static=1.819  train/grad_norm=3.9  train/lr=1.413e-05  train/samples_per_sec=916.9
2026-09-29 11:27:12 [   1160] train/loss=0.4606  train/pred_loss=0.03764  train/sigreg_loss=4.698  train/emb_std=0.9709  train/emb_norm=13.18  train/pred_vs_static=2.046  train/grad_norm=4.259  train/lr=1.438e-05  train/samples_per_sec=917.4
2026-09-29 11:27:15 [   1180] train/loss=0.4516  train/pred_loss=0.03658  train/sigreg_loss=4.609  train/emb_std=0.975  train/emb_norm=13.2  train/pred_vs_static=2.088  train/grad_norm=4.273  train/lr=1.463e-05  train/samples_per_sec=917.8
2026-09-29 11:27:17 [   1200] train/loss=0.4443  train/pred_loss=0.03455  train/sigreg_loss=4.553  train/emb_std=0.9834  train/emb_norm=13.31  train/pred_vs_static=2.131  train/grad_norm=3.877  train/lr=1.488e-05  train/samples_per_sec=918.3
2026-09-29 11:27:20 [   1220] train/loss=0.437  train/pred_loss=0.03526  train/sigreg_loss=4.464  train/emb_std=0.9867  train/emb_norm=13.33  train/pred_vs_static=2.089  train/grad_norm=3.874  train/lr=1.513e-05  train/samples_per_sec=918.8
2026-09-29 11:27:23 [   1240] train/loss=0.4179  train/pred_loss=0.03363  train/sigreg_loss=4.27  train/emb_std=0.9861  train/emb_norm=13.34  train/pred_vs_static=2.104  train/grad_norm=3.456  train/lr=1.538e-05  train/samples_per_sec=919.2
2026-09-29 11:27:25 [   1260] train/loss=0.4135  train/pred_loss=0.03118  train/sigreg_loss=4.248  train/emb_std=0.99  train/emb_norm=13.32  train/pred_vs_static=2.487  train/grad_norm=3.631  train/lr=1.563e-05  train/samples_per_sec=919.6
2026-09-29 11:27:28 [   1280] train/loss=0.4124  train/pred_loss=0.03188  train/sigreg_loss=4.228  train/emb_std=0.9979  train/emb_norm=13.43  train/pred_vs_static=2.279  train/grad_norm=3.684  train/lr=1.588e-05  train/samples_per_sec=920.1
2026-09-29 11:27:31 [   1300] train/loss=0.4063  train/pred_loss=0.03235  train/sigreg_loss=4.154  train/emb_std=0.9977  train/emb_norm=13.4  train/pred_vs_static=2.353  train/grad_norm=3.496  train/lr=1.613e-05  train/samples_per_sec=920.5
2026-09-29 11:27:34 [   1320] train/loss=0.3968  train/pred_loss=0.02925  train/sigreg_loss=4.081  train/emb_std=0.999  train/emb_norm=13.42  train/pred_vs_static=2.553  train/grad_norm=3.599  train/lr=1.638e-05  train/samples_per_sec=920.9
2026-09-29 11:27:36 [   1340] train/loss=0.3901  train/pred_loss=0.02853  train/sigreg_loss=4.014  train/emb_std=0.9984  train/emb_norm=13.43  train/pred_vs_static=2.655  train/grad_norm=3.574  train/lr=1.663e-05  train/samples_per_sec=921.2
2026-09-29 11:27:39 [   1360] train/loss=0.3884  train/pred_loss=0.02889  train/sigreg_loss=3.995  train/emb_std=0.9949  train/emb_norm=13.38  train/pred_vs_static=2.694  train/grad_norm=3.927  train/lr=1.688e-05  train/samples_per_sec=921.6
2026-09-29 11:27:42 [   1380] train/loss=0.3779  train/pred_loss=0.02662  train/sigreg_loss=3.904  train/emb_std=1.003  train/emb_norm=13.47  train/pred_vs_static=2.817  train/grad_norm=3.625  train/lr=1.713e-05  train/samples_per_sec=921.9
2026-09-29 11:27:44 [   1400] train/loss=0.3775  train/pred_loss=0.02597  train/sigreg_loss=3.905  train/emb_std=1.004  train/emb_norm=13.49  train/pred_vs_static=2.817  train/grad_norm=3.484  train/lr=1.738e-05  train/samples_per_sec=922.3
2026-09-29 11:27:47 [   1420] train/loss=0.377  train/pred_loss=0.02696  train/sigreg_loss=3.891  train/emb_std=1.004  train/emb_norm=13.47  train/pred_vs_static=2.562  train/grad_norm=3.353  train/lr=1.763e-05  train/samples_per_sec=922.5
2026-09-29 11:27:50 [   1440] train/loss=0.37  train/pred_loss=0.02499  train/sigreg_loss=3.834  train/emb_std=1.005  train/emb_norm=13.5  train/pred_vs_static=2.852  train/grad_norm=3.622  train/lr=1.788e-05  train/samples_per_sec=922.9
2026-09-29 11:27:53 [   1460] train/loss=0.3623  train/pred_loss=0.02374  train/sigreg_loss=3.76  train/emb_std=1.003  train/emb_norm=13.47  train/pred_vs_static=2.879  train/grad_norm=3.528  train/lr=1.813e-05  train/samples_per_sec=923.2
2026-09-29 11:27:55 [   1480] train/loss=0.3595  train/pred_loss=0.02346  train/sigreg_loss=3.734  train/emb_std=1.007  train/emb_norm=13.51  train/pred_vs_static=2.759  train/grad_norm=3.43  train/lr=1.838e-05  train/samples_per_sec=923.5
2026-09-29 11:27:58 [   1500] train/loss=0.3524  train/pred_loss=0.02236  train/sigreg_loss=3.669  train/emb_std=1.004  train/emb_norm=13.52  train/pred_vs_static=3.184  train/grad_norm=3.268  train/lr=1.863e-05  train/samples_per_sec=923.8
2026-09-29 11:28:01 [   1520] train/loss=0.3617  train/pred_loss=0.02228  train/sigreg_loss=3.772  train/emb_std=1.003  train/emb_norm=13.48  train/pred_vs_static=3.199  train/grad_norm=3.177  train/lr=1.888e-05  train/samples_per_sec=924.1
2026-09-29 11:28:03 [   1540] train/loss=0.3531  train/pred_loss=0.02268  train/sigreg_loss=3.672  train/emb_std=1.005  train/emb_norm=13.5  train/pred_vs_static=2.806  train/grad_norm=3.182  train/lr=1.913e-05  train/samples_per_sec=924.4
2026-09-29 11:28:06 [   1560] train/loss=0.3525  train/pred_loss=0.02227  train/sigreg_loss=3.669  train/emb_std=1.003  train/emb_norm=13.48  train/pred_vs_static=3.228  train/grad_norm=3.431  train/lr=1.938e-05  train/samples_per_sec=924.6
2026-09-29 11:28:09 [   1580] train/loss=0.3501  train/pred_loss=0.02155  train/sigreg_loss=3.651  train/emb_std=1.004  train/emb_norm=13.48  train/pred_vs_static=3.202  train/grad_norm=3.066  train/lr=1.963e-05  train/samples_per_sec=924.9
2026-09-29 11:28:11 [   1600] train/loss=0.3405  train/pred_loss=0.02199  train/sigreg_loss=3.538  train/emb_std=0.998  train/emb_norm=13.47  train/pred_vs_static=3.214  train/grad_norm=3.143  train/lr=1.988e-05  train/samples_per_sec=925.2
2026-09-29 11:28:14 [   1620] train/loss=0.3454  train/pred_loss=0.02137  train/sigreg_loss=3.602  train/emb_std=1.003  train/emb_norm=13.49  train/pred_vs_static=3.517  train/grad_norm=3.289  train/lr=2.013e-05  train/samples_per_sec=925.4
2026-09-29 11:28:17 [   1640] train/loss=0.333  train/pred_loss=0.01992  train/sigreg_loss=3.481  train/emb_std=1.004  train/emb_norm=13.53  train/pred_vs_static=3.281  train/grad_norm=2.807  train/lr=2.038e-05  train/samples_per_sec=925.7
2026-09-29 11:28:20 [   1660] train/loss=0.337  train/pred_loss=0.0199  train/sigreg_loss=3.522  train/emb_std=0.9984  train/emb_norm=13.43  train/pred_vs_static=3.725  train/grad_norm=3.009  train/lr=2.063e-05  train/samples_per_sec=926
2026-09-29 11:28:22 [   1680] train/loss=0.3347  train/pred_loss=0.02078  train/sigreg_loss=3.486  train/emb_std=1.004  train/emb_norm=13.47  train/pred_vs_static=3.464  train/grad_norm=3.181  train/lr=2.088e-05  train/samples_per_sec=926.2
2026-09-29 11:28:25 [   1700] train/loss=0.3305  train/pred_loss=0.02047  train/sigreg_loss=3.445  train/emb_std=0.9977  train/emb_norm=13.44  train/pred_vs_static=3.243  train/grad_norm=2.966  train/lr=2.113e-05  train/samples_per_sec=926.5
2026-09-29 11:28:28 [   1720] train/loss=0.3264  train/pred_loss=0.02013  train/sigreg_loss=3.404  train/emb_std=1.002  train/emb_norm=13.48  train/pred_vs_static=3.275  train/grad_norm=2.946  train/lr=2.138e-05  train/samples_per_sec=926.7
2026-09-29 11:28:30 [   1740] train/loss=0.3268  train/pred_loss=0.02031  train/sigreg_loss=3.404  train/emb_std=0.9971  train/emb_norm=13.47  train/pred_vs_static=3.253  train/grad_norm=2.922  train/lr=2.163e-05  train/samples_per_sec=927
2026-09-29 11:28:33 [   1760] train/loss=0.3166  train/pred_loss=0.01897  train/sigreg_loss=3.307  train/emb_std=0.9992  train/emb_norm=13.49  train/pred_vs_static=3.277  train/grad_norm=2.661  train/lr=2.188e-05  train/samples_per_sec=927.1
2026-09-29 11:28:36 [   1780] train/loss=0.3173  train/pred_loss=0.01877  train/sigreg_loss=3.317  train/emb_std=0.9961  train/emb_norm=13.46  train/pred_vs_static=3.377  train/grad_norm=2.67  train/lr=2.213e-05  train/samples_per_sec=927.4
2026-09-29 11:28:39 [   1800] train/loss=0.3106  train/pred_loss=0.01797  train/sigreg_loss=3.255  train/emb_std=0.9982  train/emb_norm=13.47  train/pred_vs_static=3.629  train/grad_norm=2.821  train/lr=2.238e-05  train/samples_per_sec=927.6
2026-09-29 11:28:41 [   1820] train/loss=0.3156  train/pred_loss=0.01874  train/sigreg_loss=3.297  train/emb_std=0.998  train/emb_norm=13.5  train/pred_vs_static=3.629  train/grad_norm=2.889  train/lr=2.263e-05  train/samples_per_sec=927.7
2026-09-29 11:28:44 [   1840] train/loss=0.3142  train/pred_loss=0.01914  train/sigreg_loss=3.278  train/emb_std=1.002  train/emb_norm=13.54  train/pred_vs_static=3.499  train/grad_norm=2.859  train/lr=2.288e-05  train/samples_per_sec=927.9
2026-09-29 11:28:47 [   1860] train/loss=0.311  train/pred_loss=0.02008  train/sigreg_loss=3.234  train/emb_std=0.998  train/emb_norm=13.5  train/pred_vs_static=3.173  train/grad_norm=2.62  train/lr=2.313e-05  train/samples_per_sec=928.1
2026-09-29 11:28:49 [   1880] train/loss=0.3124  train/pred_loss=0.01864  train/sigreg_loss=3.265  train/emb_std=0.9975  train/emb_norm=13.46  train/pred_vs_static=3.618  train/grad_norm=2.68  train/lr=2.338e-05  train/samples_per_sec=928.3
2026-09-29 11:28:52 [   1900] train/loss=0.3038  train/pred_loss=0.01876  train/sigreg_loss=3.168  train/emb_std=0.9959  train/emb_norm=13.46  train/pred_vs_static=3.615  train/grad_norm=2.637  train/lr=2.363e-05  train/samples_per_sec=928.5
2026-09-29 11:28:55 [   1920] train/loss=0.3027  train/pred_loss=0.01814  train/sigreg_loss=3.162  train/emb_std=0.9982  train/emb_norm=13.47  train/pred_vs_static=3.603  train/grad_norm=2.556  train/lr=2.388e-05  train/samples_per_sec=928.6
2026-09-29 11:28:57 [   1940] train/loss=0.296  train/pred_loss=0.0188  train/sigreg_loss=3.082  train/emb_std=0.9947  train/emb_norm=13.45  train/pred_vs_static=3.313  train/grad_norm=2.398  train/lr=2.413e-05  train/samples_per_sec=928.8
2026-09-29 11:29:00 [   1960] train/loss=0.2979  train/pred_loss=0.01911  train/sigreg_loss=3.097  train/emb_std=0.9957  train/emb_norm=13.44  train/pred_vs_static=3.12  train/grad_norm=2.449  train/lr=2.438e-05  train/samples_per_sec=929
2026-09-29 11:29:03 [   1980] train/loss=0.2969  train/pred_loss=0.01877  train/sigreg_loss=3.088  train/emb_std=1  train/emb_norm=13.48  train/pred_vs_static=3.64  train/grad_norm=2.527  train/lr=2.463e-05  train/samples_per_sec=929.2
2026-09-29 11:29:06 [   2000] train/loss=0.289  train/pred_loss=0.01784  train/sigreg_loss=3.016  train/emb_std=0.998  train/emb_norm=13.5  train/pred_vs_static=3.953  train/grad_norm=2.388  train/lr=2.488e-05  train/samples_per_sec=929.4
2026-09-29 11:29:06 [   2000] train_epoch/loss=0.9001  train_epoch/pred_loss=0.1697  train_epoch/sigreg_loss=8.115  train_epoch/emb_std=0.8566  train_epoch/emb_norm=11.79  train_epoch/pred_vs_static=1.795  train_epoch/grad_norm=5.402  train_epoch/lr=1.251e-05  train_epoch/epoch=0
2026-09-29 11:29:11 [   2000] val/loss=2.472  val/pred_loss=0.04474  val/sigreg_loss=26.97  val/emb_std=0.9321  val/emb_norm=15.03  val/pred_vs_static=5.633  val/epoch=0
2026-09-29 11:29:12 epoch   0 | val pred_vs_static 5.63312 | best 5.63312 @ epoch 0 | saved epoch_000.pt
2026-09-29 11:29:17 [   2020] train/loss=0.2842  train/pred_loss=0.01897  train/sigreg_loss=2.947  train/emb_std=0.9957  train/emb_norm=13.48  train/pred_vs_static=4.292  train/grad_norm=2.275  train/lr=2.513e-05  train/samples_per_sec=437.2
2026-09-29 11:29:20 [   2040] train/loss=0.2849  train/pred_loss=0.01851  train/sigreg_loss=2.962  train/emb_std=0.9988  train/emb_norm=13.52  train/pred_vs_static=3.945  train/grad_norm=2.42  train/lr=2.538e-05  train/samples_per_sec=582.8
2026-09-29 11:29:23 [   2060] train/loss=0.2834  train/pred_loss=0.01845  train/sigreg_loss=2.945  train/emb_std=0.9957  train/emb_norm=13.45  train/pred_vs_static=3.856  train/grad_norm=2.412  train/lr=2.563e-05  train/samples_per_sec=667.7
2026-09-29 11:29:26 [   2080] train/loss=0.277  train/pred_loss=0.01846  train/sigreg_loss=2.874  train/emb_std=0.9967  train/emb_norm=13.51  train/pred_vs_static=3.853  train/grad_norm=2.373  train/lr=2.588e-05  train/samples_per_sec=721
2026-09-29 11:29:28 [   2100] train/loss=0.2771  train/pred_loss=0.01854  train/sigreg_loss=2.871  train/emb_std=0.9965  train/emb_norm=13.47  train/pred_vs_static=3.777  train/grad_norm=2.35  train/lr=2.613e-05  train/samples_per_sec=756.9
2026-09-29 11:29:31 [   2120] train/loss=0.272  train/pred_loss=0.01838  train/sigreg_loss=2.817  train/emb_std=0.9986  train/emb_norm=13.52  train/pred_vs_static=3.758  train/grad_norm=2.186  train/lr=2.638e-05  train/samples_per_sec=783
2026-09-29 11:29:34 [   2140] train/loss=0.2732  train/pred_loss=0.01843  train/sigreg_loss=2.83  train/emb_std=0.9979  train/emb_norm=13.49  train/pred_vs_static=3.864  train/grad_norm=2.244  train/lr=2.663e-05  train/samples_per_sec=802.3
2026-09-29 11:29:37 [   2160] train/loss=0.2731  train/pred_loss=0.01855  train/sigreg_loss=2.827  train/emb_std=0.9943  train/emb_norm=13.47  train/pred_vs_static=3.636  train/grad_norm=2.337  train/lr=2.688e-05  train/samples_per_sec=817.2
2026-09-29 11:29:39 [   2180] train/loss=0.2628  train/pred_loss=0.019  train/sigreg_loss=2.709  train/emb_std=0.9982  train/emb_norm=13.54  train/pred_vs_static=3.48  train/grad_norm=2.203  train/lr=2.713e-05  train/samples_per_sec=829.3
2026-09-29 11:29:42 [   2200] train/loss=0.2627  train/pred_loss=0.01842  train/sigreg_loss=2.715  train/emb_std=0.993  train/emb_norm=13.51  train/pred_vs_static=3.537  train/grad_norm=2.224  train/lr=2.738e-05  train/samples_per_sec=839.6
2026-09-29 11:29:45 [   2220] train/loss=0.2605  train/pred_loss=0.01733  train/sigreg_loss=2.702  train/emb_std=0.999  train/emb_norm=13.58  train/pred_vs_static=3.753  train/grad_norm=2.191  train/lr=2.763e-05  train/samples_per_sec=848.3
2026-09-29 11:29:47 [   2240] train/loss=0.2585  train/pred_loss=0.0174  train/sigreg_loss=2.678  train/emb_std=0.9994  train/emb_norm=13.54  train/pred_vs_static=3.562  train/grad_norm=2.177  train/lr=2.788e-05  train/samples_per_sec=855.1
2026-09-29 11:29:50 [   2260] train/loss=0.2541  train/pred_loss=0.01683  train/sigreg_loss=2.635  train/emb_std=1  train/emb_norm=13.53  train/pred_vs_static=3.84  train/grad_norm=2.047  train/lr=2.813e-05  train/samples_per_sec=861.6
2026-09-29 11:29:53 [   2280] train/loss=0.2513  train/pred_loss=0.01871  train/sigreg_loss=2.584  train/emb_std=1.001  train/emb_norm=13.55  train/pred_vs_static=2.948  train/grad_norm=2.125  train/lr=2.838e-05  train/samples_per_sec=867
2026-09-29 11:29:56 [   2300] train/loss=0.2498  train/pred_loss=0.01632  train/sigreg_loss=2.594  train/emb_std=1.002  train/emb_norm=13.57  train/pred_vs_static=3.463  train/grad_norm=2.015  train/lr=2.863e-05  train/samples_per_sec=871.9
2026-09-29 11:29:58 [   2320] train/loss=0.2481  train/pred_loss=0.0167  train/sigreg_loss=2.57  train/emb_std=0.9967  train/emb_norm=13.53  train/pred_vs_static=3.655  train/grad_norm=2.05  train/lr=2.888e-05  train/samples_per_sec=876
2026-09-29 11:30:01 [   2340] train/loss=0.2478  train/pred_loss=0.01606  train/sigreg_loss=2.575  train/emb_std=0.9971  train/emb_norm=13.53  train/pred_vs_static=4.135  train/grad_norm=2.108  train/lr=2.913e-05  train/samples_per_sec=879.7
2026-09-29 11:30:04 [   2360] train/loss=0.2427  train/pred_loss=0.01561  train/sigreg_loss=2.523  train/emb_std=0.9961  train/emb_norm=13.53  train/pred_vs_static=4.036  train/grad_norm=1.969  train/lr=2.938e-05  train/samples_per_sec=883.2
2026-09-29 11:30:06 [   2380] train/loss=0.2387  train/pred_loss=0.01609  train/sigreg_loss=2.473  train/emb_std=0.9963  train/emb_norm=13.54  train/pred_vs_static=3.516  train/grad_norm=1.894  train/lr=2.963e-05  train/samples_per_sec=886.1
2026-09-29 11:30:09 [   2400] train/loss=0.246  train/pred_loss=0.0174  train/sigreg_loss=2.538  train/emb_std=0.9994  train/emb_norm=13.52  train/pred_vs_static=3.097  train/grad_norm=1.955  train/lr=2.988e-05  train/samples_per_sec=888.7
2026-09-29 11:30:12 [   2420] train/loss=0.2408  train/pred_loss=0.01604  train/sigreg_loss=2.498  train/emb_std=0.9963  train/emb_norm=13.55  train/pred_vs_static=3.793  train/grad_norm=2.052  train/lr=3.013e-05  train/samples_per_sec=891.1
2026-09-29 11:30:15 [   2440] train/loss=0.241  train/pred_loss=0.01661  train/sigreg_loss=2.493  train/emb_std=0.9938  train/emb_norm=13.51  train/pred_vs_static=3.574  train/grad_norm=1.985  train/lr=3.038e-05  train/samples_per_sec=893.5
2026-09-29 11:30:17 [   2460] train/loss=0.236  train/pred_loss=0.01519  train/sigreg_loss=2.452  train/emb_std=0.9949  train/emb_norm=13.49  train/pred_vs_static=5.03  train/grad_norm=1.967  train/lr=3.063e-05  train/samples_per_sec=895.2
2026-09-29 11:30:20 [   2480] train/loss=0.2368  train/pred_loss=0.01624  train/sigreg_loss=2.45  train/emb_std=0.9986  train/emb_norm=13.55  train/pred_vs_static=4.214  train/grad_norm=1.867  train/lr=3.088e-05  train/samples_per_sec=897.2
2026-09-29 11:30:23 [   2500] train/loss=0.2333  train/pred_loss=0.01521  train/sigreg_loss=2.422  train/emb_std=0.9988  train/emb_norm=13.55  train/pred_vs_static=4.079  train/grad_norm=1.876  train/lr=3.113e-05  train/samples_per_sec=899.1
2026-09-29 11:30:25 [   2520] train/loss=0.2317  train/pred_loss=0.01636  train/sigreg_loss=2.392  train/emb_std=0.9932  train/emb_norm=13.53  train/pred_vs_static=3.921  train/grad_norm=1.89  train/lr=3.138e-05  train/samples_per_sec=900.7
2026-09-29 11:30:28 [   2540] train/loss=0.2299  train/pred_loss=0.01529  train/sigreg_loss=2.384  train/emb_std=0.998  train/emb_norm=13.57  train/pred_vs_static=4.053  train/grad_norm=1.76  train/lr=3.163e-05  train/samples_per_sec=902.4
2026-09-29 11:30:31 [   2560] train/loss=0.2289  train/pred_loss=0.01527  train/sigreg_loss=2.375  train/emb_std=0.9941  train/emb_norm=13.54  train/pred_vs_static=4.685  train/grad_norm=1.839  train/lr=3.188e-05  train/samples_per_sec=903.9
2026-09-29 11:30:34 [   2580] train/loss=0.2233  train/pred_loss=0.01515  train/sigreg_loss=2.313  train/emb_std=0.9943  train/emb_norm=13.54  train/pred_vs_static=4.613  train/grad_norm=1.787  train/lr=3.213e-05  train/samples_per_sec=905.3
2026-09-29 11:30:36 [   2600] train/loss=0.2295  train/pred_loss=0.01508  train/sigreg_loss=2.382  train/emb_std=0.9955  train/emb_norm=13.52  train/pred_vs_static=4.14  train/grad_norm=1.933  train/lr=3.238e-05  train/samples_per_sec=906.4
2026-09-29 11:30:39 [   2620] train/loss=0.2243  train/pred_loss=0.01542  train/sigreg_loss=2.32  train/emb_std=0.9947  train/emb_norm=13.56  train/pred_vs_static=3.869  train/grad_norm=1.773  train/lr=3.263e-05  train/samples_per_sec=907.5
2026-09-29 11:30:42 [   2640] train/loss=0.2215  train/pred_loss=0.01569  train/sigreg_loss=2.287  train/emb_std=0.9957  train/emb_norm=13.56  train/pred_vs_static=3.389  train/grad_norm=1.711  train/lr=3.288e-05  train/samples_per_sec=908.7
2026-09-29 11:30:44 [   2660] train/loss=0.2158  train/pred_loss=0.01449  train/sigreg_loss=2.237  train/emb_std=0.9955  train/emb_norm=13.58  train/pred_vs_static=4.252  train/grad_norm=1.674  train/lr=3.313e-05  train/samples_per_sec=909.8
2026-09-29 11:30:47 [   2680] train/loss=0.2224  train/pred_loss=0.01474  train/sigreg_loss=2.308  train/emb_std=0.9955  train/emb_norm=13.57  train/pred_vs_static=4.825  train/grad_norm=1.723  train/lr=3.338e-05  train/samples_per_sec=910.7
2026-09-29 11:30:50 [   2700] train/loss=0.2218  train/pred_loss=0.01521  train/sigreg_loss=2.295  train/emb_std=0.9945  train/emb_norm=13.56  train/pred_vs_static=3.846  train/grad_norm=1.735  train/lr=3.363e-05  train/samples_per_sec=911.6
2026-09-29 11:30:53 [   2720] train/loss=0.2155  train/pred_loss=0.01583  train/sigreg_loss=2.218  train/emb_std=0.9934  train/emb_norm=13.54  train/pred_vs_static=3.894  train/grad_norm=1.638  train/lr=3.388e-05  train/samples_per_sec=912.5
2026-09-29 11:30:55 [   2740] train/loss=0.2137  train/pred_loss=0.0143  train/sigreg_loss=2.216  train/emb_std=0.9928  train/emb_norm=13.55  train/pred_vs_static=4.526  train/grad_norm=1.672  train/lr=3.413e-05  train/samples_per_sec=913.1
2026-09-29 11:30:58 [   2760] train/loss=0.2137  train/pred_loss=0.01527  train/sigreg_loss=2.204  train/emb_std=0.9971  train/emb_norm=13.57  train/pred_vs_static=4.054  train/grad_norm=1.652  train/lr=3.438e-05  train/samples_per_sec=913.7
2026-09-29 11:31:01 [   2780] train/loss=0.2132  train/pred_loss=0.0153  train/sigreg_loss=2.199  train/emb_std=0.9924  train/emb_norm=13.57  train/pred_vs_static=3.688  train/grad_norm=1.697  train/lr=3.463e-05  train/samples_per_sec=914.4
2026-09-29 11:31:03 [   2800] train/loss=0.2153  train/pred_loss=0.01451  train/sigreg_loss=2.232  train/emb_std=0.9918  train/emb_norm=13.55  train/pred_vs_static=4.23  train/grad_norm=1.69  train/lr=3.488e-05  train/samples_per_sec=915.1
2026-09-29 11:31:06 [   2820] train/loss=0.2098  train/pred_loss=0.01412  train/sigreg_loss=2.174  train/emb_std=0.9883  train/emb_norm=13.54  train/pred_vs_static=4.154  train/grad_norm=1.619  train/lr=3.513e-05  train/samples_per_sec=915.7
2026-09-29 11:31:09 [   2840] train/loss=0.2102  train/pred_loss=0.01393  train/sigreg_loss=2.181  train/emb_std=0.9902  train/emb_norm=13.54  train/pred_vs_static=4.527  train/grad_norm=1.661  train/lr=3.538e-05  train/samples_per_sec=916.4
2026-09-29 11:31:12 [   2860] train/loss=0.2083  train/pred_loss=0.01479  train/sigreg_loss=2.15  train/emb_std=0.99  train/emb_norm=13.55  train/pred_vs_static=4.002  train/grad_norm=1.649  train/lr=3.563e-05  train/samples_per_sec=916.8
2026-09-29 11:31:14 [   2880] train/loss=0.2047  train/pred_loss=0.01505  train/sigreg_loss=2.108  train/emb_std=0.9916  train/emb_norm=13.55  train/pred_vs_static=4.393  train/grad_norm=1.582  train/lr=3.588e-05  train/samples_per_sec=917.5
2026-09-29 11:31:17 [   2900] train/loss=0.2044  train/pred_loss=0.01475  train/sigreg_loss=2.108  train/emb_std=0.9936  train/emb_norm=13.56  train/pred_vs_static=4.622  train/grad_norm=1.549  train/lr=3.613e-05  train/samples_per_sec=918
2026-09-29 11:31:20 [   2920] train/loss=0.2044  train/pred_loss=0.01428  train/sigreg_loss=2.114  train/emb_std=0.9898  train/emb_norm=13.53  train/pred_vs_static=5.05  train/grad_norm=1.592  train/lr=3.638e-05  train/samples_per_sec=918.6
2026-09-29 11:31:22 [   2940] train/loss=0.2012  train/pred_loss=0.01409  train/sigreg_loss=2.079  train/emb_std=0.9912  train/emb_norm=13.56  train/pred_vs_static=4.306  train/grad_norm=1.499  train/lr=3.663e-05  train/samples_per_sec=919.1
2026-09-29 11:31:25 [   2960] train/loss=0.203  train/pred_loss=0.01311  train/sigreg_loss=2.109  train/emb_std=0.9934  train/emb_norm=13.57  train/pred_vs_static=4.928  train/grad_norm=1.552  train/lr=3.688e-05  train/samples_per_sec=919.6
2026-09-29 11:31:28 [   2980] train/loss=0.1993  train/pred_loss=0.01371  train/sigreg_loss=2.062  train/emb_std=0.9891  train/emb_norm=13.58  train/pred_vs_static=4.716  train/grad_norm=1.503  train/lr=3.713e-05  train/samples_per_sec=920.1
2026-09-29 11:31:31 [   3000] train/loss=0.2008  train/pred_loss=0.01411  train/sigreg_loss=2.075  train/emb_std=0.9945  train/emb_norm=13.58  train/pred_vs_static=4.177  train/grad_norm=1.506  train/lr=3.738e-05  train/samples_per_sec=920.5
2026-09-29 11:31:33 [   3020] train/loss=0.1995  train/pred_loss=0.01419  train/sigreg_loss=2.058  train/emb_std=0.9895  train/emb_norm=13.54  train/pred_vs_static=4.286  train/grad_norm=1.428  train/lr=3.763e-05  train/samples_per_sec=921
2026-09-29 11:31:36 [   3040] train/loss=0.2005  train/pred_loss=0.0138  train/sigreg_loss=2.073  train/emb_std=0.9916  train/emb_norm=13.59  train/pred_vs_static=4.004  train/grad_norm=1.501  train/lr=3.788e-05  train/samples_per_sec=921.2
2026-09-29 11:31:39 [   3060] train/loss=0.1957  train/pred_loss=0.0134  train/sigreg_loss=2.026  train/emb_std=0.9908  train/emb_norm=13.57  train/pred_vs_static=4.103  train/grad_norm=1.425  train/lr=3.813e-05  train/samples_per_sec=921.7
2026-09-29 11:31:41 [   3080] train/loss=0.1952  train/pred_loss=0.01318  train/sigreg_loss=2.022  train/emb_std=0.9902  train/emb_norm=13.55  train/pred_vs_static=4.787  train/grad_norm=1.508  train/lr=3.838e-05  train/samples_per_sec=922
2026-09-29 11:31:44 [   3100] train/loss=0.1985  train/pred_loss=0.01322  train/sigreg_loss=2.058  train/emb_std=0.9908  train/emb_norm=13.56  train/pred_vs_static=4.744  train/grad_norm=1.497  train/lr=3.863e-05  train/samples_per_sec=922.4
2026-09-29 11:31:47 [   3120] train/loss=0.1955  train/pred_loss=0.01342  train/sigreg_loss=2.022  train/emb_std=0.9914  train/emb_norm=13.6  train/pred_vs_static=4.41  train/grad_norm=1.455  train/lr=3.888e-05  train/samples_per_sec=922.8
2026-09-29 11:31:50 [   3140] train/loss=0.1934  train/pred_loss=0.01366  train/sigreg_loss=1.997  train/emb_std=0.99  train/emb_norm=13.58  train/pred_vs_static=4.999  train/grad_norm=1.415  train/lr=3.913e-05  train/samples_per_sec=923.1
2026-09-29 11:31:52 [   3160] train/loss=0.1922  train/pred_loss=0.0127  train/sigreg_loss=1.995  train/emb_std=0.9891  train/emb_norm=13.57  train/pred_vs_static=4.982  train/grad_norm=1.453  train/lr=3.938e-05  train/samples_per_sec=923.4
2026-09-29 11:31:55 [   3180] train/loss=0.1867  train/pred_loss=0.01219  train/sigreg_loss=1.939  train/emb_std=0.9867  train/emb_norm=13.56  train/pred_vs_static=4.539  train/grad_norm=1.359  train/lr=3.963e-05  train/samples_per_sec=923.7
2026-09-29 11:31:58 [   3200] train/loss=0.1889  train/pred_loss=0.01263  train/sigreg_loss=1.959  train/emb_std=0.9908  train/emb_norm=13.56  train/pred_vs_static=4.808  train/grad_norm=1.383  train/lr=3.988e-05  train/samples_per_sec=924.1
2026-09-29 11:32:00 [   3220] train/loss=0.1902  train/pred_loss=0.01279  train/sigreg_loss=1.97  train/emb_std=0.9906  train/emb_norm=13.59  train/pred_vs_static=4.723  train/grad_norm=1.357  train/lr=4.013e-05  train/samples_per_sec=924.4
2026-09-29 11:32:03 [   3240] train/loss=0.1861  train/pred_loss=0.01261  train/sigreg_loss=1.929  train/emb_std=0.9898  train/emb_norm=13.57  train/pred_vs_static=4.255  train/grad_norm=1.332  train/lr=4.038e-05  train/samples_per_sec=924.7
2026-09-29 11:32:06 [   3260] train/loss=0.1914  train/pred_loss=0.01289  train/sigreg_loss=1.983  train/emb_std=0.9896  train/emb_norm=13.58  train/pred_vs_static=4.393  train/grad_norm=1.347  train/lr=4.063e-05  train/samples_per_sec=925
2026-09-29 11:32:09 [   3280] train/loss=0.1879  train/pred_loss=0.01333  train/sigreg_loss=1.94  train/emb_std=0.9898  train/emb_norm=13.58  train/pred_vs_static=4.398  train/grad_norm=1.359  train/lr=4.088e-05  train/samples_per_sec=925.3
2026-09-29 11:32:11 [   3300] train/loss=0.1842  train/pred_loss=0.01285  train/sigreg_loss=1.904  train/emb_std=0.9891  train/emb_norm=13.58  train/pred_vs_static=4.582  train/grad_norm=1.313  train/lr=4.113e-05  train/samples_per_sec=925.5
2026-09-29 11:32:14 [   3320] train/loss=0.1862  train/pred_loss=0.0128  train/sigreg_loss=1.927  train/emb_std=0.9898  train/emb_norm=13.58  train/pred_vs_static=4.023  train/grad_norm=1.33  train/lr=4.138e-05  train/samples_per_sec=925.8
2026-09-29 11:32:17 [   3340] train/loss=0.1843  train/pred_loss=0.01257  train/sigreg_loss=1.907  train/emb_std=0.9912  train/emb_norm=13.59  train/pred_vs_static=4.463  train/grad_norm=1.34  train/lr=4.163e-05  train/samples_per_sec=926.1
2026-09-29 11:32:19 [   3360] train/loss=0.1828  train/pred_loss=0.01231  train/sigreg_loss=1.895  train/emb_std=0.9879  train/emb_norm=13.59  train/pred_vs_static=5.613  train/grad_norm=1.335  train/lr=4.188e-05  train/samples_per_sec=926.3
2026-09-29 11:32:22 [   3380] train/loss=0.1799  train/pred_loss=0.0137  train/sigreg_loss=1.846  train/emb_std=0.9904  train/emb_norm=13.6  train/pred_vs_static=3.976  train/grad_norm=1.308  train/lr=4.213e-05  train/samples_per_sec=926.6
2026-09-29 11:32:25 [   3400] train/loss=0.1793  train/pred_loss=0.01197  train/sigreg_loss=1.859  train/emb_std=0.9885  train/emb_norm=13.57  train/pred_vs_static=5.188  train/grad_norm=1.274  train/lr=4.238e-05  train/samples_per_sec=926.8
2026-09-29 11:32:28 [   3420] train/loss=0.177  train/pred_loss=0.01237  train/sigreg_loss=1.83  train/emb_std=0.9906  train/emb_norm=13.59  train/pred_vs_static=4.593  train/grad_norm=1.261  train/lr=4.263e-05  train/samples_per_sec=927.1
2026-09-29 11:32:30 [   3440] train/loss=0.1788  train/pred_loss=0.01218  train/sigreg_loss=1.852  train/emb_std=0.9896  train/emb_norm=13.6  train/pred_vs_static=5.576  train/grad_norm=1.3  train/lr=4.288e-05  train/samples_per_sec=927.3
2026-09-29 11:32:33 [   3460] train/loss=0.1779  train/pred_loss=0.01161  train/sigreg_loss=1.847  train/emb_std=0.9896  train/emb_norm=13.61  train/pred_vs_static=6.322  train/grad_norm=1.245  train/lr=4.313e-05  train/samples_per_sec=927.5
2026-09-29 11:32:36 [   3480] train/loss=0.1797  train/pred_loss=0.01213  train/sigreg_loss=1.862  train/emb_std=0.9885  train/emb_norm=13.59  train/pred_vs_static=5.144  train/grad_norm=1.268  train/lr=4.338e-05  train/samples_per_sec=927.8
2026-09-29 11:32:38 [   3500] train/loss=0.1779  train/pred_loss=0.01228  train/sigreg_loss=1.839  train/emb_std=0.9883  train/emb_norm=13.57  train/pred_vs_static=4.405  train/grad_norm=1.264  train/lr=4.363e-05  train/samples_per_sec=927.9
2026-09-29 11:32:41 [   3520] train/loss=0.1778  train/pred_loss=0.01235  train/sigreg_loss=1.838  train/emb_std=0.9898  train/emb_norm=13.62  train/pred_vs_static=4.957  train/grad_norm=1.237  train/lr=4.388e-05  train/samples_per_sec=928.1
2026-09-29 11:32:44 [   3540] train/loss=0.1739  train/pred_loss=0.01255  train/sigreg_loss=1.793  train/emb_std=0.9904  train/emb_norm=13.59  train/pred_vs_static=4.475  train/grad_norm=1.232  train/lr=4.413e-05  train/samples_per_sec=928.3
2026-09-29 11:32:47 [   3560] train/loss=0.1738  train/pred_loss=0.01245  train/sigreg_loss=1.793  train/emb_std=0.9885  train/emb_norm=13.59  train/pred_vs_static=4.963  train/grad_norm=1.237  train/lr=4.438e-05  train/samples_per_sec=928.4
2026-09-29 11:32:49 [   3580] train/loss=0.1752  train/pred_loss=0.01197  train/sigreg_loss=1.813  train/emb_std=0.9898  train/emb_norm=13.6  train/pred_vs_static=5.626  train/grad_norm=1.21  train/lr=4.463e-05  train/samples_per_sec=928.6
2026-09-29 11:32:52 [   3600] train/loss=0.1722  train/pred_loss=0.01221  train/sigreg_loss=1.777  train/emb_std=0.9914  train/emb_norm=13.62  train/pred_vs_static=4.481  train/grad_norm=1.193  train/lr=4.488e-05  train/samples_per_sec=928.9
2026-09-29 11:32:55 [   3620] train/loss=0.1711  train/pred_loss=0.01253  train/sigreg_loss=1.762  train/emb_std=0.9893  train/emb_norm=13.61  train/pred_vs_static=4.337  train/grad_norm=1.162  train/lr=4.513e-05  train/samples_per_sec=929
2026-09-29 11:32:57 [   3640] train/loss=0.1719  train/pred_loss=0.01152  train/sigreg_loss=1.783  train/emb_std=0.9869  train/emb_norm=13.6  train/pred_vs_static=5.11  train/grad_norm=1.18  train/lr=4.538e-05  train/samples_per_sec=929.2
2026-09-29 11:33:00 [   3660] train/loss=0.1705  train/pred_loss=0.0115  train/sigreg_loss=1.767  train/emb_std=0.9869  train/emb_norm=13.6  train/pred_vs_static=5.221  train/grad_norm=1.168  train/lr=4.563e-05  train/samples_per_sec=929.3
2026-09-29 11:33:03 [   3680] train/loss=0.1704  train/pred_loss=0.01206  train/sigreg_loss=1.759  train/emb_std=0.9895  train/emb_norm=13.62  train/pred_vs_static=4.412  train/grad_norm=1.182  train/lr=4.588e-05  train/samples_per_sec=929.4
2026-09-29 11:33:06 [   3700] train/loss=0.1653  train/pred_loss=0.01099  train/sigreg_loss=1.715  train/emb_std=0.9859  train/emb_norm=13.59  train/pred_vs_static=5.906  train/grad_norm=1.137  train/lr=4.613e-05  train/samples_per_sec=929.6
2026-09-29 11:33:08 [   3720] train/loss=0.1718  train/pred_loss=0.0119  train/sigreg_loss=1.777  train/emb_std=0.9869  train/emb_norm=13.59  train/pred_vs_static=5.095  train/grad_norm=1.173  train/lr=4.638e-05  train/samples_per_sec=929.8
2026-09-29 11:33:11 [   3740] train/loss=0.1684  train/pred_loss=0.01215  train/sigreg_loss=1.738  train/emb_std=0.9869  train/emb_norm=13.59  train/pred_vs_static=5.229  train/grad_norm=1.128  train/lr=4.663e-05  train/samples_per_sec=929.9
2026-09-29 11:33:14 [   3760] train/loss=0.1674  train/pred_loss=0.0115  train/sigreg_loss=1.733  train/emb_std=0.9832  train/emb_norm=13.57  train/pred_vs_static=6.224  train/grad_norm=1.146  train/lr=4.688e-05  train/samples_per_sec=930
2026-09-29 11:33:16 [   3780] train/loss=0.1663  train/pred_loss=0.01109  train/sigreg_loss=1.723  train/emb_std=0.9861  train/emb_norm=13.57  train/pred_vs_static=5.655  train/grad_norm=1.102  train/lr=4.713e-05  train/samples_per_sec=930.2
2026-09-29 11:33:19 [   3800] train/loss=0.1648  train/pred_loss=0.01149  train/sigreg_loss=1.703  train/emb_std=0.9873  train/emb_norm=13.6  train/pred_vs_static=4.628  train/grad_norm=1.094  train/lr=4.738e-05  train/samples_per_sec=930.3
2026-09-29 11:33:22 [   3820] train/loss=0.1626  train/pred_loss=0.01118  train/sigreg_loss=1.683  train/emb_std=0.9877  train/emb_norm=13.6  train/pred_vs_static=5.175  train/grad_norm=1.079  train/lr=4.763e-05  train/samples_per_sec=930.4
2026-09-29 11:33:25 [   3840] train/loss=0.16  train/pred_loss=0.01107  train/sigreg_loss=1.655  train/emb_std=0.9854  train/emb_norm=13.59  train/pred_vs_static=5.055  train/grad_norm=1.083  train/lr=4.788e-05  train/samples_per_sec=930.5
2026-09-29 11:33:27 [   3860] train/loss=0.1623  train/pred_loss=0.01184  train/sigreg_loss=1.671  train/emb_std=0.9865  train/emb_norm=13.6  train/pred_vs_static=4.731  train/grad_norm=1.091  train/lr=4.813e-05  train/samples_per_sec=930.5
2026-09-29 11:33:30 [   3880] train/loss=0.1613  train/pred_loss=0.01167  train/sigreg_loss=1.663  train/emb_std=0.9877  train/emb_norm=13.6  train/pred_vs_static=4.655  train/grad_norm=1.05  train/lr=4.838e-05  train/samples_per_sec=930.7
2026-09-29 11:33:33 [   3900] train/loss=0.1662  train/pred_loss=0.01215  train/sigreg_loss=1.711  train/emb_std=0.9842  train/emb_norm=13.58  train/pred_vs_static=5.105  train/grad_norm=1.098  train/lr=4.863e-05  train/samples_per_sec=930.8
2026-09-29 11:33:36 [   3920] train/loss=0.1578  train/pred_loss=0.01158  train/sigreg_loss=1.625  train/emb_std=0.9846  train/emb_norm=13.59  train/pred_vs_static=5.265  train/grad_norm=1.05  train/lr=4.888e-05  train/samples_per_sec=930.9
2026-09-29 11:33:38 [   3940] train/loss=0.1588  train/pred_loss=0.01092  train/sigreg_loss=1.643  train/emb_std=0.9859  train/emb_norm=13.59  train/pred_vs_static=5.787  train/grad_norm=1.05  train/lr=4.913e-05  train/samples_per_sec=931.1
2026-09-29 11:33:41 [   3960] train/loss=0.1561  train/pred_loss=0.01101  train/sigreg_loss=1.611  train/emb_std=0.9869  train/emb_norm=13.6  train/pred_vs_static=6.123  train/grad_norm=1.023  train/lr=4.938e-05  train/samples_per_sec=931.2
2026-09-29 11:33:44 [   3980] train/loss=0.1589  train/pred_loss=0.01109  train/sigreg_loss=1.643  train/emb_std=0.9857  train/emb_norm=13.57  train/pred_vs_static=5.901  train/grad_norm=1.061  train/lr=4.963e-05  train/samples_per_sec=931.4
2026-09-29 11:33:46 [   4000] train/loss=0.1586  train/pred_loss=0.01168  train/sigreg_loss=1.632  train/emb_std=0.9859  train/emb_norm=13.61  train/pred_vs_static=5.463  train/grad_norm=1.057  train/lr=4.988e-05  train/samples_per_sec=931.5
2026-09-29 11:33:46 [   4000] train_epoch/loss=0.2065  train_epoch/pred_loss=0.01417  train_epoch/sigreg_loss=2.138  train_epoch/emb_std=0.9919  train_epoch/emb_norm=13.56  train_epoch/pred_vs_static=4.484  train_epoch/grad_norm=1.575  train_epoch/lr=3.751e-05  train_epoch/epoch=1
2026-09-29 11:33:52 [   4000] val/loss=1.704  val/pred_loss=0.01847  val/sigreg_loss=18.73  val/emb_std=0.9323  val/emb_norm=14.38  val/pred_vs_static=4.786  val/epoch=1
2026-09-29 11:33:52 epoch   1 | val pred_vs_static 4.78553 | best 4.78553 @ epoch 1 | saved epoch_001.pt
2026-09-29 11:33:56 [   4020] train/loss=0.1556  train/pred_loss=0.01091  train/sigreg_loss=1.608  train/emb_std=0.9844  train/emb_norm=13.58  train/pred_vs_static=5.567  train/grad_norm=0.9895  train/lr=5e-05  train/samples_per_sec=603.4
2026-09-29 11:33:59 [   4040] train/loss=0.1535  train/pred_loss=0.01068  train/sigreg_loss=1.586  train/emb_std=0.9875  train/emb_norm=13.61  train/pred_vs_static=5.451  train/grad_norm=0.999  train/lr=5e-05  train/samples_per_sec=735.7
2026-09-29 11:34:02 [   4060] train/loss=0.1537  train/pred_loss=0.01154  train/sigreg_loss=1.58  train/emb_std=0.9861  train/emb_norm=13.59  train/pred_vs_static=4.327  train/grad_norm=0.9701  train/lr=5e-05  train/samples_per_sec=794.3
2026-09-29 11:34:04 [   4080] train/loss=0.1543  train/pred_loss=0.01114  train/sigreg_loss=1.591  train/emb_std=0.9869  train/emb_norm=13.6  train/pred_vs_static=4.92  train/grad_norm=0.9663  train/lr=5e-05  train/samples_per_sec=826.2
2026-09-29 11:34:07 [   4100] train/loss=0.1522  train/pred_loss=0.0111  train/sigreg_loss=1.567  train/emb_std=0.9863  train/emb_norm=13.61  train/pred_vs_static=4.926  train/grad_norm=0.9806  train/lr=5e-05  train/samples_per_sec=847.4
2026-09-29 11:34:10 [   4120] train/loss=0.1529  train/pred_loss=0.01057  train/sigreg_loss=1.58  train/emb_std=0.985  train/emb_norm=13.6  train/pred_vs_static=5.963  train/grad_norm=0.9905  train/lr=5e-05  train/samples_per_sec=862
2026-09-29 11:34:12 [   4140] train/loss=0.1515  train/pred_loss=0.01116  train/sigreg_loss=1.559  train/emb_std=0.9863  train/emb_norm=13.6  train/pred_vs_static=4.345  train/grad_norm=0.9728  train/lr=5e-05  train/samples_per_sec=872.8
2026-09-29 11:34:15 [   4160] train/loss=0.1563  train/pred_loss=0.01089  train/sigreg_loss=1.614  train/emb_std=0.984  train/emb_norm=13.57  train/pred_vs_static=4.893  train/grad_norm=0.9896  train/lr=5e-05  train/samples_per_sec=881
2026-09-29 11:34:18 [   4180] train/loss=0.1506  train/pred_loss=0.01062  train/sigreg_loss=1.555  train/emb_std=0.9893  train/emb_norm=13.64  train/pred_vs_static=5.073  train/grad_norm=0.9705  train/lr=5e-05  train/samples_per_sec=887.5
2026-09-29 11:34:21 [   4200] train/loss=0.1494  train/pred_loss=0.01072  train/sigreg_loss=1.54  train/emb_std=0.9871  train/emb_norm=13.59  train/pred_vs_static=5.194  train/grad_norm=0.9708  train/lr=5e-05  train/samples_per_sec=892.4
2026-09-29 11:34:23 [   4220] train/loss=0.1486  train/pred_loss=0.01104  train/sigreg_loss=1.529  train/emb_std=0.9885  train/emb_norm=13.6  train/pred_vs_static=4.722  train/grad_norm=0.9443  train/lr=5e-05  train/samples_per_sec=895.6
2026-09-29 11:34:26 [   4240] train/loss=0.151  train/pred_loss=0.01094  train/sigreg_loss=1.556  train/emb_std=0.9877  train/emb_norm=13.62  train/pred_vs_static=5.104  train/grad_norm=0.9461  train/lr=5e-05  train/samples_per_sec=899.3
2026-09-29 11:34:29 [   4260] train/loss=0.1522  train/pred_loss=0.01092  train/sigreg_loss=1.569  train/emb_std=0.9879  train/emb_norm=13.6  train/pred_vs_static=5.304  train/grad_norm=0.97  train/lr=5e-05  train/samples_per_sec=902.2
2026-09-29 11:34:32 [   4280] train/loss=0.1466  train/pred_loss=0.01065  train/sigreg_loss=1.511  train/emb_std=0.9842  train/emb_norm=13.58  train/pred_vs_static=4.156  train/grad_norm=0.9206  train/lr=5e-05  train/samples_per_sec=904.8
2026-09-29 11:34:34 [   4300] train/loss=0.15  train/pred_loss=0.01177  train/sigreg_loss=1.536  train/emb_std=0.9879  train/emb_norm=13.61  train/pred_vs_static=4.375  train/grad_norm=0.9544  train/lr=5e-05  train/samples_per_sec=907.1
2026-09-29 11:34:37 [   4320] train/loss=0.1483  train/pred_loss=0.01109  train/sigreg_loss=1.525  train/emb_std=0.9875  train/emb_norm=13.61  train/pred_vs_static=4.303  train/grad_norm=0.9304  train/lr=5e-05  train/samples_per_sec=909.2
2026-09-29 11:34:40 [   4340] train/loss=0.1456  train/pred_loss=0.01  train/sigreg_loss=1.506  train/emb_std=0.9857  train/emb_norm=13.61  train/pred_vs_static=4.81  train/grad_norm=0.9058  train/lr=5e-05  train/samples_per_sec=911.2
2026-09-29 11:34:42 [   4360] train/loss=0.1441  train/pred_loss=0.01096  train/sigreg_loss=1.479  train/emb_std=0.9844  train/emb_norm=13.59  train/pred_vs_static=4.408  train/grad_norm=0.917  train/lr=5e-05  train/samples_per_sec=912.9
2026-09-29 11:34:45 [   4380] train/loss=0.1478  train/pred_loss=0.01039  train/sigreg_loss=1.527  train/emb_std=0.9867  train/emb_norm=13.62  train/pred_vs_static=5.781  train/grad_norm=0.9342  train/lr=5e-05  train/samples_per_sec=914.4
2026-09-29 11:34:48 [   4400] train/loss=0.1428  train/pred_loss=0.01019  train/sigreg_loss=1.473  train/emb_std=0.9846  train/emb_norm=13.61  train/pred_vs_static=5.224  train/grad_norm=0.9187  train/lr=5e-05  train/samples_per_sec=915.8
2026-09-29 11:34:51 [   4420] train/loss=0.1446  train/pred_loss=0.009732  train/sigreg_loss=1.499  train/emb_std=0.9842  train/emb_norm=13.59  train/pred_vs_static=5.198  train/grad_norm=0.899  train/lr=5e-05  train/samples_per_sec=917.1
2026-09-29 11:34:53 [   4440] train/loss=0.1411  train/pred_loss=0.01011  train/sigreg_loss=1.454  train/emb_std=0.9867  train/emb_norm=13.63  train/pred_vs_static=5.039  train/grad_norm=0.8875  train/lr=5e-05  train/samples_per_sec=918.1
2026-09-29 11:34:56 [   4460] train/loss=0.14  train/pred_loss=0.009638  train/sigreg_loss=1.449  train/emb_std=0.9854  train/emb_norm=13.61  train/pred_vs_static=5.52  train/grad_norm=0.8719  train/lr=5e-05  train/samples_per_sec=919.2
2026-09-29 11:34:59 [   4480] train/loss=0.1436  train/pred_loss=0.01028  train/sigreg_loss=1.481  train/emb_std=0.9861  train/emb_norm=13.61  train/pred_vs_static=4.708  train/grad_norm=0.9174  train/lr=5e-05  train/samples_per_sec=920.2
2026-09-29 11:35:01 [   4500] train/loss=0.141  train/pred_loss=0.009813  train/sigreg_loss=1.456  train/emb_std=0.9896  train/emb_norm=13.64  train/pred_vs_static=4.879  train/grad_norm=0.8685  train/lr=5e-05  train/samples_per_sec=921.1
2026-09-29 11:35:04 [   4520] train/loss=0.1413  train/pred_loss=0.009959  train/sigreg_loss=1.459  train/emb_std=0.9873  train/emb_norm=13.62  train/pred_vs_static=4.656  train/grad_norm=0.8664  train/lr=5e-05  train/samples_per_sec=921.6
2026-09-29 11:35:07 [   4540] train/loss=0.1418  train/pred_loss=0.009658  train/sigreg_loss=1.468  train/emb_std=0.9861  train/emb_norm=13.59  train/pred_vs_static=4.955  train/grad_norm=0.8793  train/lr=5e-05  train/samples_per_sec=922.4
2026-09-29 11:35:10 [   4560] train/loss=0.1425  train/pred_loss=0.01058  train/sigreg_loss=1.466  train/emb_std=0.9855  train/emb_norm=13.6  train/pred_vs_static=4.476  train/grad_norm=0.8984  train/lr=5e-05  train/samples_per_sec=922.9
2026-09-29 11:35:12 [   4580] train/loss=0.1402  train/pred_loss=0.01007  train/sigreg_loss=1.446  train/emb_std=0.9893  train/emb_norm=13.64  train/pred_vs_static=4.644  train/grad_norm=0.8607  train/lr=5e-05  train/samples_per_sec=923.5
2026-09-29 11:35:15 [   4600] train/loss=0.1381  train/pred_loss=0.009755  train/sigreg_loss=1.425  train/emb_std=0.9869  train/emb_norm=13.62  train/pred_vs_static=5.499  train/grad_norm=0.8627  train/lr=5e-05  train/samples_per_sec=923.9
2026-09-29 11:35:18 [   4620] train/loss=0.1383  train/pred_loss=0.009823  train/sigreg_loss=1.427  train/emb_std=0.9852  train/emb_norm=13.61  train/pred_vs_static=4.569  train/grad_norm=0.8748  train/lr=5e-05  train/samples_per_sec=924.4
2026-09-29 11:35:21 [   4640] train/loss=0.1394  train/pred_loss=0.01005  train/sigreg_loss=1.438  train/emb_std=0.9881  train/emb_norm=13.64  train/pred_vs_static=5.34  train/grad_norm=0.8653  train/lr=5e-05  train/samples_per_sec=924.8
2026-09-29 11:35:23 [   4660] train/loss=0.1368  train/pred_loss=0.00952  train/sigreg_loss=1.414  train/emb_std=0.9881  train/emb_norm=13.64  train/pred_vs_static=4.484  train/grad_norm=0.8347  train/lr=5e-05  train/samples_per_sec=925.3
2026-09-29 11:35:26 [   4680] train/loss=0.1362  train/pred_loss=0.009126  train/sigreg_loss=1.411  train/emb_std=0.9857  train/emb_norm=13.6  train/pred_vs_static=5.672  train/grad_norm=0.8619  train/lr=5e-05  train/samples_per_sec=925.7
2026-09-29 11:35:29 [   4700] train/loss=0.1369  train/pred_loss=0.009226  train/sigreg_loss=1.418  train/emb_std=0.9846  train/emb_norm=13.59  train/pred_vs_static=5.702  train/grad_norm=0.8718  train/lr=5e-05  train/samples_per_sec=926.2
2026-09-29 11:35:31 [   4720] train/loss=0.1365  train/pred_loss=0.009662  train/sigreg_loss=1.41  train/emb_std=0.9861  train/emb_norm=13.63  train/pred_vs_static=5.42  train/grad_norm=0.8416  train/lr=5e-05  train/samples_per_sec=926.7
2026-09-29 11:35:34 [   4740] train/loss=0.1363  train/pred_loss=0.009696  train/sigreg_loss=1.407  train/emb_std=0.9859  train/emb_norm=13.61  train/pred_vs_static=5.323  train/grad_norm=0.8338  train/lr=5e-05  train/samples_per_sec=927.1
2026-09-29 11:35:37 [   4760] train/loss=0.1359  train/pred_loss=0.00937  train/sigreg_loss=1.406  train/emb_std=0.9855  train/emb_norm=13.61  train/pred_vs_static=5.491  train/grad_norm=0.8399  train/lr=5e-05  train/samples_per_sec=927.5
2026-09-29 11:35:40 [   4780] train/loss=0.136  train/pred_loss=0.009341  train/sigreg_loss=1.407  train/emb_std=0.9869  train/emb_norm=13.63  train/pred_vs_static=5.945  train/grad_norm=0.8442  train/lr=5e-05  train/samples_per_sec=927.9
2026-09-29 11:35:42 [   4800] train/loss=0.134  train/pred_loss=0.009358  train/sigreg_loss=1.385  train/emb_std=0.9879  train/emb_norm=13.65  train/pred_vs_static=5.493  train/grad_norm=0.8397  train/lr=5e-05  train/samples_per_sec=928.2
2026-09-29 11:35:45 [   4820] train/loss=0.1362  train/pred_loss=0.009685  train/sigreg_loss=1.407  train/emb_std=0.9848  train/emb_norm=13.6  train/pred_vs_static=5.653  train/grad_norm=0.835  train/lr=5e-05  train/samples_per_sec=928.5
2026-09-29 11:35:48 [   4840] train/loss=0.1349  train/pred_loss=0.00996  train/sigreg_loss=1.389  train/emb_std=0.9859  train/emb_norm=13.63  train/pred_vs_static=4.472  train/grad_norm=0.8349  train/lr=5e-05  train/samples_per_sec=928.8
2026-09-29 11:35:50 [   4860] train/loss=0.1337  train/pred_loss=0.00912  train/sigreg_loss=1.384  train/emb_std=0.9832  train/emb_norm=13.59  train/pred_vs_static=5.849  train/grad_norm=0.8164  train/lr=5e-05  train/samples_per_sec=929.2
2026-09-29 11:35:53 [   4880] train/loss=0.1336  train/pred_loss=0.009586  train/sigreg_loss=1.378  train/emb_std=0.9877  train/emb_norm=13.64  train/pred_vs_static=5.276  train/grad_norm=0.8222  train/lr=5e-05  train/samples_per_sec=929.5
2026-09-29 11:35:56 [   4900] train/loss=0.1345  train/pred_loss=0.009356  train/sigreg_loss=1.389  train/emb_std=0.9859  train/emb_norm=13.61  train/pred_vs_static=4.896  train/grad_norm=0.8121  train/lr=5e-05  train/samples_per_sec=929.7
2026-09-29 11:35:59 [   4920] train/loss=0.1329  train/pred_loss=0.009039  train/sigreg_loss=1.376  train/emb_std=0.985  train/emb_norm=13.62  train/pred_vs_static=5.688  train/grad_norm=0.8226  train/lr=5e-05  train/samples_per_sec=929.9
2026-09-29 11:36:01 [   4940] train/loss=0.1337  train/pred_loss=0.008977  train/sigreg_loss=1.386  train/emb_std=0.9873  train/emb_norm=13.63  train/pred_vs_static=5.227  train/grad_norm=0.8018  train/lr=5e-05  train/samples_per_sec=930.2
2026-09-29 11:36:04 [   4960] train/loss=0.1331  train/pred_loss=0.008932  train/sigreg_loss=1.38  train/emb_std=0.9857  train/emb_norm=13.63  train/pred_vs_static=7.386  train/grad_norm=0.7935  train/lr=5e-05  train/samples_per_sec=930.5
2026-09-29 11:36:07 [   4980] train/loss=0.1345  train/pred_loss=0.009321  train/sigreg_loss=1.39  train/emb_std=0.9854  train/emb_norm=13.6  train/pred_vs_static=5.285  train/grad_norm=0.8197  train/lr=5e-05  train/samples_per_sec=930.6
2026-09-29 11:36:09 [   5000] train/loss=0.1305  train/pred_loss=0.008804  train/sigreg_loss=1.352  train/emb_std=0.9871  train/emb_norm=13.63  train/pred_vs_static=5.904  train/grad_norm=0.7844  train/lr=5e-05  train/samples_per_sec=930.9
2026-09-29 11:36:12 [   5020] train/loss=0.131  train/pred_loss=0.009086  train/sigreg_loss=1.355  train/emb_std=0.9885  train/emb_norm=13.64  train/pred_vs_static=4.313  train/grad_norm=0.8052  train/lr=5e-05  train/samples_per_sec=931.1
2026-09-29 11:36:15 [   5040] train/loss=0.1296  train/pred_loss=0.008873  train/sigreg_loss=1.341  train/emb_std=0.9871  train/emb_norm=13.63  train/pred_vs_static=6.029  train/grad_norm=0.7843  train/lr=5e-05  train/samples_per_sec=931.4
2026-09-29 11:36:18 [   5060] train/loss=0.1295  train/pred_loss=0.008375  train/sigreg_loss=1.345  train/emb_std=0.9861  train/emb_norm=13.65  train/pred_vs_static=5.119  train/grad_norm=0.7793  train/lr=5e-05  train/samples_per_sec=931.6
2026-09-29 11:36:20 [   5080] train/loss=0.1286  train/pred_loss=0.00863  train/sigreg_loss=1.334  train/emb_std=0.9893  train/emb_norm=13.66  train/pred_vs_static=5.579  train/grad_norm=0.7795  train/lr=5e-05  train/samples_per_sec=931.7
2026-09-29 11:36:23 [   5100] train/loss=0.1275  train/pred_loss=0.008423  train/sigreg_loss=1.323  train/emb_std=0.984  train/emb_norm=13.62  train/pred_vs_static=5.098  train/grad_norm=0.7763  train/lr=5e-05  train/samples_per_sec=931.9
2026-09-29 11:36:26 [   5120] train/loss=0.1309  train/pred_loss=0.00897  train/sigreg_loss=1.355  train/emb_std=0.9838  train/emb_norm=13.61  train/pred_vs_static=5.094  train/grad_norm=0.7971  train/lr=5e-05  train/samples_per_sec=931.9
2026-09-29 11:36:28 [   5140] train/loss=0.1287  train/pred_loss=0.008268  train/sigreg_loss=1.337  train/emb_std=0.9852  train/emb_norm=13.62  train/pred_vs_static=6.241  train/grad_norm=0.771  train/lr=5e-05  train/samples_per_sec=932.1
2026-09-29 11:36:31 [   5160] train/loss=0.1291  train/pred_loss=0.008649  train/sigreg_loss=1.337  train/emb_std=0.9879  train/emb_norm=13.65  train/pred_vs_static=5.125  train/grad_norm=0.7664  train/lr=5e-05  train/samples_per_sec=932.2
2026-09-29 11:36:34 [   5180] train/loss=0.1295  train/pred_loss=0.008408  train/sigreg_loss=1.346  train/emb_std=0.9842  train/emb_norm=13.61  train/pred_vs_static=5.996  train/grad_norm=0.7829  train/lr=5e-05  train/samples_per_sec=932.4
2026-09-29 11:36:37 [   5200] train/loss=0.1255  train/pred_loss=0.008351  train/sigreg_loss=1.302  train/emb_std=0.985  train/emb_norm=13.62  train/pred_vs_static=4.643  train/grad_norm=0.7653  train/lr=5e-05  train/samples_per_sec=932.5
2026-09-29 11:36:39 [   5220] train/loss=0.1272  train/pred_loss=0.00856  train/sigreg_loss=1.318  train/emb_std=0.9865  train/emb_norm=13.63  train/pred_vs_static=5.178  train/grad_norm=0.7635  train/lr=5e-05  train/samples_per_sec=932.6
2026-09-29 11:36:42 [   5240] train/loss=0.1283  train/pred_loss=0.00859  train/sigreg_loss=1.33  train/emb_std=0.9879  train/emb_norm=13.64  train/pred_vs_static=4.745  train/grad_norm=0.7675  train/lr=5e-05  train/samples_per_sec=932.8
2026-09-29 11:36:45 [   5260] train/loss=0.1293  train/pred_loss=0.008677  train/sigreg_loss=1.341  train/emb_std=0.9865  train/emb_norm=13.64  train/pred_vs_static=5.119  train/grad_norm=0.7701  train/lr=5e-05  train/samples_per_sec=932.9
2026-09-29 11:36:48 [   5280] train/loss=0.1269  train/pred_loss=0.008885  train/sigreg_loss=1.311  train/emb_std=0.9869  train/emb_norm=13.63  train/pred_vs_static=4.69  train/grad_norm=0.7554  train/lr=4.999e-05  train/samples_per_sec=933
2026-09-29 11:36:50 [   5300] train/loss=0.1283  train/pred_loss=0.008994  train/sigreg_loss=1.325  train/emb_std=0.9881  train/emb_norm=13.65  train/pred_vs_static=5.255  train/grad_norm=0.7729  train/lr=4.999e-05  train/samples_per_sec=933.2
2026-09-29 11:36:53 [   5320] train/loss=0.1294  train/pred_loss=0.008694  train/sigreg_loss=1.341  train/emb_std=0.9854  train/emb_norm=13.63  train/pred_vs_static=6.368  train/grad_norm=0.7791  train/lr=4.999e-05  train/samples_per_sec=933.3
2026-09-29 11:36:56 [   5340] train/loss=0.1266  train/pred_loss=0.008852  train/sigreg_loss=1.308  train/emb_std=0.9848  train/emb_norm=13.63  train/pred_vs_static=5.206  train/grad_norm=0.7644  train/lr=4.999e-05  train/samples_per_sec=933.2
2026-09-29 11:36:58 [   5360] train/loss=0.1272  train/pred_loss=0.008945  train/sigreg_loss=1.314  train/emb_std=0.9852  train/emb_norm=13.61  train/pred_vs_static=5.233  train/grad_norm=0.764  train/lr=4.999e-05  train/samples_per_sec=933.3
2026-09-29 11:37:01 [   5380] train/loss=0.1245  train/pred_loss=0.008327  train/sigreg_loss=1.291  train/emb_std=0.9842  train/emb_norm=13.63  train/pred_vs_static=5.601  train/grad_norm=0.7432  train/lr=4.999e-05  train/samples_per_sec=933.4
2026-09-29 11:37:04 [   5400] train/loss=0.1257  train/pred_loss=0.0083  train/sigreg_loss=1.305  train/emb_std=0.9842  train/emb_norm=13.63  train/pred_vs_static=5.001  train/grad_norm=0.7666  train/lr=4.999e-05  train/samples_per_sec=933.5
2026-09-29 11:37:07 [   5420] train/loss=0.1243  train/pred_loss=0.008687  train/sigreg_loss=1.284  train/emb_std=0.9859  train/emb_norm=13.63  train/pred_vs_static=5.394  train/grad_norm=0.7381  train/lr=4.999e-05  train/samples_per_sec=933.6
2026-09-29 11:37:09 [   5440] train/loss=0.1239  train/pred_loss=0.008133  train/sigreg_loss=1.286  train/emb_std=0.9861  train/emb_norm=13.65  train/pred_vs_static=6.139  train/grad_norm=0.734  train/lr=4.999e-05  train/samples_per_sec=933.7
2026-09-29 11:37:12 [   5460] train/loss=0.1287  train/pred_loss=0.008614  train/sigreg_loss=1.334  train/emb_std=0.983  train/emb_norm=13.61  train/pred_vs_static=5.951  train/grad_norm=0.7683  train/lr=4.999e-05  train/samples_per_sec=933.8
2026-09-29 11:37:15 [   5480] train/loss=0.1234  train/pred_loss=0.00819  train/sigreg_loss=1.279  train/emb_std=0.9822  train/emb_norm=13.6  train/pred_vs_static=4.687  train/grad_norm=0.7444  train/lr=4.999e-05  train/samples_per_sec=933.9
2026-09-29 11:37:17 [   5500] train/loss=0.1265  train/pred_loss=0.008801  train/sigreg_loss=1.308  train/emb_std=0.9854  train/emb_norm=13.65  train/pred_vs_static=4.112  train/grad_norm=0.7478  train/lr=4.999e-05  train/samples_per_sec=934
2026-09-29 11:37:20 [   5520] train/loss=0.1241  train/pred_loss=0.008461  train/sigreg_loss=1.284  train/emb_std=0.9842  train/emb_norm=13.63  train/pred_vs_static=4.77  train/grad_norm=0.7353  train/lr=4.999e-05  train/samples_per_sec=934.2
2026-09-29 11:37:23 [   5540] train/loss=0.1233  train/pred_loss=0.007926  train/sigreg_loss=1.281  train/emb_std=0.9859  train/emb_norm=13.65  train/pred_vs_static=6.369  train/grad_norm=0.7349  train/lr=4.999e-05  train/samples_per_sec=934.3
2026-09-29 11:37:26 [   5560] train/loss=0.1262  train/pred_loss=0.008267  train/sigreg_loss=1.31  train/emb_std=0.9842  train/emb_norm=13.62  train/pred_vs_static=6.054  train/grad_norm=0.7707  train/lr=4.999e-05  train/samples_per_sec=934.3
2026-09-29 11:37:28 [   5580] train/loss=0.1247  train/pred_loss=0.009073  train/sigreg_loss=1.285  train/emb_std=0.9867  train/emb_norm=13.66  train/pred_vs_static=4.839  train/grad_norm=0.7431  train/lr=4.999e-05  train/samples_per_sec=934.4
2026-09-29 11:37:31 [   5600] train/loss=0.1242  train/pred_loss=0.008549  train/sigreg_loss=1.285  train/emb_std=0.985  train/emb_norm=13.64  train/pred_vs_static=5.333  train/grad_norm=0.7384  train/lr=4.999e-05  train/samples_per_sec=934.5
2026-09-29 11:37:34 [   5620] train/loss=0.1222  train/pred_loss=0.008198  train/sigreg_loss=1.266  train/emb_std=0.9857  train/emb_norm=13.64  train/pred_vs_static=6.033  train/grad_norm=0.7259  train/lr=4.999e-05  train/samples_per_sec=934.6
2026-09-29 11:37:37 [   5640] train/loss=0.1217  train/pred_loss=0.008236  train/sigreg_loss=1.261  train/emb_std=0.9848  train/emb_norm=13.62  train/pred_vs_static=4.951  train/grad_norm=0.7266  train/lr=4.999e-05  train/samples_per_sec=934.7
2026-09-29 11:37:39 [   5660] train/loss=0.1244  train/pred_loss=0.008116  train/sigreg_loss=1.292  train/emb_std=0.9822  train/emb_norm=13.6  train/pred_vs_static=6.244  train/grad_norm=0.7366  train/lr=4.999e-05  train/samples_per_sec=934.7
2026-09-29 11:37:42 [   5680] train/loss=0.1244  train/pred_loss=0.009349  train/sigreg_loss=1.279  train/emb_std=0.9857  train/emb_norm=13.64  train/pred_vs_static=3.694  train/grad_norm=0.7461  train/lr=4.999e-05  train/samples_per_sec=934.7
2026-09-29 11:37:45 [   5700] train/loss=0.1217  train/pred_loss=0.0082  train/sigreg_loss=1.261  train/emb_std=0.9848  train/emb_norm=13.63  train/pred_vs_static=4.932  train/grad_norm=0.7123  train/lr=4.999e-05  train/samples_per_sec=934.8
2026-09-29 11:37:47 [   5720] train/loss=0.1218  train/pred_loss=0.008402  train/sigreg_loss=1.259  train/emb_std=0.9889  train/emb_norm=13.68  train/pred_vs_static=5.177  train/grad_norm=0.7086  train/lr=4.999e-05  train/samples_per_sec=934.9
2026-09-29 11:37:50 [   5740] train/loss=0.1213  train/pred_loss=0.008049  train/sigreg_loss=1.258  train/emb_std=0.9844  train/emb_norm=13.62  train/pred_vs_static=5.012  train/grad_norm=0.7299  train/lr=4.999e-05  train/samples_per_sec=935
2026-09-29 11:37:53 [   5760] train/loss=0.1201  train/pred_loss=0.007569  train/sigreg_loss=1.25  train/emb_std=0.9852  train/emb_norm=13.64  train/pred_vs_static=6.094  train/grad_norm=0.7198  train/lr=4.999e-05  train/samples_per_sec=935.1
2026-09-29 11:37:56 [   5780] train/loss=0.1218  train/pred_loss=0.007976  train/sigreg_loss=1.265  train/emb_std=0.985  train/emb_norm=13.64  train/pred_vs_static=5.873  train/grad_norm=0.7158  train/lr=4.999e-05  train/samples_per_sec=935.2
2026-09-29 11:37:58 [   5800] train/loss=0.1199  train/pred_loss=0.008159  train/sigreg_loss=1.241  train/emb_std=0.9846  train/emb_norm=13.64  train/pred_vs_static=5.558  train/grad_norm=0.7164  train/lr=4.999e-05  train/samples_per_sec=935.3
2026-09-29 11:38:01 [   5820] train/loss=0.1213  train/pred_loss=0.008196  train/sigreg_loss=1.257  train/emb_std=0.9859  train/emb_norm=13.65  train/pred_vs_static=5.341  train/grad_norm=0.7367  train/lr=4.999e-05  train/samples_per_sec=935.4
2026-09-29 11:38:04 [   5840] train/loss=0.1214  train/pred_loss=0.008143  train/sigreg_loss=1.259  train/emb_std=0.9838  train/emb_norm=13.62  train/pred_vs_static=5.739  train/grad_norm=0.7193  train/lr=4.999e-05  train/samples_per_sec=935.5
2026-09-29 11:38:06 [   5860] train/loss=0.1227  train/pred_loss=0.008089  train/sigreg_loss=1.273  train/emb_std=0.9865  train/emb_norm=13.66  train/pred_vs_static=5.125  train/grad_norm=0.7277  train/lr=4.999e-05  train/samples_per_sec=935.6
2026-09-29 11:38:09 [   5880] train/loss=0.122  train/pred_loss=0.007887  train/sigreg_loss=1.267  train/emb_std=0.985  train/emb_norm=13.64  train/pred_vs_static=6.094  train/grad_norm=0.7185  train/lr=4.999e-05  train/samples_per_sec=935.6
2026-09-29 11:38:12 [   5900] train/loss=0.1187  train/pred_loss=0.00819  train/sigreg_loss=1.228  train/emb_std=0.9861  train/emb_norm=13.65  train/pred_vs_static=5.302  train/grad_norm=0.6949  train/lr=4.999e-05  train/samples_per_sec=935.7
2026-09-29 11:38:15 [   5920] train/loss=0.1215  train/pred_loss=0.008165  train/sigreg_loss=1.26  train/emb_std=0.9846  train/emb_norm=13.64  train/pred_vs_static=5.131  train/grad_norm=0.7407  train/lr=4.999e-05  train/samples_per_sec=935.7
2026-09-29 11:38:17 [   5940] train/loss=0.1189  train/pred_loss=0.008197  train/sigreg_loss=1.23  train/emb_std=0.9869  train/emb_norm=13.67  train/pred_vs_static=5.244  train/grad_norm=0.6921  train/lr=4.999e-05  train/samples_per_sec=935.8
2026-09-29 11:38:20 [   5960] train/loss=0.1188  train/pred_loss=0.00787  train/sigreg_loss=1.232  train/emb_std=0.9842  train/emb_norm=13.63  train/pred_vs_static=5.03  train/grad_norm=0.7027  train/lr=4.999e-05  train/samples_per_sec=935.9
2026-09-29 11:38:23 [   5980] train/loss=0.1209  train/pred_loss=0.007902  train/sigreg_loss=1.255  train/emb_std=0.984  train/emb_norm=13.62  train/pred_vs_static=5.027  train/grad_norm=0.7134  train/lr=4.999e-05  train/samples_per_sec=936
2026-09-29 11:38:25 [   6000] train/loss=0.1191  train/pred_loss=0.007674  train/sigreg_loss=1.238  train/emb_std=0.9838  train/emb_norm=13.63  train/pred_vs_static=5.393  train/grad_norm=0.6968  train/lr=4.999e-05  train/samples_per_sec=936.1
2026-09-29 11:38:25 [   6000] train_epoch/loss=0.1336  train_epoch/pred_loss=0.009249  train_epoch/sigreg_loss=1.382  train_epoch/emb_std=0.9859  train_epoch/emb_norm=13.62  train_epoch/pred_vs_static=5.238  train_epoch/grad_norm=0.8189  train_epoch/lr=5e-05  train_epoch/epoch=2
2026-09-29 11:38:31 [   6000] val/loss=1.443  val/pred_loss=0.008168  val/sigreg_loss=15.94  val/emb_std=0.903  val/emb_norm=13.73  val/pred_vs_static=3.738  val/epoch=2
2026-09-29 11:38:31 epoch   2 | val pred_vs_static 3.73768 | best 3.73768 @ epoch 2 | saved epoch_002.pt
2026-09-29 11:38:35 [   6020] train/loss=0.121  train/pred_loss=0.008019  train/sigreg_loss=1.255  train/emb_std=0.9869  train/emb_norm=13.66  train/pred_vs_static=5.413  train/grad_norm=0.6854  train/lr=4.999e-05  train/samples_per_sec=617.1
2026-09-29 11:38:38 [   6040] train/loss=0.1184  train/pred_loss=0.007733  train/sigreg_loss=1.229  train/emb_std=0.9855  train/emb_norm=13.64  train/pred_vs_static=5.139  train/grad_norm=0.7123  train/lr=4.999e-05  train/samples_per_sec=746.4
2026-09-29 11:38:41 [   6060] train/loss=0.1187  train/pred_loss=0.007953  train/sigreg_loss=1.231  train/emb_std=0.9842  train/emb_norm=13.63  train/pred_vs_static=5.809  train/grad_norm=0.6831  train/lr=4.999e-05  train/samples_per_sec=802.3
2026-09-29 11:38:43 [   6080] train/loss=0.1188  train/pred_loss=0.007731  train/sigreg_loss=1.234  train/emb_std=0.9824  train/emb_norm=13.62  train/pred_vs_static=5.512  train/grad_norm=0.7008  train/lr=4.999e-05  train/samples_per_sec=833.5
2026-09-29 11:38:46 [   6100] train/loss=0.1164  train/pred_loss=0.007944  train/sigreg_loss=1.205  train/emb_std=0.9852  train/emb_norm=13.64  train/pred_vs_static=5.293  train/grad_norm=0.6794  train/lr=4.999e-05  train/samples_per_sec=853.3
2026-09-29 11:38:49 [   6120] train/loss=0.1161  train/pred_loss=0.007719  train/sigreg_loss=1.204  train/emb_std=0.9848  train/emb_norm=13.63  train/pred_vs_static=5.627  train/grad_norm=0.6908  train/lr=4.999e-05  train/samples_per_sec=866.5
2026-09-29 11:38:52 [   6140] train/loss=0.1187  train/pred_loss=0.007915  train/sigreg_loss=1.231  train/emb_std=0.9848  train/emb_norm=13.63  train/pred_vs_static=5.928  train/grad_norm=0.6921  train/lr=4.999e-05  train/samples_per_sec=876.8
2026-09-29 11:38:54 [   6160] train/loss=0.1178  train/pred_loss=0.008055  train/sigreg_loss=1.219  train/emb_std=0.9844  train/emb_norm=13.63  train/pred_vs_static=5.881  train/grad_norm=0.7021  train/lr=4.999e-05  train/samples_per_sec=884.5
2026-09-29 11:38:57 [   6180] train/loss=0.1171  train/pred_loss=0.007561  train/sigreg_loss=1.217  train/emb_std=0.9865  train/emb_norm=13.65  train/pred_vs_static=5.236  train/grad_norm=0.679  train/lr=4.999e-05  train/samples_per_sec=890.3
2026-09-29 11:39:00 [   6200] train/loss=0.1177  train/pred_loss=0.007674  train/sigreg_loss=1.222  train/emb_std=0.9846  train/emb_norm=13.65  train/pred_vs_static=5.821  train/grad_norm=0.6961  train/lr=4.998e-05  train/samples_per_sec=895.2
2026-09-29 11:39:02 [   6220] train/loss=0.1171  train/pred_loss=0.007998  train/sigreg_loss=1.212  train/emb_std=0.9824  train/emb_norm=13.61  train/pred_vs_static=5.22  train/grad_norm=0.6826  train/lr=4.998e-05  train/samples_per_sec=898.8
2026-09-29 11:39:05 [   6240] train/loss=0.116  train/pred_loss=0.008077  train/sigreg_loss=1.2  train/emb_std=0.9857  train/emb_norm=13.66  train/pred_vs_static=4.19  train/grad_norm=0.6682  train/lr=4.998e-05  train/samples_per_sec=901.8
2026-09-29 11:39:08 [   6260] train/loss=0.1176  train/pred_loss=0.007492  train/sigreg_loss=1.223  train/emb_std=0.984  train/emb_norm=13.63  train/pred_vs_static=5.73  train/grad_norm=0.6937  train/lr=4.998e-05  train/samples_per_sec=904.9
2026-09-29 11:39:11 [   6280] train/loss=0.1173  train/pred_loss=0.008337  train/sigreg_loss=1.211  train/emb_std=0.9855  train/emb_norm=13.65  train/pred_vs_static=4.538  train/grad_norm=0.6756  train/lr=4.998e-05  train/samples_per_sec=907.4
2026-09-29 11:39:13 [   6300] train/loss=0.1174  train/pred_loss=0.007281  train/sigreg_loss=1.223  train/emb_std=0.9852  train/emb_norm=13.64  train/pred_vs_static=7.501  train/grad_norm=0.6841  train/lr=4.998e-05  train/samples_per_sec=909.6
2026-09-29 11:39:16 [   6320] train/loss=0.1177  train/pred_loss=0.007373  train/sigreg_loss=1.225  train/emb_std=0.9859  train/emb_norm=13.66  train/pred_vs_static=7.142  train/grad_norm=0.7026  train/lr=4.998e-05  train/samples_per_sec=911.6
2026-09-29 11:39:19 [   6340] train/loss=0.1142  train/pred_loss=0.007532  train/sigreg_loss=1.186  train/emb_std=0.9844  train/emb_norm=13.65  train/pred_vs_static=5.346  train/grad_norm=0.6723  train/lr=4.998e-05  train/samples_per_sec=913.4
2026-09-29 11:39:22 [   6360] train/loss=0.1143  train/pred_loss=0.007315  train/sigreg_loss=1.188  train/emb_std=0.9844  train/emb_norm=13.63  train/pred_vs_static=5.785  train/grad_norm=0.6666  train/lr=4.998e-05  train/samples_per_sec=915
2026-09-29 11:39:24 [   6380] train/loss=0.1149  train/pred_loss=0.007977  train/sigreg_loss=1.188  train/emb_std=0.9855  train/emb_norm=13.64  train/pred_vs_static=4.834  train/grad_norm=0.6592  train/lr=4.998e-05  train/samples_per_sec=916.3
2026-09-29 11:39:27 [   6400] train/loss=0.1143  train/pred_loss=0.007348  train/sigreg_loss=1.188  train/emb_std=0.9852  train/emb_norm=13.65  train/pred_vs_static=5.818  train/grad_norm=0.6711  train/lr=4.998e-05  train/samples_per_sec=917.6
2026-09-29 11:39:30 [   6420] train/loss=0.1151  train/pred_loss=0.007542  train/sigreg_loss=1.195  train/emb_std=0.985  train/emb_norm=13.65  train/pred_vs_static=5.199  train/grad_norm=0.6697  train/lr=4.998e-05  train/samples_per_sec=918.8
2026-09-29 11:39:32 [   6440] train/loss=0.117  train/pred_loss=0.007754  train/sigreg_loss=1.213  train/emb_std=0.9832  train/emb_norm=13.62  train/pred_vs_static=5.742  train/grad_norm=0.6863  train/lr=4.998e-05  train/samples_per_sec=919.9
2026-09-29 11:39:35 [   6460] train/loss=0.1154  train/pred_loss=0.008031  train/sigreg_loss=1.193  train/emb_std=0.983  train/emb_norm=13.62  train/pred_vs_static=4.324  train/grad_norm=0.6663  train/lr=4.998e-05  train/samples_per_sec=920.9
2026-09-29 11:39:38 [   6480] train/loss=0.114  train/pred_loss=0.007608  train/sigreg_loss=1.182  train/emb_std=0.9848  train/emb_norm=13.64  train/pred_vs_static=5.314  train/grad_norm=0.6622  train/lr=4.998e-05  train/samples_per_sec=921.8
2026-09-29 11:39:41 [   6500] train/loss=0.1153  train/pred_loss=0.007499  train/sigreg_loss=1.198  train/emb_std=0.9857  train/emb_norm=13.66  train/pred_vs_static=5.912  train/grad_norm=0.6689  train/lr=4.998e-05  train/samples_per_sec=922.5
2026-09-29 11:39:43 [   6520] train/loss=0.1158  train/pred_loss=0.007266  train/sigreg_loss=1.206  train/emb_std=0.9848  train/emb_norm=13.64  train/pred_vs_static=6.177  train/grad_norm=0.6703  train/lr=4.998e-05  train/samples_per_sec=923.1
2026-09-29 11:39:46 [   6540] train/loss=0.116  train/pred_loss=0.007585  train/sigreg_loss=1.204  train/emb_std=0.985  train/emb_norm=13.64  train/pred_vs_static=5.594  train/grad_norm=0.6659  train/lr=4.998e-05  train/samples_per_sec=923.9
2026-09-29 11:39:49 [   6560] train/loss=0.1141  train/pred_loss=0.007413  train/sigreg_loss=1.185  train/emb_std=0.9855  train/emb_norm=13.64  train/pred_vs_static=5.427  train/grad_norm=0.6552  train/lr=4.998e-05  train/samples_per_sec=924.4
2026-09-29 11:39:51 [   6580] train/loss=0.1131  train/pred_loss=0.006964  train/sigreg_loss=1.179  train/emb_std=0.985  train/emb_norm=13.64  train/pred_vs_static=6.087  train/grad_norm=0.6572  train/lr=4.998e-05  train/samples_per_sec=925.1
2026-09-29 11:39:54 [   6600] train/loss=0.1129  train/pred_loss=0.007519  train/sigreg_loss=1.171  train/emb_std=0.9846  train/emb_norm=13.65  train/pred_vs_static=6.302  train/grad_norm=0.6594  train/lr=4.998e-05  train/samples_per_sec=925.5
2026-09-29 11:39:57 [   6620] train/loss=0.114  train/pred_loss=0.00799  train/sigreg_loss=1.178  train/emb_std=0.9838  train/emb_norm=13.63  train/pred_vs_static=4.515  train/grad_norm=0.6616  train/lr=4.998e-05  train/samples_per_sec=925.9
2026-09-29 11:40:00 [   6640] train/loss=0.1164  train/pred_loss=0.007369  train/sigreg_loss=1.211  train/emb_std=0.9838  train/emb_norm=13.63  train/pred_vs_static=5.651  train/grad_norm=0.6737  train/lr=4.998e-05  train/samples_per_sec=926.2
2026-09-29 11:40:02 [   6660] train/loss=0.1138  train/pred_loss=0.007576  train/sigreg_loss=1.181  train/emb_std=0.9861  train/emb_norm=13.66  train/pred_vs_static=5.672  train/grad_norm=0.6576  train/lr=4.998e-05  train/samples_per_sec=926.7
2026-09-29 11:40:05 [   6680] train/loss=0.114  train/pred_loss=0.007445  train/sigreg_loss=1.184  train/emb_std=0.9844  train/emb_norm=13.64  train/pred_vs_static=4.972  train/grad_norm=0.6613  train/lr=4.998e-05  train/samples_per_sec=927.2
2026-09-29 11:40:08 [   6700] train/loss=0.114  train/pred_loss=0.007329  train/sigreg_loss=1.185  train/emb_std=0.9842  train/emb_norm=13.64  train/pred_vs_static=5.731  train/grad_norm=0.6635  train/lr=4.998e-05  train/samples_per_sec=927.6
2026-09-29 11:40:10 [   6720] train/loss=0.1117  train/pred_loss=0.007328  train/sigreg_loss=1.159  train/emb_std=0.985  train/emb_norm=13.64  train/pred_vs_static=5.691  train/grad_norm=0.6309  train/lr=4.998e-05  train/samples_per_sec=928
2026-09-29 11:40:13 [   6740] train/loss=0.1128  train/pred_loss=0.007399  train/sigreg_loss=1.171  train/emb_std=0.9846  train/emb_norm=13.64  train/pred_vs_static=5.484  train/grad_norm=0.6391  train/lr=4.998e-05  train/samples_per_sec=928.4
2026-09-29 11:40:16 [   6760] train/loss=0.1105  train/pred_loss=0.007133  train/sigreg_loss=1.149  train/emb_std=0.9854  train/emb_norm=13.65  train/pred_vs_static=5.925  train/grad_norm=0.6431  train/lr=4.998e-05  train/samples_per_sec=928.7
2026-09-29 11:40:19 [   6780] train/loss=0.1119  train/pred_loss=0.00714  train/sigreg_loss=1.164  train/emb_std=0.9844  train/emb_norm=13.64  train/pred_vs_static=6.235  train/grad_norm=0.6434  train/lr=4.998e-05  train/samples_per_sec=929
2026-09-29 11:40:21 [   6800] train/loss=0.1111  train/pred_loss=0.006959  train/sigreg_loss=1.157  train/emb_std=0.9861  train/emb_norm=13.66  train/pred_vs_static=5.891  train/grad_norm=0.6356  train/lr=4.998e-05  train/samples_per_sec=929.4
2026-09-29 11:40:24 [   6820] train/loss=0.1125  train/pred_loss=0.00718  train/sigreg_loss=1.17  train/emb_std=0.9852  train/emb_norm=13.65  train/pred_vs_static=7.463  train/grad_norm=0.647  train/lr=4.997e-05  train/samples_per_sec=929.7
2026-09-29 11:40:27 [   6840] train/loss=0.1138  train/pred_loss=0.007547  train/sigreg_loss=1.181  train/emb_std=0.9855  train/emb_norm=13.65  train/pred_vs_static=5.203  train/grad_norm=0.6584  train/lr=4.997e-05  train/samples_per_sec=929.7
2026-09-29 11:40:30 [   6860] train/loss=0.1125  train/pred_loss=0.007316  train/sigreg_loss=1.168  train/emb_std=0.9852  train/emb_norm=13.65  train/pred_vs_static=5.984  train/grad_norm=0.648  train/lr=4.997e-05  train/samples_per_sec=930
2026-09-29 11:40:32 [   6880] train/loss=0.1121  train/pred_loss=0.007016  train/sigreg_loss=1.168  train/emb_std=0.984  train/emb_norm=13.63  train/pred_vs_static=5.568  train/grad_norm=0.6438  train/lr=4.997e-05  train/samples_per_sec=930.2
2026-09-29 11:40:35 [   6900] train/loss=0.1117  train/pred_loss=0.006758  train/sigreg_loss=1.166  train/emb_std=0.985  train/emb_norm=13.65  train/pred_vs_static=6.022  train/grad_norm=0.6425  train/lr=4.997e-05  train/samples_per_sec=930.4
2026-09-29 11:40:38 [   6920] train/loss=0.1109  train/pred_loss=0.007154  train/sigreg_loss=1.152  train/emb_std=0.9836  train/emb_norm=13.63  train/pred_vs_static=6.095  train/grad_norm=0.6296  train/lr=4.997e-05  train/samples_per_sec=930.5
2026-09-29 11:40:40 [   6940] train/loss=0.1121  train/pred_loss=0.006866  train/sigreg_loss=1.169  train/emb_std=0.983  train/emb_norm=13.63  train/pred_vs_static=6.565  train/grad_norm=0.6448  train/lr=4.997e-05  train/samples_per_sec=930.7
2026-09-29 11:40:43 [   6960] train/loss=0.112  train/pred_loss=0.007328  train/sigreg_loss=1.164  train/emb_std=0.9838  train/emb_norm=13.64  train/pred_vs_static=5.706  train/grad_norm=0.6549  train/lr=4.997e-05  train/samples_per_sec=931
2026-09-29 11:40:46 [   6980] train/loss=0.1112  train/pred_loss=0.0072  train/sigreg_loss=1.155  train/emb_std=0.9854  train/emb_norm=13.65  train/pred_vs_static=5.503  train/grad_norm=0.6284  train/lr=4.997e-05  train/samples_per_sec=931.1
2026-09-29 11:40:49 [   7000] train/loss=0.1102  train/pred_loss=0.007105  train/sigreg_loss=1.145  train/emb_std=0.9854  train/emb_norm=13.66  train/pred_vs_static=5.999  train/grad_norm=0.6278  train/lr=4.997e-05  train/samples_per_sec=931.4
2026-09-29 11:40:51 [   7020] train/loss=0.1119  train/pred_loss=0.007582  train/sigreg_loss=1.159  train/emb_std=0.9832  train/emb_norm=13.62  train/pred_vs_static=4.019  train/grad_norm=0.639  train/lr=4.997e-05  train/samples_per_sec=931.6
2026-09-29 11:40:54 [   7040] train/loss=0.1085  train/pred_loss=0.006737  train/sigreg_loss=1.13  train/emb_std=0.9861  train/emb_norm=13.66  train/pred_vs_static=6.536  train/grad_norm=0.6269  train/lr=4.997e-05  train/samples_per_sec=931.6
2026-09-29 11:40:57 [   7060] train/loss=0.1114  train/pred_loss=0.007265  train/sigreg_loss=1.157  train/emb_std=0.983  train/emb_norm=13.62  train/pred_vs_static=6.321  train/grad_norm=0.6372  train/lr=4.997e-05  train/samples_per_sec=931.8
2026-09-29 11:40:59 [   7080] train/loss=0.1097  train/pred_loss=0.006913  train/sigreg_loss=1.143  train/emb_std=0.9844  train/emb_norm=13.64  train/pred_vs_static=5.216  train/grad_norm=0.6286  train/lr=4.997e-05  train/samples_per_sec=932
2026-09-29 11:41:02 [   7100] train/loss=0.109  train/pred_loss=0.007154  train/sigreg_loss=1.131  train/emb_std=0.9865  train/emb_norm=13.67  train/pred_vs_static=4.779  train/grad_norm=0.6298  train/lr=4.997e-05  train/samples_per_sec=932.2
2026-09-29 11:41:05 [   7120] train/loss=0.1113  train/pred_loss=0.007147  train/sigreg_loss=1.158  train/emb_std=0.9854  train/emb_norm=13.65  train/pred_vs_static=6.574  train/grad_norm=0.6431  train/lr=4.997e-05  train/samples_per_sec=932.4
2026-09-29 11:41:08 [   7140] train/loss=0.1098  train/pred_loss=0.007192  train/sigreg_loss=1.14  train/emb_std=0.9861  train/emb_norm=13.65  train/pred_vs_static=5.092  train/grad_norm=0.6348  train/lr=4.997e-05  train/samples_per_sec=932.6
2026-09-29 11:41:10 [   7160] train/loss=0.109  train/pred_loss=0.006616  train/sigreg_loss=1.138  train/emb_std=0.9857  train/emb_norm=13.66  train/pred_vs_static=6.334  train/grad_norm=0.6282  train/lr=4.997e-05  train/samples_per_sec=932.8
2026-09-29 11:41:13 [   7180] train/loss=0.1104  train/pred_loss=0.006927  train/sigreg_loss=1.15  train/emb_std=0.9855  train/emb_norm=13.65  train/pred_vs_static=6.272  train/grad_norm=0.6407  train/lr=4.997e-05  train/samples_per_sec=932.9
2026-09-29 11:41:16 [   7200] train/loss=0.1086  train/pred_loss=0.006887  train/sigreg_loss=1.13  train/emb_std=0.9873  train/emb_norm=13.67  train/pred_vs_static=5.736  train/grad_norm=0.6312  train/lr=4.997e-05  train/samples_per_sec=932.9
2026-09-29 11:41:19 [   7220] train/loss=0.1106  train/pred_loss=0.00723  train/sigreg_loss=1.148  train/emb_std=0.9832  train/emb_norm=13.62  train/pred_vs_static=5.976  train/grad_norm=0.6414  train/lr=4.997e-05  train/samples_per_sec=933.1
2026-09-29 11:41:21 [   7240] train/loss=0.1079  train/pred_loss=0.006677  train/sigreg_loss=1.125  train/emb_std=0.9848  train/emb_norm=13.65  train/pred_vs_static=6.878  train/grad_norm=0.6135  train/lr=4.997e-05  train/samples_per_sec=933.2
2026-09-29 11:41:24 [   7260] train/loss=0.1057  train/pred_loss=0.006941  train/sigreg_loss=1.098  train/emb_std=0.9861  train/emb_norm=13.66  train/pred_vs_static=5.379  train/grad_norm=0.5955  train/lr=4.997e-05  train/samples_per_sec=933.3
2026-09-29 11:41:27 [   7280] train/loss=0.1085  train/pred_loss=0.006553  train/sigreg_loss=1.132  train/emb_std=0.9854  train/emb_norm=13.66  train/pred_vs_static=7.132  train/grad_norm=0.6227  train/lr=4.997e-05  train/samples_per_sec=933.5
2026-09-29 11:41:29 [   7300] train/loss=0.1109  train/pred_loss=0.006835  train/sigreg_loss=1.155  train/emb_std=0.985  train/emb_norm=13.65  train/pred_vs_static=6.463  train/grad_norm=0.6477  train/lr=4.997e-05  train/samples_per_sec=933.6
2026-09-29 11:41:32 [   7320] train/loss=0.1112  train/pred_loss=0.006842  train/sigreg_loss=1.159  train/emb_std=0.9834  train/emb_norm=13.63  train/pred_vs_static=6  train/grad_norm=0.6363  train/lr=4.997e-05  train/samples_per_sec=933.7
2026-09-29 11:41:35 [   7340] train/loss=0.1062  train/pred_loss=0.006614  train/sigreg_loss=1.107  train/emb_std=0.9854  train/emb_norm=13.66  train/pred_vs_static=6.94  train/grad_norm=0.6061  train/lr=4.996e-05  train/samples_per_sec=933.9
2026-09-29 11:41:38 [   7360] train/loss=0.1085  train/pred_loss=0.006941  train/sigreg_loss=1.129  train/emb_std=0.9848  train/emb_norm=13.64  train/pred_vs_static=5.957  train/grad_norm=0.6085  train/lr=4.996e-05  train/samples_per_sec=934
2026-09-29 11:41:40 [   7380] train/loss=0.1082  train/pred_loss=0.006575  train/sigreg_loss=1.129  train/emb_std=0.9855  train/emb_norm=13.65  train/pred_vs_static=6.468  train/grad_norm=0.6027  train/lr=4.996e-05  train/samples_per_sec=934.1
2026-09-29 11:41:43 [   7400] train/loss=0.1098  train/pred_loss=0.007115  train/sigreg_loss=1.141  train/emb_std=0.9844  train/emb_norm=13.64  train/pred_vs_static=4.909  train/grad_norm=0.6265  train/lr=4.996e-05  train/samples_per_sec=934.2
2026-09-29 11:41:46 [   7420] train/loss=0.1069  train/pred_loss=0.006813  train/sigreg_loss=1.112  train/emb_std=0.9844  train/emb_norm=13.63  train/pred_vs_static=6.872  train/grad_norm=0.6173  train/lr=4.996e-05  train/samples_per_sec=934.3
2026-09-29 11:41:48 [   7440] train/loss=0.1076  train/pred_loss=0.006658  train/sigreg_loss=1.121  train/emb_std=0.9871  train/emb_norm=13.67  train/pred_vs_static=6.66  train/grad_norm=0.6113  train/lr=4.996e-05  train/samples_per_sec=934.4
2026-09-29 11:41:51 [   7460] train/loss=0.1089  train/pred_loss=0.006867  train/sigreg_loss=1.133  train/emb_std=0.9846  train/emb_norm=13.65  train/pred_vs_static=5.533  train/grad_norm=0.6255  train/lr=4.996e-05  train/samples_per_sec=934.5
2026-09-29 11:41:54 [   7480] train/loss=0.1075  train/pred_loss=0.007028  train/sigreg_loss=1.118  train/emb_std=0.9859  train/emb_norm=13.66  train/pred_vs_static=5.193  train/grad_norm=0.604  train/lr=4.996e-05  train/samples_per_sec=934.6
2026-09-29 11:41:57 [   7500] train/loss=0.1094  train/pred_loss=0.006948  train/sigreg_loss=1.138  train/emb_std=0.9848  train/emb_norm=13.64  train/pred_vs_static=5.641  train/grad_norm=0.6273  train/lr=4.996e-05  train/samples_per_sec=934.7
2026-09-29 11:41:59 [   7520] train/loss=0.1056  train/pred_loss=0.006651  train/sigreg_loss=1.099  train/emb_std=0.9844  train/emb_norm=13.64  train/pred_vs_static=6.223  train/grad_norm=0.5957  train/lr=4.996e-05  train/samples_per_sec=934.8
2026-09-29 11:42:02 [   7540] train/loss=0.1075  train/pred_loss=0.006912  train/sigreg_loss=1.118  train/emb_std=0.9842  train/emb_norm=13.63  train/pred_vs_static=5.842  train/grad_norm=0.6196  train/lr=4.996e-05  train/samples_per_sec=934.9
2026-09-29 11:42:05 [   7560] train/loss=0.1054  train/pred_loss=0.006604  train/sigreg_loss=1.098  train/emb_std=0.9852  train/emb_norm=13.64  train/pred_vs_static=6.251  train/grad_norm=0.6041  train/lr=4.996e-05  train/samples_per_sec=935
2026-09-29 11:42:07 [   7580] train/loss=0.1059  train/pred_loss=0.006613  train/sigreg_loss=1.103  train/emb_std=0.9855  train/emb_norm=13.66  train/pred_vs_static=6.199  train/grad_norm=0.6098  train/lr=4.996e-05  train/samples_per_sec=935.1
2026-09-29 11:42:10 [   7600] train/loss=0.1071  train/pred_loss=0.006688  train/sigreg_loss=1.115  train/emb_std=0.9854  train/emb_norm=13.65  train/pred_vs_static=6.704  train/grad_norm=0.6087  train/lr=4.996e-05  train/samples_per_sec=935.2
2026-09-29 11:42:13 [   7620] train/loss=0.1083  train/pred_loss=0.006971  train/sigreg_loss=1.125  train/emb_std=0.9834  train/emb_norm=13.62  train/pred_vs_static=5.94  train/grad_norm=0.6226  train/lr=4.996e-05  train/samples_per_sec=935.3
2026-09-29 11:42:16 [   7640] train/loss=0.1087  train/pred_loss=0.006868  train/sigreg_loss=1.131  train/emb_std=0.9846  train/emb_norm=13.65  train/pred_vs_static=5.743  train/grad_norm=0.6195  train/lr=4.996e-05  train/samples_per_sec=935.4
2026-09-29 11:42:18 [   7660] train/loss=0.1086  train/pred_loss=0.007538  train/sigreg_loss=1.123  train/emb_std=0.9854  train/emb_norm=13.65  train/pred_vs_static=5.417  train/grad_norm=0.6097  train/lr=4.996e-05  train/samples_per_sec=935.4
2026-09-29 11:42:21 [   7680] train/loss=0.107  train/pred_loss=0.006935  train/sigreg_loss=1.112  train/emb_std=0.9848  train/emb_norm=13.65  train/pred_vs_static=5.263  train/grad_norm=0.6217  train/lr=4.996e-05  train/samples_per_sec=935.5
2026-09-29 11:42:24 [   7700] train/loss=0.1067  train/pred_loss=0.006975  train/sigreg_loss=1.108  train/emb_std=0.9863  train/emb_norm=13.67  train/pred_vs_static=4.929  train/grad_norm=0.6027  train/lr=4.996e-05  train/samples_per_sec=935.6
2026-09-29 11:42:26 [   7720] train/loss=0.1064  train/pred_loss=0.006699  train/sigreg_loss=1.108  train/emb_std=0.9854  train/emb_norm=13.65  train/pred_vs_static=5.47  train/grad_norm=0.6062  train/lr=4.996e-05  train/samples_per_sec=935.6
2026-09-29 11:42:29 [   7740] train/loss=0.107  train/pred_loss=0.006912  train/sigreg_loss=1.111  train/emb_std=0.9846  train/emb_norm=13.63  train/pred_vs_static=5.33  train/grad_norm=0.6062  train/lr=4.996e-05  train/samples_per_sec=935.7
2026-09-29 11:42:32 [   7760] train/loss=0.1052  train/pred_loss=0.006534  train/sigreg_loss=1.096  train/emb_std=0.9865  train/emb_norm=13.67  train/pred_vs_static=6.036  train/grad_norm=0.6016  train/lr=4.996e-05  train/samples_per_sec=935.7
2026-09-29 11:42:35 [   7780] train/loss=0.107  train/pred_loss=0.006842  train/sigreg_loss=1.113  train/emb_std=0.9846  train/emb_norm=13.64  train/pred_vs_static=5.201  train/grad_norm=0.599  train/lr=4.995e-05  train/samples_per_sec=935.8
2026-09-29 11:42:37 [   7800] train/loss=0.1061  train/pred_loss=0.006609  train/sigreg_loss=1.105  train/emb_std=0.9855  train/emb_norm=13.66  train/pred_vs_static=5.774  train/grad_norm=0.604  train/lr=4.995e-05  train/samples_per_sec=935.9
2026-09-29 11:42:40 [   7820] train/loss=0.1056  train/pred_loss=0.007418  train/sigreg_loss=1.091  train/emb_std=0.9836  train/emb_norm=13.63  train/pred_vs_static=4.519  train/grad_norm=0.6028  train/lr=4.995e-05  train/samples_per_sec=936
2026-09-29 11:42:43 [   7840] train/loss=0.1059  train/pred_loss=0.006893  train/sigreg_loss=1.1  train/emb_std=0.984  train/emb_norm=13.63  train/pred_vs_static=5.325  train/grad_norm=0.5981  train/lr=4.995e-05  train/samples_per_sec=936.1
2026-09-29 11:42:45 [   7860] train/loss=0.1063  train/pred_loss=0.007044  train/sigreg_loss=1.103  train/emb_std=0.9854  train/emb_norm=13.65  train/pred_vs_static=4.809  train/grad_norm=0.6076  train/lr=4.995e-05  train/samples_per_sec=936.1
2026-09-29 11:42:48 [   7880] train/loss=0.1037  train/pred_loss=0.006641  train/sigreg_loss=1.079  train/emb_std=0.985  train/emb_norm=13.65  train/pred_vs_static=6.563  train/grad_norm=0.5878  train/lr=4.995e-05  train/samples_per_sec=936.2
2026-09-29 11:42:51 [   7900] train/loss=0.1055  train/pred_loss=0.006582  train/sigreg_loss=1.099  train/emb_std=0.985  train/emb_norm=13.65  train/pred_vs_static=5.541  train/grad_norm=0.5925  train/lr=4.995e-05  train/samples_per_sec=936.3
2026-09-29 11:42:54 [   7920] train/loss=0.1057  train/pred_loss=0.006757  train/sigreg_loss=1.099  train/emb_std=0.9854  train/emb_norm=13.66  train/pred_vs_static=5.97  train/grad_norm=0.6048  train/lr=4.995e-05  train/samples_per_sec=936.3
2026-09-29 11:42:56 [   7940] train/loss=0.1049  train/pred_loss=0.007037  train/sigreg_loss=1.088  train/emb_std=0.983  train/emb_norm=13.62  train/pred_vs_static=5.679  train/grad_norm=0.5905  train/lr=4.995e-05  train/samples_per_sec=936.4
2026-09-29 11:42:59 [   7960] train/loss=0.1035  train/pred_loss=0.006303  train/sigreg_loss=1.08  train/emb_std=0.9846  train/emb_norm=13.65  train/pred_vs_static=6.302  train/grad_norm=0.581  train/lr=4.995e-05  train/samples_per_sec=936.5
2026-09-29 11:43:02 [   7980] train/loss=0.1038  train/pred_loss=0.006458  train/sigreg_loss=1.082  train/emb_std=0.9861  train/emb_norm=13.67  train/pred_vs_static=6.695  train/grad_norm=0.5857  train/lr=4.995e-05  train/samples_per_sec=936.6
2026-09-29 11:43:04 [   8000] train/loss=0.104  train/pred_loss=0.006366  train/sigreg_loss=1.085  train/emb_std=0.9846  train/emb_norm=13.64  train/pred_vs_static=5.991  train/grad_norm=0.5992  train/lr=4.995e-05  train/samples_per_sec=936.7
2026-09-29 11:43:04 [   8000] train_epoch/loss=0.1112  train_epoch/pred_loss=0.007183  train_epoch/sigreg_loss=1.156  train_epoch/emb_std=0.9849  train_epoch/emb_norm=13.64  train_epoch/pred_vs_static=5.763  train_epoch/grad_norm=0.64  train_epoch/lr=4.997e-05  train_epoch/epoch=3
2026-09-29 11:43:10 [   8000] val/loss=1.475  val/pred_loss=0.008052  val/sigreg_loss=16.29  val/emb_std=0.9475  val/emb_norm=14.39  val/pred_vs_static=4.571  val/epoch=3
2026-09-29 11:43:10 epoch   3 | val pred_vs_static 4.57144 | best 3.73768 @ epoch 2 | saved epoch_003.pt
2026-09-29 11:43:14 [   8020] train/loss=0.1053  train/pred_loss=0.006715  train/sigreg_loss=1.095  train/emb_std=0.985  train/emb_norm=13.66  train/pred_vs_static=6.214  train/grad_norm=0.591  train/lr=4.995e-05  train/samples_per_sec=639.1
2026-09-29 11:43:17 [   8040] train/loss=0.1055  train/pred_loss=0.006434  train/sigreg_loss=1.1  train/emb_std=0.9854  train/emb_norm=13.66  train/pred_vs_static=5.523  train/grad_norm=0.6033  train/lr=4.995e-05  train/samples_per_sec=761.2
2026-09-29 11:43:19 [   8060] train/loss=0.1048  train/pred_loss=0.006358  train/sigreg_loss=1.094  train/emb_std=0.9828  train/emb_norm=13.62  train/pred_vs_static=6.171  train/grad_norm=0.5885  train/lr=4.995e-05  train/samples_per_sec=813.2
2026-09-29 11:43:22 [   8080] train/loss=0.1045  train/pred_loss=0.006782  train/sigreg_loss=1.086  train/emb_std=0.9854  train/emb_norm=13.66  train/pred_vs_static=5.346  train/grad_norm=0.5926  train/lr=4.995e-05  train/samples_per_sec=841.4
2026-09-29 11:43:25 [   8100] train/loss=0.1036  train/pred_loss=0.006456  train/sigreg_loss=1.079  train/emb_std=0.9859  train/emb_norm=13.67  train/pred_vs_static=5.863  train/grad_norm=0.5773  train/lr=4.995e-05  train/samples_per_sec=859.7
2026-09-29 11:43:28 [   8120] train/loss=0.1033  train/pred_loss=0.006364  train/sigreg_loss=1.077  train/emb_std=0.9846  train/emb_norm=13.64  train/pred_vs_static=6.18  train/grad_norm=0.5902  train/lr=4.995e-05  train/samples_per_sec=872.5
2026-09-29 11:43:30 [   8140] train/loss=0.1047  train/pred_loss=0.006779  train/sigreg_loss=1.087  train/emb_std=0.9852  train/emb_norm=13.66  train/pred_vs_static=4.968  train/grad_norm=0.6045  train/lr=4.995e-05  train/samples_per_sec=881.5
2026-09-29 11:43:33 [   8160] train/loss=0.105  train/pred_loss=0.006886  train/sigreg_loss=1.09  train/emb_std=0.9848  train/emb_norm=13.65  train/pred_vs_static=5.903  train/grad_norm=0.5913  train/lr=4.995e-05  train/samples_per_sec=888.1
2026-09-29 11:43:36 [   8180] train/loss=0.1032  train/pred_loss=0.006753  train/sigreg_loss=1.071  train/emb_std=0.9855  train/emb_norm=13.66  train/pred_vs_static=5.912  train/grad_norm=0.578  train/lr=4.994e-05  train/samples_per_sec=893.5
2026-09-29 11:43:39 [   8200] train/loss=0.1028  train/pred_loss=0.006793  train/sigreg_loss=1.067  train/emb_std=0.9855  train/emb_norm=13.65  train/pred_vs_static=5.098  train/grad_norm=0.5797  train/lr=4.994e-05  train/samples_per_sec=897.7
2026-09-29 11:43:41 [   8220] train/loss=0.1038  train/pred_loss=0.00637  train/sigreg_loss=1.083  train/emb_std=0.9852  train/emb_norm=13.65  train/pred_vs_static=6.109  train/grad_norm=0.5806  train/lr=4.994e-05  train/samples_per_sec=900.8
2026-09-29 11:43:44 [   8240] train/loss=0.1021  train/pred_loss=0.006228  train/sigreg_loss=1.065  train/emb_std=0.9844  train/emb_norm=13.65  train/pred_vs_static=5.781  train/grad_norm=0.5623  train/lr=4.994e-05  train/samples_per_sec=903.1
2026-09-29 11:43:47 [   8260] train/loss=0.1036  train/pred_loss=0.006568  train/sigreg_loss=1.078  train/emb_std=0.9861  train/emb_norm=13.67  train/pred_vs_static=5.285  train/grad_norm=0.5891  train/lr=4.994e-05  train/samples_per_sec=905.9
2026-09-29 11:43:50 [   8280] train/loss=0.105  train/pred_loss=0.006369  train/sigreg_loss=1.096  train/emb_std=0.9842  train/emb_norm=13.65  train/pred_vs_static=6.404  train/grad_norm=0.5882  train/lr=4.994e-05  train/samples_per_sec=907.9
2026-09-29 11:43:52 [   8300] train/loss=0.1014  train/pred_loss=0.00636  train/sigreg_loss=1.056  train/emb_std=0.9846  train/emb_norm=13.65  train/pred_vs_static=6.505  train/grad_norm=0.5668  train/lr=4.994e-05  train/samples_per_sec=910.1
2026-09-29 11:43:55 [   8320] train/loss=0.1029  train/pred_loss=0.006449  train/sigreg_loss=1.072  train/emb_std=0.984  train/emb_norm=13.64  train/pred_vs_static=6.219  train/grad_norm=0.5734  train/lr=4.994e-05  train/samples_per_sec=912.1
2026-09-29 11:43:58 [   8340] train/loss=0.1022  train/pred_loss=0.006492  train/sigreg_loss=1.063  train/emb_std=0.9855  train/emb_norm=13.66  train/pred_vs_static=4.983  train/grad_norm=0.569  train/lr=4.994e-05  train/samples_per_sec=913.8
2026-09-29 11:44:00 [   8360] train/loss=0.1041  train/pred_loss=0.006399  train/sigreg_loss=1.085  train/emb_std=0.9861  train/emb_norm=13.67  train/pred_vs_static=6.107  train/grad_norm=0.582  train/lr=4.994e-05  train/samples_per_sec=915.3
2026-09-29 11:44:03 [   8380] train/loss=0.1033  train/pred_loss=0.006524  train/sigreg_loss=1.075  train/emb_std=0.9861  train/emb_norm=13.67  train/pred_vs_static=5.232  train/grad_norm=0.5757  train/lr=4.994e-05  train/samples_per_sec=916.3
2026-09-29 11:44:06 [   8400] train/loss=0.1031  train/pred_loss=0.006617  train/sigreg_loss=1.072  train/emb_std=0.985  train/emb_norm=13.65  train/pred_vs_static=5.927  train/grad_norm=0.5804  train/lr=4.994e-05  train/samples_per_sec=917.6
2026-09-29 11:44:09 [   8420] train/loss=0.1037  train/pred_loss=0.006637  train/sigreg_loss=1.079  train/emb_std=0.9836  train/emb_norm=13.65  train/pred_vs_static=5.563  train/grad_norm=0.5846  train/lr=4.994e-05  train/samples_per_sec=918.7
2026-09-29 11:44:11 [   8440] train/loss=0.1044  train/pred_loss=0.006142  train/sigreg_loss=1.092  train/emb_std=0.984  train/emb_norm=13.64  train/pred_vs_static=6.785  train/grad_norm=0.5763  train/lr=4.994e-05  train/samples_per_sec=919.7
2026-09-29 11:44:14 [   8460] train/loss=0.1048  train/pred_loss=0.006603  train/sigreg_loss=1.091  train/emb_std=0.9848  train/emb_norm=13.65  train/pred_vs_static=5.733  train/grad_norm=0.5895  train/lr=4.994e-05  train/samples_per_sec=920.4
2026-09-29 11:44:17 [   8480] train/loss=0.1031  train/pred_loss=0.006669  train/sigreg_loss=1.071  train/emb_std=0.9844  train/emb_norm=13.65  train/pred_vs_static=4.901  train/grad_norm=0.5767  train/lr=4.994e-05  train/samples_per_sec=921.3
2026-09-29 11:44:19 [   8500] train/loss=0.1027  train/pred_loss=0.006359  train/sigreg_loss=1.07  train/emb_std=0.9873  train/emb_norm=13.69  train/pred_vs_static=5.847  train/grad_norm=0.5811  train/lr=4.994e-05  train/samples_per_sec=922.1
2026-09-29 11:44:22 [   8520] train/loss=0.101  train/pred_loss=0.006443  train/sigreg_loss=1.05  train/emb_std=0.9842  train/emb_norm=13.65  train/pred_vs_static=6.213  train/grad_norm=0.5664  train/lr=4.994e-05  train/samples_per_sec=922.8
2026-09-29 11:44:25 [   8540] train/loss=0.1016  train/pred_loss=0.006468  train/sigreg_loss=1.058  train/emb_std=0.9852  train/emb_norm=13.66  train/pred_vs_static=5.68  train/grad_norm=0.5625  train/lr=4.993e-05  train/samples_per_sec=923.5
2026-09-29 11:44:28 [   8560] train/loss=0.1015  train/pred_loss=0.006675  train/sigreg_loss=1.054  train/emb_std=0.985  train/emb_norm=13.65  train/pred_vs_static=5.741  train/grad_norm=0.5781  train/lr=4.993e-05  train/samples_per_sec=923.9
2026-09-29 11:44:30 [   8580] train/loss=0.1011  train/pred_loss=0.00631  train/sigreg_loss=1.053  train/emb_std=0.9852  train/emb_norm=13.66  train/pred_vs_static=6.122  train/grad_norm=0.5592  train/lr=4.993e-05  train/samples_per_sec=924.4
2026-09-29 11:44:33 [   8600] train/loss=0.105  train/pred_loss=0.006433  train/sigreg_loss=1.095  train/emb_std=0.9846  train/emb_norm=13.64  train/pred_vs_static=5.549  train/grad_norm=0.5817  train/lr=4.993e-05  train/samples_per_sec=925
2026-09-29 11:44:36 [   8620] train/loss=0.1028  train/pred_loss=0.006594  train/sigreg_loss=1.069  train/emb_std=0.9867  train/emb_norm=13.68  train/pred_vs_static=5.553  train/grad_norm=0.5805  train/lr=4.993e-05  train/samples_per_sec=925.5
2026-09-29 11:44:39 [   8640] train/loss=0.1013  train/pred_loss=0.006165  train/sigreg_loss=1.057  train/emb_std=0.9846  train/emb_norm=13.65  train/pred_vs_static=5.803  train/grad_norm=0.5694  train/lr=4.993e-05  train/samples_per_sec=925.8
2026-09-29 11:44:41 [   8660] train/loss=0.1014  train/pred_loss=0.006194  train/sigreg_loss=1.057  train/emb_std=0.9848  train/emb_norm=13.66  train/pred_vs_static=5.305  train/grad_norm=0.5616  train/lr=4.993e-05  train/samples_per_sec=926.3
2026-09-29 11:44:44 [   8680] train/loss=0.1007  train/pred_loss=0.006468  train/sigreg_loss=1.047  train/emb_std=0.9848  train/emb_norm=13.66  train/pred_vs_static=6.625  train/grad_norm=0.5647  train/lr=4.993e-05  train/samples_per_sec=926.8
2026-09-29 11:44:47 [   8700] train/loss=0.1024  train/pred_loss=0.006238  train/sigreg_loss=1.069  train/emb_std=0.9852  train/emb_norm=13.66  train/pred_vs_static=6.405  train/grad_norm=0.5665  train/lr=4.993e-05  train/samples_per_sec=927.2
2026-09-29 11:44:49 [   8720] train/loss=0.1016  train/pred_loss=0.00636  train/sigreg_loss=1.058  train/emb_std=0.9855  train/emb_norm=13.67  train/pred_vs_static=6.194  train/grad_norm=0.5686  train/lr=4.993e-05  train/samples_per_sec=927.6
2026-09-29 11:44:52 [   8740] train/loss=0.1026  train/pred_loss=0.006549  train/sigreg_loss=1.068  train/emb_std=0.9844  train/emb_norm=13.64  train/pred_vs_static=6.682  train/grad_norm=0.5694  train/lr=4.993e-05  train/samples_per_sec=927.8
2026-09-29 11:44:55 [   8760] train/loss=0.1015  train/pred_loss=0.006467  train/sigreg_loss=1.056  train/emb_std=0.9846  train/emb_norm=13.65  train/pred_vs_static=6.787  train/grad_norm=0.5647  train/lr=4.993e-05  train/samples_per_sec=927.9
2026-09-29 11:44:58 [   8780] train/loss=0.1002  train/pred_loss=0.006232  train/sigreg_loss=1.044  train/emb_std=0.9852  train/emb_norm=13.66  train/pred_vs_static=6.265  train/grad_norm=0.5615  train/lr=4.993e-05  train/samples_per_sec=928.2
2026-09-29 11:45:00 [   8800] train/loss=0.1022  train/pred_loss=0.006402  train/sigreg_loss=1.064  train/emb_std=0.9855  train/emb_norm=13.67  train/pred_vs_static=5.512  train/grad_norm=0.576  train/lr=4.993e-05  train/samples_per_sec=928.5
2026-09-29 11:45:03 [   8820] train/loss=0.1022  train/pred_loss=0.006781  train/sigreg_loss=1.06  train/emb_std=0.9844  train/emb_norm=13.64  train/pred_vs_static=4.398  train/grad_norm=0.5759  train/lr=4.993e-05  train/samples_per_sec=928.8
2026-09-29 11:45:06 [   8840] train/loss=0.1005  train/pred_loss=0.006476  train/sigreg_loss=1.045  train/emb_std=0.9854  train/emb_norm=13.66  train/pred_vs_static=5.377  train/grad_norm=0.5686  train/lr=4.993e-05  train/samples_per_sec=929
2026-09-29 11:45:08 [   8860] train/loss=0.1008  train/pred_loss=0.006022  train/sigreg_loss=1.053  train/emb_std=0.9846  train/emb_norm=13.66  train/pred_vs_static=7.059  train/grad_norm=0.5601  train/lr=4.993e-05  train/samples_per_sec=929.3
2026-09-29 11:45:11 [   8880] train/loss=0.1012  train/pred_loss=0.006342  train/sigreg_loss=1.054  train/emb_std=0.9852  train/emb_norm=13.66  train/pred_vs_static=5.27  train/grad_norm=0.5671  train/lr=4.992e-05  train/samples_per_sec=929.7
2026-09-29 11:45:14 [   8900] train/loss=0.101  train/pred_loss=0.006123  train/sigreg_loss=1.054  train/emb_std=0.9869  train/emb_norm=13.68  train/pred_vs_static=6.659  train/grad_norm=0.5583  train/lr=4.992e-05  train/samples_per_sec=930
2026-09-29 11:45:17 [   8920] train/loss=0.09913  train/pred_loss=0.005839  train/sigreg_loss=1.036  train/emb_std=0.9865  train/emb_norm=13.68  train/pred_vs_static=5.713  train/grad_norm=0.5534  train/lr=4.992e-05  train/samples_per_sec=930.1
2026-09-29 11:45:19 [   8940] train/loss=0.1009  train/pred_loss=0.006163  train/sigreg_loss=1.053  train/emb_std=0.9852  train/emb_norm=13.66  train/pred_vs_static=5.836  train/grad_norm=0.559  train/lr=4.992e-05  train/samples_per_sec=930.4
2026-09-29 11:45:22 [   8960] train/loss=0.09855  train/pred_loss=0.005633  train/sigreg_loss=1.032  train/emb_std=0.9842  train/emb_norm=13.66  train/pred_vs_static=7.407  train/grad_norm=0.5558  train/lr=4.992e-05  train/samples_per_sec=930.6
2026-09-29 11:45:25 [   8980] train/loss=0.1014  train/pred_loss=0.005877  train/sigreg_loss=1.062  train/emb_std=0.9854  train/emb_norm=13.66  train/pred_vs_static=5.905  train/grad_norm=0.553  train/lr=4.992e-05  train/samples_per_sec=930.8
2026-09-29 11:45:28 [   9000] train/loss=0.09916  train/pred_loss=0.005726  train/sigreg_loss=1.038  train/emb_std=0.9842  train/emb_norm=13.64  train/pred_vs_static=7.793  train/grad_norm=0.5551  train/lr=4.992e-05  train/samples_per_sec=931
2026-09-29 11:45:30 [   9020] train/loss=0.1022  train/pred_loss=0.006733  train/sigreg_loss=1.061  train/emb_std=0.9836  train/emb_norm=13.65  train/pred_vs_static=6.51  train/grad_norm=0.5665  train/lr=4.992e-05  train/samples_per_sec=931
2026-09-29 11:45:33 [   9040] train/loss=0.09899  train/pred_loss=0.006074  train/sigreg_loss=1.032  train/emb_std=0.9846  train/emb_norm=13.65  train/pred_vs_static=6.227  train/grad_norm=0.5477  train/lr=4.992e-05  train/samples_per_sec=931.1
2026-09-29 11:45:36 [   9060] train/loss=0.1013  train/pred_loss=0.005957  train/sigreg_loss=1.06  train/emb_std=0.9846  train/emb_norm=13.65  train/pred_vs_static=6.681  train/grad_norm=0.5612  train/lr=4.992e-05  train/samples_per_sec=931.3
2026-09-29 11:45:38 [   9080] train/loss=0.09924  train/pred_loss=0.006076  train/sigreg_loss=1.035  train/emb_std=0.9857  train/emb_norm=13.67  train/pred_vs_static=6.05  train/grad_norm=0.5633  train/lr=4.992e-05  train/samples_per_sec=931.3
2026-09-29 11:45:41 [   9100] train/loss=0.09978  train/pred_loss=0.006249  train/sigreg_loss=1.039  train/emb_std=0.983  train/emb_norm=13.63  train/pred_vs_static=6.188  train/grad_norm=0.5565  train/lr=4.992e-05  train/samples_per_sec=931.4
2026-09-29 11:45:44 [   9120] train/loss=0.09873  train/pred_loss=0.00601  train/sigreg_loss=1.03  train/emb_std=0.9848  train/emb_norm=13.66  train/pred_vs_static=5.931  train/grad_norm=0.5512  train/lr=4.992e-05  train/samples_per_sec=931.5
2026-09-29 11:45:47 [   9140] train/loss=0.1003  train/pred_loss=0.006185  train/sigreg_loss=1.046  train/emb_std=0.984  train/emb_norm=13.64  train/pred_vs_static=5.208  train/grad_norm=0.5592  train/lr=4.992e-05  train/samples_per_sec=931.6
2026-09-29 11:45:49 [   9160] train/loss=0.0979  train/pred_loss=0.005904  train/sigreg_loss=1.022  train/emb_std=0.9854  train/emb_norm=13.66  train/pred_vs_static=6.112  train/grad_norm=0.5434  train/lr=4.992e-05  train/samples_per_sec=931.7
2026-09-29 11:45:52 [   9180] train/loss=0.1004  train/pred_loss=0.005929  train/sigreg_loss=1.049  train/emb_std=0.9848  train/emb_norm=13.66  train/pred_vs_static=6.644  train/grad_norm=0.5562  train/lr=4.992e-05  train/samples_per_sec=931.8
2026-09-29 11:45:55 [   9200] train/loss=0.09861  train/pred_loss=0.006377  train/sigreg_loss=1.025  train/emb_std=0.9854  train/emb_norm=13.66  train/pred_vs_static=6.604  train/grad_norm=0.5498  train/lr=4.991e-05  train/samples_per_sec=931.9
2026-09-29 11:45:58 [   9220] train/loss=0.09807  train/pred_loss=0.006228  train/sigreg_loss=1.02  train/emb_std=0.9857  train/emb_norm=13.66  train/pred_vs_static=5.255  train/grad_norm=0.5467  train/lr=4.991e-05  train/samples_per_sec=932.1
2026-09-29 11:46:00 [   9240] train/loss=0.09909  train/pred_loss=0.006294  train/sigreg_loss=1.031  train/emb_std=0.9857  train/emb_norm=13.67  train/pred_vs_static=4.962  train/grad_norm=0.5534  train/lr=4.991e-05  train/samples_per_sec=932.2
2026-09-29 11:46:03 [   9260] train/loss=0.09796  train/pred_loss=0.006184  train/sigreg_loss=1.02  train/emb_std=0.9854  train/emb_norm=13.65  train/pred_vs_static=5.971  train/grad_norm=0.5384  train/lr=4.991e-05  train/samples_per_sec=932.4
2026-09-29 11:46:06 [   9280] train/loss=0.09905  train/pred_loss=0.006004  train/sigreg_loss=1.034  train/emb_std=0.9854  train/emb_norm=13.67  train/pred_vs_static=6.263  train/grad_norm=0.5474  train/lr=4.991e-05  train/samples_per_sec=932.5
2026-09-29 11:46:08 [   9300] train/loss=0.09813  train/pred_loss=0.005841  train/sigreg_loss=1.025  train/emb_std=0.9846  train/emb_norm=13.64  train/pred_vs_static=6.859  train/grad_norm=0.5446  train/lr=4.991e-05  train/samples_per_sec=932.6
2026-09-29 11:46:11 [   9320] train/loss=0.09854  train/pred_loss=0.006203  train/sigreg_loss=1.026  train/emb_std=0.9852  train/emb_norm=13.66  train/pred_vs_static=5.004  train/grad_norm=0.5493  train/lr=4.991e-05  train/samples_per_sec=932.7
2026-09-29 11:46:14 [   9340] train/loss=0.09718  train/pred_loss=0.005751  train/sigreg_loss=1.015  train/emb_std=0.984  train/emb_norm=13.64  train/pred_vs_static=6.879  train/grad_norm=0.5417  train/lr=4.991e-05  train/samples_per_sec=932.8
2026-09-29 11:46:17 [   9360] train/loss=0.09939  train/pred_loss=0.006469  train/sigreg_loss=1.033  train/emb_std=0.985  train/emb_norm=13.66  train/pred_vs_static=5.359  train/grad_norm=0.5423  train/lr=4.991e-05  train/samples_per_sec=932.7
2026-09-29 11:46:19 [   9380] train/loss=0.0983  train/pred_loss=0.005596  train/sigreg_loss=1.03  train/emb_std=0.9852  train/emb_norm=13.66  train/pred_vs_static=7.003  train/grad_norm=0.5457  train/lr=4.991e-05  train/samples_per_sec=932.7
2026-09-29 11:46:22 [   9400] train/loss=0.09768  train/pred_loss=0.006125  train/sigreg_loss=1.017  train/emb_std=0.9857  train/emb_norm=13.67  train/pred_vs_static=5.224  train/grad_norm=0.5447  train/lr=4.991e-05  train/samples_per_sec=932.8
2026-09-29 11:46:25 [   9420] train/loss=0.09964  train/pred_loss=0.005844  train/sigreg_loss=1.043  train/emb_std=0.9859  train/emb_norm=13.67  train/pred_vs_static=6.881  train/grad_norm=0.5558  train/lr=4.991e-05  train/samples_per_sec=932.9
2026-09-29 11:46:28 [   9440] train/loss=0.09768  train/pred_loss=0.006077  train/sigreg_loss=1.018  train/emb_std=0.9857  train/emb_norm=13.66  train/pred_vs_static=6.713  train/grad_norm=0.5356  train/lr=4.991e-05  train/samples_per_sec=933
2026-09-29 11:46:30 [   9460] train/loss=0.09759  train/pred_loss=0.006326  train/sigreg_loss=1.014  train/emb_std=0.985  train/emb_norm=13.66  train/pred_vs_static=4.796  train/grad_norm=0.539  train/lr=4.991e-05  train/samples_per_sec=933
2026-09-29 11:46:33 [   9480] train/loss=0.09744  train/pred_loss=0.005592  train/sigreg_loss=1.02  train/emb_std=0.984  train/emb_norm=13.65  train/pred_vs_static=7.756  train/grad_norm=0.5342  train/lr=4.99e-05  train/samples_per_sec=933
2026-09-29 11:46:36 [   9500] train/loss=0.09743  train/pred_loss=0.005948  train/sigreg_loss=1.017  train/emb_std=0.9855  train/emb_norm=13.67  train/pred_vs_static=5.655  train/grad_norm=0.5322  train/lr=4.99e-05  train/samples_per_sec=933.2
2026-09-29 11:46:39 [   9520] train/loss=0.09925  train/pred_loss=0.006041  train/sigreg_loss=1.035  train/emb_std=0.9844  train/emb_norm=13.65  train/pred_vs_static=5.525  train/grad_norm=0.5547  train/lr=4.99e-05  train/samples_per_sec=933.3
2026-09-29 11:46:41 [   9540] train/loss=0.09713  train/pred_loss=0.005557  train/sigreg_loss=1.017  train/emb_std=0.9848  train/emb_norm=13.66  train/pred_vs_static=7.085  train/grad_norm=0.5438  train/lr=4.99e-05  train/samples_per_sec=933.4
2026-09-29 11:46:44 [   9560] train/loss=0.09669  train/pred_loss=0.006112  train/sigreg_loss=1.006  train/emb_std=0.985  train/emb_norm=13.66  train/pred_vs_static=5.608  train/grad_norm=0.5367  train/lr=4.99e-05  train/samples_per_sec=933.5
2026-09-29 11:46:47 [   9580] train/loss=0.09744  train/pred_loss=0.005694  train/sigreg_loss=1.019  train/emb_std=0.9846  train/emb_norm=13.65  train/pred_vs_static=5.991  train/grad_norm=0.5393  train/lr=4.99e-05  train/samples_per_sec=933.6
2026-09-29 11:46:49 [   9600] train/loss=0.0979  train/pred_loss=0.00571  train/sigreg_loss=1.024  train/emb_std=0.9852  train/emb_norm=13.66  train/pred_vs_static=6.698  train/grad_norm=0.5398  train/lr=4.99e-05  train/samples_per_sec=933.7
2026-09-29 11:46:52 [   9620] train/loss=0.09703  train/pred_loss=0.005696  train/sigreg_loss=1.014  train/emb_std=0.985  train/emb_norm=13.65  train/pred_vs_static=5.777  train/grad_norm=0.5373  train/lr=4.99e-05  train/samples_per_sec=933.7
2026-09-29 11:46:55 [   9640] train/loss=0.09554  train/pred_loss=0.005575  train/sigreg_loss=0.9994  train/emb_std=0.9859  train/emb_norm=13.66  train/pred_vs_static=6.267  train/grad_norm=0.528  train/lr=4.99e-05  train/samples_per_sec=933.8
2026-09-29 11:46:58 [   9660] train/loss=0.09793  train/pred_loss=0.005838  train/sigreg_loss=1.023  train/emb_std=0.9848  train/emb_norm=13.65  train/pred_vs_static=5.508  train/grad_norm=0.542  train/lr=4.99e-05  train/samples_per_sec=933.9
2026-09-29 11:47:00 [   9680] train/loss=0.09857  train/pred_loss=0.005795  train/sigreg_loss=1.032  train/emb_std=0.9848  train/emb_norm=13.65  train/pred_vs_static=6.476  train/grad_norm=0.545  train/lr=4.99e-05  train/samples_per_sec=933.9
2026-09-29 11:47:03 [   9700] train/loss=0.09788  train/pred_loss=0.006331  train/sigreg_loss=1.017  train/emb_std=0.9854  train/emb_norm=13.66  train/pred_vs_static=4.731  train/grad_norm=0.5413  train/lr=4.99e-05  train/samples_per_sec=933.7
2026-09-29 11:47:06 [   9720] train/loss=0.09661  train/pred_loss=0.005617  train/sigreg_loss=1.011  train/emb_std=0.9863  train/emb_norm=13.67  train/pred_vs_static=5.64  train/grad_norm=0.543  train/lr=4.99e-05  train/samples_per_sec=933.7
2026-09-29 11:47:09 [   9740] train/loss=0.09795  train/pred_loss=0.00588  train/sigreg_loss=1.022  train/emb_std=0.9852  train/emb_norm=13.66  train/pred_vs_static=6.267  train/grad_norm=0.5413  train/lr=4.99e-05  train/samples_per_sec=933.8
2026-09-29 11:47:11 [   9760] train/loss=0.09651  train/pred_loss=0.005736  train/sigreg_loss=1.008  train/emb_std=0.9863  train/emb_norm=13.68  train/pred_vs_static=7.479  train/grad_norm=0.5378  train/lr=4.989e-05  train/samples_per_sec=933.8
2026-09-29 11:47:14 [   9780] train/loss=0.09835  train/pred_loss=0.00609  train/sigreg_loss=1.025  train/emb_std=0.9844  train/emb_norm=13.65  train/pred_vs_static=5.919  train/grad_norm=0.5473  train/lr=4.989e-05  train/samples_per_sec=933.7
2026-09-29 11:47:17 [   9800] train/loss=0.09806  train/pred_loss=0.005751  train/sigreg_loss=1.026  train/emb_std=0.9846  train/emb_norm=13.65  train/pred_vs_static=7.735  train/grad_norm=0.5444  train/lr=4.989e-05  train/samples_per_sec=933.8
2026-09-29 11:47:19 [   9820] train/loss=0.09631  train/pred_loss=0.005803  train/sigreg_loss=1.005  train/emb_std=0.9867  train/emb_norm=13.67  train/pred_vs_static=6.544  train/grad_norm=0.5345  train/lr=4.989e-05  train/samples_per_sec=933.9
2026-09-29 11:47:22 [   9840] train/loss=0.09697  train/pred_loss=0.005957  train/sigreg_loss=1.012  train/emb_std=0.9875  train/emb_norm=13.68  train/pred_vs_static=6.923  train/grad_norm=0.5312  train/lr=4.989e-05  train/samples_per_sec=934
2026-09-29 11:47:25 [   9860] train/loss=0.09757  train/pred_loss=0.006137  train/sigreg_loss=1.016  train/emb_std=0.9867  train/emb_norm=13.67  train/pred_vs_static=5.649  train/grad_norm=0.5418  train/lr=4.989e-05  train/samples_per_sec=934.1
2026-09-29 11:47:28 [   9880] train/loss=0.09763  train/pred_loss=0.0061  train/sigreg_loss=1.017  train/emb_std=0.9854  train/emb_norm=13.65  train/pred_vs_static=6.208  train/grad_norm=0.5448  train/lr=4.989e-05  train/samples_per_sec=934.1
2026-09-29 11:47:30 [   9900] train/loss=0.09597  train/pred_loss=0.006371  train/sigreg_loss=0.9955  train/emb_std=0.9867  train/emb_norm=13.68  train/pred_vs_static=5.632  train/grad_norm=0.5341  train/lr=4.989e-05  train/samples_per_sec=934.2
2026-09-29 11:47:33 [   9920] train/loss=0.09457  train/pred_loss=0.005752  train/sigreg_loss=0.9869  train/emb_std=0.9855  train/emb_norm=13.66  train/pred_vs_static=5.66  train/grad_norm=0.5199  train/lr=4.989e-05  train/samples_per_sec=934.3
2026-09-29 11:47:36 [   9940] train/loss=0.09569  train/pred_loss=0.006064  train/sigreg_loss=0.9959  train/emb_std=0.9855  train/emb_norm=13.67  train/pred_vs_static=5.217  train/grad_norm=0.5337  train/lr=4.989e-05  train/samples_per_sec=934.4
2026-09-29 11:47:39 [   9960] train/loss=0.09329  train/pred_loss=0.005448  train/sigreg_loss=0.9764  train/emb_std=0.9863  train/emb_norm=13.67  train/pred_vs_static=6.214  train/grad_norm=0.5104  train/lr=4.989e-05  train/samples_per_sec=934.5
2026-09-29 11:47:41 [   9980] train/loss=0.09435  train/pred_loss=0.005479  train/sigreg_loss=0.9879  train/emb_std=0.9855  train/emb_norm=13.66  train/pred_vs_static=5.963  train/grad_norm=0.5228  train/lr=4.989e-05  train/samples_per_sec=934.6
2026-09-29 11:47:44 [  10000] train/loss=0.09833  train/pred_loss=0.006072  train/sigreg_loss=1.025  train/emb_std=0.9838  train/emb_norm=13.64  train/pred_vs_static=4.712  train/grad_norm=0.544  train/lr=4.989e-05  train/samples_per_sec=934.7
2026-09-29 11:47:44 [  10000] train_epoch/loss=0.1002  train_epoch/pred_loss=0.006187  train_epoch/sigreg_loss=1.044  train_epoch/emb_std=0.9851  train_epoch/emb_norm=13.66  train_epoch/pred_vs_static=6.006  train_epoch/grad_norm=0.5585  train_epoch/lr=4.992e-05  train_epoch/epoch=4
2026-09-29 11:47:49 [  10000] val/loss=1.428  val/pred_loss=0.007178  val/sigreg_loss=15.79  val/emb_std=0.9123  val/emb_norm=13.88  val/pred_vs_static=5.1  val/epoch=4
2026-09-29 11:47:50 epoch   4 | val pred_vs_static 5.10001 | best 3.73768 @ epoch 2 | saved epoch_004.pt
2026-09-29 11:47:53 [  10020] train/loss=0.09676  train/pred_loss=0.005554  train/sigreg_loss=1.013  train/emb_std=0.9869  train/emb_norm=13.68  train/pred_vs_static=6.541  train/grad_norm=0.5455  train/lr=4.989e-05  train/samples_per_sec=698.8
2026-09-29 11:47:56 [  10040] train/loss=0.09631  train/pred_loss=0.005956  train/sigreg_loss=1.004  train/emb_std=0.985  train/emb_norm=13.66  train/pred_vs_static=5.069  train/grad_norm=0.536  train/lr=4.988e-05  train/samples_per_sec=799.7
2026-09-29 11:47:59 [  10060] train/loss=0.09628  train/pred_loss=0.005927  train/sigreg_loss=1.004  train/emb_std=0.9861  train/emb_norm=13.67  train/pred_vs_static=5.518  train/grad_norm=0.5253  train/lr=4.988e-05  train/samples_per_sec=841.2
2026-09-29 11:48:01 [  10080] train/loss=0.09762  train/pred_loss=0.005998  train/sigreg_loss=1.018  train/emb_std=0.9854  train/emb_norm=13.67  train/pred_vs_static=5.085  train/grad_norm=0.5374  train/lr=4.988e-05  train/samples_per_sec=863.7
2026-09-29 11:48:04 [  10100] train/loss=0.09595  train/pred_loss=0.005567  train/sigreg_loss=1.004  train/emb_std=0.985  train/emb_norm=13.66  train/pred_vs_static=6.679  train/grad_norm=0.5304  train/lr=4.988e-05  train/samples_per_sec=877.9
2026-09-29 11:48:07 [  10120] train/loss=0.0945  train/pred_loss=0.005783  train/sigreg_loss=0.9859  train/emb_std=0.9863  train/emb_norm=13.67  train/pred_vs_static=6.101  train/grad_norm=0.5242  train/lr=4.988e-05  train/samples_per_sec=886.9
2026-09-29 11:48:10 [  10140] train/loss=0.09457  train/pred_loss=0.005723  train/sigreg_loss=0.9867  train/emb_std=0.9875  train/emb_norm=13.69  train/pred_vs_static=5.596  train/grad_norm=0.5227  train/lr=4.988e-05  train/samples_per_sec=894.5
2026-09-29 11:48:12 [  10160] train/loss=0.09551  train/pred_loss=0.005667  train/sigreg_loss=0.9975  train/emb_std=0.9848  train/emb_norm=13.65  train/pred_vs_static=6.494  train/grad_norm=0.525  train/lr=4.988e-05  train/samples_per_sec=900.3
2026-09-29 11:48:15 [  10180] train/loss=0.09474  train/pred_loss=0.005558  train/sigreg_loss=0.991  train/emb_std=0.9846  train/emb_norm=13.66  train/pred_vs_static=6.136  train/grad_norm=0.5227  train/lr=4.988e-05  train/samples_per_sec=904.8
2026-09-29 11:48:18 [  10200] train/loss=0.09645  train/pred_loss=0.00587  train/sigreg_loss=1.007  train/emb_std=0.9848  train/emb_norm=13.65  train/pred_vs_static=5.581  train/grad_norm=0.5256  train/lr=4.988e-05  train/samples_per_sec=908.3
2026-09-29 11:48:21 [  10220] train/loss=0.09502  train/pred_loss=0.006026  train/sigreg_loss=0.9887  train/emb_std=0.9844  train/emb_norm=13.65  train/pred_vs_static=5.878  train/grad_norm=0.5196  train/lr=4.988e-05  train/samples_per_sec=911.1
2026-09-29 11:48:23 [  10240] train/loss=0.09433  train/pred_loss=0.005754  train/sigreg_loss=0.9836  train/emb_std=0.9855  train/emb_norm=13.67  train/pred_vs_static=5.773  train/grad_norm=0.5149  train/lr=4.988e-05  train/samples_per_sec=913.6
2026-09-29 11:48:26 [  10260] train/loss=0.09432  train/pred_loss=0.005335  train/sigreg_loss=0.9887  train/emb_std=0.9861  train/emb_norm=13.67  train/pred_vs_static=7.022  train/grad_norm=0.5158  train/lr=4.988e-05  train/samples_per_sec=915.5
2026-09-29 11:48:29 [  10280] train/loss=0.0957  train/pred_loss=0.005223  train/sigreg_loss=1.005  train/emb_std=0.9863  train/emb_norm=13.68  train/pred_vs_static=6.96  train/grad_norm=0.5232  train/lr=4.988e-05  train/samples_per_sec=916.9
2026-09-29 11:48:31 [  10300] train/loss=0.09672  train/pred_loss=0.005729  train/sigreg_loss=1.011  train/emb_std=0.9844  train/emb_norm=13.66  train/pred_vs_static=5.699  train/grad_norm=0.5295  train/lr=4.987e-05  train/samples_per_sec=918.5
2026-09-29 11:48:34 [  10320] train/loss=0.09392  train/pred_loss=0.005734  train/sigreg_loss=0.9795  train/emb_std=0.9854  train/emb_norm=13.66  train/pred_vs_static=5.442  train/grad_norm=0.5087  train/lr=4.987e-05  train/samples_per_sec=919.6
2026-09-29 11:48:37 [  10340] train/loss=0.09469  train/pred_loss=0.005526  train/sigreg_loss=0.9906  train/emb_std=0.9863  train/emb_norm=13.67  train/pred_vs_static=6.092  train/grad_norm=0.5158  train/lr=4.987e-05  train/samples_per_sec=920.8
2026-09-29 11:48:40 [  10360] train/loss=0.09429  train/pred_loss=0.005743  train/sigreg_loss=0.984  train/emb_std=0.9863  train/emb_norm=13.68  train/pred_vs_static=5.33  train/grad_norm=0.5092  train/lr=4.987e-05  train/samples_per_sec=922
2026-09-29 11:48:42 [  10380] train/loss=0.09446  train/pred_loss=0.005397  train/sigreg_loss=0.9893  train/emb_std=0.9844  train/emb_norm=13.65  train/pred_vs_static=5.43  train/grad_norm=0.5204  train/lr=4.987e-05  train/samples_per_sec=922.8
2026-09-29 11:48:45 [  10400] train/loss=0.09258  train/pred_loss=0.005447  train/sigreg_loss=0.9688  train/emb_std=0.985  train/emb_norm=13.66  train/pred_vs_static=6.491  train/grad_norm=0.5126  train/lr=4.987e-05  train/samples_per_sec=923.6
2026-09-29 11:48:48 [  10420] train/loss=0.09261  train/pred_loss=0.005649  train/sigreg_loss=0.9662  train/emb_std=0.9846  train/emb_norm=13.65  train/pred_vs_static=5.838  train/grad_norm=0.512  train/lr=4.987e-05  train/samples_per_sec=924.2
2026-09-29 11:48:50 [  10440] train/loss=0.09711  train/pred_loss=0.005532  train/sigreg_loss=1.017  train/emb_std=0.9857  train/emb_norm=13.66  train/pred_vs_static=8.314  train/grad_norm=0.5251  train/lr=4.987e-05  train/samples_per_sec=925.1
2026-09-29 11:48:53 [  10460] train/loss=0.09277  train/pred_loss=0.00571  train/sigreg_loss=0.9678  train/emb_std=0.9842  train/emb_norm=13.64  train/pred_vs_static=5.914  train/grad_norm=0.506  train/lr=4.987e-05  train/samples_per_sec=925.8
2026-09-29 11:48:56 [  10480] train/loss=0.09394  train/pred_loss=0.005197  train/sigreg_loss=0.9857  train/emb_std=0.9857  train/emb_norm=13.66  train/pred_vs_static=8.346  train/grad_norm=0.5147  train/lr=4.987e-05  train/samples_per_sec=926.3
2026-09-29 11:48:59 [  10500] train/loss=0.09424  train/pred_loss=0.005693  train/sigreg_loss=0.9844  train/emb_std=0.9861  train/emb_norm=13.67  train/pred_vs_static=5.243  train/grad_norm=0.5103  train/lr=4.987e-05  train/samples_per_sec=927
2026-09-29 11:49:01 [  10520] train/loss=0.09451  train/pred_loss=0.00555  train/sigreg_loss=0.9881  train/emb_std=0.9861  train/emb_norm=13.67  train/pred_vs_static=5.633  train/grad_norm=0.5093  train/lr=4.987e-05  train/samples_per_sec=927.4
2026-09-29 11:49:04 [  10540] train/loss=0.09451  train/pred_loss=0.005445  train/sigreg_loss=0.9898  train/emb_std=0.9846  train/emb_norm=13.66  train/pred_vs_static=5.022  train/grad_norm=0.5169  train/lr=4.986e-05  train/samples_per_sec=928
2026-09-29 11:49:07 [  10560] train/loss=0.09609  train/pred_loss=0.005489  train/sigreg_loss=1.006  train/emb_std=0.9857  train/emb_norm=13.66  train/pred_vs_static=6.109  train/grad_norm=0.531  train/lr=4.986e-05  train/samples_per_sec=928.3
2026-09-29 11:49:10 [  10580] train/loss=0.09354  train/pred_loss=0.005332  train/sigreg_loss=0.9803  train/emb_std=0.9855  train/emb_norm=13.66  train/pred_vs_static=5.974  train/grad_norm=0.5053  train/lr=4.986e-05  train/samples_per_sec=928.8
2026-09-29 11:49:12 [  10600] train/loss=0.09248  train/pred_loss=0.005421  train/sigreg_loss=0.9672  train/emb_std=0.9867  train/emb_norm=13.68  train/pred_vs_static=6.236  train/grad_norm=0.5108  train/lr=4.986e-05  train/samples_per_sec=929.2
2026-09-29 11:49:15 [  10620] train/loss=0.09367  train/pred_loss=0.005759  train/sigreg_loss=0.9766  train/emb_std=0.9869  train/emb_norm=13.68  train/pred_vs_static=5.24  train/grad_norm=0.5117  train/lr=4.986e-05  train/samples_per_sec=929.5
2026-09-29 11:49:18 [  10640] train/loss=0.09644  train/pred_loss=0.00577  train/sigreg_loss=1.007  train/emb_std=0.9848  train/emb_norm=13.66  train/pred_vs_static=6.179  train/grad_norm=0.5255  train/lr=4.986e-05  train/samples_per_sec=929.8
2026-09-29 11:49:20 [  10660] train/loss=0.09345  train/pred_loss=0.005684  train/sigreg_loss=0.9752  train/emb_std=0.9844  train/emb_norm=13.66  train/pred_vs_static=6.046  train/grad_norm=0.5125  train/lr=4.986e-05  train/samples_per_sec=930
2026-09-29 11:49:23 [  10680] train/loss=0.09362  train/pred_loss=0.005367  train/sigreg_loss=0.9801  train/emb_std=0.9844  train/emb_norm=13.65  train/pred_vs_static=6.22  train/grad_norm=0.5071  train/lr=4.986e-05  train/samples_per_sec=930.4
2026-09-29 11:49:26 [  10700] train/loss=0.09362  train/pred_loss=0.005286  train/sigreg_loss=0.9818  train/emb_std=0.9844  train/emb_norm=13.65  train/pred_vs_static=5.96  train/grad_norm=0.5028  train/lr=4.986e-05  train/samples_per_sec=930.6
2026-09-29 11:49:29 [  10720] train/loss=0.09303  train/pred_loss=0.005507  train/sigreg_loss=0.9723  train/emb_std=0.9854  train/emb_norm=13.67  train/pred_vs_static=8.533  train/grad_norm=0.5005  train/lr=4.986e-05  train/samples_per_sec=930.9
2026-09-29 11:49:31 [  10740] train/loss=0.09323  train/pred_loss=0.005437  train/sigreg_loss=0.9758  train/emb_std=0.9871  train/emb_norm=13.68  train/pred_vs_static=6.618  train/grad_norm=0.5071  train/lr=4.986e-05  train/samples_per_sec=931.1
2026-09-29 11:49:34 [  10760] train/loss=0.09255  train/pred_loss=0.005291  train/sigreg_loss=0.9695  train/emb_std=0.985  train/emb_norm=13.65  train/pred_vs_static=7.252  train/grad_norm=0.5095  train/lr=4.986e-05  train/samples_per_sec=931.4
2026-09-29 11:49:37 [  10780] train/loss=0.09434  train/pred_loss=0.005598  train/sigreg_loss=0.9865  train/emb_std=0.9863  train/emb_norm=13.67  train/pred_vs_static=5.11  train/grad_norm=0.5153  train/lr=4.985e-05  train/samples_per_sec=931.7
2026-09-29 11:49:39 [  10800] train/loss=0.09514  train/pred_loss=0.005318  train/sigreg_loss=0.998  train/emb_std=0.9854  train/emb_norm=13.66  train/pred_vs_static=5.986  train/grad_norm=0.516  train/lr=4.985e-05  train/samples_per_sec=931.9
2026-09-29 11:49:42 [  10820] train/loss=0.09249  train/pred_loss=0.005115  train/sigreg_loss=0.9715  train/emb_std=0.9859  train/emb_norm=13.67  train/pred_vs_static=6.936  train/grad_norm=0.4965  train/lr=4.985e-05  train/samples_per_sec=932.1
2026-09-29 11:49:45 [  10840] train/loss=0.09431  train/pred_loss=0.005613  train/sigreg_loss=0.9859  train/emb_std=0.9861  train/emb_norm=13.67  train/pred_vs_static=4.929  train/grad_norm=0.52  train/lr=4.985e-05  train/samples_per_sec=932.4
2026-09-29 11:49:48 [  10860] train/loss=0.09278  train/pred_loss=0.005422  train/sigreg_loss=0.9703  train/emb_std=0.9848  train/emb_norm=13.66  train/pred_vs_static=5.824  train/grad_norm=0.501  train/lr=4.985e-05  train/samples_per_sec=932.6
2026-09-29 11:49:50 [  10880] train/loss=0.09253  train/pred_loss=0.005789  train/sigreg_loss=0.9641  train/emb_std=0.9854  train/emb_norm=13.66  train/pred_vs_static=6.85  train/grad_norm=0.503  train/lr=4.985e-05  train/samples_per_sec=932.8
2026-09-29 11:49:53 [  10900] train/loss=0.09469  train/pred_loss=0.005261  train/sigreg_loss=0.9932  train/emb_std=0.9844  train/emb_norm=13.65  train/pred_vs_static=8.051  train/grad_norm=0.5175  train/lr=4.985e-05  train/samples_per_sec=933
2026-09-29 11:49:56 [  10920] train/loss=0.09231  train/pred_loss=0.005246  train/sigreg_loss=0.968  train/emb_std=0.985  train/emb_norm=13.66  train/pred_vs_static=6.835  train/grad_norm=0.5056  train/lr=4.985e-05  train/samples_per_sec=933.2
2026-09-29 11:49:59 [  10940] train/loss=0.09418  train/pred_loss=0.005067  train/sigreg_loss=0.9904  train/emb_std=0.9854  train/emb_norm=13.66  train/pred_vs_static=7.067  train/grad_norm=0.5034  train/lr=4.985e-05  train/samples_per_sec=933.3
2026-09-29 11:50:01 [  10960] train/loss=0.09332  train/pred_loss=0.00519  train/sigreg_loss=0.9795  train/emb_std=0.9859  train/emb_norm=13.67  train/pred_vs_static=6.255  train/grad_norm=0.5048  train/lr=4.985e-05  train/samples_per_sec=933.4
2026-09-29 11:50:04 [  10980] train/loss=0.09196  train/pred_loss=0.00514  train/sigreg_loss=0.9643  train/emb_std=0.9865  train/emb_norm=13.67  train/pred_vs_static=7.18  train/grad_norm=0.4978  train/lr=4.985e-05  train/samples_per_sec=933.6
2026-09-29 11:50:07 [  11000] train/loss=0.09394  train/pred_loss=0.005218  train/sigreg_loss=0.9855  train/emb_std=0.9863  train/emb_norm=13.67  train/pred_vs_static=7.488  train/grad_norm=0.5154  train/lr=4.984e-05  train/samples_per_sec=933.7
2026-09-29 11:50:09 [  11020] train/loss=0.0941  train/pred_loss=0.005522  train/sigreg_loss=0.9836  train/emb_std=0.9869  train/emb_norm=13.68  train/pred_vs_static=6.353  train/grad_norm=0.5131  train/lr=4.984e-05  train/samples_per_sec=933.9
2026-09-29 11:50:12 [  11040] train/loss=0.09287  train/pred_loss=0.005859  train/sigreg_loss=0.967  train/emb_std=0.9863  train/emb_norm=13.67  train/pred_vs_static=5.897  train/grad_norm=0.4997  train/lr=4.984e-05  train/samples_per_sec=934
2026-09-29 11:50:15 [  11060] train/loss=0.09276  train/pred_loss=0.005533  train/sigreg_loss=0.9686  train/emb_std=0.9861  train/emb_norm=13.67  train/pred_vs_static=5.795  train/grad_norm=0.5043  train/lr=4.984e-05  train/samples_per_sec=934.1
2026-09-29 11:50:18 [  11080] train/loss=0.09256  train/pred_loss=0.005431  train/sigreg_loss=0.9682  train/emb_std=0.9838  train/emb_norm=13.64  train/pred_vs_static=5.659  train/grad_norm=0.5138  train/lr=4.984e-05  train/samples_per_sec=934.2
2026-09-29 11:50:20 [  11100] train/loss=0.09517  train/pred_loss=0.005492  train/sigreg_loss=0.9969  train/emb_std=0.9873  train/emb_norm=13.68  train/pred_vs_static=6.674  train/grad_norm=0.5162  train/lr=4.984e-05  train/samples_per_sec=934.4
2026-09-29 11:50:23 [  11120] train/loss=0.09165  train/pred_loss=0.005098  train/sigreg_loss=0.9615  train/emb_std=0.9867  train/emb_norm=13.68  train/pred_vs_static=7.915  train/grad_norm=0.4965  train/lr=4.984e-05  train/samples_per_sec=934.5
2026-09-29 11:50:26 [  11140] train/loss=0.09371  train/pred_loss=0.005497  train/sigreg_loss=0.9799  train/emb_std=0.9854  train/emb_norm=13.67  train/pred_vs_static=5.491  train/grad_norm=0.506  train/lr=4.984e-05  train/samples_per_sec=934.6
2026-09-29 11:50:28 [  11160] train/loss=0.09218  train/pred_loss=0.00539  train/sigreg_loss=0.9646  train/emb_std=0.9846  train/emb_norm=13.66  train/pred_vs_static=6.595  train/grad_norm=0.4995  train/lr=4.984e-05  train/samples_per_sec=934.7
2026-09-29 11:50:31 [  11180] train/loss=0.09275  train/pred_loss=0.005229  train/sigreg_loss=0.9725  train/emb_std=0.985  train/emb_norm=13.66  train/pred_vs_static=6.873  train/grad_norm=0.5043  train/lr=4.984e-05  train/samples_per_sec=934.9
2026-09-29 11:50:34 [  11200] train/loss=0.09193  train/pred_loss=0.00526  train/sigreg_loss=0.9629  train/emb_std=0.9859  train/emb_norm=13.67  train/pred_vs_static=6.434  train/grad_norm=0.5025  train/lr=4.984e-05  train/samples_per_sec=934.9
2026-09-29 11:50:37 [  11220] train/loss=0.09362  train/pred_loss=0.005561  train/sigreg_loss=0.9779  train/emb_std=0.9852  train/emb_norm=13.66  train/pred_vs_static=5.877  train/grad_norm=0.5059  train/lr=4.983e-05  train/samples_per_sec=935
2026-09-29 11:50:39 [  11240] train/loss=0.09251  train/pred_loss=0.005474  train/sigreg_loss=0.9674  train/emb_std=0.9861  train/emb_norm=13.67  train/pred_vs_static=5.232  train/grad_norm=0.5036  train/lr=4.983e-05  train/samples_per_sec=935.1
2026-09-29 11:50:42 [  11260] train/loss=0.09136  train/pred_loss=0.005203  train/sigreg_loss=0.9574  train/emb_std=0.9873  train/emb_norm=13.68  train/pred_vs_static=7.342  train/grad_norm=0.4915  train/lr=4.983e-05  train/samples_per_sec=935.1
2026-09-29 11:50:45 [  11280] train/loss=0.0913  train/pred_loss=0.005143  train/sigreg_loss=0.9574  train/emb_std=0.9865  train/emb_norm=13.68  train/pred_vs_static=7.122  train/grad_norm=0.494  train/lr=4.983e-05  train/samples_per_sec=935.2
2026-09-29 11:50:48 [  11300] train/loss=0.09204  train/pred_loss=0.005494  train/sigreg_loss=0.9613  train/emb_std=0.9846  train/emb_norm=13.65  train/pred_vs_static=5.43  train/grad_norm=0.5011  train/lr=4.983e-05  train/samples_per_sec=935.3
2026-09-29 11:50:50 [  11320] train/loss=0.09204  train/pred_loss=0.005687  train/sigreg_loss=0.9596  train/emb_std=0.9859  train/emb_norm=13.67  train/pred_vs_static=5.692  train/grad_norm=0.503  train/lr=4.983e-05  train/samples_per_sec=935.3
2026-09-29 11:50:53 [  11340] train/loss=0.09137  train/pred_loss=0.005017  train/sigreg_loss=0.9588  train/emb_std=0.9867  train/emb_norm=13.69  train/pred_vs_static=7.208  train/grad_norm=0.493  train/lr=4.983e-05  train/samples_per_sec=935.4
2026-09-29 11:50:56 [  11360] train/loss=0.09209  train/pred_loss=0.005179  train/sigreg_loss=0.9654  train/emb_std=0.9854  train/emb_norm=13.66  train/pred_vs_static=6.941  train/grad_norm=0.4976  train/lr=4.983e-05  train/samples_per_sec=935.4
2026-09-29 11:50:58 [  11380] train/loss=0.09162  train/pred_loss=0.00527  train/sigreg_loss=0.96  train/emb_std=0.985  train/emb_norm=13.66  train/pred_vs_static=6.774  train/grad_norm=0.4951  train/lr=4.983e-05  train/samples_per_sec=935.5
2026-09-29 11:51:01 [  11400] train/loss=0.0923  train/pred_loss=0.005536  train/sigreg_loss=0.9643  train/emb_std=0.9863  train/emb_norm=13.67  train/pred_vs_static=5.524  train/grad_norm=0.4991  train/lr=4.983e-05  train/samples_per_sec=935.6
2026-09-29 11:51:04 [  11420] train/loss=0.09153  train/pred_loss=0.004981  train/sigreg_loss=0.9619  train/emb_std=0.984  train/emb_norm=13.65  train/pred_vs_static=8.508  train/grad_norm=0.4956  train/lr=4.983e-05  train/samples_per_sec=935.7
2026-09-29 11:51:07 [  11440] train/loss=0.09093  train/pred_loss=0.005549  train/sigreg_loss=0.9484  train/emb_std=0.9871  train/emb_norm=13.68  train/pred_vs_static=5.193  train/grad_norm=0.4888  train/lr=4.982e-05  train/samples_per_sec=935.8
2026-09-29 11:51:09 [  11460] train/loss=0.0917  train/pred_loss=0.005398  train/sigreg_loss=0.959  train/emb_std=0.9857  train/emb_norm=13.67  train/pred_vs_static=5.672  train/grad_norm=0.4982  train/lr=4.982e-05  train/samples_per_sec=935.9
2026-09-29 11:51:12 [  11480] train/loss=0.09318  train/pred_loss=0.005267  train/sigreg_loss=0.976  train/emb_std=0.9854  train/emb_norm=13.66  train/pred_vs_static=6.255  train/grad_norm=0.5006  train/lr=4.982e-05  train/samples_per_sec=936
2026-09-29 11:51:15 [  11500] train/loss=0.09208  train/pred_loss=0.005506  train/sigreg_loss=0.9617  train/emb_std=0.9852  train/emb_norm=13.66  train/pred_vs_static=5.584  train/grad_norm=0.5008  train/lr=4.982e-05  train/samples_per_sec=936.1
2026-09-29 11:51:17 [  11520] train/loss=0.09109  train/pred_loss=0.005443  train/sigreg_loss=0.952  train/emb_std=0.9861  train/emb_norm=13.67  train/pred_vs_static=5.731  train/grad_norm=0.4885  train/lr=4.982e-05  train/samples_per_sec=936.1
2026-09-29 11:51:20 [  11540] train/loss=0.0901  train/pred_loss=0.005192  train/sigreg_loss=0.9432  train/emb_std=0.9869  train/emb_norm=13.69  train/pred_vs_static=6.314  train/grad_norm=0.4859  train/lr=4.982e-05  train/samples_per_sec=936.2
2026-09-29 11:51:23 [  11560] train/loss=0.09172  train/pred_loss=0.005344  train/sigreg_loss=0.9598  train/emb_std=0.9861  train/emb_norm=13.67  train/pred_vs_static=5.589  train/grad_norm=0.5013  train/lr=4.982e-05  train/samples_per_sec=936.2
2026-09-29 11:51:26 [  11580] train/loss=0.09049  train/pred_loss=0.005184  train/sigreg_loss=0.9473  train/emb_std=0.9861  train/emb_norm=13.67  train/pred_vs_static=6.783  train/grad_norm=0.5011  train/lr=4.982e-05  train/samples_per_sec=936.2
2026-09-29 11:51:28 [  11600] train/loss=0.09219  train/pred_loss=0.005861  train/sigreg_loss=0.9588  train/emb_std=0.9836  train/emb_norm=13.65  train/pred_vs_static=6.2  train/grad_norm=0.4985  train/lr=4.982e-05  train/samples_per_sec=936.3
2026-09-29 11:51:31 [  11620] train/loss=0.09223  train/pred_loss=0.005492  train/sigreg_loss=0.9641  train/emb_std=0.9867  train/emb_norm=13.68  train/pred_vs_static=5.872  train/grad_norm=0.502  train/lr=4.982e-05  train/samples_per_sec=936.3
2026-09-29 11:51:34 [  11640] train/loss=0.09119  train/pred_loss=0.005599  train/sigreg_loss=0.9512  train/emb_std=0.9861  train/emb_norm=13.67  train/pred_vs_static=5.704  train/grad_norm=0.4941  train/lr=4.982e-05  train/samples_per_sec=936.2
2026-09-29 11:51:37 [  11660] train/loss=0.09017  train/pred_loss=0.004963  train/sigreg_loss=0.9461  train/emb_std=0.985  train/emb_norm=13.66  train/pred_vs_static=6.958  train/grad_norm=0.4883  train/lr=4.981e-05  train/samples_per_sec=936.3
2026-09-29 11:51:39 [  11680] train/loss=0.09051  train/pred_loss=0.005452  train/sigreg_loss=0.9453  train/emb_std=0.9861  train/emb_norm=13.67  train/pred_vs_static=5.227  train/grad_norm=0.4895  train/lr=4.981e-05  train/samples_per_sec=936.4
2026-09-29 11:51:42 [  11700] train/loss=0.09198  train/pred_loss=0.005162  train/sigreg_loss=0.9646  train/emb_std=0.9832  train/emb_norm=13.64  train/pred_vs_static=6.746  train/grad_norm=0.496  train/lr=4.981e-05  train/samples_per_sec=936.5
2026-09-29 11:51:45 [  11720] train/loss=0.09142  train/pred_loss=0.004966  train/sigreg_loss=0.9611  train/emb_std=0.9857  train/emb_norm=13.67  train/pred_vs_static=7.129  train/grad_norm=0.4913  train/lr=4.981e-05  train/samples_per_sec=936.5
2026-09-29 11:51:47 [  11740] train/loss=0.08927  train/pred_loss=0.004997  train/sigreg_loss=0.9365  train/emb_std=0.9852  train/emb_norm=13.66  train/pred_vs_static=6.458  train/grad_norm=0.4812  train/lr=4.981e-05  train/samples_per_sec=936.6
2026-09-29 11:51:50 [  11760] train/loss=0.0906  train/pred_loss=0.005153  train/sigreg_loss=0.9496  train/emb_std=0.9863  train/emb_norm=13.68  train/pred_vs_static=5.654  train/grad_norm=0.4888  train/lr=4.981e-05  train/samples_per_sec=936.7
2026-09-29 11:51:53 [  11780] train/loss=0.09175  train/pred_loss=0.005226  train/sigreg_loss=0.9613  train/emb_std=0.9857  train/emb_norm=13.67  train/pred_vs_static=6.936  train/grad_norm=0.4973  train/lr=4.981e-05  train/samples_per_sec=936.8
2026-09-29 11:51:56 [  11800] train/loss=0.09146  train/pred_loss=0.005378  train/sigreg_loss=0.9568  train/emb_std=0.9844  train/emb_norm=13.65  train/pred_vs_static=5.706  train/grad_norm=0.4903  train/lr=4.981e-05  train/samples_per_sec=936.8
2026-09-29 11:51:58 [  11820] train/loss=0.09242  train/pred_loss=0.00534  train/sigreg_loss=0.968  train/emb_std=0.9855  train/emb_norm=13.67  train/pred_vs_static=6.033  train/grad_norm=0.505  train/lr=4.981e-05  train/samples_per_sec=936.8
2026-09-29 11:52:01 [  11840] train/loss=0.09157  train/pred_loss=0.00549  train/sigreg_loss=0.9563  train/emb_std=0.9863  train/emb_norm=13.67  train/pred_vs_static=6.762  train/grad_norm=0.4922  train/lr=4.981e-05  train/samples_per_sec=936.9
2026-09-29 11:52:04 [  11860] train/loss=0.09152  train/pred_loss=0.005139  train/sigreg_loss=0.9594  train/emb_std=0.9857  train/emb_norm=13.68  train/pred_vs_static=5.86  train/grad_norm=0.4925  train/lr=4.98e-05  train/samples_per_sec=936.9
2026-09-29 11:52:06 [  11880] train/loss=0.08975  train/pred_loss=0.004962  train/sigreg_loss=0.9418  train/emb_std=0.9865  train/emb_norm=13.69  train/pred_vs_static=6.24  train/grad_norm=0.4849  train/lr=4.98e-05  train/samples_per_sec=936.9
2026-09-29 11:52:09 [  11900] train/loss=0.09122  train/pred_loss=0.005384  train/sigreg_loss=0.9533  train/emb_std=0.9846  train/emb_norm=13.65  train/pred_vs_static=5.461  train/grad_norm=0.4997  train/lr=4.98e-05  train/samples_per_sec=936.9
2026-09-29 11:52:12 [  11920] train/loss=0.09001  train/pred_loss=0.005029  train/sigreg_loss=0.9441  train/emb_std=0.9873  train/emb_norm=13.69  train/pred_vs_static=6.41  train/grad_norm=0.4813  train/lr=4.98e-05  train/samples_per_sec=936.9
2026-09-29 11:52:15 [  11940] train/loss=0.09176  train/pred_loss=0.005237  train/sigreg_loss=0.9613  train/emb_std=0.9855  train/emb_norm=13.67  train/pred_vs_static=6.331  train/grad_norm=0.4921  train/lr=4.98e-05  train/samples_per_sec=937
2026-09-29 11:52:17 [  11960] train/loss=0.09203  train/pred_loss=0.005606  train/sigreg_loss=0.9607  train/emb_std=0.9863  train/emb_norm=13.67  train/pred_vs_static=5.283  train/grad_norm=0.4998  train/lr=4.98e-05  train/samples_per_sec=937
2026-09-29 11:52:20 [  11980] train/loss=0.09062  train/pred_loss=0.005469  train/sigreg_loss=0.9465  train/emb_std=0.985  train/emb_norm=13.66  train/pred_vs_static=5.341  train/grad_norm=0.4871  train/lr=4.98e-05  train/samples_per_sec=937.1
2026-09-29 11:52:23 [  12000] train/loss=0.09021  train/pred_loss=0.005543  train/sigreg_loss=0.9404  train/emb_std=0.9846  train/emb_norm=13.65  train/pred_vs_static=5.334  train/grad_norm=0.4929  train/lr=4.98e-05  train/samples_per_sec=937.1
2026-09-29 11:52:23 [  12000] train_epoch/loss=0.09305  train_epoch/pred_loss=0.005438  train_epoch/sigreg_loss=0.9734  train_epoch/emb_std=0.9856  train_epoch/emb_norm=13.67  train_epoch/pred_vs_static=6.222  train_epoch/grad_norm=0.5062  train_epoch/lr=4.984e-05  train_epoch/epoch=5
2026-09-29 11:52:28 [  12000] val/loss=1.382  val/pred_loss=0.005492  val/sigreg_loss=15.29  val/emb_std=0.9129  val/emb_norm=13.85  val/pred_vs_static=4.611  val/epoch=5
2026-09-29 11:52:28 epoch   5 | val pred_vs_static 4.61093 | best 3.73768 @ epoch 2 | saved epoch_005.pt
2026-09-29 11:52:32 [  12020] train/loss=0.08812  train/pred_loss=0.00489  train/sigreg_loss=0.9242  train/emb_std=0.9873  train/emb_norm=13.68  train/pred_vs_static=6.099  train/grad_norm=0.4795  train/lr=4.98e-05  train/samples_per_sec=673.7
2026-09-29 11:52:35 [  12040] train/loss=0.09099  train/pred_loss=0.005272  train/sigreg_loss=0.9525  train/emb_std=0.9865  train/emb_norm=13.67  train/pred_vs_static=5.483  train/grad_norm=0.4815  train/lr=4.98e-05  train/samples_per_sec=786.2
2026-09-29 11:52:37 [  12060] train/loss=0.08963  train/pred_loss=0.005083  train/sigreg_loss=0.9391  train/emb_std=0.9854  train/emb_norm=13.67  train/pred_vs_static=6.888  train/grad_norm=0.4816  train/lr=4.979e-05  train/samples_per_sec=831.9
2026-09-29 11:52:40 [  12080] train/loss=0.09116  train/pred_loss=0.00547  train/sigreg_loss=0.9518  train/emb_std=0.9875  train/emb_norm=13.69  train/pred_vs_static=5.977  train/grad_norm=0.4942  train/lr=4.979e-05  train/samples_per_sec=856.9
2026-09-29 11:52:43 [  12100] train/loss=0.0899  train/pred_loss=0.005108  train/sigreg_loss=0.9424  train/emb_std=0.985  train/emb_norm=13.66  train/pred_vs_static=6.107  train/grad_norm=0.4788  train/lr=4.979e-05  train/samples_per_sec=873
2026-09-29 11:52:46 [  12120] train/loss=0.08958  train/pred_loss=0.004863  train/sigreg_loss=0.9412  train/emb_std=0.9865  train/emb_norm=13.68  train/pred_vs_static=7.311  train/grad_norm=0.4885  train/lr=4.979e-05  train/samples_per_sec=883.1
2026-09-29 11:52:48 [  12140] train/loss=0.08994  train/pred_loss=0.00478  train/sigreg_loss=0.9465  train/emb_std=0.9859  train/emb_norm=13.68  train/pred_vs_static=7.641  train/grad_norm=0.4856  train/lr=4.979e-05  train/samples_per_sec=891.3
2026-09-29 11:52:51 [  12160] train/loss=0.09002  train/pred_loss=0.005036  train/sigreg_loss=0.9441  train/emb_std=0.9857  train/emb_norm=13.67  train/pred_vs_static=6.179  train/grad_norm=0.4897  train/lr=4.979e-05  train/samples_per_sec=897.4
2026-09-29 11:52:54 [  12180] train/loss=0.0906  train/pred_loss=0.005199  train/sigreg_loss=0.9486  train/emb_std=0.9875  train/emb_norm=13.7  train/pred_vs_static=5.929  train/grad_norm=0.4964  train/lr=4.979e-05  train/samples_per_sec=901.8
2026-09-29 11:52:56 [  12200] train/loss=0.09049  train/pred_loss=0.005113  train/sigreg_loss=0.9484  train/emb_std=0.9859  train/emb_norm=13.67  train/pred_vs_static=5.736  train/grad_norm=0.4932  train/lr=4.979e-05  train/samples_per_sec=905.4
2026-09-29 11:52:59 [  12220] train/loss=0.09111  train/pred_loss=0.005176  train/sigreg_loss=0.9551  train/emb_std=0.9861  train/emb_norm=13.68  train/pred_vs_static=6.1  train/grad_norm=0.4876  train/lr=4.979e-05  train/samples_per_sec=907.8
2026-09-29 11:53:02 [  12240] train/loss=0.09048  train/pred_loss=0.005035  train/sigreg_loss=0.9496  train/emb_std=0.9836  train/emb_norm=13.64  train/pred_vs_static=6.256  train/grad_norm=0.4942  train/lr=4.978e-05  train/samples_per_sec=909.8
2026-09-29 11:53:05 [  12260] train/loss=0.09045  train/pred_loss=0.004976  train/sigreg_loss=0.9504  train/emb_std=0.9867  train/emb_norm=13.69  train/pred_vs_static=5.972  train/grad_norm=0.4856  train/lr=4.978e-05  train/samples_per_sec=911.9
2026-09-29 11:53:07 [  12280] train/loss=0.08885  train/pred_loss=0.005039  train/sigreg_loss=0.9313  train/emb_std=0.985  train/emb_norm=13.66  train/pred_vs_static=5.896  train/grad_norm=0.4809  train/lr=4.978e-05  train/samples_per_sec=913.9
2026-09-29 11:53:10 [  12300] train/loss=0.08865  train/pred_loss=0.004621  train/sigreg_loss=0.9342  train/emb_std=0.9859  train/emb_norm=13.67  train/pred_vs_static=7.452  train/grad_norm=0.4731  train/lr=4.978e-05  train/samples_per_sec=915.7
2026-09-29 11:53:13 [  12320] train/loss=0.0898  train/pred_loss=0.004886  train/sigreg_loss=0.9439  train/emb_std=0.9855  train/emb_norm=13.67  train/pred_vs_static=6.413  train/grad_norm=0.4861  train/lr=4.978e-05  train/samples_per_sec=917.1
2026-09-29 11:53:16 [  12340] train/loss=0.08988  train/pred_loss=0.004771  train/sigreg_loss=0.9461  train/emb_std=0.9865  train/emb_norm=13.68  train/pred_vs_static=7.355  train/grad_norm=0.4968  train/lr=4.978e-05  train/samples_per_sec=918.6
2026-09-29 11:53:18 [  12360] train/loss=0.08972  train/pred_loss=0.005102  train/sigreg_loss=0.9402  train/emb_std=0.9859  train/emb_norm=13.67  train/pred_vs_static=6.156  train/grad_norm=0.4845  train/lr=4.978e-05  train/samples_per_sec=919.7
2026-09-29 11:53:21 [  12380] train/loss=0.08881  train/pred_loss=0.00514  train/sigreg_loss=0.9293  train/emb_std=0.9869  train/emb_norm=13.69  train/pred_vs_static=5.48  train/grad_norm=0.4815  train/lr=4.978e-05  train/samples_per_sec=920.9
2026-09-29 11:53:24 [  12400] train/loss=0.08952  train/pred_loss=0.004776  train/sigreg_loss=0.942  train/emb_std=0.9854  train/emb_norm=13.67  train/pred_vs_static=6.474  train/grad_norm=0.4832  train/lr=4.978e-05  train/samples_per_sec=922
2026-09-29 11:53:26 [  12420] train/loss=0.08936  train/pred_loss=0.004956  train/sigreg_loss=0.9381  train/emb_std=0.9857  train/emb_norm=13.67  train/pred_vs_static=5.926  train/grad_norm=0.4863  train/lr=4.978e-05  train/samples_per_sec=922.7
2026-09-29 11:53:29 [  12440] train/loss=0.08912  train/pred_loss=0.005041  train/sigreg_loss=0.934  train/emb_std=0.9846  train/emb_norm=13.66  train/pred_vs_static=6.201  train/grad_norm=0.48  train/lr=4.977e-05  train/samples_per_sec=923.5
2026-09-29 11:53:32 [  12460] train/loss=0.09049  train/pred_loss=0.004872  train/sigreg_loss=0.9508  train/emb_std=0.9861  train/emb_norm=13.68  train/pred_vs_static=6.975  train/grad_norm=0.489  train/lr=4.977e-05  train/samples_per_sec=924.2
2026-09-29 11:53:35 [  12480] train/loss=0.08875  train/pred_loss=0.004957  train/sigreg_loss=0.9309  train/emb_std=0.9857  train/emb_norm=13.67  train/pred_vs_static=6.015  train/grad_norm=0.4764  train/lr=4.977e-05  train/samples_per_sec=924.9
2026-09-29 11:53:37 [  12500] train/loss=0.08863  train/pred_loss=0.004747  train/sigreg_loss=0.9322  train/emb_std=0.9859  train/emb_norm=13.67  train/pred_vs_static=8  train/grad_norm=0.4755  train/lr=4.977e-05  train/samples_per_sec=925.6
2026-09-29 11:53:40 [  12520] train/loss=0.08911  train/pred_loss=0.004854  train/sigreg_loss=0.9357  train/emb_std=0.9859  train/emb_norm=13.67  train/pred_vs_static=7.409  train/grad_norm=0.4862  train/lr=4.977e-05  train/samples_per_sec=926.2
2026-09-29 11:53:43 [  12540] train/loss=0.0894  train/pred_loss=0.005027  train/sigreg_loss=0.9377  train/emb_std=0.9848  train/emb_norm=13.65  train/pred_vs_static=5.909  train/grad_norm=0.4866  train/lr=4.977e-05  train/samples_per_sec=926.7
2026-09-29 11:53:45 [  12560] train/loss=0.08988  train/pred_loss=0.004995  train/sigreg_loss=0.9439  train/emb_std=0.9867  train/emb_norm=13.68  train/pred_vs_static=6.838  train/grad_norm=0.4909  train/lr=4.977e-05  train/samples_per_sec=927.3
2026-09-29 11:53:48 [  12580] train/loss=0.08883  train/pred_loss=0.004994  train/sigreg_loss=0.9316  train/emb_std=0.9865  train/emb_norm=13.67  train/pred_vs_static=6.445  train/grad_norm=0.4796  train/lr=4.977e-05  train/samples_per_sec=927.8
2026-09-29 11:53:51 [  12600] train/loss=0.08987  train/pred_loss=0.004959  train/sigreg_loss=0.9428  train/emb_std=0.9857  train/emb_norm=13.67  train/pred_vs_static=6.293  train/grad_norm=0.4847  train/lr=4.977e-05  train/samples_per_sec=928.1
2026-09-29 11:53:54 [  12620] train/loss=0.08939  train/pred_loss=0.005115  train/sigreg_loss=0.9359  train/emb_std=0.9861  train/emb_norm=13.67  train/pred_vs_static=5.55  train/grad_norm=0.4777  train/lr=4.976e-05  train/samples_per_sec=928.5
2026-09-29 11:53:56 [  12640] train/loss=0.09061  train/pred_loss=0.005039  train/sigreg_loss=0.9508  train/emb_std=0.9857  train/emb_norm=13.67  train/pred_vs_static=6.393  train/grad_norm=0.4803  train/lr=4.976e-05  train/samples_per_sec=928.9
2026-09-29 11:53:59 [  12660] train/loss=0.08927  train/pred_loss=0.005113  train/sigreg_loss=0.9352  train/emb_std=0.9861  train/emb_norm=13.68  train/pred_vs_static=6.867  train/grad_norm=0.4786  train/lr=4.976e-05  train/samples_per_sec=929.3
2026-09-29 11:54:02 [  12680] train/loss=0.08875  train/pred_loss=0.005109  train/sigreg_loss=0.9291  train/emb_std=0.9867  train/emb_norm=13.68  train/pred_vs_static=5.668  train/grad_norm=0.4791  train/lr=4.976e-05  train/samples_per_sec=929.6
2026-09-29 11:54:04 [  12700] train/loss=0.08903  train/pred_loss=0.004799  train/sigreg_loss=0.9357  train/emb_std=0.9852  train/emb_norm=13.66  train/pred_vs_static=6.857  train/grad_norm=0.478  train/lr=4.976e-05  train/samples_per_sec=930
2026-09-29 11:54:07 [  12720] train/loss=0.08879  train/pred_loss=0.005298  train/sigreg_loss=0.9277  train/emb_std=0.9852  train/emb_norm=13.67  train/pred_vs_static=5.038  train/grad_norm=0.4806  train/lr=4.976e-05  train/samples_per_sec=930.1
2026-09-29 11:54:10 [  12740] train/loss=0.09024  train/pred_loss=0.004964  train/sigreg_loss=0.9475  train/emb_std=0.9854  train/emb_norm=13.66  train/pred_vs_static=7.069  train/grad_norm=0.4862  train/lr=4.976e-05  train/samples_per_sec=930.4
2026-09-29 11:54:13 [  12760] train/loss=0.09074  train/pred_loss=0.00544  train/sigreg_loss=0.9479  train/emb_std=0.9852  train/emb_norm=13.65  train/pred_vs_static=5.978  train/grad_norm=0.4865  train/lr=4.976e-05  train/samples_per_sec=930.7
2026-09-29 11:54:15 [  12780] train/loss=0.08844  train/pred_loss=0.004871  train/sigreg_loss=0.9283  train/emb_std=0.9861  train/emb_norm=13.67  train/pred_vs_static=7.216  train/grad_norm=0.4768  train/lr=4.976e-05  train/samples_per_sec=931
2026-09-29 11:54:18 [  12800] train/loss=0.09027  train/pred_loss=0.005329  train/sigreg_loss=0.9439  train/emb_std=0.9861  train/emb_norm=13.67  train/pred_vs_static=5.163  train/grad_norm=0.4873  train/lr=4.975e-05  train/samples_per_sec=931.3
2026-09-29 11:54:21 [  12820] train/loss=0.08899  train/pred_loss=0.004834  train/sigreg_loss=0.9352  train/emb_std=0.9867  train/emb_norm=13.68  train/pred_vs_static=5.985  train/grad_norm=0.4871  train/lr=4.975e-05  train/samples_per_sec=931.6
2026-09-29 11:54:24 [  12840] train/loss=0.08985  train/pred_loss=0.005158  train/sigreg_loss=0.9412  train/emb_std=0.9857  train/emb_norm=13.67  train/pred_vs_static=5.704  train/grad_norm=0.4768  train/lr=4.975e-05  train/samples_per_sec=931.7
2026-09-29 11:54:26 [  12860] train/loss=0.08778  train/pred_loss=0.004843  train/sigreg_loss=0.9215  train/emb_std=0.9855  train/emb_norm=13.66  train/pred_vs_static=6.223  train/grad_norm=0.4652  train/lr=4.975e-05  train/samples_per_sec=931.9
2026-09-29 11:54:29 [  12880] train/loss=0.08866  train/pred_loss=0.004802  train/sigreg_loss=0.9318  train/emb_std=0.9857  train/emb_norm=13.67  train/pred_vs_static=5.901  train/grad_norm=0.4738  train/lr=4.975e-05  train/samples_per_sec=932.1
2026-09-29 11:54:32 [  12900] train/loss=0.08875  train/pred_loss=0.005127  train/sigreg_loss=0.9291  train/emb_std=0.9846  train/emb_norm=13.66  train/pred_vs_static=5.615  train/grad_norm=0.4716  train/lr=4.975e-05  train/samples_per_sec=932.4
2026-09-29 11:54:34 [  12920] train/loss=0.08914  train/pred_loss=0.004986  train/sigreg_loss=0.9355  train/emb_std=0.9873  train/emb_norm=13.68  train/pred_vs_static=5.466  train/grad_norm=0.4779  train/lr=4.975e-05  train/samples_per_sec=932.4
2026-09-29 11:54:37 [  12940] train/loss=0.08804  train/pred_loss=0.004981  train/sigreg_loss=0.9229  train/emb_std=0.9852  train/emb_norm=13.66  train/pred_vs_static=6.622  train/grad_norm=0.4701  train/lr=4.975e-05  train/samples_per_sec=932.6
2026-09-29 11:54:40 [  12960] train/loss=0.08804  train/pred_loss=0.005524  train/sigreg_loss=0.9168  train/emb_std=0.9865  train/emb_norm=13.68  train/pred_vs_static=4.844  train/grad_norm=0.463  train/lr=4.975e-05  train/samples_per_sec=932.7
2026-09-29 11:54:43 [  12980] train/loss=0.08764  train/pred_loss=0.004777  train/sigreg_loss=0.9209  train/emb_std=0.9857  train/emb_norm=13.67  train/pred_vs_static=6.77  train/grad_norm=0.4709  train/lr=4.974e-05  train/samples_per_sec=932.9
2026-09-29 11:54:45 [  13000] train/loss=0.08868  train/pred_loss=0.004987  train/sigreg_loss=0.9303  train/emb_std=0.9865  train/emb_norm=13.68  train/pred_vs_static=5.519  train/grad_norm=0.4755  train/lr=4.974e-05  train/samples_per_sec=933.1
2026-09-29 11:54:48 [  13020] train/loss=0.08788  train/pred_loss=0.004943  train/sigreg_loss=0.9217  train/emb_std=0.9857  train/emb_norm=13.67  train/pred_vs_static=6.353  train/grad_norm=0.4667  train/lr=4.974e-05  train/samples_per_sec=933.3
2026-09-29 11:54:51 [  13040] train/loss=0.08818  train/pred_loss=0.004662  train/sigreg_loss=0.9277  train/emb_std=0.9869  train/emb_norm=13.68  train/pred_vs_static=6.486  train/grad_norm=0.4669  train/lr=4.974e-05  train/samples_per_sec=933.5
2026-09-29 11:54:53 [  13060] train/loss=0.08776  train/pred_loss=0.004872  train/sigreg_loss=0.9207  train/emb_std=0.9867  train/emb_norm=13.68  train/pred_vs_static=6.037  train/grad_norm=0.4681  train/lr=4.974e-05  train/samples_per_sec=933.7
2026-09-29 11:54:56 [  13080] train/loss=0.08818  train/pred_loss=0.004709  train/sigreg_loss=0.9275  train/emb_std=0.9861  train/emb_norm=13.67  train/pred_vs_static=7.383  train/grad_norm=0.4676  train/lr=4.974e-05  train/samples_per_sec=933.9
2026-09-29 11:54:59 [  13100] train/loss=0.08776  train/pred_loss=0.005049  train/sigreg_loss=0.9187  train/emb_std=0.9861  train/emb_norm=13.67  train/pred_vs_static=5.806  train/grad_norm=0.4704  train/lr=4.974e-05  train/samples_per_sec=934
2026-09-29 11:55:02 [  13120] train/loss=0.08836  train/pred_loss=0.004643  train/sigreg_loss=0.9301  train/emb_std=0.9867  train/emb_norm=13.68  train/pred_vs_static=6.608  train/grad_norm=0.4692  train/lr=4.974e-05  train/samples_per_sec=934.2
2026-09-29 11:55:04 [  13140] train/loss=0.08943  train/pred_loss=0.004784  train/sigreg_loss=0.9404  train/emb_std=0.9854  train/emb_norm=13.67  train/pred_vs_static=6.583  train/grad_norm=0.4768  train/lr=4.974e-05  train/samples_per_sec=934.4
2026-09-29 11:55:07 [  13160] train/loss=0.08903  train/pred_loss=0.004822  train/sigreg_loss=0.9354  train/emb_std=0.9844  train/emb_norm=13.65  train/pred_vs_static=6.936  train/grad_norm=0.4743  train/lr=4.973e-05  train/samples_per_sec=934.4
2026-09-29 11:55:10 [  13180] train/loss=0.08768  train/pred_loss=0.004672  train/sigreg_loss=0.9219  train/emb_std=0.9854  train/emb_norm=13.66  train/pred_vs_static=6.517  train/grad_norm=0.4777  train/lr=4.973e-05  train/samples_per_sec=934.5
2026-09-29 11:55:12 [  13200] train/loss=0.0882  train/pred_loss=0.005047  train/sigreg_loss=0.9236  train/emb_std=0.985  train/emb_norm=13.66  train/pred_vs_static=5.61  train/grad_norm=0.4678  train/lr=4.973e-05  train/samples_per_sec=934.7
2026-09-29 11:55:15 [  13220] train/loss=0.08803  train/pred_loss=0.004994  train/sigreg_loss=0.9225  train/emb_std=0.9861  train/emb_norm=13.67  train/pred_vs_static=6.556  train/grad_norm=0.4659  train/lr=4.973e-05  train/samples_per_sec=934.6
2026-09-29 11:55:18 [  13240] train/loss=0.08803  train/pred_loss=0.005046  train/sigreg_loss=0.9221  train/emb_std=0.9863  train/emb_norm=13.68  train/pred_vs_static=5.716  train/grad_norm=0.4774  train/lr=4.973e-05  train/samples_per_sec=934.7
2026-09-29 11:55:21 [  13260] train/loss=0.0886  train/pred_loss=0.004984  train/sigreg_loss=0.9297  train/emb_std=0.9867  train/emb_norm=13.68  train/pred_vs_static=4.984  train/grad_norm=0.4738  train/lr=4.973e-05  train/samples_per_sec=934.8
2026-09-29 11:55:23 [  13280] train/loss=0.08924  train/pred_loss=0.004889  train/sigreg_loss=0.9375  train/emb_std=0.9848  train/emb_norm=13.66  train/pred_vs_static=6.987  train/grad_norm=0.4789  train/lr=4.973e-05  train/samples_per_sec=935
2026-09-29 11:55:26 [  13300] train/loss=0.08728  train/pred_loss=0.004612  train/sigreg_loss=0.918  train/emb_std=0.985  train/emb_norm=13.66  train/pred_vs_static=7.236  train/grad_norm=0.4733  train/lr=4.973e-05  train/samples_per_sec=935
2026-09-29 11:55:29 [  13320] train/loss=0.08849  train/pred_loss=0.005162  train/sigreg_loss=0.9256  train/emb_std=0.9863  train/emb_norm=13.67  train/pred_vs_static=5.703  train/grad_norm=0.4712  train/lr=4.972e-05  train/samples_per_sec=935.2
2026-09-29 11:55:32 [  13340] train/loss=0.08772  train/pred_loss=0.004765  train/sigreg_loss=0.9217  train/emb_std=0.9859  train/emb_norm=13.68  train/pred_vs_static=7.586  train/grad_norm=0.4773  train/lr=4.972e-05  train/samples_per_sec=935.2
2026-09-29 11:55:34 [  13360] train/loss=0.0893  train/pred_loss=0.004972  train/sigreg_loss=0.9367  train/emb_std=0.9854  train/emb_norm=13.66  train/pred_vs_static=5.763  train/grad_norm=0.4722  train/lr=4.972e-05  train/samples_per_sec=935.4
2026-09-29 11:55:37 [  13380] train/loss=0.08956  train/pred_loss=0.004941  train/sigreg_loss=0.9404  train/emb_std=0.9863  train/emb_norm=13.67  train/pred_vs_static=6.056  train/grad_norm=0.4775  train/lr=4.972e-05  train/samples_per_sec=935.4
2026-09-29 11:55:40 [  13400] train/loss=0.08845  train/pred_loss=0.004835  train/sigreg_loss=0.9297  train/emb_std=0.9865  train/emb_norm=13.68  train/pred_vs_static=6.223  train/grad_norm=0.4677  train/lr=4.972e-05  train/samples_per_sec=935.6
2026-09-29 11:55:42 [  13420] train/loss=0.08737  train/pred_loss=0.005048  train/sigreg_loss=0.9146  train/emb_std=0.9875  train/emb_norm=13.69  train/pred_vs_static=5.038  train/grad_norm=0.4647  train/lr=4.972e-05  train/samples_per_sec=935.7
2026-09-29 11:55:45 [  13440] train/loss=0.08636  train/pred_loss=0.004522  train/sigreg_loss=0.9088  train/emb_std=0.9871  train/emb_norm=13.68  train/pred_vs_static=7.787  train/grad_norm=0.4621  train/lr=4.972e-05  train/samples_per_sec=935.8
2026-09-29 11:55:48 [  13460] train/loss=0.08609  train/pred_loss=0.004667  train/sigreg_loss=0.9045  train/emb_std=0.9885  train/emb_norm=13.7  train/pred_vs_static=5.846  train/grad_norm=0.4566  train/lr=4.972e-05  train/samples_per_sec=935.9
2026-09-29 11:55:51 [  13480] train/loss=0.08872  train/pred_loss=0.005201  train/sigreg_loss=0.9283  train/emb_std=0.9863  train/emb_norm=13.67  train/pred_vs_static=5.227  train/grad_norm=0.4721  train/lr=4.972e-05  train/samples_per_sec=935.8
2026-09-29 11:55:53 [  13500] train/loss=0.0864  train/pred_loss=0.004709  train/sigreg_loss=0.9078  train/emb_std=0.9863  train/emb_norm=13.67  train/pred_vs_static=6.666  train/grad_norm=0.4645  train/lr=4.971e-05  train/samples_per_sec=935.9
2026-09-29 11:55:56 [  13520] train/loss=0.08817  train/pred_loss=0.004791  train/sigreg_loss=0.9266  train/emb_std=0.9877  train/emb_norm=13.69  train/pred_vs_static=5.768  train/grad_norm=0.4692  train/lr=4.971e-05  train/samples_per_sec=935.9
2026-09-29 11:55:59 [  13540] train/loss=0.08776  train/pred_loss=0.005098  train/sigreg_loss=0.918  train/emb_std=0.9873  train/emb_norm=13.68  train/pred_vs_static=5.084  train/grad_norm=0.4708  train/lr=4.971e-05  train/samples_per_sec=936
2026-09-29 11:56:01 [  13560] train/loss=0.08723  train/pred_loss=0.004733  train/sigreg_loss=0.9166  train/emb_std=0.9873  train/emb_norm=13.69  train/pred_vs_static=6.283  train/grad_norm=0.4673  train/lr=4.971e-05  train/samples_per_sec=936.1
2026-09-29 11:56:04 [  13580] train/loss=0.08854  train/pred_loss=0.0047  train/sigreg_loss=0.9313  train/emb_std=0.9859  train/emb_norm=13.67  train/pred_vs_static=5.936  train/grad_norm=0.4685  train/lr=4.971e-05  train/samples_per_sec=936.1
2026-09-29 11:56:07 [  13600] train/loss=0.0868  train/pred_loss=0.004745  train/sigreg_loss=0.9115  train/emb_std=0.9871  train/emb_norm=13.68  train/pred_vs_static=6.024  train/grad_norm=0.4643  train/lr=4.971e-05  train/samples_per_sec=936.2
2026-09-29 11:56:10 [  13620] train/loss=0.0859  train/pred_loss=0.004604  train/sigreg_loss=0.9031  train/emb_std=0.9863  train/emb_norm=13.68  train/pred_vs_static=6.483  train/grad_norm=0.4642  train/lr=4.971e-05  train/samples_per_sec=936.3
2026-09-29 11:56:12 [  13640] train/loss=0.08757  train/pred_loss=0.005052  train/sigreg_loss=0.9168  train/emb_std=0.9854  train/emb_norm=13.65  train/pred_vs_static=5.418  train/grad_norm=0.4701  train/lr=4.971e-05  train/samples_per_sec=936.4
2026-09-29 11:56:15 [  13660] train/loss=0.08736  train/pred_loss=0.00462  train/sigreg_loss=0.9193  train/emb_std=0.9865  train/emb_norm=13.68  train/pred_vs_static=6.646  train/grad_norm=0.4627  train/lr=4.97e-05  train/samples_per_sec=936.4
2026-09-29 11:56:18 [  13680] train/loss=0.08817  train/pred_loss=0.004793  train/sigreg_loss=0.926  train/emb_std=0.9855  train/emb_norm=13.67  train/pred_vs_static=5.683  train/grad_norm=0.4703  train/lr=4.97e-05  train/samples_per_sec=936.5
2026-09-29 11:56:20 [  13700] train/loss=0.08612  train/pred_loss=0.004896  train/sigreg_loss=0.9023  train/emb_std=0.9859  train/emb_norm=13.67  train/pred_vs_static=5.77  train/grad_norm=0.4634  train/lr=4.97e-05  train/samples_per_sec=936.6
2026-09-29 11:56:23 [  13720] train/loss=0.08651  train/pred_loss=0.004431  train/sigreg_loss=0.9119  train/emb_std=0.9859  train/emb_norm=13.67  train/pred_vs_static=7.363  train/grad_norm=0.4601  train/lr=4.97e-05  train/samples_per_sec=936.7
2026-09-29 11:56:26 [  13740] train/loss=0.08679  train/pred_loss=0.004683  train/sigreg_loss=0.9129  train/emb_std=0.9863  train/emb_norm=13.68  train/pred_vs_static=6.723  train/grad_norm=0.4613  train/lr=4.97e-05  train/samples_per_sec=936.7
2026-09-29 11:56:29 [  13760] train/loss=0.08734  train/pred_loss=0.004579  train/sigreg_loss=0.9195  train/emb_std=0.9857  train/emb_norm=13.67  train/pred_vs_static=7.118  train/grad_norm=0.468  train/lr=4.97e-05  train/samples_per_sec=936.8
2026-09-29 11:56:31 [  13780] train/loss=0.08544  train/pred_loss=0.004755  train/sigreg_loss=0.8961  train/emb_std=0.9881  train/emb_norm=13.69  train/pred_vs_static=7.246  train/grad_norm=0.4576  train/lr=4.97e-05  train/samples_per_sec=936.8
2026-09-29 11:56:34 [  13800] train/loss=0.08794  train/pred_loss=0.005154  train/sigreg_loss=0.9197  train/emb_std=0.985  train/emb_norm=13.66  train/pred_vs_static=4.53  train/grad_norm=0.4719  train/lr=4.97e-05  train/samples_per_sec=936.9
2026-09-29 11:56:37 [  13820] train/loss=0.08735  train/pred_loss=0.00461  train/sigreg_loss=0.9193  train/emb_std=0.9854  train/emb_norm=13.67  train/pred_vs_static=6.755  train/grad_norm=0.4654  train/lr=4.969e-05  train/samples_per_sec=936.9
2026-09-29 11:56:39 [  13840] train/loss=0.08668  train/pred_loss=0.004624  train/sigreg_loss=0.9121  train/emb_std=0.9861  train/emb_norm=13.67  train/pred_vs_static=6.57  train/grad_norm=0.4657  train/lr=4.969e-05  train/samples_per_sec=937
2026-09-29 11:56:42 [  13860] train/loss=0.08609  train/pred_loss=0.004714  train/sigreg_loss=0.9039  train/emb_std=0.9873  train/emb_norm=13.69  train/pred_vs_static=5.805  train/grad_norm=0.4597  train/lr=4.969e-05  train/samples_per_sec=937
2026-09-29 11:56:45 [  13880] train/loss=0.08622  train/pred_loss=0.004948  train/sigreg_loss=0.9025  train/emb_std=0.9863  train/emb_norm=13.68  train/pred_vs_static=6.324  train/grad_norm=0.456  train/lr=4.969e-05  train/samples_per_sec=937
2026-09-29 11:56:48 [  13900] train/loss=0.08745  train/pred_loss=0.004681  train/sigreg_loss=0.9193  train/emb_std=0.9863  train/emb_norm=13.67  train/pred_vs_static=7.381  train/grad_norm=0.474  train/lr=4.969e-05  train/samples_per_sec=937.1
2026-09-29 11:56:50 [  13920] train/loss=0.08715  train/pred_loss=0.004924  train/sigreg_loss=0.9139  train/emb_std=0.9844  train/emb_norm=13.66  train/pred_vs_static=6.313  train/grad_norm=0.4637  train/lr=4.969e-05  train/samples_per_sec=937.1
2026-09-29 11:56:53 [  13940] train/loss=0.08827  train/pred_loss=0.004924  train/sigreg_loss=0.926  train/emb_std=0.9857  train/emb_norm=13.68  train/pred_vs_static=5.485  train/grad_norm=0.4712  train/lr=4.969e-05  train/samples_per_sec=937.1
2026-09-29 11:56:56 [  13960] train/loss=0.08817  train/pred_loss=0.005478  train/sigreg_loss=0.9189  train/emb_std=0.9867  train/emb_norm=13.69  train/pred_vs_static=5.011  train/grad_norm=0.4777  train/lr=4.969e-05  train/samples_per_sec=937.2
2026-09-29 11:56:59 [  13980] train/loss=0.08591  train/pred_loss=0.004485  train/sigreg_loss=0.9047  train/emb_std=0.9857  train/emb_norm=13.67  train/pred_vs_static=6.92  train/grad_norm=0.4561  train/lr=4.968e-05  train/samples_per_sec=937.3
2026-09-29 11:57:01 [  14000] train/loss=0.08721  train/pred_loss=0.004573  train/sigreg_loss=0.918  train/emb_std=0.9854  train/emb_norm=13.67  train/pred_vs_static=6.441  train/grad_norm=0.4668  train/lr=4.968e-05  train/samples_per_sec=937.3
2026-09-29 11:57:01 [  14000] train_epoch/loss=0.08852  train_epoch/pred_loss=0.00492  train_epoch/sigreg_loss=0.9289  train_epoch/emb_std=0.9861  train_epoch/emb_norm=13.67  train_epoch/pred_vs_static=6.261  train_epoch/grad_norm=0.4751  train_epoch/lr=4.974e-05  train_epoch/epoch=6
2026-09-29 11:57:07 [  14000] val/loss=1.411  val/pred_loss=0.005704  val/sigreg_loss=15.62  val/emb_std=0.9159  val/emb_norm=13.93  val/pred_vs_static=5.293  val/epoch=6
2026-09-29 11:57:07 epoch   6 | val pred_vs_static 5.29279 | best 3.73768 @ epoch 2 | saved epoch_006.pt
2026-09-29 11:57:11 [  14020] train/loss=0.08574  train/pred_loss=0.004412  train/sigreg_loss=0.9037  train/emb_std=0.9857  train/emb_norm=13.67  train/pred_vs_static=6.495  train/grad_norm=0.4718  train/lr=4.968e-05  train/samples_per_sec=678.6
2026-09-29 11:57:11 === finished 2026-09-29 11:57:11 ===
