2026-10-04 09:44:29 === run cartpole-swingup_vit (vit) started 2026-10-04 09:44:29 ===
2026-10-04 09:44:29 config: {"run_name": "cartpole-swingup_vit", "out_dir": "/home/world-models/lewm-cus/checkpoints/cartpole-swingup", "exp_id": "vit", "seed": 3072, "device": "cuda", "compile": false, "data": {"task": "cartpole-swingup", "h5_path": "/home/world-models/.stable_worldmodel/datasets/mmbench/cartpole-swingup.h5", "frameskip": 5, "history": 3, "num_preds": 1, "img_size": 224, "obs_key": "pixels", "train_stride": 2, "val_stride": 5, "max_episodes": null, "val_episodes": 26, "stats_path": null, "stats_max_rows": 200000, "rdcc_mb": 256}, "model": {"encoder": "vit", "freeze_encoder": false, "vit_name": "vit_tiny_patch16_224", "vit_pretrained": false, "vit_pool": "cls", "dino_name": "dinov2_vits14", "dino_tokens": "patch", "dino_img_size": 196, "mlp_hidden": 512, "embed_dim": 192, "act_smooth_dim": 64, "act_mlp_scale": 4, "depth": 6, "heads": 16, "dim_head": 64, "mlp_dim": 2048, "dropout": 0.1, "use_projector": true, "proj_hidden": 2048, "proj_norm": "batch"}, "optim": {"epochs": 100, "stop_epoch": 6, "batch_size": 128, "lr": 5e-05, "weight_decay": 0.001, "betas": [0.9, 0.999], "warmup_epochs": 2.0, "min_lr_scale": 0.01, "grad_clip": 1.0, "amp_dtype": "bf16", "num_workers": 12, "prefetch_factor": 4, "persistent_workers": true, "pin_memory": true, "steps_per_epoch": 2000, "val_steps": 100, "log_every": 20, "ckpt_every": 1, "select_metric": "pred_vs_static"}, "loss": {"use_sigreg": true, "sigreg_weight": 0.09, "sigreg_knots": 17, "sigreg_proj": 1024}, "wandb": {"enabled": false, "project": "lewm-cus", "entity": null, "name": null, "mode": "online"}}
2026-10-04 09:44:53 [     20] train/loss=3.255  train/pred_loss=0.2764  train/sigreg_loss=33.06  train/emb_std=0.3665  train/emb_norm=5.224  train/pred_vs_static=1.855  train/grad_norm=8.826  train/lr=1.312e-07  train/samples_per_sec=105.5
2026-10-04 09:45:01 [     40] train/loss=3.183  train/pred_loss=0.2806  train/sigreg_loss=32.24  train/emb_std=0.3768  train/emb_norm=5.336  train/pred_vs_static=1.809  train/grad_norm=8.48  train/lr=3.813e-07  train/samples_per_sec=156.6
2026-10-04 09:45:10 [     60] train/loss=3.097  train/pred_loss=0.2872  train/sigreg_loss=31.21  train/emb_std=0.3898  train/emb_norm=5.494  train/pred_vs_static=1.71  train/grad_norm=8.101  train/lr=6.312e-07  train/samples_per_sec=187.1
2026-10-04 09:45:18 [     80] train/loss=2.968  train/pred_loss=0.2973  train/sigreg_loss=29.68  train/emb_std=0.4102  train/emb_norm=5.744  train/pred_vs_static=1.769  train/grad_norm=7.695  train/lr=8.813e-07  train/samples_per_sec=207.2
2026-10-04 09:45:27 [    100] train/loss=2.829  train/pred_loss=0.3102  train/sigreg_loss=27.99  train/emb_std=0.434  train/emb_norm=5.987  train/pred_vs_static=1.624  train/grad_norm=7.379  train/lr=1.131e-06  train/samples_per_sec=221.1
2026-10-04 09:45:35 [    120] train/loss=2.683  train/pred_loss=0.3243  train/sigreg_loss=26.21  train/emb_std=0.4601  train/emb_norm=6.262  train/pred_vs_static=1.562  train/grad_norm=7.152  train/lr=1.381e-06  train/samples_per_sec=231.5
2026-10-04 09:45:44 [    140] train/loss=2.51  train/pred_loss=0.3373  train/sigreg_loss=24.14  train/emb_std=0.4894  train/emb_norm=6.631  train/pred_vs_static=1.483  train/grad_norm=7.13  train/lr=1.631e-06  train/samples_per_sec=239.3
2026-10-04 09:45:52 [    160] train/loss=2.359  train/pred_loss=0.352  train/sigreg_loss=22.31  train/emb_std=0.5189  train/emb_norm=6.987  train/pred_vs_static=1.413  train/grad_norm=7.492  train/lr=1.881e-06  train/samples_per_sec=245.7
2026-10-04 09:46:01 [    180] train/loss=2.239  train/pred_loss=0.361  train/sigreg_loss=20.87  train/emb_std=0.5457  train/emb_norm=7.27  train/pred_vs_static=1.292  train/grad_norm=7.738  train/lr=2.131e-06  train/samples_per_sec=251
2026-10-04 09:46:09 [    200] train/loss=2.127  train/pred_loss=0.374  train/sigreg_loss=19.48  train/emb_std=0.5715  train/emb_norm=7.606  train/pred_vs_static=1.183  train/grad_norm=8.241  train/lr=2.381e-06  train/samples_per_sec=255.4
2026-10-04 09:46:17 [    220] train/loss=2.007  train/pred_loss=0.378  train/sigreg_loss=18.11  train/emb_std=0.5941  train/emb_norm=7.897  train/pred_vs_static=1.21  train/grad_norm=9.413  train/lr=2.631e-06  train/samples_per_sec=259.1
2026-10-04 09:46:26 [    240] train/loss=1.916  train/pred_loss=0.3847  train/sigreg_loss=17.01  train/emb_std=0.6127  train/emb_norm=8.163  train/pred_vs_static=1.09  train/grad_norm=10.43  train/lr=2.881e-06  train/samples_per_sec=262
2026-10-04 09:46:35 [    260] train/loss=1.848  train/pred_loss=0.3946  train/sigreg_loss=16.14  train/emb_std=0.6305  train/emb_norm=8.386  train/pred_vs_static=1.035  train/grad_norm=10.72  train/lr=3.131e-06  train/samples_per_sec=264.6
2026-10-04 09:46:43 [    280] train/loss=1.777  train/pred_loss=0.3941  train/sigreg_loss=15.37  train/emb_std=0.6463  train/emb_norm=8.636  train/pred_vs_static=1.014  train/grad_norm=10.98  train/lr=3.381e-06  train/samples_per_sec=267
2026-10-04 09:46:51 [    300] train/loss=1.705  train/pred_loss=0.3913  train/sigreg_loss=14.58  train/emb_std=0.6641  train/emb_norm=8.898  train/pred_vs_static=1.004  train/grad_norm=13.25  train/lr=3.631e-06  train/samples_per_sec=269
2026-10-04 09:47:00 [    320] train/loss=1.639  train/pred_loss=0.3955  train/sigreg_loss=13.8  train/emb_std=0.6764  train/emb_norm=9.101  train/pred_vs_static=0.9465  train/grad_norm=14.25  train/lr=3.881e-06  train/samples_per_sec=270.8
2026-10-04 09:47:08 [    340] train/loss=1.605  train/pred_loss=0.3952  train/sigreg_loss=13.43  train/emb_std=0.6865  train/emb_norm=9.22  train/pred_vs_static=0.9192  train/grad_norm=15.51  train/lr=4.131e-06  train/samples_per_sec=272.5
2026-10-04 09:47:17 [    360] train/loss=1.533  train/pred_loss=0.3978  train/sigreg_loss=12.62  train/emb_std=0.7016  train/emb_norm=9.448  train/pred_vs_static=0.8897  train/grad_norm=16.9  train/lr=4.381e-06  train/samples_per_sec=274
2026-10-04 09:47:25 [    380] train/loss=1.494  train/pred_loss=0.3851  train/sigreg_loss=12.32  train/emb_std=0.7104  train/emb_norm=9.578  train/pred_vs_static=0.9092  train/grad_norm=18.2  train/lr=4.631e-06  train/samples_per_sec=275.3
2026-10-04 09:47:34 [    400] train/loss=1.466  train/pred_loss=0.3868  train/sigreg_loss=11.98  train/emb_std=0.718  train/emb_norm=9.679  train/pred_vs_static=0.8883  train/grad_norm=16.52  train/lr=4.881e-06  train/samples_per_sec=276.6
2026-10-04 09:47:42 [    420] train/loss=1.452  train/pred_loss=0.3911  train/sigreg_loss=11.79  train/emb_std=0.7266  train/emb_norm=9.788  train/pred_vs_static=0.8445  train/grad_norm=19.17  train/lr=5.131e-06  train/samples_per_sec=277.7
2026-10-04 09:47:51 [    440] train/loss=1.396  train/pred_loss=0.3839  train/sigreg_loss=11.24  train/emb_std=0.7344  train/emb_norm=9.922  train/pred_vs_static=0.8477  train/grad_norm=19.73  train/lr=5.381e-06  train/samples_per_sec=278.7
2026-10-04 09:47:59 [    460] train/loss=1.379  train/pred_loss=0.376  train/sigreg_loss=11.13  train/emb_std=0.7438  train/emb_norm=10.04  train/pred_vs_static=0.8305  train/grad_norm=19.81  train/lr=5.631e-06  train/samples_per_sec=279.5
2026-10-04 09:48:08 [    480] train/loss=1.329  train/pred_loss=0.3672  train/sigreg_loss=10.69  train/emb_std=0.7496  train/emb_norm=10.14  train/pred_vs_static=0.8234  train/grad_norm=21.59  train/lr=5.881e-06  train/samples_per_sec=280.3
2026-10-04 09:48:16 [    500] train/loss=1.316  train/pred_loss=0.3663  train/sigreg_loss=10.55  train/emb_std=0.7566  train/emb_norm=10.22  train/pred_vs_static=0.8363  train/grad_norm=20.21  train/lr=6.131e-06  train/samples_per_sec=281
2026-10-04 09:48:25 [    520] train/loss=1.293  train/pred_loss=0.3621  train/sigreg_loss=10.35  train/emb_std=0.7645  train/emb_norm=10.36  train/pred_vs_static=0.7847  train/grad_norm=15.98  train/lr=6.381e-06  train/samples_per_sec=281.8
2026-10-04 09:48:33 [    540] train/loss=1.252  train/pred_loss=0.3533  train/sigreg_loss=9.984  train/emb_std=0.7713  train/emb_norm=10.46  train/pred_vs_static=0.7796  train/grad_norm=17.29  train/lr=6.631e-06  train/samples_per_sec=282.5
2026-10-04 09:48:42 [    560] train/loss=1.215  train/pred_loss=0.3384  train/sigreg_loss=9.744  train/emb_std=0.7793  train/emb_norm=10.59  train/pred_vs_static=0.7716  train/grad_norm=12.85  train/lr=6.881e-06  train/samples_per_sec=283.1
2026-10-04 09:48:50 [    580] train/loss=1.19  train/pred_loss=0.3211  train/sigreg_loss=9.659  train/emb_std=0.7889  train/emb_norm=10.77  train/pred_vs_static=0.7647  train/grad_norm=13.02  train/lr=7.131e-06  train/samples_per_sec=283.7
2026-10-04 09:48:59 [    600] train/loss=1.147  train/pred_loss=0.3159  train/sigreg_loss=9.228  train/emb_std=0.7965  train/emb_norm=10.86  train/pred_vs_static=0.7551  train/grad_norm=12.76  train/lr=7.381e-06  train/samples_per_sec=284.2
2026-10-04 09:49:08 [    620] train/loss=1.12  train/pred_loss=0.3122  train/sigreg_loss=8.975  train/emb_std=0.807  train/emb_norm=11.03  train/pred_vs_static=0.7388  train/grad_norm=10.28  train/lr=7.631e-06  train/samples_per_sec=284.6
2026-10-04 09:49:16 [    640] train/loss=1.092  train/pred_loss=0.3096  train/sigreg_loss=8.691  train/emb_std=0.8131  train/emb_norm=11.14  train/pred_vs_static=0.7239  train/grad_norm=11.15  train/lr=7.881e-06  train/samples_per_sec=285.1
2026-10-04 09:49:25 [    660] train/loss=1.081  train/pred_loss=0.3062  train/sigreg_loss=8.606  train/emb_std=0.8186  train/emb_norm=11.2  train/pred_vs_static=0.7155  train/grad_norm=12.26  train/lr=8.131e-06  train/samples_per_sec=285.5
2026-10-04 09:49:33 [    680] train/loss=1.047  train/pred_loss=0.2975  train/sigreg_loss=8.322  train/emb_std=0.824  train/emb_norm=11.32  train/pred_vs_static=0.7136  train/grad_norm=10.15  train/lr=8.381e-06  train/samples_per_sec=285.9
2026-10-04 09:49:42 [    700] train/loss=1.023  train/pred_loss=0.2934  train/sigreg_loss=8.102  train/emb_std=0.8303  train/emb_norm=11.38  train/pred_vs_static=0.7091  train/grad_norm=7.756  train/lr=8.631e-06  train/samples_per_sec=286.2
2026-10-04 09:49:50 [    720] train/loss=1.004  train/pred_loss=0.2959  train/sigreg_loss=7.867  train/emb_std=0.8426  train/emb_norm=11.56  train/pred_vs_static=0.7178  train/grad_norm=7.69  train/lr=8.881e-06  train/samples_per_sec=286.5
2026-10-04 09:49:59 [    740] train/loss=0.9742  train/pred_loss=0.2879  train/sigreg_loss=7.631  train/emb_std=0.8486  train/emb_norm=11.63  train/pred_vs_static=0.6937  train/grad_norm=9.271  train/lr=9.131e-06  train/samples_per_sec=286.9
2026-10-04 09:50:07 [    760] train/loss=0.963  train/pred_loss=0.2871  train/sigreg_loss=7.514  train/emb_std=0.8543  train/emb_norm=11.73  train/pred_vs_static=0.6836  train/grad_norm=6.474  train/lr=9.381e-06  train/samples_per_sec=287.3
2026-10-04 09:50:16 [    780] train/loss=0.9493  train/pred_loss=0.2921  train/sigreg_loss=7.3  train/emb_std=0.8604  train/emb_norm=11.81  train/pred_vs_static=0.666  train/grad_norm=5.24  train/lr=9.631e-06  train/samples_per_sec=287.7
2026-10-04 09:50:24 [    800] train/loss=0.9257  train/pred_loss=0.2834  train/sigreg_loss=7.141  train/emb_std=0.8629  train/emb_norm=11.85  train/pred_vs_static=0.677  train/grad_norm=5.281  train/lr=9.881e-06  train/samples_per_sec=288.1
2026-10-04 09:50:33 [    820] train/loss=0.9208  train/pred_loss=0.2813  train/sigreg_loss=7.106  train/emb_std=0.8668  train/emb_norm=11.9  train/pred_vs_static=0.6918  train/grad_norm=5.667  train/lr=1.013e-05  train/samples_per_sec=288.4
2026-10-04 09:50:41 [    840] train/loss=0.896  train/pred_loss=0.2774  train/sigreg_loss=6.87  train/emb_std=0.8717  train/emb_norm=12  train/pred_vs_static=0.6845  train/grad_norm=5.18  train/lr=1.038e-05  train/samples_per_sec=288.7
2026-10-04 09:50:50 [    860] train/loss=0.8725  train/pred_loss=0.2785  train/sigreg_loss=6.6  train/emb_std=0.8729  train/emb_norm=12  train/pred_vs_static=0.6902  train/grad_norm=5.437  train/lr=1.063e-05  train/samples_per_sec=288.9
2026-10-04 09:50:58 [    880] train/loss=0.8615  train/pred_loss=0.2726  train/sigreg_loss=6.542  train/emb_std=0.8771  train/emb_norm=12.05  train/pred_vs_static=0.6888  train/grad_norm=5.497  train/lr=1.088e-05  train/samples_per_sec=289.2
2026-10-04 09:51:07 [    900] train/loss=0.8399  train/pred_loss=0.2704  train/sigreg_loss=6.327  train/emb_std=0.8855  train/emb_norm=12.17  train/pred_vs_static=0.6942  train/grad_norm=4.044  train/lr=1.113e-05  train/samples_per_sec=289.4
2026-10-04 09:51:15 [    920] train/loss=0.8215  train/pred_loss=0.2617  train/sigreg_loss=6.22  train/emb_std=0.8869  train/emb_norm=12.19  train/pred_vs_static=0.7003  train/grad_norm=4.755  train/lr=1.138e-05  train/samples_per_sec=289.7
2026-10-04 09:51:24 [    940] train/loss=0.8051  train/pred_loss=0.2516  train/sigreg_loss=6.155  train/emb_std=0.8918  train/emb_norm=12.27  train/pred_vs_static=0.7099  train/grad_norm=5.216  train/lr=1.163e-05  train/samples_per_sec=289.9
2026-10-04 09:51:32 [    960] train/loss=0.7826  train/pred_loss=0.2512  train/sigreg_loss=5.905  train/emb_std=0.8939  train/emb_norm=12.31  train/pred_vs_static=0.7013  train/grad_norm=4.325  train/lr=1.188e-05  train/samples_per_sec=290.1
2026-10-04 09:51:41 [    980] train/loss=0.7711  train/pred_loss=0.2455  train/sigreg_loss=5.842  train/emb_std=0.9025  train/emb_norm=12.41  train/pred_vs_static=0.7026  train/grad_norm=3.692  train/lr=1.213e-05  train/samples_per_sec=290.4
2026-10-04 09:51:49 [   1000] train/loss=0.7473  train/pred_loss=0.2278  train/sigreg_loss=5.775  train/emb_std=0.8984  train/emb_norm=12.37  train/pred_vs_static=0.706  train/grad_norm=5.421  train/lr=1.238e-05  train/samples_per_sec=290.7
2026-10-04 09:51:58 [   1020] train/loss=0.7287  train/pred_loss=0.2168  train/sigreg_loss=5.691  train/emb_std=0.9066  train/emb_norm=12.49  train/pred_vs_static=0.711  train/grad_norm=4.145  train/lr=1.263e-05  train/samples_per_sec=290.8
2026-10-04 09:52:06 [   1040] train/loss=0.7176  train/pred_loss=0.2094  train/sigreg_loss=5.647  train/emb_std=0.909  train/emb_norm=12.52  train/pred_vs_static=0.717  train/grad_norm=3.541  train/lr=1.288e-05  train/samples_per_sec=291
2026-10-04 09:52:15 [   1060] train/loss=0.71  train/pred_loss=0.2064  train/sigreg_loss=5.595  train/emb_std=0.91  train/emb_norm=12.55  train/pred_vs_static=0.7137  train/grad_norm=3.692  train/lr=1.313e-05  train/samples_per_sec=291.2
2026-10-04 09:52:23 [   1080] train/loss=0.6986  train/pred_loss=0.1985  train/sigreg_loss=5.558  train/emb_std=0.9113  train/emb_norm=12.56  train/pred_vs_static=0.7179  train/grad_norm=3.791  train/lr=1.338e-05  train/samples_per_sec=291.4
2026-10-04 09:52:31 [   1100] train/loss=0.6757  train/pred_loss=0.1939  train/sigreg_loss=5.355  train/emb_std=0.9105  train/emb_norm=12.58  train/pred_vs_static=0.7148  train/grad_norm=3.317  train/lr=1.363e-05  train/samples_per_sec=291.7
2026-10-04 09:52:40 [   1120] train/loss=0.6652  train/pred_loss=0.1913  train/sigreg_loss=5.267  train/emb_std=0.9086  train/emb_norm=12.57  train/pred_vs_static=0.7112  train/grad_norm=3.075  train/lr=1.388e-05  train/samples_per_sec=291.9
2026-10-04 09:52:48 [   1140] train/loss=0.6615  train/pred_loss=0.1882  train/sigreg_loss=5.261  train/emb_std=0.9113  train/emb_norm=12.62  train/pred_vs_static=0.7106  train/grad_norm=3.669  train/lr=1.413e-05  train/samples_per_sec=292.1
2026-10-04 09:52:57 [   1160] train/loss=0.6508  train/pred_loss=0.1848  train/sigreg_loss=5.178  train/emb_std=0.9125  train/emb_norm=12.62  train/pred_vs_static=0.7013  train/grad_norm=3.056  train/lr=1.438e-05  train/samples_per_sec=292.2
2026-10-04 09:53:05 [   1180] train/loss=0.6364  train/pred_loss=0.1805  train/sigreg_loss=5.066  train/emb_std=0.9156  train/emb_norm=12.69  train/pred_vs_static=0.698  train/grad_norm=2.837  train/lr=1.463e-05  train/samples_per_sec=292.3
2026-10-04 09:53:14 [   1200] train/loss=0.6343  train/pred_loss=0.1745  train/sigreg_loss=5.109  train/emb_std=0.918  train/emb_norm=12.72  train/pred_vs_static=0.6996  train/grad_norm=2.759  train/lr=1.488e-05  train/samples_per_sec=292.5
2026-10-04 09:53:22 [   1220] train/loss=0.6249  train/pred_loss=0.1739  train/sigreg_loss=5.011  train/emb_std=0.9158  train/emb_norm=12.7  train/pred_vs_static=0.6861  train/grad_norm=2.926  train/lr=1.513e-05  train/samples_per_sec=292.7
2026-10-04 09:53:31 [   1240] train/loss=0.6148  train/pred_loss=0.1647  train/sigreg_loss=5.006  train/emb_std=0.9207  train/emb_norm=12.77  train/pred_vs_static=0.6878  train/grad_norm=2.564  train/lr=1.538e-05  train/samples_per_sec=292.8
2026-10-04 09:53:39 [   1260] train/loss=0.601  train/pred_loss=0.1632  train/sigreg_loss=4.862  train/emb_std=0.9229  train/emb_norm=12.8  train/pred_vs_static=0.7022  train/grad_norm=2.505  train/lr=1.563e-05  train/samples_per_sec=292.9
2026-10-04 09:53:48 [   1280] train/loss=0.5952  train/pred_loss=0.1625  train/sigreg_loss=4.808  train/emb_std=0.9215  train/emb_norm=12.79  train/pred_vs_static=0.695  train/grad_norm=2.542  train/lr=1.588e-05  train/samples_per_sec=293.1
2026-10-04 09:53:56 [   1300] train/loss=0.5949  train/pred_loss=0.1611  train/sigreg_loss=4.822  train/emb_std=0.9234  train/emb_norm=12.81  train/pred_vs_static=0.6987  train/grad_norm=2.879  train/lr=1.613e-05  train/samples_per_sec=293.3
2026-10-04 09:54:05 [   1320] train/loss=0.5877  train/pred_loss=0.1581  train/sigreg_loss=4.773  train/emb_std=0.9242  train/emb_norm=12.82  train/pred_vs_static=0.6919  train/grad_norm=2.313  train/lr=1.638e-05  train/samples_per_sec=293.4
2026-10-04 09:54:13 [   1340] train/loss=0.589  train/pred_loss=0.1571  train/sigreg_loss=4.795  train/emb_std=0.9236  train/emb_norm=12.83  train/pred_vs_static=0.7025  train/grad_norm=2.469  train/lr=1.663e-05  train/samples_per_sec=293.5
2026-10-04 09:54:22 [   1360] train/loss=0.5776  train/pred_loss=0.1543  train/sigreg_loss=4.705  train/emb_std=0.9252  train/emb_norm=12.82  train/pred_vs_static=0.7006  train/grad_norm=2.452  train/lr=1.688e-05  train/samples_per_sec=293.7
2026-10-04 09:54:30 [   1380] train/loss=0.5612  train/pred_loss=0.1514  train/sigreg_loss=4.552  train/emb_std=0.9279  train/emb_norm=12.85  train/pred_vs_static=0.704  train/grad_norm=2.389  train/lr=1.713e-05  train/samples_per_sec=293.8
2026-10-04 09:54:38 [   1400] train/loss=0.5545  train/pred_loss=0.148  train/sigreg_loss=4.516  train/emb_std=0.9301  train/emb_norm=12.88  train/pred_vs_static=0.7027  train/grad_norm=2.259  train/lr=1.738e-05  train/samples_per_sec=293.9
2026-10-04 09:54:47 [   1420] train/loss=0.5436  train/pred_loss=0.1415  train/sigreg_loss=4.467  train/emb_std=0.9297  train/emb_norm=12.87  train/pred_vs_static=0.6994  train/grad_norm=2.341  train/lr=1.763e-05  train/samples_per_sec=294
2026-10-04 09:54:55 [   1440] train/loss=0.5406  train/pred_loss=0.1402  train/sigreg_loss=4.448  train/emb_std=0.9283  train/emb_norm=12.87  train/pred_vs_static=0.6963  train/grad_norm=2.474  train/lr=1.788e-05  train/samples_per_sec=294.2
2026-10-04 09:55:04 [   1460] train/loss=0.5348  train/pred_loss=0.1389  train/sigreg_loss=4.398  train/emb_std=0.9309  train/emb_norm=12.91  train/pred_vs_static=0.6975  train/grad_norm=2.235  train/lr=1.813e-05  train/samples_per_sec=294.3
2026-10-04 09:55:12 [   1480] train/loss=0.5269  train/pred_loss=0.1378  train/sigreg_loss=4.325  train/emb_std=0.9297  train/emb_norm=12.88  train/pred_vs_static=0.7034  train/grad_norm=2.459  train/lr=1.838e-05  train/samples_per_sec=294.4
2026-10-04 09:55:21 [   1500] train/loss=0.5272  train/pred_loss=0.1388  train/sigreg_loss=4.315  train/emb_std=0.9293  train/emb_norm=12.88  train/pred_vs_static=0.7006  train/grad_norm=2.405  train/lr=1.863e-05  train/samples_per_sec=294.5
2026-10-04 09:55:29 [   1520] train/loss=0.5238  train/pred_loss=0.1395  train/sigreg_loss=4.269  train/emb_std=0.9338  train/emb_norm=12.93  train/pred_vs_static=0.7087  train/grad_norm=2.183  train/lr=1.888e-05  train/samples_per_sec=294.6
2026-10-04 09:55:38 [   1540] train/loss=0.5193  train/pred_loss=0.1386  train/sigreg_loss=4.232  train/emb_std=0.935  train/emb_norm=12.95  train/pred_vs_static=0.7011  train/grad_norm=2.418  train/lr=1.913e-05  train/samples_per_sec=294.7
2026-10-04 09:55:46 [   1560] train/loss=0.5012  train/pred_loss=0.1361  train/sigreg_loss=4.056  train/emb_std=0.9383  train/emb_norm=12.99  train/pred_vs_static=0.68  train/grad_norm=2.135  train/lr=1.938e-05  train/samples_per_sec=294.8
2026-10-04 09:55:54 [   1580] train/loss=0.5036  train/pred_loss=0.1309  train/sigreg_loss=4.138  train/emb_std=0.9391  train/emb_norm=13  train/pred_vs_static=0.6784  train/grad_norm=2.128  train/lr=1.963e-05  train/samples_per_sec=294.9
2026-10-04 09:56:03 [   1600] train/loss=0.4964  train/pred_loss=0.1326  train/sigreg_loss=4.04  train/emb_std=0.94  train/emb_norm=13.02  train/pred_vs_static=0.6705  train/grad_norm=2.135  train/lr=1.988e-05  train/samples_per_sec=295
2026-10-04 09:56:12 [   1620] train/loss=0.4903  train/pred_loss=0.1282  train/sigreg_loss=4.022  train/emb_std=0.9373  train/emb_norm=12.99  train/pred_vs_static=0.6736  train/grad_norm=2.069  train/lr=2.013e-05  train/samples_per_sec=295
2026-10-04 09:56:20 [   1640] train/loss=0.4936  train/pred_loss=0.1273  train/sigreg_loss=4.069  train/emb_std=0.9404  train/emb_norm=13.02  train/pred_vs_static=0.6676  train/grad_norm=2.166  train/lr=2.038e-05  train/samples_per_sec=295.1
2026-10-04 09:56:29 [   1660] train/loss=0.4858  train/pred_loss=0.1256  train/sigreg_loss=4.001  train/emb_std=0.9395  train/emb_norm=13.01  train/pred_vs_static=0.6711  train/grad_norm=2.101  train/lr=2.063e-05  train/samples_per_sec=295.1
2026-10-04 09:56:37 [   1680] train/loss=0.4779  train/pred_loss=0.1223  train/sigreg_loss=3.951  train/emb_std=0.9375  train/emb_norm=13  train/pred_vs_static=0.6636  train/grad_norm=2.041  train/lr=2.088e-05  train/samples_per_sec=295.2
2026-10-04 09:56:46 [   1700] train/loss=0.4724  train/pred_loss=0.1225  train/sigreg_loss=3.888  train/emb_std=0.9377  train/emb_norm=13  train/pred_vs_static=0.665  train/grad_norm=2.041  train/lr=2.113e-05  train/samples_per_sec=295.3
2026-10-04 09:56:54 [   1720] train/loss=0.4701  train/pred_loss=0.1197  train/sigreg_loss=3.892  train/emb_std=0.9375  train/emb_norm=13  train/pred_vs_static=0.6407  train/grad_norm=2.083  train/lr=2.138e-05  train/samples_per_sec=295.3
2026-10-04 09:57:03 [   1740] train/loss=0.4643  train/pred_loss=0.1203  train/sigreg_loss=3.823  train/emb_std=0.9414  train/emb_norm=13.06  train/pred_vs_static=0.6404  train/grad_norm=1.92  train/lr=2.163e-05  train/samples_per_sec=295.3
2026-10-04 09:57:11 [   1760] train/loss=0.4569  train/pred_loss=0.1189  train/sigreg_loss=3.753  train/emb_std=0.9389  train/emb_norm=13.02  train/pred_vs_static=0.6355  train/grad_norm=1.897  train/lr=2.188e-05  train/samples_per_sec=295.4
2026-10-04 09:57:20 [   1780] train/loss=0.4576  train/pred_loss=0.1182  train/sigreg_loss=3.77  train/emb_std=0.9426  train/emb_norm=13.08  train/pred_vs_static=0.6363  train/grad_norm=2.024  train/lr=2.213e-05  train/samples_per_sec=295.4
2026-10-04 09:57:28 [   1800] train/loss=0.448  train/pred_loss=0.1122  train/sigreg_loss=3.731  train/emb_std=0.9387  train/emb_norm=13.03  train/pred_vs_static=0.6344  train/grad_norm=1.848  train/lr=2.238e-05  train/samples_per_sec=295.5
2026-10-04 09:57:37 [   1820] train/loss=0.4475  train/pred_loss=0.1138  train/sigreg_loss=3.705  train/emb_std=0.9385  train/emb_norm=13.03  train/pred_vs_static=0.6331  train/grad_norm=1.906  train/lr=2.263e-05  train/samples_per_sec=295.4
2026-10-04 09:57:46 [   1840] train/loss=0.444  train/pred_loss=0.1114  train/sigreg_loss=3.695  train/emb_std=0.94  train/emb_norm=13.05  train/pred_vs_static=0.6271  train/grad_norm=1.997  train/lr=2.288e-05  train/samples_per_sec=295.5
2026-10-04 09:57:54 [   1860] train/loss=0.4411  train/pred_loss=0.1128  train/sigreg_loss=3.648  train/emb_std=0.941  train/emb_norm=13.06  train/pred_vs_static=0.6327  train/grad_norm=1.851  train/lr=2.313e-05  train/samples_per_sec=295.5
2026-10-04 09:58:03 [   1880] train/loss=0.4369  train/pred_loss=0.1128  train/sigreg_loss=3.602  train/emb_std=0.941  train/emb_norm=13.06  train/pred_vs_static=0.6277  train/grad_norm=1.737  train/lr=2.338e-05  train/samples_per_sec=295.6
2026-10-04 09:58:11 [   1900] train/loss=0.4329  train/pred_loss=0.1092  train/sigreg_loss=3.595  train/emb_std=0.9418  train/emb_norm=13.08  train/pred_vs_static=0.6298  train/grad_norm=1.746  train/lr=2.363e-05  train/samples_per_sec=295.6
2026-10-04 09:58:20 [   1920] train/loss=0.4327  train/pred_loss=0.1091  train/sigreg_loss=3.597  train/emb_std=0.9396  train/emb_norm=13.04  train/pred_vs_static=0.6135  train/grad_norm=1.81  train/lr=2.388e-05  train/samples_per_sec=295.7
2026-10-04 09:58:28 [   1940] train/loss=0.4316  train/pred_loss=0.1107  train/sigreg_loss=3.566  train/emb_std=0.9418  train/emb_norm=13.06  train/pred_vs_static=0.6103  train/grad_norm=1.824  train/lr=2.413e-05  train/samples_per_sec=295.8
2026-10-04 09:58:37 [   1960] train/loss=0.4266  train/pred_loss=0.108  train/sigreg_loss=3.538  train/emb_std=0.9436  train/emb_norm=13.09  train/pred_vs_static=0.6083  train/grad_norm=1.719  train/lr=2.438e-05  train/samples_per_sec=295.8
2026-10-04 09:58:45 [   1980] train/loss=0.4252  train/pred_loss=0.1077  train/sigreg_loss=3.528  train/emb_std=0.9465  train/emb_norm=13.12  train/pred_vs_static=0.6092  train/grad_norm=1.697  train/lr=2.463e-05  train/samples_per_sec=296
2026-10-04 09:58:53 [   2000] train/loss=0.4155  train/pred_loss=0.1085  train/sigreg_loss=3.409  train/emb_std=0.95  train/emb_norm=13.16  train/pred_vs_static=0.6068  train/grad_norm=1.682  train/lr=2.488e-05  train/samples_per_sec=296.1
2026-10-04 09:58:53 [   2000] train_epoch/loss=1.027  train_epoch/pred_loss=0.235  train_epoch/sigreg_loss=8.795  train_epoch/emb_std=0.8252  train_epoch/emb_norm=11.35  train_epoch/pred_vs_static=0.8138  train_epoch/grad_norm=6.419  train_epoch/lr=1.251e-05  train_epoch/epoch=0
2026-10-04 09:59:06 [   2000] val/loss=1.201  val/pred_loss=0.1048  val/sigreg_loss=12.18  val/emb_std=0.9096  val/emb_norm=13.46  val/pred_vs_static=0.5721  val/epoch=0
2026-10-04 09:59:06 epoch   0 | val pred_vs_static 0.57212 | best 0.57212 @ epoch 0 | saved epoch_000.pt
2026-10-04 09:59:17 [   2020] train/loss=0.4195  train/pred_loss=0.1071  train/sigreg_loss=3.472  train/emb_std=0.9436  train/emb_norm=13.09  train/pred_vs_static=0.6022  train/grad_norm=1.701  train/lr=2.513e-05  train/samples_per_sec=232.5
2026-10-04 09:59:25 [   2040] train/loss=0.4083  train/pred_loss=0.1048  train/sigreg_loss=3.371  train/emb_std=0.9443  train/emb_norm=13.1  train/pred_vs_static=0.5911  train/grad_norm=1.681  train/lr=2.538e-05  train/samples_per_sec=263.7
2026-10-04 09:59:34 [   2060] train/loss=0.4076  train/pred_loss=0.1039  train/sigreg_loss=3.374  train/emb_std=0.9488  train/emb_norm=13.15  train/pred_vs_static=0.5796  train/grad_norm=1.716  train/lr=2.563e-05  train/samples_per_sec=274.9
2026-10-04 09:59:42 [   2080] train/loss=0.4048  train/pred_loss=0.103  train/sigreg_loss=3.352  train/emb_std=0.9453  train/emb_norm=13.1  train/pred_vs_static=0.6002  train/grad_norm=1.728  train/lr=2.588e-05  train/samples_per_sec=281.9
2026-10-04 09:59:51 [   2100] train/loss=0.4066  train/pred_loss=0.102  train/sigreg_loss=3.383  train/emb_std=0.948  train/emb_norm=13.16  train/pred_vs_static=0.5864  train/grad_norm=1.658  train/lr=2.613e-05  train/samples_per_sec=285.6
2026-10-04 09:59:59 [   2120] train/loss=0.4057  train/pred_loss=0.1002  train/sigreg_loss=3.392  train/emb_std=0.9469  train/emb_norm=13.13  train/pred_vs_static=0.5893  train/grad_norm=1.65  train/lr=2.638e-05  train/samples_per_sec=288.5
2026-10-04 10:00:08 [   2140] train/loss=0.3931  train/pred_loss=0.1013  train/sigreg_loss=3.241  train/emb_std=0.949  train/emb_norm=13.15  train/pred_vs_static=0.5823  train/grad_norm=1.584  train/lr=2.663e-05  train/samples_per_sec=290.5
2026-10-04 10:00:16 [   2160] train/loss=0.403  train/pred_loss=0.1027  train/sigreg_loss=3.341  train/emb_std=0.948  train/emb_norm=13.14  train/pred_vs_static=0.5718  train/grad_norm=1.628  train/lr=2.688e-05  train/samples_per_sec=292.3
2026-10-04 10:00:24 [   2180] train/loss=0.3912  train/pred_loss=0.1017  train/sigreg_loss=3.217  train/emb_std=0.949  train/emb_norm=13.15  train/pred_vs_static=0.5739  train/grad_norm=1.529  train/lr=2.713e-05  train/samples_per_sec=293.8
2026-10-04 10:00:33 [   2200] train/loss=0.3949  train/pred_loss=0.1008  train/sigreg_loss=3.268  train/emb_std=0.9498  train/emb_norm=13.17  train/pred_vs_static=0.5679  train/grad_norm=1.555  train/lr=2.738e-05  train/samples_per_sec=294.9
2026-10-04 10:00:41 [   2220] train/loss=0.395  train/pred_loss=0.101  train/sigreg_loss=3.267  train/emb_std=0.9494  train/emb_norm=13.16  train/pred_vs_static=0.5694  train/grad_norm=1.564  train/lr=2.763e-05  train/samples_per_sec=295.9
2026-10-04 10:00:50 [   2240] train/loss=0.3885  train/pred_loss=0.09911  train/sigreg_loss=3.215  train/emb_std=0.9494  train/emb_norm=13.16  train/pred_vs_static=0.5672  train/grad_norm=1.631  train/lr=2.788e-05  train/samples_per_sec=296.5
2026-10-04 10:00:58 [   2260] train/loss=0.3888  train/pred_loss=0.09551  train/sigreg_loss=3.258  train/emb_std=0.9496  train/emb_norm=13.17  train/pred_vs_static=0.5584  train/grad_norm=1.552  train/lr=2.813e-05  train/samples_per_sec=296.3
2026-10-04 10:01:07 [   2280] train/loss=0.3836  train/pred_loss=0.09887  train/sigreg_loss=3.165  train/emb_std=0.949  train/emb_norm=13.16  train/pred_vs_static=0.5597  train/grad_norm=1.705  train/lr=2.838e-05  train/samples_per_sec=296.5
2026-10-04 10:01:16 [   2300] train/loss=0.3868  train/pred_loss=0.09932  train/sigreg_loss=3.192  train/emb_std=0.951  train/emb_norm=13.18  train/pred_vs_static=0.5538  train/grad_norm=1.455  train/lr=2.863e-05  train/samples_per_sec=296.5
2026-10-04 10:01:24 [   2320] train/loss=0.3802  train/pred_loss=0.09759  train/sigreg_loss=3.142  train/emb_std=0.9502  train/emb_norm=13.18  train/pred_vs_static=0.5608  train/grad_norm=1.53  train/lr=2.888e-05  train/samples_per_sec=296.8
2026-10-04 10:01:32 [   2340] train/loss=0.3811  train/pred_loss=0.09714  train/sigreg_loss=3.154  train/emb_std=0.9508  train/emb_norm=13.19  train/pred_vs_static=0.5477  train/grad_norm=1.53  train/lr=2.913e-05  train/samples_per_sec=297.2
2026-10-04 10:01:41 [   2360] train/loss=0.3787  train/pred_loss=0.09714  train/sigreg_loss=3.128  train/emb_std=0.9525  train/emb_norm=13.2  train/pred_vs_static=0.5556  train/grad_norm=1.502  train/lr=2.938e-05  train/samples_per_sec=297.5
2026-10-04 10:01:49 [   2380] train/loss=0.3716  train/pred_loss=0.09616  train/sigreg_loss=3.061  train/emb_std=0.9531  train/emb_norm=13.2  train/pred_vs_static=0.5524  train/grad_norm=1.356  train/lr=2.963e-05  train/samples_per_sec=298
2026-10-04 10:01:58 [   2400] train/loss=0.3719  train/pred_loss=0.0946  train/sigreg_loss=3.079  train/emb_std=0.9521  train/emb_norm=13.2  train/pred_vs_static=0.5604  train/grad_norm=1.397  train/lr=2.988e-05  train/samples_per_sec=297.9
2026-10-04 10:02:06 [   2420] train/loss=0.3722  train/pred_loss=0.09439  train/sigreg_loss=3.085  train/emb_std=0.9533  train/emb_norm=13.21  train/pred_vs_static=0.5477  train/grad_norm=1.41  train/lr=3.013e-05  train/samples_per_sec=298
2026-10-04 10:02:15 [   2440] train/loss=0.3698  train/pred_loss=0.09551  train/sigreg_loss=3.045  train/emb_std=0.9527  train/emb_norm=13.2  train/pred_vs_static=0.5451  train/grad_norm=1.397  train/lr=3.038e-05  train/samples_per_sec=298.3
2026-10-04 10:02:23 [   2460] train/loss=0.3639  train/pred_loss=0.0917  train/sigreg_loss=3.025  train/emb_std=0.9553  train/emb_norm=13.24  train/pred_vs_static=0.5257  train/grad_norm=1.348  train/lr=3.063e-05  train/samples_per_sec=298.7
2026-10-04 10:02:32 [   2480] train/loss=0.3689  train/pred_loss=0.09305  train/sigreg_loss=3.066  train/emb_std=0.9543  train/emb_norm=13.22  train/pred_vs_static=0.5356  train/grad_norm=1.404  train/lr=3.088e-05  train/samples_per_sec=299
2026-10-04 10:02:40 [   2500] train/loss=0.3541  train/pred_loss=0.08974  train/sigreg_loss=2.936  train/emb_std=0.9537  train/emb_norm=13.22  train/pred_vs_static=0.5312  train/grad_norm=1.355  train/lr=3.113e-05  train/samples_per_sec=299.1
2026-10-04 10:02:48 [   2520] train/loss=0.364  train/pred_loss=0.09309  train/sigreg_loss=3.009  train/emb_std=0.9521  train/emb_norm=13.2  train/pred_vs_static=0.5254  train/grad_norm=1.378  train/lr=3.138e-05  train/samples_per_sec=299.3
2026-10-04 10:02:57 [   2540] train/loss=0.3613  train/pred_loss=0.09232  train/sigreg_loss=2.989  train/emb_std=0.9533  train/emb_norm=13.21  train/pred_vs_static=0.5227  train/grad_norm=1.41  train/lr=3.163e-05  train/samples_per_sec=299.3
2026-10-04 10:03:05 [   2560] train/loss=0.3589  train/pred_loss=0.09318  train/sigreg_loss=2.953  train/emb_std=0.9539  train/emb_norm=13.22  train/pred_vs_static=0.5229  train/grad_norm=1.397  train/lr=3.188e-05  train/samples_per_sec=299.4
2026-10-04 10:03:14 [   2580] train/loss=0.3601  train/pred_loss=0.09336  train/sigreg_loss=2.963  train/emb_std=0.9535  train/emb_norm=13.21  train/pred_vs_static=0.5278  train/grad_norm=1.346  train/lr=3.213e-05  train/samples_per_sec=299.3
2026-10-04 10:03:23 [   2600] train/loss=0.3565  train/pred_loss=0.09339  train/sigreg_loss=2.921  train/emb_std=0.9541  train/emb_norm=13.22  train/pred_vs_static=0.5219  train/grad_norm=1.356  train/lr=3.238e-05  train/samples_per_sec=299.3
2026-10-04 10:03:31 [   2620] train/loss=0.3559  train/pred_loss=0.09232  train/sigreg_loss=2.927  train/emb_std=0.9535  train/emb_norm=13.2  train/pred_vs_static=0.5264  train/grad_norm=1.35  train/lr=3.263e-05  train/samples_per_sec=299.6
2026-10-04 10:03:39 [   2640] train/loss=0.3491  train/pred_loss=0.091  train/sigreg_loss=2.866  train/emb_std=0.9557  train/emb_norm=13.22  train/pred_vs_static=0.5123  train/grad_norm=1.298  train/lr=3.288e-05  train/samples_per_sec=299.7
2026-10-04 10:03:48 [   2660] train/loss=0.3518  train/pred_loss=0.09115  train/sigreg_loss=2.898  train/emb_std=0.9563  train/emb_norm=13.24  train/pred_vs_static=0.5209  train/grad_norm=1.38  train/lr=3.313e-05  train/samples_per_sec=299.6
2026-10-04 10:03:56 [   2680] train/loss=0.3459  train/pred_loss=0.08789  train/sigreg_loss=2.868  train/emb_std=0.9547  train/emb_norm=13.22  train/pred_vs_static=0.5171  train/grad_norm=1.312  train/lr=3.338e-05  train/samples_per_sec=299.8
2026-10-04 10:04:05 [   2700] train/loss=0.3489  train/pred_loss=0.09211  train/sigreg_loss=2.854  train/emb_std=0.9586  train/emb_norm=13.26  train/pred_vs_static=0.512  train/grad_norm=1.274  train/lr=3.363e-05  train/samples_per_sec=299.7
2026-10-04 10:04:13 [   2720] train/loss=0.3508  train/pred_loss=0.08904  train/sigreg_loss=2.908  train/emb_std=0.9564  train/emb_norm=13.23  train/pred_vs_static=0.5055  train/grad_norm=1.355  train/lr=3.388e-05  train/samples_per_sec=299.8
2026-10-04 10:04:22 [   2740] train/loss=0.3424  train/pred_loss=0.08865  train/sigreg_loss=2.821  train/emb_std=0.9561  train/emb_norm=13.23  train/pred_vs_static=0.509  train/grad_norm=1.277  train/lr=3.413e-05  train/samples_per_sec=300
2026-10-04 10:04:30 [   2760] train/loss=0.3418  train/pred_loss=0.08905  train/sigreg_loss=2.81  train/emb_std=0.9598  train/emb_norm=13.28  train/pred_vs_static=0.5051  train/grad_norm=1.305  train/lr=3.438e-05  train/samples_per_sec=300.1
2026-10-04 10:04:39 [   2780] train/loss=0.3441  train/pred_loss=0.08937  train/sigreg_loss=2.83  train/emb_std=0.9531  train/emb_norm=13.19  train/pred_vs_static=0.5156  train/grad_norm=1.295  train/lr=3.463e-05  train/samples_per_sec=300.1
2026-10-04 10:04:47 [   2800] train/loss=0.3412  train/pred_loss=0.09089  train/sigreg_loss=2.784  train/emb_std=0.9564  train/emb_norm=13.24  train/pred_vs_static=0.5171  train/grad_norm=1.281  train/lr=3.488e-05  train/samples_per_sec=300.2
2026-10-04 10:04:56 [   2820] train/loss=0.3442  train/pred_loss=0.09383  train/sigreg_loss=2.781  train/emb_std=0.957  train/emb_norm=13.24  train/pred_vs_static=0.5013  train/grad_norm=1.339  train/lr=3.513e-05  train/samples_per_sec=300.2
2026-10-04 10:05:04 [   2840] train/loss=0.3423  train/pred_loss=0.08938  train/sigreg_loss=2.809  train/emb_std=0.9564  train/emb_norm=13.24  train/pred_vs_static=0.489  train/grad_norm=1.292  train/lr=3.538e-05  train/samples_per_sec=300.3
2026-10-04 10:05:12 [   2860] train/loss=0.3351  train/pred_loss=0.09061  train/sigreg_loss=2.717  train/emb_std=0.9543  train/emb_norm=13.22  train/pred_vs_static=0.5039  train/grad_norm=1.25  train/lr=3.563e-05  train/samples_per_sec=300.4
2026-10-04 10:05:21 [   2880] train/loss=0.3359  train/pred_loss=0.08972  train/sigreg_loss=2.735  train/emb_std=0.9559  train/emb_norm=13.23  train/pred_vs_static=0.4999  train/grad_norm=1.241  train/lr=3.588e-05  train/samples_per_sec=300.5
2026-10-04 10:05:29 [   2900] train/loss=0.3411  train/pred_loss=0.09153  train/sigreg_loss=2.771  train/emb_std=0.9563  train/emb_norm=13.23  train/pred_vs_static=0.4943  train/grad_norm=1.236  train/lr=3.613e-05  train/samples_per_sec=300.7
2026-10-04 10:05:38 [   2920] train/loss=0.3352  train/pred_loss=0.08829  train/sigreg_loss=2.744  train/emb_std=0.9602  train/emb_norm=13.29  train/pred_vs_static=0.4881  train/grad_norm=1.282  train/lr=3.638e-05  train/samples_per_sec=300.8
2026-10-04 10:05:46 [   2940] train/loss=0.3298  train/pred_loss=0.08711  train/sigreg_loss=2.695  train/emb_std=0.957  train/emb_norm=13.24  train/pred_vs_static=0.4854  train/grad_norm=1.227  train/lr=3.663e-05  train/samples_per_sec=300.9
2026-10-04 10:05:54 [   2960] train/loss=0.3307  train/pred_loss=0.09011  train/sigreg_loss=2.673  train/emb_std=0.9588  train/emb_norm=13.26  train/pred_vs_static=0.4817  train/grad_norm=1.232  train/lr=3.688e-05  train/samples_per_sec=300.9
2026-10-04 10:06:03 [   2980] train/loss=0.3291  train/pred_loss=0.0867  train/sigreg_loss=2.693  train/emb_std=0.9582  train/emb_norm=13.26  train/pred_vs_static=0.4768  train/grad_norm=1.194  train/lr=3.713e-05  train/samples_per_sec=301
2026-10-04 10:06:11 [   3000] train/loss=0.3376  train/pred_loss=0.09124  train/sigreg_loss=2.737  train/emb_std=0.9582  train/emb_norm=13.26  train/pred_vs_static=0.4962  train/grad_norm=1.204  train/lr=3.738e-05  train/samples_per_sec=301
2026-10-04 10:06:20 [   3020] train/loss=0.3289  train/pred_loss=0.08918  train/sigreg_loss=2.665  train/emb_std=0.9613  train/emb_norm=13.3  train/pred_vs_static=0.4805  train/grad_norm=1.144  train/lr=3.763e-05  train/samples_per_sec=301.1
2026-10-04 10:06:28 [   3040] train/loss=0.3251  train/pred_loss=0.08761  train/sigreg_loss=2.638  train/emb_std=0.9598  train/emb_norm=13.27  train/pred_vs_static=0.4844  train/grad_norm=1.203  train/lr=3.788e-05  train/samples_per_sec=301.1
2026-10-04 10:06:36 [   3060] train/loss=0.3243  train/pred_loss=0.08846  train/sigreg_loss=2.62  train/emb_std=0.9621  train/emb_norm=13.3  train/pred_vs_static=0.488  train/grad_norm=1.159  train/lr=3.813e-05  train/samples_per_sec=301.2
2026-10-04 10:06:45 [   3080] train/loss=0.3256  train/pred_loss=0.08751  train/sigreg_loss=2.645  train/emb_std=0.9611  train/emb_norm=13.29  train/pred_vs_static=0.4792  train/grad_norm=1.263  train/lr=3.838e-05  train/samples_per_sec=301
2026-10-04 10:06:54 [   3100] train/loss=0.3201  train/pred_loss=0.08566  train/sigreg_loss=2.605  train/emb_std=0.9596  train/emb_norm=13.26  train/pred_vs_static=0.4701  train/grad_norm=1.162  train/lr=3.863e-05  train/samples_per_sec=301
2026-10-04 10:07:02 [   3120] train/loss=0.3289  train/pred_loss=0.08863  train/sigreg_loss=2.669  train/emb_std=0.9602  train/emb_norm=13.29  train/pred_vs_static=0.4772  train/grad_norm=1.175  train/lr=3.888e-05  train/samples_per_sec=301.1
2026-10-04 10:07:11 [   3140] train/loss=0.3267  train/pred_loss=0.08927  train/sigreg_loss=2.638  train/emb_std=0.9588  train/emb_norm=13.27  train/pred_vs_static=0.4661  train/grad_norm=1.172  train/lr=3.913e-05  train/samples_per_sec=301.1
2026-10-04 10:07:19 [   3160] train/loss=0.323  train/pred_loss=0.08899  train/sigreg_loss=2.599  train/emb_std=0.9604  train/emb_norm=13.28  train/pred_vs_static=0.4611  train/grad_norm=1.111  train/lr=3.938e-05  train/samples_per_sec=301.1
2026-10-04 10:07:28 [   3180] train/loss=0.3233  train/pred_loss=0.0863  train/sigreg_loss=2.633  train/emb_std=0.9617  train/emb_norm=13.3  train/pred_vs_static=0.4721  train/grad_norm=1.208  train/lr=3.963e-05  train/samples_per_sec=301.1
2026-10-04 10:07:36 [   3200] train/loss=0.318  train/pred_loss=0.08587  train/sigreg_loss=2.58  train/emb_std=0.9596  train/emb_norm=13.25  train/pred_vs_static=0.4601  train/grad_norm=1.146  train/lr=3.988e-05  train/samples_per_sec=301.1
2026-10-04 10:07:45 [   3220] train/loss=0.3151  train/pred_loss=0.08523  train/sigreg_loss=2.554  train/emb_std=0.9615  train/emb_norm=13.3  train/pred_vs_static=0.4704  train/grad_norm=1.104  train/lr=4.013e-05  train/samples_per_sec=301.2
2026-10-04 10:07:53 [   3240] train/loss=0.3188  train/pred_loss=0.08769  train/sigreg_loss=2.569  train/emb_std=0.96  train/emb_norm=13.27  train/pred_vs_static=0.4693  train/grad_norm=1.098  train/lr=4.038e-05  train/samples_per_sec=301.2
2026-10-04 10:08:02 [   3260] train/loss=0.3212  train/pred_loss=0.08919  train/sigreg_loss=2.58  train/emb_std=0.9613  train/emb_norm=13.28  train/pred_vs_static=0.4662  train/grad_norm=1.139  train/lr=4.063e-05  train/samples_per_sec=301.1
2026-10-04 10:08:10 [   3280] train/loss=0.3118  train/pred_loss=0.0855  train/sigreg_loss=2.514  train/emb_std=0.9598  train/emb_norm=13.28  train/pred_vs_static=0.4706  train/grad_norm=1.078  train/lr=4.088e-05  train/samples_per_sec=301.1
2026-10-04 10:08:19 [   3300] train/loss=0.3212  train/pred_loss=0.08886  train/sigreg_loss=2.582  train/emb_std=0.9605  train/emb_norm=13.28  train/pred_vs_static=0.4628  train/grad_norm=1.186  train/lr=4.113e-05  train/samples_per_sec=301.1
2026-10-04 10:08:27 [   3320] train/loss=0.3136  train/pred_loss=0.08532  train/sigreg_loss=2.536  train/emb_std=0.9623  train/emb_norm=13.3  train/pred_vs_static=0.462  train/grad_norm=1.138  train/lr=4.138e-05  train/samples_per_sec=301.1
2026-10-04 10:08:36 [   3340] train/loss=0.3146  train/pred_loss=0.08672  train/sigreg_loss=2.532  train/emb_std=0.9596  train/emb_norm=13.27  train/pred_vs_static=0.461  train/grad_norm=1.106  train/lr=4.163e-05  train/samples_per_sec=301
2026-10-04 10:08:44 [   3360] train/loss=0.3097  train/pred_loss=0.08423  train/sigreg_loss=2.505  train/emb_std=0.9627  train/emb_norm=13.3  train/pred_vs_static=0.4591  train/grad_norm=1.128  train/lr=4.188e-05  train/samples_per_sec=301.1
2026-10-04 10:08:53 [   3380] train/loss=0.3084  train/pred_loss=0.0837  train/sigreg_loss=2.496  train/emb_std=0.9639  train/emb_norm=13.32  train/pred_vs_static=0.4451  train/grad_norm=1.074  train/lr=4.213e-05  train/samples_per_sec=301
2026-10-04 10:09:01 [   3400] train/loss=0.3098  train/pred_loss=0.08538  train/sigreg_loss=2.493  train/emb_std=0.9637  train/emb_norm=13.31  train/pred_vs_static=0.4548  train/grad_norm=1.155  train/lr=4.238e-05  train/samples_per_sec=301
2026-10-04 10:09:10 [   3420] train/loss=0.3094  train/pred_loss=0.08873  train/sigreg_loss=2.452  train/emb_std=0.9652  train/emb_norm=13.34  train/pred_vs_static=0.4533  train/grad_norm=1.057  train/lr=4.263e-05  train/samples_per_sec=301
2026-10-04 10:09:18 [   3440] train/loss=0.3143  train/pred_loss=0.09007  train/sigreg_loss=2.492  train/emb_std=0.9596  train/emb_norm=13.26  train/pred_vs_static=0.4658  train/grad_norm=1.099  train/lr=4.288e-05  train/samples_per_sec=301
2026-10-04 10:09:27 [   3460] train/loss=0.3114  train/pred_loss=0.08811  train/sigreg_loss=2.481  train/emb_std=0.9607  train/emb_norm=13.29  train/pred_vs_static=0.4484  train/grad_norm=1.092  train/lr=4.313e-05  train/samples_per_sec=301
2026-10-04 10:09:35 [   3480] train/loss=0.3057  train/pred_loss=0.08665  train/sigreg_loss=2.434  train/emb_std=0.9631  train/emb_norm=13.3  train/pred_vs_static=0.4576  train/grad_norm=1.034  train/lr=4.338e-05  train/samples_per_sec=301
2026-10-04 10:09:44 [   3500] train/loss=0.3107  train/pred_loss=0.08615  train/sigreg_loss=2.495  train/emb_std=0.9639  train/emb_norm=13.33  train/pred_vs_static=0.4512  train/grad_norm=1.07  train/lr=4.363e-05  train/samples_per_sec=301
2026-10-04 10:09:52 [   3520] train/loss=0.3034  train/pred_loss=0.08456  train/sigreg_loss=2.431  train/emb_std=0.9613  train/emb_norm=13.29  train/pred_vs_static=0.437  train/grad_norm=1.031  train/lr=4.388e-05  train/samples_per_sec=301.1
2026-10-04 10:10:01 [   3540] train/loss=0.3096  train/pred_loss=0.08769  train/sigreg_loss=2.466  train/emb_std=0.9643  train/emb_norm=13.33  train/pred_vs_static=0.4398  train/grad_norm=1.106  train/lr=4.413e-05  train/samples_per_sec=301
2026-10-04 10:10:09 [   3560] train/loss=0.3042  train/pred_loss=0.08372  train/sigreg_loss=2.448  train/emb_std=0.9627  train/emb_norm=13.32  train/pred_vs_static=0.4474  train/grad_norm=1.057  train/lr=4.438e-05  train/samples_per_sec=301
2026-10-04 10:10:18 [   3580] train/loss=0.3034  train/pred_loss=0.0841  train/sigreg_loss=2.437  train/emb_std=0.9619  train/emb_norm=13.3  train/pred_vs_static=0.4443  train/grad_norm=1.113  train/lr=4.463e-05  train/samples_per_sec=301
2026-10-04 10:10:26 [   3600] train/loss=0.3046  train/pred_loss=0.08525  train/sigreg_loss=2.438  train/emb_std=0.9615  train/emb_norm=13.29  train/pred_vs_static=0.4405  train/grad_norm=1.032  train/lr=4.488e-05  train/samples_per_sec=301
2026-10-04 10:10:35 [   3620] train/loss=0.3062  train/pred_loss=0.08606  train/sigreg_loss=2.445  train/emb_std=0.9641  train/emb_norm=13.32  train/pred_vs_static=0.431  train/grad_norm=1.035  train/lr=4.513e-05  train/samples_per_sec=300.9
2026-10-04 10:10:43 [   3640] train/loss=0.3043  train/pred_loss=0.08338  train/sigreg_loss=2.455  train/emb_std=0.9639  train/emb_norm=13.33  train/pred_vs_static=0.4378  train/grad_norm=1.054  train/lr=4.538e-05  train/samples_per_sec=301
2026-10-04 10:10:52 [   3660] train/loss=0.3023  train/pred_loss=0.08453  train/sigreg_loss=2.42  train/emb_std=0.9631  train/emb_norm=13.31  train/pred_vs_static=0.4384  train/grad_norm=1.025  train/lr=4.563e-05  train/samples_per_sec=301
2026-10-04 10:11:01 [   3680] train/loss=0.3014  train/pred_loss=0.08719  train/sigreg_loss=2.38  train/emb_std=0.9648  train/emb_norm=13.34  train/pred_vs_static=0.4437  train/grad_norm=0.9967  train/lr=4.588e-05  train/samples_per_sec=301
2026-10-04 10:11:09 [   3700] train/loss=0.298  train/pred_loss=0.08389  train/sigreg_loss=2.378  train/emb_std=0.966  train/emb_norm=13.35  train/pred_vs_static=0.4302  train/grad_norm=1.015  train/lr=4.613e-05  train/samples_per_sec=300.9
2026-10-04 10:11:18 [   3720] train/loss=0.3007  train/pred_loss=0.08682  train/sigreg_loss=2.375  train/emb_std=0.9648  train/emb_norm=13.33  train/pred_vs_static=0.4479  train/grad_norm=1.01  train/lr=4.638e-05  train/samples_per_sec=301
2026-10-04 10:11:26 [   3740] train/loss=0.3032  train/pred_loss=0.08646  train/sigreg_loss=2.409  train/emb_std=0.9645  train/emb_norm=13.33  train/pred_vs_static=0.4391  train/grad_norm=1.015  train/lr=4.663e-05  train/samples_per_sec=301
2026-10-04 10:11:35 [   3760] train/loss=0.2992  train/pred_loss=0.08436  train/sigreg_loss=2.388  train/emb_std=0.966  train/emb_norm=13.35  train/pred_vs_static=0.4265  train/grad_norm=1.025  train/lr=4.688e-05  train/samples_per_sec=301
2026-10-04 10:11:43 [   3780] train/loss=0.3009  train/pred_loss=0.08536  train/sigreg_loss=2.395  train/emb_std=0.9646  train/emb_norm=13.33  train/pred_vs_static=0.4296  train/grad_norm=1.078  train/lr=4.713e-05  train/samples_per_sec=300.9
2026-10-04 10:11:52 [   3800] train/loss=0.2931  train/pred_loss=0.08117  train/sigreg_loss=2.355  train/emb_std=0.9666  train/emb_norm=13.35  train/pred_vs_static=0.4276  train/grad_norm=0.9701  train/lr=4.738e-05  train/samples_per_sec=300.9
2026-10-04 10:12:00 [   3820] train/loss=0.2955  train/pred_loss=0.08401  train/sigreg_loss=2.351  train/emb_std=0.9686  train/emb_norm=13.37  train/pred_vs_static=0.4362  train/grad_norm=0.9668  train/lr=4.763e-05  train/samples_per_sec=301
2026-10-04 10:12:09 [   3840] train/loss=0.294  train/pred_loss=0.08392  train/sigreg_loss=2.334  train/emb_std=0.9643  train/emb_norm=13.32  train/pred_vs_static=0.4294  train/grad_norm=1.06  train/lr=4.788e-05  train/samples_per_sec=300.9
2026-10-04 10:12:17 [   3860] train/loss=0.2965  train/pred_loss=0.08446  train/sigreg_loss=2.355  train/emb_std=0.9648  train/emb_norm=13.32  train/pred_vs_static=0.434  train/grad_norm=1.013  train/lr=4.813e-05  train/samples_per_sec=300.9
2026-10-04 10:12:26 [   3880] train/loss=0.2942  train/pred_loss=0.08421  train/sigreg_loss=2.332  train/emb_std=0.9666  train/emb_norm=13.35  train/pred_vs_static=0.4358  train/grad_norm=0.9953  train/lr=4.838e-05  train/samples_per_sec=300.9
2026-10-04 10:12:34 [   3900] train/loss=0.2904  train/pred_loss=0.08212  train/sigreg_loss=2.315  train/emb_std=0.967  train/emb_norm=13.36  train/pred_vs_static=0.4195  train/grad_norm=0.9545  train/lr=4.863e-05  train/samples_per_sec=300.9
2026-10-04 10:12:43 [   3920] train/loss=0.2883  train/pred_loss=0.07823  train/sigreg_loss=2.334  train/emb_std=0.965  train/emb_norm=13.33  train/pred_vs_static=0.4217  train/grad_norm=0.9713  train/lr=4.888e-05  train/samples_per_sec=300.9
2026-10-04 10:12:51 [   3940] train/loss=0.291  train/pred_loss=0.08316  train/sigreg_loss=2.31  train/emb_std=0.9654  train/emb_norm=13.33  train/pred_vs_static=0.4256  train/grad_norm=1.037  train/lr=4.913e-05  train/samples_per_sec=301
2026-10-04 10:13:00 [   3960] train/loss=0.2932  train/pred_loss=0.08446  train/sigreg_loss=2.321  train/emb_std=0.9656  train/emb_norm=13.34  train/pred_vs_static=0.4311  train/grad_norm=0.9808  train/lr=4.938e-05  train/samples_per_sec=301
2026-10-04 10:13:08 [   3980] train/loss=0.2902  train/pred_loss=0.08305  train/sigreg_loss=2.302  train/emb_std=0.9648  train/emb_norm=13.33  train/pred_vs_static=0.4232  train/grad_norm=0.9954  train/lr=4.963e-05  train/samples_per_sec=301.1
2026-10-04 10:13:16 [   4000] train/loss=0.2916  train/pred_loss=0.08191  train/sigreg_loss=2.33  train/emb_std=0.9658  train/emb_norm=13.35  train/pred_vs_static=0.4206  train/grad_norm=0.9794  train/lr=4.988e-05  train/samples_per_sec=301.2
2026-10-04 10:13:16 [   4000] train_epoch/loss=0.3372  train_epoch/pred_loss=0.09017  train_epoch/sigreg_loss=2.745  train_epoch/emb_std=0.958  train_epoch/emb_norm=13.26  train_epoch/pred_vs_static=0.4927  train_epoch/grad_norm=1.249  train_epoch/lr=3.751e-05  train_epoch/epoch=1
2026-10-04 10:13:28 [   4000] val/loss=0.9901  val/pred_loss=0.08292  val/sigreg_loss=10.08  val/emb_std=0.9354  val/emb_norm=13.64  val/pred_vs_static=0.3975  val/epoch=1
2026-10-04 10:13:28 epoch   1 | val pred_vs_static 0.39746 | best 0.39746 @ epoch 1 | saved epoch_001.pt
2026-10-04 10:13:38 [   4020] train/loss=0.2926  train/pred_loss=0.08318  train/sigreg_loss=2.327  train/emb_std=0.9672  train/emb_norm=13.35  train/pred_vs_static=0.427  train/grad_norm=1.037  train/lr=5e-05  train/samples_per_sec=247.5
2026-10-04 10:13:47 [   4040] train/loss=0.2904  train/pred_loss=0.08225  train/sigreg_loss=2.313  train/emb_std=0.966  train/emb_norm=13.34  train/pred_vs_static=0.422  train/grad_norm=1.001  train/lr=5e-05  train/samples_per_sec=271.8
2026-10-04 10:13:55 [   4060] train/loss=0.2905  train/pred_loss=0.08452  train/sigreg_loss=2.288  train/emb_std=0.9639  train/emb_norm=13.33  train/pred_vs_static=0.4251  train/grad_norm=0.9598  train/lr=5e-05  train/samples_per_sec=281
2026-10-04 10:14:04 [   4080] train/loss=0.2876  train/pred_loss=0.08214  train/sigreg_loss=2.283  train/emb_std=0.9668  train/emb_norm=13.36  train/pred_vs_static=0.4188  train/grad_norm=0.9448  train/lr=5e-05  train/samples_per_sec=284.6
2026-10-04 10:14:13 [   4100] train/loss=0.2896  train/pred_loss=0.08477  train/sigreg_loss=2.277  train/emb_std=0.9641  train/emb_norm=13.32  train/pred_vs_static=0.42  train/grad_norm=0.9467  train/lr=5e-05  train/samples_per_sec=288.1
2026-10-04 10:14:21 [   4120] train/loss=0.2899  train/pred_loss=0.08141  train/sigreg_loss=2.316  train/emb_std=0.965  train/emb_norm=13.33  train/pred_vs_static=0.4236  train/grad_norm=0.9495  train/lr=5e-05  train/samples_per_sec=290.2
2026-10-04 10:14:29 [   4140] train/loss=0.2864  train/pred_loss=0.0795  train/sigreg_loss=2.3  train/emb_std=0.9654  train/emb_norm=13.33  train/pred_vs_static=0.4179  train/grad_norm=0.9083  train/lr=5e-05  train/samples_per_sec=292.4
2026-10-04 10:14:38 [   4160] train/loss=0.2883  train/pred_loss=0.08255  train/sigreg_loss=2.286  train/emb_std=0.9676  train/emb_norm=13.36  train/pred_vs_static=0.4145  train/grad_norm=0.9355  train/lr=5e-05  train/samples_per_sec=293.2
2026-10-04 10:14:46 [   4180] train/loss=0.2822  train/pred_loss=0.08124  train/sigreg_loss=2.234  train/emb_std=0.9668  train/emb_norm=13.35  train/pred_vs_static=0.4107  train/grad_norm=0.9231  train/lr=5e-05  train/samples_per_sec=294.4
2026-10-04 10:14:55 [   4200] train/loss=0.2853  train/pred_loss=0.08136  train/sigreg_loss=2.266  train/emb_std=0.9652  train/emb_norm=13.33  train/pred_vs_static=0.4113  train/grad_norm=0.9479  train/lr=5e-05  train/samples_per_sec=294.8
2026-10-04 10:15:03 [   4220] train/loss=0.2832  train/pred_loss=0.08181  train/sigreg_loss=2.238  train/emb_std=0.9664  train/emb_norm=13.34  train/pred_vs_static=0.408  train/grad_norm=0.9522  train/lr=5e-05  train/samples_per_sec=295.3
2026-10-04 10:15:12 [   4240] train/loss=0.2817  train/pred_loss=0.08177  train/sigreg_loss=2.222  train/emb_std=0.9689  train/emb_norm=13.37  train/pred_vs_static=0.4102  train/grad_norm=0.9028  train/lr=5e-05  train/samples_per_sec=295.5
2026-10-04 10:15:21 [   4260] train/loss=0.2884  train/pred_loss=0.08329  train/sigreg_loss=2.279  train/emb_std=0.9652  train/emb_norm=13.33  train/pred_vs_static=0.4057  train/grad_norm=0.9367  train/lr=5e-05  train/samples_per_sec=295.7
2026-10-04 10:15:29 [   4280] train/loss=0.285  train/pred_loss=0.082  train/sigreg_loss=2.256  train/emb_std=0.966  train/emb_norm=13.34  train/pred_vs_static=0.4148  train/grad_norm=0.9739  train/lr=5e-05  train/samples_per_sec=296.1
2026-10-04 10:15:38 [   4300] train/loss=0.2816  train/pred_loss=0.08172  train/sigreg_loss=2.221  train/emb_std=0.9668  train/emb_norm=13.35  train/pred_vs_static=0.412  train/grad_norm=0.9386  train/lr=5e-05  train/samples_per_sec=296.5
2026-10-04 10:15:46 [   4320] train/loss=0.2819  train/pred_loss=0.08025  train/sigreg_loss=2.241  train/emb_std=0.968  train/emb_norm=13.37  train/pred_vs_static=0.4014  train/grad_norm=0.918  train/lr=5e-05  train/samples_per_sec=296.9
2026-10-04 10:15:55 [   4340] train/loss=0.2836  train/pred_loss=0.08277  train/sigreg_loss=2.231  train/emb_std=0.9643  train/emb_norm=13.32  train/pred_vs_static=0.3994  train/grad_norm=0.937  train/lr=5e-05  train/samples_per_sec=297.1
2026-10-04 10:16:03 [   4360] train/loss=0.2846  train/pred_loss=0.0835  train/sigreg_loss=2.236  train/emb_std=0.9646  train/emb_norm=13.35  train/pred_vs_static=0.411  train/grad_norm=0.9023  train/lr=5e-05  train/samples_per_sec=297.3
2026-10-04 10:16:12 [   4380] train/loss=0.2829  train/pred_loss=0.08114  train/sigreg_loss=2.241  train/emb_std=0.9662  train/emb_norm=13.34  train/pred_vs_static=0.3974  train/grad_norm=0.908  train/lr=5e-05  train/samples_per_sec=297.2
2026-10-04 10:16:20 [   4400] train/loss=0.2799  train/pred_loss=0.07943  train/sigreg_loss=2.227  train/emb_std=0.967  train/emb_norm=13.37  train/pred_vs_static=0.3978  train/grad_norm=0.8819  train/lr=5e-05  train/samples_per_sec=297.4
2026-10-04 10:16:29 [   4420] train/loss=0.2887  train/pred_loss=0.08275  train/sigreg_loss=2.29  train/emb_std=0.967  train/emb_norm=13.36  train/pred_vs_static=0.4038  train/grad_norm=0.9858  train/lr=5e-05  train/samples_per_sec=297.5
2026-10-04 10:16:37 [   4440] train/loss=0.2822  train/pred_loss=0.08285  train/sigreg_loss=2.215  train/emb_std=0.9664  train/emb_norm=13.36  train/pred_vs_static=0.3952  train/grad_norm=0.9023  train/lr=5e-05  train/samples_per_sec=297.5
2026-10-04 10:16:46 [   4460] train/loss=0.2764  train/pred_loss=0.07857  train/sigreg_loss=2.197  train/emb_std=0.9641  train/emb_norm=13.33  train/pred_vs_static=0.4011  train/grad_norm=0.9325  train/lr=5e-05  train/samples_per_sec=297.6
2026-10-04 10:16:55 [   4480] train/loss=0.282  train/pred_loss=0.08075  train/sigreg_loss=2.234  train/emb_std=0.965  train/emb_norm=13.33  train/pred_vs_static=0.3972  train/grad_norm=0.9009  train/lr=5e-05  train/samples_per_sec=297.6
2026-10-04 10:17:03 [   4500] train/loss=0.2804  train/pred_loss=0.08194  train/sigreg_loss=2.205  train/emb_std=0.9664  train/emb_norm=13.35  train/pred_vs_static=0.3986  train/grad_norm=0.9089  train/lr=5e-05  train/samples_per_sec=297.7
2026-10-04 10:17:12 [   4520] train/loss=0.2728  train/pred_loss=0.07749  train/sigreg_loss=2.171  train/emb_std=0.9705  train/emb_norm=13.4  train/pred_vs_static=0.389  train/grad_norm=0.8861  train/lr=5e-05  train/samples_per_sec=297.9
2026-10-04 10:17:20 [   4540] train/loss=0.2764  train/pred_loss=0.07977  train/sigreg_loss=2.184  train/emb_std=0.9643  train/emb_norm=13.33  train/pred_vs_static=0.3995  train/grad_norm=0.913  train/lr=5e-05  train/samples_per_sec=297.9
2026-10-04 10:17:28 [   4560] train/loss=0.279  train/pred_loss=0.07991  train/sigreg_loss=2.212  train/emb_std=0.9674  train/emb_norm=13.36  train/pred_vs_static=0.3966  train/grad_norm=0.9098  train/lr=5e-05  train/samples_per_sec=298.2
2026-10-04 10:17:37 [   4580] train/loss=0.28  train/pred_loss=0.08038  train/sigreg_loss=2.219  train/emb_std=0.9691  train/emb_norm=13.39  train/pred_vs_static=0.3995  train/grad_norm=0.921  train/lr=5e-05  train/samples_per_sec=298.4
2026-10-04 10:17:45 [   4600] train/loss=0.2802  train/pred_loss=0.08184  train/sigreg_loss=2.204  train/emb_std=0.9672  train/emb_norm=13.35  train/pred_vs_static=0.3978  train/grad_norm=0.9213  train/lr=5e-05  train/samples_per_sec=298.4
2026-10-04 10:17:54 [   4620] train/loss=0.277  train/pred_loss=0.07967  train/sigreg_loss=2.192  train/emb_std=0.968  train/emb_norm=13.36  train/pred_vs_static=0.3786  train/grad_norm=0.9173  train/lr=5e-05  train/samples_per_sec=298.4
2026-10-04 10:18:03 [   4640] train/loss=0.272  train/pred_loss=0.07887  train/sigreg_loss=2.145  train/emb_std=0.9682  train/emb_norm=13.38  train/pred_vs_static=0.3903  train/grad_norm=0.8653  train/lr=5e-05  train/samples_per_sec=298.4
2026-10-04 10:18:11 [   4660] train/loss=0.2755  train/pred_loss=0.07912  train/sigreg_loss=2.182  train/emb_std=0.9664  train/emb_norm=13.35  train/pred_vs_static=0.3817  train/grad_norm=0.8798  train/lr=5e-05  train/samples_per_sec=298.5
2026-10-04 10:18:20 [   4680] train/loss=0.2792  train/pred_loss=0.08113  train/sigreg_loss=2.201  train/emb_std=0.9678  train/emb_norm=13.37  train/pred_vs_static=0.3917  train/grad_norm=0.8708  train/lr=5e-05  train/samples_per_sec=298.6
2026-10-04 10:18:28 [   4700] train/loss=0.2767  train/pred_loss=0.08112  train/sigreg_loss=2.172  train/emb_std=0.9674  train/emb_norm=13.36  train/pred_vs_static=0.3941  train/grad_norm=0.8743  train/lr=5e-05  train/samples_per_sec=298.6
2026-10-04 10:18:37 [   4720] train/loss=0.2732  train/pred_loss=0.07877  train/sigreg_loss=2.161  train/emb_std=0.9682  train/emb_norm=13.38  train/pred_vs_static=0.3903  train/grad_norm=0.8737  train/lr=5e-05  train/samples_per_sec=298.7
2026-10-04 10:18:45 [   4740] train/loss=0.2722  train/pred_loss=0.07912  train/sigreg_loss=2.146  train/emb_std=0.9695  train/emb_norm=13.39  train/pred_vs_static=0.3837  train/grad_norm=0.8742  train/lr=5e-05  train/samples_per_sec=298.7
2026-10-04 10:18:54 [   4760] train/loss=0.2751  train/pred_loss=0.07899  train/sigreg_loss=2.178  train/emb_std=0.9689  train/emb_norm=13.37  train/pred_vs_static=0.3799  train/grad_norm=0.8761  train/lr=5e-05  train/samples_per_sec=298.6
2026-10-04 10:19:02 [   4780] train/loss=0.2748  train/pred_loss=0.08139  train/sigreg_loss=2.148  train/emb_std=0.9678  train/emb_norm=13.36  train/pred_vs_static=0.3791  train/grad_norm=0.8856  train/lr=5e-05  train/samples_per_sec=298.7
2026-10-04 10:19:11 [   4800] train/loss=0.2753  train/pred_loss=0.07955  train/sigreg_loss=2.174  train/emb_std=0.9658  train/emb_norm=13.36  train/pred_vs_static=0.3899  train/grad_norm=0.873  train/lr=5e-05  train/samples_per_sec=298.7
2026-10-04 10:19:19 [   4820] train/loss=0.2761  train/pred_loss=0.08031  train/sigreg_loss=2.174  train/emb_std=0.9662  train/emb_norm=13.36  train/pred_vs_static=0.3897  train/grad_norm=0.8865  train/lr=5e-05  train/samples_per_sec=298.8
2026-10-04 10:19:28 [   4840] train/loss=0.2748  train/pred_loss=0.08158  train/sigreg_loss=2.146  train/emb_std=0.9666  train/emb_norm=13.37  train/pred_vs_static=0.3869  train/grad_norm=0.8708  train/lr=5e-05  train/samples_per_sec=298.8
2026-10-04 10:19:36 [   4860] train/loss=0.2718  train/pred_loss=0.07807  train/sigreg_loss=2.154  train/emb_std=0.9678  train/emb_norm=13.37  train/pred_vs_static=0.3813  train/grad_norm=0.8493  train/lr=5e-05  train/samples_per_sec=298.8
2026-10-04 10:19:45 [   4880] train/loss=0.2728  train/pred_loss=0.07803  train/sigreg_loss=2.165  train/emb_std=0.968  train/emb_norm=13.37  train/pred_vs_static=0.3882  train/grad_norm=0.8823  train/lr=5e-05  train/samples_per_sec=298.9
2026-10-04 10:19:53 [   4900] train/loss=0.2723  train/pred_loss=0.07768  train/sigreg_loss=2.161  train/emb_std=0.967  train/emb_norm=13.37  train/pred_vs_static=0.3824  train/grad_norm=0.8559  train/lr=5e-05  train/samples_per_sec=299
2026-10-04 10:20:02 [   4920] train/loss=0.2699  train/pred_loss=0.07869  train/sigreg_loss=2.125  train/emb_std=0.9684  train/emb_norm=13.39  train/pred_vs_static=0.389  train/grad_norm=0.8946  train/lr=5e-05  train/samples_per_sec=298.9
2026-10-04 10:20:11 [   4940] train/loss=0.2667  train/pred_loss=0.07613  train/sigreg_loss=2.118  train/emb_std=0.9674  train/emb_norm=13.37  train/pred_vs_static=0.3755  train/grad_norm=0.8458  train/lr=5e-05  train/samples_per_sec=298.8
2026-10-04 10:20:19 [   4960] train/loss=0.2692  train/pred_loss=0.07756  train/sigreg_loss=2.13  train/emb_std=0.9676  train/emb_norm=13.36  train/pred_vs_static=0.3722  train/grad_norm=0.8609  train/lr=5e-05  train/samples_per_sec=298.7
2026-10-04 10:20:28 [   4980] train/loss=0.2646  train/pred_loss=0.0763  train/sigreg_loss=2.091  train/emb_std=0.9684  train/emb_norm=13.38  train/pred_vs_static=0.3665  train/grad_norm=0.8386  train/lr=5e-05  train/samples_per_sec=298.9
2026-10-04 10:20:36 [   5000] train/loss=0.2684  train/pred_loss=0.07466  train/sigreg_loss=2.153  train/emb_std=0.9717  train/emb_norm=13.41  train/pred_vs_static=0.3642  train/grad_norm=0.8682  train/lr=5e-05  train/samples_per_sec=299
2026-10-04 10:20:45 [   5020] train/loss=0.2739  train/pred_loss=0.08107  train/sigreg_loss=2.143  train/emb_std=0.9674  train/emb_norm=13.36  train/pred_vs_static=0.3716  train/grad_norm=0.8749  train/lr=5e-05  train/samples_per_sec=298.9
2026-10-04 10:20:53 [   5040] train/loss=0.2683  train/pred_loss=0.07887  train/sigreg_loss=2.105  train/emb_std=0.9688  train/emb_norm=13.38  train/pred_vs_static=0.3774  train/grad_norm=0.9096  train/lr=5e-05  train/samples_per_sec=299
2026-10-04 10:21:02 [   5060] train/loss=0.2717  train/pred_loss=0.07811  train/sigreg_loss=2.151  train/emb_std=0.968  train/emb_norm=13.37  train/pred_vs_static=0.3754  train/grad_norm=0.8711  train/lr=5e-05  train/samples_per_sec=299
2026-10-04 10:21:10 [   5080] train/loss=0.2741  train/pred_loss=0.08063  train/sigreg_loss=2.149  train/emb_std=0.9689  train/emb_norm=13.38  train/pred_vs_static=0.3842  train/grad_norm=0.9211  train/lr=5e-05  train/samples_per_sec=299
2026-10-04 10:21:19 [   5100] train/loss=0.2734  train/pred_loss=0.08075  train/sigreg_loss=2.141  train/emb_std=0.9695  train/emb_norm=13.39  train/pred_vs_static=0.3832  train/grad_norm=0.8647  train/lr=5e-05  train/samples_per_sec=299
2026-10-04 10:21:28 [   5120] train/loss=0.2686  train/pred_loss=0.07791  train/sigreg_loss=2.118  train/emb_std=0.9695  train/emb_norm=13.39  train/pred_vs_static=0.3682  train/grad_norm=0.8304  train/lr=5e-05  train/samples_per_sec=299
2026-10-04 10:21:36 [   5140] train/loss=0.2671  train/pred_loss=0.07588  train/sigreg_loss=2.124  train/emb_std=0.9676  train/emb_norm=13.37  train/pred_vs_static=0.3728  train/grad_norm=0.8072  train/lr=5e-05  train/samples_per_sec=299.1
2026-10-04 10:21:44 [   5160] train/loss=0.2669  train/pred_loss=0.07975  train/sigreg_loss=2.08  train/emb_std=0.9684  train/emb_norm=13.38  train/pred_vs_static=0.3761  train/grad_norm=0.8255  train/lr=5e-05  train/samples_per_sec=299.1
2026-10-04 10:21:53 [   5180] train/loss=0.2645  train/pred_loss=0.0761  train/sigreg_loss=2.093  train/emb_std=0.9705  train/emb_norm=13.41  train/pred_vs_static=0.378  train/grad_norm=0.8336  train/lr=5e-05  train/samples_per_sec=299.1
2026-10-04 10:22:02 [   5200] train/loss=0.2784  train/pred_loss=0.08213  train/sigreg_loss=2.18  train/emb_std=0.967  train/emb_norm=13.36  train/pred_vs_static=0.3887  train/grad_norm=0.8836  train/lr=5e-05  train/samples_per_sec=299.1
2026-10-04 10:22:10 [   5220] train/loss=0.2712  train/pred_loss=0.07922  train/sigreg_loss=2.133  train/emb_std=0.9686  train/emb_norm=13.39  train/pred_vs_static=0.3801  train/grad_norm=0.8547  train/lr=5e-05  train/samples_per_sec=299.1
2026-10-04 10:22:19 [   5240] train/loss=0.2687  train/pred_loss=0.07814  train/sigreg_loss=2.117  train/emb_std=0.965  train/emb_norm=13.33  train/pred_vs_static=0.3741  train/grad_norm=0.8683  train/lr=5e-05  train/samples_per_sec=299.1
2026-10-04 10:22:27 [   5260] train/loss=0.2698  train/pred_loss=0.08028  train/sigreg_loss=2.105  train/emb_std=0.9691  train/emb_norm=13.38  train/pred_vs_static=0.3751  train/grad_norm=0.8257  train/lr=5e-05  train/samples_per_sec=299.1
2026-10-04 10:22:36 [   5280] train/loss=0.2654  train/pred_loss=0.07582  train/sigreg_loss=2.105  train/emb_std=0.9693  train/emb_norm=13.4  train/pred_vs_static=0.366  train/grad_norm=0.8234  train/lr=4.999e-05  train/samples_per_sec=299.1
2026-10-04 10:22:45 [   5300] train/loss=0.2709  train/pred_loss=0.0782  train/sigreg_loss=2.141  train/emb_std=0.9682  train/emb_norm=13.37  train/pred_vs_static=0.3744  train/grad_norm=0.8625  train/lr=4.999e-05  train/samples_per_sec=299
2026-10-04 10:22:53 [   5320] train/loss=0.2668  train/pred_loss=0.07651  train/sigreg_loss=2.115  train/emb_std=0.9703  train/emb_norm=13.4  train/pred_vs_static=0.3606  train/grad_norm=0.7978  train/lr=4.999e-05  train/samples_per_sec=299
2026-10-04 10:23:02 [   5340] train/loss=0.2669  train/pred_loss=0.07872  train/sigreg_loss=2.09  train/emb_std=0.9697  train/emb_norm=13.4  train/pred_vs_static=0.3732  train/grad_norm=0.8095  train/lr=4.999e-05  train/samples_per_sec=299.1
2026-10-04 10:23:10 [   5360] train/loss=0.2674  train/pred_loss=0.07763  train/sigreg_loss=2.108  train/emb_std=0.9697  train/emb_norm=13.39  train/pred_vs_static=0.3656  train/grad_norm=0.8264  train/lr=4.999e-05  train/samples_per_sec=299.1
2026-10-04 10:23:19 [   5380] train/loss=0.2599  train/pred_loss=0.07452  train/sigreg_loss=2.06  train/emb_std=0.9707  train/emb_norm=13.42  train/pred_vs_static=0.3632  train/grad_norm=0.8448  train/lr=4.999e-05  train/samples_per_sec=299.1
2026-10-04 10:23:27 [   5400] train/loss=0.2643  train/pred_loss=0.07616  train/sigreg_loss=2.091  train/emb_std=0.9689  train/emb_norm=13.39  train/pred_vs_static=0.3689  train/grad_norm=0.7918  train/lr=4.999e-05  train/samples_per_sec=299.1
2026-10-04 10:23:36 [   5420] train/loss=0.2692  train/pred_loss=0.07856  train/sigreg_loss=2.117  train/emb_std=0.9689  train/emb_norm=13.38  train/pred_vs_static=0.3737  train/grad_norm=0.8301  train/lr=4.999e-05  train/samples_per_sec=299
2026-10-04 10:23:44 [   5440] train/loss=0.2667  train/pred_loss=0.07924  train/sigreg_loss=2.082  train/emb_std=0.9693  train/emb_norm=13.39  train/pred_vs_static=0.3734  train/grad_norm=0.8022  train/lr=4.999e-05  train/samples_per_sec=299
2026-10-04 10:23:53 [   5460] train/loss=0.2681  train/pred_loss=0.07851  train/sigreg_loss=2.106  train/emb_std=0.9668  train/emb_norm=13.36  train/pred_vs_static=0.3723  train/grad_norm=0.8531  train/lr=4.999e-05  train/samples_per_sec=299
2026-10-04 10:24:02 [   5480] train/loss=0.2656  train/pred_loss=0.07654  train/sigreg_loss=2.1  train/emb_std=0.9689  train/emb_norm=13.39  train/pred_vs_static=0.3576  train/grad_norm=0.8085  train/lr=4.999e-05  train/samples_per_sec=299
2026-10-04 10:24:10 [   5500] train/loss=0.2648  train/pred_loss=0.07756  train/sigreg_loss=2.079  train/emb_std=0.9666  train/emb_norm=13.35  train/pred_vs_static=0.3632  train/grad_norm=0.8234  train/lr=4.999e-05  train/samples_per_sec=299
2026-10-04 10:24:19 [   5520] train/loss=0.2625  train/pred_loss=0.07607  train/sigreg_loss=2.071  train/emb_std=0.9711  train/emb_norm=13.41  train/pred_vs_static=0.3703  train/grad_norm=0.8177  train/lr=4.999e-05  train/samples_per_sec=299
2026-10-04 10:24:27 [   5540] train/loss=0.2657  train/pred_loss=0.07736  train/sigreg_loss=2.093  train/emb_std=0.9689  train/emb_norm=13.37  train/pred_vs_static=0.358  train/grad_norm=0.7871  train/lr=4.999e-05  train/samples_per_sec=299
2026-10-04 10:24:36 [   5560] train/loss=0.259  train/pred_loss=0.07372  train/sigreg_loss=2.059  train/emb_std=0.9721  train/emb_norm=13.43  train/pred_vs_static=0.3526  train/grad_norm=0.7824  train/lr=4.999e-05  train/samples_per_sec=298.9
2026-10-04 10:24:45 [   5580] train/loss=0.2645  train/pred_loss=0.07712  train/sigreg_loss=2.082  train/emb_std=0.9689  train/emb_norm=13.38  train/pred_vs_static=0.3578  train/grad_norm=0.7965  train/lr=4.999e-05  train/samples_per_sec=298.9
2026-10-04 10:24:53 [   5600] train/loss=0.2637  train/pred_loss=0.07499  train/sigreg_loss=2.098  train/emb_std=0.9709  train/emb_norm=13.4  train/pred_vs_static=0.349  train/grad_norm=0.8044  train/lr=4.999e-05  train/samples_per_sec=298.9
2026-10-04 10:25:02 [   5620] train/loss=0.267  train/pred_loss=0.07983  train/sigreg_loss=2.079  train/emb_std=0.9699  train/emb_norm=13.4  train/pred_vs_static=0.3741  train/grad_norm=0.8174  train/lr=4.999e-05  train/samples_per_sec=298.9
2026-10-04 10:25:10 [   5640] train/loss=0.263  train/pred_loss=0.07562  train/sigreg_loss=2.081  train/emb_std=0.9699  train/emb_norm=13.39  train/pred_vs_static=0.3569  train/grad_norm=0.8288  train/lr=4.999e-05  train/samples_per_sec=298.9
2026-10-04 10:25:19 [   5660] train/loss=0.2658  train/pred_loss=0.07864  train/sigreg_loss=2.08  train/emb_std=0.9674  train/emb_norm=13.37  train/pred_vs_static=0.3609  train/grad_norm=0.8054  train/lr=4.999e-05  train/samples_per_sec=298.9
2026-10-04 10:25:27 [   5680] train/loss=0.2597  train/pred_loss=0.07465  train/sigreg_loss=2.055  train/emb_std=0.9703  train/emb_norm=13.39  train/pred_vs_static=0.3584  train/grad_norm=0.8174  train/lr=4.999e-05  train/samples_per_sec=299
2026-10-04 10:25:36 [   5700] train/loss=0.2585  train/pred_loss=0.07541  train/sigreg_loss=2.034  train/emb_std=0.9686  train/emb_norm=13.38  train/pred_vs_static=0.3539  train/grad_norm=0.7785  train/lr=4.999e-05  train/samples_per_sec=298.9
2026-10-04 10:25:45 [   5720] train/loss=0.2588  train/pred_loss=0.07514  train/sigreg_loss=2.039  train/emb_std=0.9705  train/emb_norm=13.4  train/pred_vs_static=0.3638  train/grad_norm=0.8008  train/lr=4.999e-05  train/samples_per_sec=298.9
2026-10-04 10:25:53 [   5740] train/loss=0.2636  train/pred_loss=0.07647  train/sigreg_loss=2.079  train/emb_std=0.9693  train/emb_norm=13.39  train/pred_vs_static=0.3584  train/grad_norm=0.8165  train/lr=4.999e-05  train/samples_per_sec=298.8
2026-10-04 10:26:02 [   5760] train/loss=0.2636  train/pred_loss=0.07615  train/sigreg_loss=2.08  train/emb_std=0.9713  train/emb_norm=13.41  train/pred_vs_static=0.3508  train/grad_norm=0.8047  train/lr=4.999e-05  train/samples_per_sec=298.8
2026-10-04 10:26:10 [   5780] train/loss=0.2573  train/pred_loss=0.07518  train/sigreg_loss=2.024  train/emb_std=0.9709  train/emb_norm=13.4  train/pred_vs_static=0.3503  train/grad_norm=0.7646  train/lr=4.999e-05  train/samples_per_sec=298.8
2026-10-04 10:26:19 [   5800] train/loss=0.2601  train/pred_loss=0.07539  train/sigreg_loss=2.051  train/emb_std=0.9717  train/emb_norm=13.4  train/pred_vs_static=0.3542  train/grad_norm=0.8071  train/lr=4.999e-05  train/samples_per_sec=298.8
2026-10-04 10:26:28 [   5820] train/loss=0.262  train/pred_loss=0.07678  train/sigreg_loss=2.057  train/emb_std=0.9707  train/emb_norm=13.4  train/pred_vs_static=0.3534  train/grad_norm=0.8535  train/lr=4.999e-05  train/samples_per_sec=298.8
2026-10-04 10:26:36 [   5840] train/loss=0.2573  train/pred_loss=0.0742  train/sigreg_loss=2.034  train/emb_std=0.9697  train/emb_norm=13.39  train/pred_vs_static=0.3468  train/grad_norm=0.7859  train/lr=4.999e-05  train/samples_per_sec=298.9
2026-10-04 10:26:45 [   5860] train/loss=0.2579  train/pred_loss=0.07487  train/sigreg_loss=2.034  train/emb_std=0.9703  train/emb_norm=13.4  train/pred_vs_static=0.361  train/grad_norm=0.7725  train/lr=4.999e-05  train/samples_per_sec=298.9
2026-10-04 10:26:53 [   5880] train/loss=0.261  train/pred_loss=0.07602  train/sigreg_loss=2.054  train/emb_std=0.9719  train/emb_norm=13.41  train/pred_vs_static=0.3558  train/grad_norm=0.7846  train/lr=4.999e-05  train/samples_per_sec=298.9
2026-10-04 10:27:02 [   5900] train/loss=0.263  train/pred_loss=0.07525  train/sigreg_loss=2.087  train/emb_std=0.9689  train/emb_norm=13.37  train/pred_vs_static=0.3565  train/grad_norm=0.8405  train/lr=4.999e-05  train/samples_per_sec=298.9
2026-10-04 10:27:10 [   5920] train/loss=0.2579  train/pred_loss=0.07443  train/sigreg_loss=2.039  train/emb_std=0.9697  train/emb_norm=13.39  train/pred_vs_static=0.3499  train/grad_norm=0.7687  train/lr=4.999e-05  train/samples_per_sec=299
2026-10-04 10:27:19 [   5940] train/loss=0.2551  train/pred_loss=0.07282  train/sigreg_loss=2.025  train/emb_std=0.9701  train/emb_norm=13.4  train/pred_vs_static=0.3452  train/grad_norm=0.8089  train/lr=4.999e-05  train/samples_per_sec=298.9
2026-10-04 10:27:27 [   5960] train/loss=0.2597  train/pred_loss=0.07532  train/sigreg_loss=2.048  train/emb_std=0.9715  train/emb_norm=13.41  train/pred_vs_static=0.3466  train/grad_norm=0.7941  train/lr=4.999e-05  train/samples_per_sec=299
2026-10-04 10:27:36 [   5980] train/loss=0.2552  train/pred_loss=0.07311  train/sigreg_loss=2.022  train/emb_std=0.9703  train/emb_norm=13.4  train/pred_vs_static=0.336  train/grad_norm=0.7781  train/lr=4.999e-05  train/samples_per_sec=299.1
2026-10-04 10:27:44 [   6000] train/loss=0.2572  train/pred_loss=0.0768  train/sigreg_loss=2.004  train/emb_std=0.9699  train/emb_norm=13.41  train/pred_vs_static=0.3529  train/grad_norm=0.8323  train/lr=4.999e-05  train/samples_per_sec=299.1
2026-10-04 10:27:44 [   6000] train_epoch/loss=0.272  train_epoch/pred_loss=0.07872  train_epoch/sigreg_loss=2.148  train_epoch/emb_std=0.9682  train_epoch/emb_norm=13.37  train_epoch/pred_vs_static=0.3807  train_epoch/grad_norm=0.8652  train_epoch/lr=5e-05  train_epoch/epoch=2
2026-10-04 10:27:57 [   6000] val/loss=0.9079  val/pred_loss=0.0738  val/sigreg_loss=9.264  val/emb_std=0.9453  val/emb_norm=13.76  val/pred_vs_static=0.3226  val/epoch=2
2026-10-04 10:27:57 epoch   2 | val pred_vs_static 0.32263 | best 0.32263 @ epoch 2 | saved epoch_002.pt
2026-10-04 10:28:08 [   6020] train/loss=0.2586  train/pred_loss=0.07507  train/sigreg_loss=2.04  train/emb_std=0.9695  train/emb_norm=13.39  train/pred_vs_static=0.3506  train/grad_norm=0.8486  train/lr=4.999e-05  train/samples_per_sec=233.2
2026-10-04 10:28:16 [   6040] train/loss=0.2626  train/pred_loss=0.07732  train/sigreg_loss=2.06  train/emb_std=0.9699  train/emb_norm=13.39  train/pred_vs_static=0.36  train/grad_norm=0.7954  train/lr=4.999e-05  train/samples_per_sec=261.8
2026-10-04 10:28:25 [   6060] train/loss=0.2568  train/pred_loss=0.07481  train/sigreg_loss=2.023  train/emb_std=0.9713  train/emb_norm=13.42  train/pred_vs_static=0.3606  train/grad_norm=0.7978  train/lr=4.999e-05  train/samples_per_sec=272
2026-10-04 10:28:34 [   6080] train/loss=0.258  train/pred_loss=0.07588  train/sigreg_loss=2.022  train/emb_std=0.9689  train/emb_norm=13.38  train/pred_vs_static=0.3561  train/grad_norm=0.804  train/lr=4.999e-05  train/samples_per_sec=276.8
2026-10-04 10:28:42 [   6100] train/loss=0.2589  train/pred_loss=0.07381  train/sigreg_loss=2.056  train/emb_std=0.9711  train/emb_norm=13.41  train/pred_vs_static=0.3548  train/grad_norm=0.7774  train/lr=4.999e-05  train/samples_per_sec=281.2
2026-10-04 10:28:51 [   6120] train/loss=0.2634  train/pred_loss=0.07715  train/sigreg_loss=2.068  train/emb_std=0.9676  train/emb_norm=13.38  train/pred_vs_static=0.3558  train/grad_norm=0.7966  train/lr=4.999e-05  train/samples_per_sec=283.7
2026-10-04 10:29:00 [   6140] train/loss=0.2597  train/pred_loss=0.07629  train/sigreg_loss=2.038  train/emb_std=0.9709  train/emb_norm=13.41  train/pred_vs_static=0.3439  train/grad_norm=0.7796  train/lr=4.999e-05  train/samples_per_sec=285.5
2026-10-04 10:29:08 [   6160] train/loss=0.2575  train/pred_loss=0.07428  train/sigreg_loss=2.037  train/emb_std=0.9703  train/emb_norm=13.41  train/pred_vs_static=0.3442  train/grad_norm=0.8191  train/lr=4.999e-05  train/samples_per_sec=287.4
2026-10-04 10:29:17 [   6180] train/loss=0.2616  train/pred_loss=0.07634  train/sigreg_loss=2.059  train/emb_std=0.9682  train/emb_norm=13.39  train/pred_vs_static=0.3454  train/grad_norm=0.7843  train/lr=4.999e-05  train/samples_per_sec=288.4
2026-10-04 10:29:25 [   6200] train/loss=0.2575  train/pred_loss=0.07454  train/sigreg_loss=2.032  train/emb_std=0.9715  train/emb_norm=13.42  train/pred_vs_static=0.3352  train/grad_norm=0.7545  train/lr=4.998e-05  train/samples_per_sec=289.5
2026-10-04 10:29:34 [   6220] train/loss=0.2584  train/pred_loss=0.07669  train/sigreg_loss=2.019  train/emb_std=0.9689  train/emb_norm=13.38  train/pred_vs_static=0.3437  train/grad_norm=0.7904  train/lr=4.998e-05  train/samples_per_sec=290.1
2026-10-04 10:29:42 [   6240] train/loss=0.255  train/pred_loss=0.07409  train/sigreg_loss=2.01  train/emb_std=0.9721  train/emb_norm=13.43  train/pred_vs_static=0.3489  train/grad_norm=0.7685  train/lr=4.998e-05  train/samples_per_sec=290.7
2026-10-04 10:29:51 [   6260] train/loss=0.2573  train/pred_loss=0.07644  train/sigreg_loss=2.009  train/emb_std=0.9691  train/emb_norm=13.39  train/pred_vs_static=0.3599  train/grad_norm=0.7844  train/lr=4.998e-05  train/samples_per_sec=291.1
2026-10-04 10:30:00 [   6280] train/loss=0.258  train/pred_loss=0.07414  train/sigreg_loss=2.044  train/emb_std=0.9717  train/emb_norm=13.43  train/pred_vs_static=0.3438  train/grad_norm=0.7787  train/lr=4.998e-05  train/samples_per_sec=291.9
2026-10-04 10:30:08 [   6300] train/loss=0.2609  train/pred_loss=0.0776  train/sigreg_loss=2.036  train/emb_std=0.9691  train/emb_norm=13.39  train/pred_vs_static=0.3448  train/grad_norm=0.7573  train/lr=4.998e-05  train/samples_per_sec=292.1
2026-10-04 10:30:17 [   6320] train/loss=0.2521  train/pred_loss=0.07224  train/sigreg_loss=1.998  train/emb_std=0.9697  train/emb_norm=13.39  train/pred_vs_static=0.3402  train/grad_norm=0.742  train/lr=4.998e-05  train/samples_per_sec=292.2
2026-10-04 10:30:26 [   6340] train/loss=0.2581  train/pred_loss=0.07427  train/sigreg_loss=2.042  train/emb_std=0.9684  train/emb_norm=13.37  train/pred_vs_static=0.3386  train/grad_norm=0.7612  train/lr=4.998e-05  train/samples_per_sec=292.4
2026-10-04 10:30:34 [   6360] train/loss=0.2562  train/pred_loss=0.07255  train/sigreg_loss=2.041  train/emb_std=0.9717  train/emb_norm=13.41  train/pred_vs_static=0.3268  train/grad_norm=0.7656  train/lr=4.998e-05  train/samples_per_sec=292.6
2026-10-04 10:30:43 [   6380] train/loss=0.2605  train/pred_loss=0.0762  train/sigreg_loss=2.047  train/emb_std=0.9676  train/emb_norm=13.37  train/pred_vs_static=0.3469  train/grad_norm=0.7836  train/lr=4.998e-05  train/samples_per_sec=293
2026-10-04 10:30:51 [   6400] train/loss=0.2538  train/pred_loss=0.07398  train/sigreg_loss=1.999  train/emb_std=0.9709  train/emb_norm=13.4  train/pred_vs_static=0.338  train/grad_norm=0.7828  train/lr=4.998e-05  train/samples_per_sec=293.3
2026-10-04 10:31:00 [   6420] train/loss=0.2587  train/pred_loss=0.07687  train/sigreg_loss=2.02  train/emb_std=0.9703  train/emb_norm=13.4  train/pred_vs_static=0.3442  train/grad_norm=0.7745  train/lr=4.998e-05  train/samples_per_sec=293.6
2026-10-04 10:31:08 [   6440] train/loss=0.2529  train/pred_loss=0.07441  train/sigreg_loss=1.982  train/emb_std=0.9701  train/emb_norm=13.41  train/pred_vs_static=0.3413  train/grad_norm=0.752  train/lr=4.998e-05  train/samples_per_sec=293.8
2026-10-04 10:31:17 [   6460] train/loss=0.2516  train/pred_loss=0.07142  train/sigreg_loss=2.001  train/emb_std=0.9711  train/emb_norm=13.42  train/pred_vs_static=0.3366  train/grad_norm=0.7479  train/lr=4.998e-05  train/samples_per_sec=293.8
2026-10-04 10:31:26 [   6480] train/loss=0.2488  train/pred_loss=0.07206  train/sigreg_loss=1.963  train/emb_std=0.9697  train/emb_norm=13.41  train/pred_vs_static=0.3441  train/grad_norm=0.7548  train/lr=4.998e-05  train/samples_per_sec=294
2026-10-04 10:31:34 [   6500] train/loss=0.2542  train/pred_loss=0.07591  train/sigreg_loss=1.981  train/emb_std=0.9703  train/emb_norm=13.4  train/pred_vs_static=0.3458  train/grad_norm=0.7695  train/lr=4.998e-05  train/samples_per_sec=294.1
2026-10-04 10:31:43 [   6520] train/loss=0.2584  train/pred_loss=0.07478  train/sigreg_loss=2.04  train/emb_std=0.9703  train/emb_norm=13.4  train/pred_vs_static=0.3413  train/grad_norm=0.7819  train/lr=4.998e-05  train/samples_per_sec=294.2
2026-10-04 10:31:52 [   6540] train/loss=0.2537  train/pred_loss=0.07329  train/sigreg_loss=2.005  train/emb_std=0.9709  train/emb_norm=13.41  train/pred_vs_static=0.3328  train/grad_norm=0.744  train/lr=4.998e-05  train/samples_per_sec=294.3
2026-10-04 10:32:00 [   6560] train/loss=0.256  train/pred_loss=0.07495  train/sigreg_loss=2.011  train/emb_std=0.9709  train/emb_norm=13.41  train/pred_vs_static=0.3331  train/grad_norm=0.7656  train/lr=4.998e-05  train/samples_per_sec=294.5
2026-10-04 10:32:09 [   6580] train/loss=0.2502  train/pred_loss=0.07137  train/sigreg_loss=1.987  train/emb_std=0.9701  train/emb_norm=13.41  train/pred_vs_static=0.3317  train/grad_norm=0.7403  train/lr=4.998e-05  train/samples_per_sec=294.6
2026-10-04 10:32:17 [   6600] train/loss=0.2482  train/pred_loss=0.0704  train/sigreg_loss=1.975  train/emb_std=0.9703  train/emb_norm=13.41  train/pred_vs_static=0.333  train/grad_norm=0.7315  train/lr=4.998e-05  train/samples_per_sec=294.7
2026-10-04 10:32:26 [   6620] train/loss=0.2485  train/pred_loss=0.0728  train/sigreg_loss=1.953  train/emb_std=0.9691  train/emb_norm=13.4  train/pred_vs_static=0.3369  train/grad_norm=0.746  train/lr=4.998e-05  train/samples_per_sec=294.7
2026-10-04 10:32:35 [   6640] train/loss=0.2557  train/pred_loss=0.07347  train/sigreg_loss=2.023  train/emb_std=0.9709  train/emb_norm=13.4  train/pred_vs_static=0.3311  train/grad_norm=0.7768  train/lr=4.998e-05  train/samples_per_sec=294.7
2026-10-04 10:32:43 [   6660] train/loss=0.255  train/pred_loss=0.07554  train/sigreg_loss=1.992  train/emb_std=0.9713  train/emb_norm=13.42  train/pred_vs_static=0.3343  train/grad_norm=0.7848  train/lr=4.998e-05  train/samples_per_sec=294.9
2026-10-04 10:32:52 [   6680] train/loss=0.2535  train/pred_loss=0.0756  train/sigreg_loss=1.977  train/emb_std=0.9693  train/emb_norm=13.4  train/pred_vs_static=0.3378  train/grad_norm=0.7802  train/lr=4.998e-05  train/samples_per_sec=294.9
2026-10-04 10:33:00 [   6700] train/loss=0.2494  train/pred_loss=0.07211  train/sigreg_loss=1.971  train/emb_std=0.9707  train/emb_norm=13.41  train/pred_vs_static=0.3326  train/grad_norm=0.7307  train/lr=4.998e-05  train/samples_per_sec=295
2026-10-04 10:33:09 [   6720] train/loss=0.2494  train/pred_loss=0.07336  train/sigreg_loss=1.955  train/emb_std=0.9727  train/emb_norm=13.44  train/pred_vs_static=0.3334  train/grad_norm=0.7522  train/lr=4.998e-05  train/samples_per_sec=295.2
2026-10-04 10:33:18 [   6740] train/loss=0.2493  train/pred_loss=0.07074  train/sigreg_loss=1.983  train/emb_std=0.9715  train/emb_norm=13.42  train/pred_vs_static=0.3261  train/grad_norm=0.7378  train/lr=4.998e-05  train/samples_per_sec=295.2
2026-10-04 10:33:26 [   6760] train/loss=0.2494  train/pred_loss=0.07221  train/sigreg_loss=1.968  train/emb_std=0.9701  train/emb_norm=13.39  train/pred_vs_static=0.3383  train/grad_norm=0.7737  train/lr=4.998e-05  train/samples_per_sec=295.2
2026-10-04 10:33:35 [   6780] train/loss=0.2529  train/pred_loss=0.07494  train/sigreg_loss=1.977  train/emb_std=0.9717  train/emb_norm=13.42  train/pred_vs_static=0.3406  train/grad_norm=0.7585  train/lr=4.998e-05  train/samples_per_sec=295.1
2026-10-04 10:33:44 [   6800] train/loss=0.2507  train/pred_loss=0.07328  train/sigreg_loss=1.972  train/emb_std=0.9707  train/emb_norm=13.4  train/pred_vs_static=0.3402  train/grad_norm=0.738  train/lr=4.998e-05  train/samples_per_sec=295.2
2026-10-04 10:33:52 [   6820] train/loss=0.2523  train/pred_loss=0.07419  train/sigreg_loss=1.978  train/emb_std=0.9727  train/emb_norm=13.42  train/pred_vs_static=0.3317  train/grad_norm=0.7271  train/lr=4.997e-05  train/samples_per_sec=295.2
2026-10-04 10:34:01 [   6840] train/loss=0.2542  train/pred_loss=0.07474  train/sigreg_loss=1.994  train/emb_std=0.9723  train/emb_norm=13.42  train/pred_vs_static=0.3309  train/grad_norm=0.7297  train/lr=4.997e-05  train/samples_per_sec=295.3
2026-10-04 10:34:10 [   6860] train/loss=0.2561  train/pred_loss=0.07441  train/sigreg_loss=2.018  train/emb_std=0.9701  train/emb_norm=13.4  train/pred_vs_static=0.327  train/grad_norm=0.749  train/lr=4.997e-05  train/samples_per_sec=295.3
2026-10-04 10:34:18 [   6880] train/loss=0.2546  train/pred_loss=0.07525  train/sigreg_loss=1.993  train/emb_std=0.9701  train/emb_norm=13.4  train/pred_vs_static=0.329  train/grad_norm=0.7531  train/lr=4.997e-05  train/samples_per_sec=295.5
2026-10-04 10:34:27 [   6900] train/loss=0.2517  train/pred_loss=0.07423  train/sigreg_loss=1.972  train/emb_std=0.9715  train/emb_norm=13.42  train/pred_vs_static=0.3314  train/grad_norm=0.7437  train/lr=4.997e-05  train/samples_per_sec=295.6
2026-10-04 10:34:35 [   6920] train/loss=0.2494  train/pred_loss=0.07217  train/sigreg_loss=1.969  train/emb_std=0.9709  train/emb_norm=13.42  train/pred_vs_static=0.3184  train/grad_norm=0.7456  train/lr=4.997e-05  train/samples_per_sec=295.6
2026-10-04 10:34:44 [   6940] train/loss=0.2494  train/pred_loss=0.07325  train/sigreg_loss=1.958  train/emb_std=0.9721  train/emb_norm=13.43  train/pred_vs_static=0.34  train/grad_norm=0.7329  train/lr=4.997e-05  train/samples_per_sec=295.7
2026-10-04 10:34:52 [   6960] train/loss=0.2496  train/pred_loss=0.07231  train/sigreg_loss=1.968  train/emb_std=0.9709  train/emb_norm=13.41  train/pred_vs_static=0.3245  train/grad_norm=0.7308  train/lr=4.997e-05  train/samples_per_sec=295.8
2026-10-04 10:35:01 [   6980] train/loss=0.2526  train/pred_loss=0.07428  train/sigreg_loss=1.981  train/emb_std=0.9699  train/emb_norm=13.4  train/pred_vs_static=0.3277  train/grad_norm=0.7459  train/lr=4.997e-05  train/samples_per_sec=295.9
2026-10-04 10:35:09 [   7000] train/loss=0.252  train/pred_loss=0.07375  train/sigreg_loss=1.981  train/emb_std=0.9723  train/emb_norm=13.43  train/pred_vs_static=0.3256  train/grad_norm=0.8133  train/lr=4.997e-05  train/samples_per_sec=296
2026-10-04 10:35:18 [   7020] train/loss=0.2492  train/pred_loss=0.07271  train/sigreg_loss=1.963  train/emb_std=0.9721  train/emb_norm=13.43  train/pred_vs_static=0.3387  train/grad_norm=0.7256  train/lr=4.997e-05  train/samples_per_sec=296
2026-10-04 10:35:26 [   7040] train/loss=0.2526  train/pred_loss=0.0738  train/sigreg_loss=1.986  train/emb_std=0.9697  train/emb_norm=13.4  train/pred_vs_static=0.3358  train/grad_norm=0.7567  train/lr=4.997e-05  train/samples_per_sec=296.1
2026-10-04 10:35:35 [   7060] train/loss=0.253  train/pred_loss=0.07376  train/sigreg_loss=1.992  train/emb_std=0.9686  train/emb_norm=13.39  train/pred_vs_static=0.3246  train/grad_norm=0.7694  train/lr=4.997e-05  train/samples_per_sec=296.1
2026-10-04 10:35:44 [   7080] train/loss=0.2498  train/pred_loss=0.07327  train/sigreg_loss=1.961  train/emb_std=0.9717  train/emb_norm=13.41  train/pred_vs_static=0.3306  train/grad_norm=0.7453  train/lr=4.997e-05  train/samples_per_sec=296.1
2026-10-04 10:35:52 [   7100] train/loss=0.249  train/pred_loss=0.07393  train/sigreg_loss=1.945  train/emb_std=0.9723  train/emb_norm=13.43  train/pred_vs_static=0.3359  train/grad_norm=0.7438  train/lr=4.997e-05  train/samples_per_sec=296.1
2026-10-04 10:36:01 [   7120] train/loss=0.2544  train/pred_loss=0.07704  train/sigreg_loss=1.97  train/emb_std=0.9713  train/emb_norm=13.42  train/pred_vs_static=0.3377  train/grad_norm=0.7138  train/lr=4.997e-05  train/samples_per_sec=296.1
2026-10-04 10:36:10 [   7140] train/loss=0.247  train/pred_loss=0.07241  train/sigreg_loss=1.939  train/emb_std=0.9709  train/emb_norm=13.4  train/pred_vs_static=0.323  train/grad_norm=0.7298  train/lr=4.997e-05  train/samples_per_sec=296.1
2026-10-04 10:36:18 [   7160] train/loss=0.2494  train/pred_loss=0.07297  train/sigreg_loss=1.959  train/emb_std=0.9715  train/emb_norm=13.42  train/pred_vs_static=0.3259  train/grad_norm=0.7297  train/lr=4.997e-05  train/samples_per_sec=296
2026-10-04 10:36:27 [   7180] train/loss=0.2491  train/pred_loss=0.07236  train/sigreg_loss=1.964  train/emb_std=0.9713  train/emb_norm=13.41  train/pred_vs_static=0.3204  train/grad_norm=0.7377  train/lr=4.997e-05  train/samples_per_sec=296.1
2026-10-04 10:36:36 [   7200] train/loss=0.2486  train/pred_loss=0.07295  train/sigreg_loss=1.952  train/emb_std=0.974  train/emb_norm=13.45  train/pred_vs_static=0.3373  train/grad_norm=0.7283  train/lr=4.997e-05  train/samples_per_sec=296.1
2026-10-04 10:36:44 [   7220] train/loss=0.2475  train/pred_loss=0.07276  train/sigreg_loss=1.941  train/emb_std=0.9711  train/emb_norm=13.42  train/pred_vs_static=0.3273  train/grad_norm=0.7355  train/lr=4.997e-05  train/samples_per_sec=296.1
2026-10-04 10:36:53 [   7240] train/loss=0.2532  train/pred_loss=0.07298  train/sigreg_loss=2.003  train/emb_std=0.9686  train/emb_norm=13.39  train/pred_vs_static=0.3222  train/grad_norm=0.7268  train/lr=4.997e-05  train/samples_per_sec=296.1
2026-10-04 10:37:01 [   7260] train/loss=0.2497  train/pred_loss=0.07477  train/sigreg_loss=1.944  train/emb_std=0.9717  train/emb_norm=13.43  train/pred_vs_static=0.3298  train/grad_norm=0.7269  train/lr=4.997e-05  train/samples_per_sec=296.2
2026-10-04 10:37:10 [   7280] train/loss=0.2467  train/pred_loss=0.07286  train/sigreg_loss=1.932  train/emb_std=0.9707  train/emb_norm=13.41  train/pred_vs_static=0.3284  train/grad_norm=0.7272  train/lr=4.997e-05  train/samples_per_sec=296.2
2026-10-04 10:37:19 [   7300] train/loss=0.2499  train/pred_loss=0.07604  train/sigreg_loss=1.933  train/emb_std=0.9732  train/emb_norm=13.45  train/pred_vs_static=0.3325  train/grad_norm=0.7354  train/lr=4.997e-05  train/samples_per_sec=296.2
2026-10-04 10:37:27 [   7320] train/loss=0.2498  train/pred_loss=0.0738  train/sigreg_loss=1.956  train/emb_std=0.968  train/emb_norm=13.38  train/pred_vs_static=0.3291  train/grad_norm=0.7177  train/lr=4.997e-05  train/samples_per_sec=296.2
2026-10-04 10:37:36 [   7340] train/loss=0.2469  train/pred_loss=0.0706  train/sigreg_loss=1.96  train/emb_std=0.9715  train/emb_norm=13.42  train/pred_vs_static=0.3253  train/grad_norm=0.7151  train/lr=4.996e-05  train/samples_per_sec=296.2
2026-10-04 10:37:45 [   7360] train/loss=0.247  train/pred_loss=0.07171  train/sigreg_loss=1.948  train/emb_std=0.9703  train/emb_norm=13.4  train/pred_vs_static=0.3209  train/grad_norm=0.7551  train/lr=4.996e-05  train/samples_per_sec=296.1
2026-10-04 10:37:53 [   7380] train/loss=0.2503  train/pred_loss=0.07448  train/sigreg_loss=1.952  train/emb_std=0.9719  train/emb_norm=13.42  train/pred_vs_static=0.3247  train/grad_norm=0.7208  train/lr=4.996e-05  train/samples_per_sec=296.2
2026-10-04 10:38:02 [   7400] train/loss=0.2479  train/pred_loss=0.07211  train/sigreg_loss=1.953  train/emb_std=0.9721  train/emb_norm=13.43  train/pred_vs_static=0.3178  train/grad_norm=0.7211  train/lr=4.996e-05  train/samples_per_sec=296.2
2026-10-04 10:38:10 [   7420] train/loss=0.2489  train/pred_loss=0.07396  train/sigreg_loss=1.942  train/emb_std=0.9709  train/emb_norm=13.42  train/pred_vs_static=0.3261  train/grad_norm=0.7159  train/lr=4.996e-05  train/samples_per_sec=296.2
2026-10-04 10:38:19 [   7440] train/loss=0.2481  train/pred_loss=0.07363  train/sigreg_loss=1.938  train/emb_std=0.9699  train/emb_norm=13.4  train/pred_vs_static=0.3239  train/grad_norm=0.7331  train/lr=4.996e-05  train/samples_per_sec=296.3
2026-10-04 10:38:28 [   7460] train/loss=0.2487  train/pred_loss=0.07353  train/sigreg_loss=1.946  train/emb_std=0.9711  train/emb_norm=13.41  train/pred_vs_static=0.3254  train/grad_norm=0.7458  train/lr=4.996e-05  train/samples_per_sec=296.2
2026-10-04 10:38:36 [   7480] train/loss=0.2441  train/pred_loss=0.07016  train/sigreg_loss=1.933  train/emb_std=0.9711  train/emb_norm=13.42  train/pred_vs_static=0.3082  train/grad_norm=0.7209  train/lr=4.996e-05  train/samples_per_sec=296.2
2026-10-04 10:38:45 [   7500] train/loss=0.2463  train/pred_loss=0.07284  train/sigreg_loss=1.927  train/emb_std=0.9729  train/emb_norm=13.43  train/pred_vs_static=0.3211  train/grad_norm=0.7274  train/lr=4.996e-05  train/samples_per_sec=296.3
2026-10-04 10:38:53 [   7520] train/loss=0.2527  train/pred_loss=0.07531  train/sigreg_loss=1.971  train/emb_std=0.9736  train/emb_norm=13.45  train/pred_vs_static=0.3373  train/grad_norm=0.741  train/lr=4.996e-05  train/samples_per_sec=296.3
2026-10-04 10:39:02 [   7540] train/loss=0.2497  train/pred_loss=0.07399  train/sigreg_loss=1.952  train/emb_std=0.9707  train/emb_norm=13.4  train/pred_vs_static=0.3192  train/grad_norm=0.7098  train/lr=4.996e-05  train/samples_per_sec=296.4
2026-10-04 10:39:10 [   7560] train/loss=0.2458  train/pred_loss=0.07354  train/sigreg_loss=1.913  train/emb_std=0.9732  train/emb_norm=13.44  train/pred_vs_static=0.3189  train/grad_norm=0.7026  train/lr=4.996e-05  train/samples_per_sec=296.4
2026-10-04 10:39:19 [   7580] train/loss=0.2504  train/pred_loss=0.07386  train/sigreg_loss=1.961  train/emb_std=0.9715  train/emb_norm=13.41  train/pred_vs_static=0.3212  train/grad_norm=0.7611  train/lr=4.996e-05  train/samples_per_sec=296.5
2026-10-04 10:39:28 [   7600] train/loss=0.2439  train/pred_loss=0.07089  train/sigreg_loss=1.921  train/emb_std=0.9711  train/emb_norm=13.42  train/pred_vs_static=0.3178  train/grad_norm=0.6936  train/lr=4.996e-05  train/samples_per_sec=296.5
2026-10-04 10:39:36 [   7620] train/loss=0.2457  train/pred_loss=0.0736  train/sigreg_loss=1.912  train/emb_std=0.9717  train/emb_norm=13.42  train/pred_vs_static=0.3218  train/grad_norm=0.7344  train/lr=4.996e-05  train/samples_per_sec=296.5
2026-10-04 10:39:45 [   7640] train/loss=0.2458  train/pred_loss=0.07138  train/sigreg_loss=1.938  train/emb_std=0.9721  train/emb_norm=13.42  train/pred_vs_static=0.3194  train/grad_norm=0.7301  train/lr=4.996e-05  train/samples_per_sec=296.5
2026-10-04 10:39:53 [   7660] train/loss=0.253  train/pred_loss=0.07542  train/sigreg_loss=1.973  train/emb_std=0.9703  train/emb_norm=13.4  train/pred_vs_static=0.3202  train/grad_norm=0.7264  train/lr=4.996e-05  train/samples_per_sec=296.5
2026-10-04 10:40:02 [   7680] train/loss=0.246  train/pred_loss=0.07223  train/sigreg_loss=1.931  train/emb_std=0.9719  train/emb_norm=13.42  train/pred_vs_static=0.3239  train/grad_norm=0.6979  train/lr=4.996e-05  train/samples_per_sec=296.6
2026-10-04 10:40:10 [   7700] train/loss=0.2483  train/pred_loss=0.07706  train/sigreg_loss=1.902  train/emb_std=0.973  train/emb_norm=13.43  train/pred_vs_static=0.3302  train/grad_norm=0.7141  train/lr=4.996e-05  train/samples_per_sec=296.7
2026-10-04 10:40:19 [   7720] train/loss=0.2453  train/pred_loss=0.0701  train/sigreg_loss=1.948  train/emb_std=0.9729  train/emb_norm=13.43  train/pred_vs_static=0.308  train/grad_norm=0.6984  train/lr=4.996e-05  train/samples_per_sec=296.7
2026-10-04 10:40:27 [   7740] train/loss=0.2489  train/pred_loss=0.07382  train/sigreg_loss=1.946  train/emb_std=0.9738  train/emb_norm=13.45  train/pred_vs_static=0.3275  train/grad_norm=0.7133  train/lr=4.996e-05  train/samples_per_sec=296.7
2026-10-04 10:40:36 [   7760] train/loss=0.2476  train/pred_loss=0.07342  train/sigreg_loss=1.935  train/emb_std=0.9725  train/emb_norm=13.43  train/pred_vs_static=0.3205  train/grad_norm=0.7321  train/lr=4.996e-05  train/samples_per_sec=296.8
2026-10-04 10:40:44 [   7780] train/loss=0.2466  train/pred_loss=0.07429  train/sigreg_loss=1.915  train/emb_std=0.9721  train/emb_norm=13.42  train/pred_vs_static=0.3231  train/grad_norm=0.7038  train/lr=4.995e-05  train/samples_per_sec=296.8
2026-10-04 10:40:53 [   7800] train/loss=0.2482  train/pred_loss=0.07325  train/sigreg_loss=1.943  train/emb_std=0.9693  train/emb_norm=13.39  train/pred_vs_static=0.3218  train/grad_norm=0.7281  train/lr=4.995e-05  train/samples_per_sec=296.9
2026-10-04 10:41:01 [   7820] train/loss=0.2451  train/pred_loss=0.0738  train/sigreg_loss=1.903  train/emb_std=0.9734  train/emb_norm=13.44  train/pred_vs_static=0.3174  train/grad_norm=0.7117  train/lr=4.995e-05  train/samples_per_sec=296.9
2026-10-04 10:41:10 [   7840] train/loss=0.2476  train/pred_loss=0.0732  train/sigreg_loss=1.937  train/emb_std=0.974  train/emb_norm=13.44  train/pred_vs_static=0.3204  train/grad_norm=0.7139  train/lr=4.995e-05  train/samples_per_sec=296.9
2026-10-04 10:41:19 [   7860] train/loss=0.2441  train/pred_loss=0.07224  train/sigreg_loss=1.909  train/emb_std=0.9729  train/emb_norm=13.44  train/pred_vs_static=0.3119  train/grad_norm=0.7061  train/lr=4.995e-05  train/samples_per_sec=296.9
2026-10-04 10:41:27 [   7880] train/loss=0.247  train/pred_loss=0.07333  train/sigreg_loss=1.929  train/emb_std=0.9727  train/emb_norm=13.42  train/pred_vs_static=0.3132  train/grad_norm=0.7109  train/lr=4.995e-05  train/samples_per_sec=296.9
2026-10-04 10:41:36 [   7900] train/loss=0.2451  train/pred_loss=0.07271  train/sigreg_loss=1.914  train/emb_std=0.9727  train/emb_norm=13.43  train/pred_vs_static=0.3214  train/grad_norm=0.7009  train/lr=4.995e-05  train/samples_per_sec=296.9
2026-10-04 10:41:44 [   7920] train/loss=0.2466  train/pred_loss=0.07283  train/sigreg_loss=1.93  train/emb_std=0.973  train/emb_norm=13.42  train/pred_vs_static=0.3151  train/grad_norm=0.6996  train/lr=4.995e-05  train/samples_per_sec=297
2026-10-04 10:41:53 [   7940] train/loss=0.2481  train/pred_loss=0.0713  train/sigreg_loss=1.964  train/emb_std=0.973  train/emb_norm=13.42  train/pred_vs_static=0.3153  train/grad_norm=0.7124  train/lr=4.995e-05  train/samples_per_sec=297
2026-10-04 10:42:01 [   7960] train/loss=0.243  train/pred_loss=0.07225  train/sigreg_loss=1.897  train/emb_std=0.9719  train/emb_norm=13.42  train/pred_vs_static=0.3152  train/grad_norm=0.7073  train/lr=4.995e-05  train/samples_per_sec=297
2026-10-04 10:42:10 [   7980] train/loss=0.2405  train/pred_loss=0.07003  train/sigreg_loss=1.895  train/emb_std=0.9711  train/emb_norm=13.42  train/pred_vs_static=0.3091  train/grad_norm=0.7218  train/lr=4.995e-05  train/samples_per_sec=297.1
2026-10-04 10:42:18 [   8000] train/loss=0.2466  train/pred_loss=0.07305  train/sigreg_loss=1.928  train/emb_std=0.9709  train/emb_norm=13.4  train/pred_vs_static=0.3191  train/grad_norm=0.715  train/lr=4.995e-05  train/samples_per_sec=297.2
2026-10-04 10:42:18 [   8000] train_epoch/loss=0.2513  train_epoch/pred_loss=0.0737  train_epoch/sigreg_loss=1.973  train_epoch/emb_std=0.9711  train_epoch/emb_norm=13.41  train_epoch/pred_vs_static=0.3312  train_epoch/grad_norm=0.7447  train_epoch/lr=4.997e-05  train_epoch/epoch=3
2026-10-04 10:42:31 [   8000] val/loss=0.8764  val/pred_loss=0.07328  val/sigreg_loss=8.918  val/emb_std=0.9525  val/emb_norm=13.84  val/pred_vs_static=0.2987  val/epoch=3
2026-10-04 10:42:31 epoch   3 | val pred_vs_static 0.29866 | best 0.29866 @ epoch 3 | saved epoch_003.pt
2026-10-04 10:42:42 [   8020] train/loss=0.2426  train/pred_loss=0.07101  train/sigreg_loss=1.907  train/emb_std=0.9717  train/emb_norm=13.42  train/pred_vs_static=0.3117  train/grad_norm=0.7164  train/lr=4.995e-05  train/samples_per_sec=241.1
2026-10-04 10:42:50 [   8040] train/loss=0.2424  train/pred_loss=0.07044  train/sigreg_loss=1.911  train/emb_std=0.9729  train/emb_norm=13.44  train/pred_vs_static=0.3102  train/grad_norm=0.7023  train/lr=4.995e-05  train/samples_per_sec=265.2
2026-10-04 10:42:59 [   8060] train/loss=0.2457  train/pred_loss=0.07508  train/sigreg_loss=1.897  train/emb_std=0.9713  train/emb_norm=13.41  train/pred_vs_static=0.3162  train/grad_norm=0.7313  train/lr=4.995e-05  train/samples_per_sec=276.7
2026-10-04 10:43:07 [   8080] train/loss=0.2418  train/pred_loss=0.07146  train/sigreg_loss=1.894  train/emb_std=0.9736  train/emb_norm=13.44  train/pred_vs_static=0.3076  train/grad_norm=0.6756  train/lr=4.995e-05  train/samples_per_sec=282.9
2026-10-04 10:43:15 [   8100] train/loss=0.2446  train/pred_loss=0.07124  train/sigreg_loss=1.926  train/emb_std=0.9721  train/emb_norm=13.42  train/pred_vs_static=0.3194  train/grad_norm=0.7006  train/lr=4.995e-05  train/samples_per_sec=287.4
2026-10-04 10:43:24 [   8120] train/loss=0.2436  train/pred_loss=0.07195  train/sigreg_loss=1.907  train/emb_std=0.9734  train/emb_norm=13.43  train/pred_vs_static=0.3099  train/grad_norm=0.6953  train/lr=4.995e-05  train/samples_per_sec=289.9
2026-10-04 10:43:32 [   8140] train/loss=0.245  train/pred_loss=0.07283  train/sigreg_loss=1.913  train/emb_std=0.9721  train/emb_norm=13.43  train/pred_vs_static=0.3153  train/grad_norm=0.6936  train/lr=4.995e-05  train/samples_per_sec=292.1
2026-10-04 10:43:41 [   8160] train/loss=0.245  train/pred_loss=0.07198  train/sigreg_loss=1.922  train/emb_std=0.9734  train/emb_norm=13.45  train/pred_vs_static=0.3059  train/grad_norm=0.6906  train/lr=4.995e-05  train/samples_per_sec=293.6
2026-10-04 10:43:49 [   8180] train/loss=0.2386  train/pred_loss=0.06896  train/sigreg_loss=1.885  train/emb_std=0.9711  train/emb_norm=13.41  train/pred_vs_static=0.3059  train/grad_norm=0.6768  train/lr=4.994e-05  train/samples_per_sec=294.7
2026-10-04 10:43:58 [   8200] train/loss=0.2465  train/pred_loss=0.07494  train/sigreg_loss=1.906  train/emb_std=0.9711  train/emb_norm=13.42  train/pred_vs_static=0.3188  train/grad_norm=0.6983  train/lr=4.994e-05  train/samples_per_sec=295
2026-10-04 10:44:06 [   8220] train/loss=0.2426  train/pred_loss=0.07269  train/sigreg_loss=1.887  train/emb_std=0.9697  train/emb_norm=13.39  train/pred_vs_static=0.3098  train/grad_norm=0.7013  train/lr=4.994e-05  train/samples_per_sec=295.9
2026-10-04 10:44:15 [   8240] train/loss=0.2448  train/pred_loss=0.07263  train/sigreg_loss=1.913  train/emb_std=0.9713  train/emb_norm=13.41  train/pred_vs_static=0.319  train/grad_norm=0.7161  train/lr=4.994e-05  train/samples_per_sec=295.6
2026-10-04 10:44:23 [   8260] train/loss=0.2457  train/pred_loss=0.07144  train/sigreg_loss=1.936  train/emb_std=0.9738  train/emb_norm=13.45  train/pred_vs_static=0.3152  train/grad_norm=0.6902  train/lr=4.994e-05  train/samples_per_sec=296.1
2026-10-04 10:44:32 [   8280] train/loss=0.2475  train/pred_loss=0.07341  train/sigreg_loss=1.934  train/emb_std=0.9707  train/emb_norm=13.41  train/pred_vs_static=0.3204  train/grad_norm=0.7165  train/lr=4.994e-05  train/samples_per_sec=296.3
2026-10-04 10:44:40 [   8300] train/loss=0.2426  train/pred_loss=0.07316  train/sigreg_loss=1.88  train/emb_std=0.9709  train/emb_norm=13.42  train/pred_vs_static=0.314  train/grad_norm=0.7394  train/lr=4.994e-05  train/samples_per_sec=296.5
2026-10-04 10:44:49 [   8320] train/loss=0.2389  train/pred_loss=0.07178  train/sigreg_loss=1.857  train/emb_std=0.9715  train/emb_norm=13.42  train/pred_vs_static=0.3125  train/grad_norm=0.6893  train/lr=4.994e-05  train/samples_per_sec=296.7
2026-10-04 10:44:57 [   8340] train/loss=0.2446  train/pred_loss=0.07269  train/sigreg_loss=1.91  train/emb_std=0.9721  train/emb_norm=13.42  train/pred_vs_static=0.3157  train/grad_norm=0.7091  train/lr=4.994e-05  train/samples_per_sec=297.2
2026-10-04 10:45:06 [   8360] train/loss=0.2406  train/pred_loss=0.07097  train/sigreg_loss=1.885  train/emb_std=0.9729  train/emb_norm=13.44  train/pred_vs_static=0.3199  train/grad_norm=0.6819  train/lr=4.994e-05  train/samples_per_sec=297
2026-10-04 10:45:14 [   8380] train/loss=0.2424  train/pred_loss=0.07137  train/sigreg_loss=1.901  train/emb_std=0.9721  train/emb_norm=13.42  train/pred_vs_static=0.3081  train/grad_norm=0.6796  train/lr=4.994e-05  train/samples_per_sec=297.3
2026-10-04 10:45:23 [   8400] train/loss=0.2464  train/pred_loss=0.07265  train/sigreg_loss=1.93  train/emb_std=0.9742  train/emb_norm=13.44  train/pred_vs_static=0.3057  train/grad_norm=0.6867  train/lr=4.994e-05  train/samples_per_sec=297.3
2026-10-04 10:45:32 [   8420] train/loss=0.2445  train/pred_loss=0.07105  train/sigreg_loss=1.927  train/emb_std=0.9703  train/emb_norm=13.4  train/pred_vs_static=0.3035  train/grad_norm=0.707  train/lr=4.994e-05  train/samples_per_sec=297.5
2026-10-04 10:45:40 [   8440] train/loss=0.2378  train/pred_loss=0.07099  train/sigreg_loss=1.853  train/emb_std=0.973  train/emb_norm=13.44  train/pred_vs_static=0.2998  train/grad_norm=0.6766  train/lr=4.994e-05  train/samples_per_sec=297.7
2026-10-04 10:45:49 [   8460] train/loss=0.2407  train/pred_loss=0.0705  train/sigreg_loss=1.891  train/emb_std=0.9715  train/emb_norm=13.42  train/pred_vs_static=0.3107  train/grad_norm=0.6788  train/lr=4.994e-05  train/samples_per_sec=297.9
2026-10-04 10:45:57 [   8480] train/loss=0.2433  train/pred_loss=0.07306  train/sigreg_loss=1.891  train/emb_std=0.9732  train/emb_norm=13.44  train/pred_vs_static=0.3097  train/grad_norm=0.7033  train/lr=4.994e-05  train/samples_per_sec=298
2026-10-04 10:46:06 [   8500] train/loss=0.2436  train/pred_loss=0.07146  train/sigreg_loss=1.912  train/emb_std=0.9727  train/emb_norm=13.43  train/pred_vs_static=0.3036  train/grad_norm=0.7045  train/lr=4.994e-05  train/samples_per_sec=297.9
2026-10-04 10:46:14 [   8520] train/loss=0.2416  train/pred_loss=0.07215  train/sigreg_loss=1.883  train/emb_std=0.9725  train/emb_norm=13.43  train/pred_vs_static=0.3146  train/grad_norm=0.6899  train/lr=4.994e-05  train/samples_per_sec=298
2026-10-04 10:46:23 [   8540] train/loss=0.2419  train/pred_loss=0.072  train/sigreg_loss=1.888  train/emb_std=0.9721  train/emb_norm=13.42  train/pred_vs_static=0.3104  train/grad_norm=0.7025  train/lr=4.993e-05  train/samples_per_sec=297.9
2026-10-04 10:46:31 [   8560] train/loss=0.2386  train/pred_loss=0.06931  train/sigreg_loss=1.88  train/emb_std=0.9727  train/emb_norm=13.44  train/pred_vs_static=0.3078  train/grad_norm=0.6988  train/lr=4.993e-05  train/samples_per_sec=298
2026-10-04 10:46:40 [   8580] train/loss=0.245  train/pred_loss=0.071  train/sigreg_loss=1.932  train/emb_std=0.9734  train/emb_norm=13.43  train/pred_vs_static=0.2963  train/grad_norm=0.6968  train/lr=4.993e-05  train/samples_per_sec=298
2026-10-04 10:46:49 [   8600] train/loss=0.243  train/pred_loss=0.07318  train/sigreg_loss=1.886  train/emb_std=0.9744  train/emb_norm=13.45  train/pred_vs_static=0.32  train/grad_norm=0.6794  train/lr=4.993e-05  train/samples_per_sec=298.1
2026-10-04 10:46:57 [   8620] train/loss=0.2393  train/pred_loss=0.07112  train/sigreg_loss=1.868  train/emb_std=0.9725  train/emb_norm=13.43  train/pred_vs_static=0.3033  train/grad_norm=0.6605  train/lr=4.993e-05  train/samples_per_sec=298.1
2026-10-04 10:47:06 [   8640] train/loss=0.2389  train/pred_loss=0.06964  train/sigreg_loss=1.881  train/emb_std=0.9732  train/emb_norm=13.44  train/pred_vs_static=0.304  train/grad_norm=0.6948  train/lr=4.993e-05  train/samples_per_sec=298.2
2026-10-04 10:47:14 [   8660] train/loss=0.2376  train/pred_loss=0.07027  train/sigreg_loss=1.859  train/emb_std=0.9725  train/emb_norm=13.43  train/pred_vs_static=0.308  train/grad_norm=0.68  train/lr=4.993e-05  train/samples_per_sec=298.3
2026-10-04 10:47:23 [   8680] train/loss=0.2409  train/pred_loss=0.07301  train/sigreg_loss=1.865  train/emb_std=0.9723  train/emb_norm=13.43  train/pred_vs_static=0.3174  train/grad_norm=0.6765  train/lr=4.993e-05  train/samples_per_sec=298.4
2026-10-04 10:47:31 [   8700] train/loss=0.2408  train/pred_loss=0.06991  train/sigreg_loss=1.897  train/emb_std=0.9719  train/emb_norm=13.43  train/pred_vs_static=0.3139  train/grad_norm=0.684  train/lr=4.993e-05  train/samples_per_sec=298.4
2026-10-04 10:47:40 [   8720] train/loss=0.2467  train/pred_loss=0.07417  train/sigreg_loss=1.918  train/emb_std=0.9717  train/emb_norm=13.4  train/pred_vs_static=0.3088  train/grad_norm=0.7386  train/lr=4.993e-05  train/samples_per_sec=298.5
2026-10-04 10:47:48 [   8740] train/loss=0.2443  train/pred_loss=0.07266  train/sigreg_loss=1.909  train/emb_std=0.974  train/emb_norm=13.44  train/pred_vs_static=0.3105  train/grad_norm=0.7096  train/lr=4.993e-05  train/samples_per_sec=298.4
2026-10-04 10:47:57 [   8760] train/loss=0.2394  train/pred_loss=0.06991  train/sigreg_loss=1.883  train/emb_std=0.9732  train/emb_norm=13.43  train/pred_vs_static=0.3045  train/grad_norm=0.7036  train/lr=4.993e-05  train/samples_per_sec=298.4
2026-10-04 10:48:05 [   8780] train/loss=0.2436  train/pred_loss=0.07259  train/sigreg_loss=1.9  train/emb_std=0.9721  train/emb_norm=13.41  train/pred_vs_static=0.3176  train/grad_norm=0.7196  train/lr=4.993e-05  train/samples_per_sec=298.6
2026-10-04 10:48:14 [   8800] train/loss=0.2423  train/pred_loss=0.07312  train/sigreg_loss=1.879  train/emb_std=0.9729  train/emb_norm=13.42  train/pred_vs_static=0.3036  train/grad_norm=0.6871  train/lr=4.993e-05  train/samples_per_sec=298.8
2026-10-04 10:48:22 [   8820] train/loss=0.2439  train/pred_loss=0.07398  train/sigreg_loss=1.888  train/emb_std=0.9727  train/emb_norm=13.41  train/pred_vs_static=0.3123  train/grad_norm=0.7181  train/lr=4.993e-05  train/samples_per_sec=298.8
2026-10-04 10:48:31 [   8840] train/loss=0.2401  train/pred_loss=0.07262  train/sigreg_loss=1.861  train/emb_std=0.9746  train/emb_norm=13.45  train/pred_vs_static=0.304  train/grad_norm=0.6987  train/lr=4.993e-05  train/samples_per_sec=298.9
2026-10-04 10:48:39 [   8860] train/loss=0.2437  train/pred_loss=0.07205  train/sigreg_loss=1.907  train/emb_std=0.9727  train/emb_norm=13.42  train/pred_vs_static=0.3092  train/grad_norm=0.6991  train/lr=4.993e-05  train/samples_per_sec=298.9
2026-10-04 10:48:48 [   8880] train/loss=0.2414  train/pred_loss=0.07275  train/sigreg_loss=1.873  train/emb_std=0.9738  train/emb_norm=13.44  train/pred_vs_static=0.3076  train/grad_norm=0.7068  train/lr=4.992e-05  train/samples_per_sec=299.1
2026-10-04 10:48:56 [   8900] train/loss=0.2405  train/pred_loss=0.07248  train/sigreg_loss=1.868  train/emb_std=0.9729  train/emb_norm=13.44  train/pred_vs_static=0.2997  train/grad_norm=0.6562  train/lr=4.992e-05  train/samples_per_sec=299.1
2026-10-04 10:49:04 [   8920] train/loss=0.2388  train/pred_loss=0.07035  train/sigreg_loss=1.871  train/emb_std=0.9725  train/emb_norm=13.43  train/pred_vs_static=0.3024  train/grad_norm=0.6806  train/lr=4.992e-05  train/samples_per_sec=299.2
2026-10-04 10:49:13 [   8940] train/loss=0.2403  train/pred_loss=0.07175  train/sigreg_loss=1.872  train/emb_std=0.9725  train/emb_norm=13.42  train/pred_vs_static=0.3128  train/grad_norm=0.7049  train/lr=4.992e-05  train/samples_per_sec=299.1
2026-10-04 10:49:22 [   8960] train/loss=0.2423  train/pred_loss=0.07353  train/sigreg_loss=1.876  train/emb_std=0.9729  train/emb_norm=13.43  train/pred_vs_static=0.3017  train/grad_norm=0.6794  train/lr=4.992e-05  train/samples_per_sec=299.1
2026-10-04 10:49:30 [   8980] train/loss=0.2388  train/pred_loss=0.07232  train/sigreg_loss=1.849  train/emb_std=0.9746  train/emb_norm=13.45  train/pred_vs_static=0.3094  train/grad_norm=0.6637  train/lr=4.992e-05  train/samples_per_sec=299.1
2026-10-04 10:49:39 [   9000] train/loss=0.2375  train/pred_loss=0.07033  train/sigreg_loss=1.857  train/emb_std=0.9715  train/emb_norm=13.42  train/pred_vs_static=0.3053  train/grad_norm=0.6863  train/lr=4.992e-05  train/samples_per_sec=299.1
2026-10-04 10:49:47 [   9020] train/loss=0.2372  train/pred_loss=0.07079  train/sigreg_loss=1.849  train/emb_std=0.9729  train/emb_norm=13.45  train/pred_vs_static=0.3094  train/grad_norm=0.6958  train/lr=4.992e-05  train/samples_per_sec=299.1
2026-10-04 10:49:56 [   9040] train/loss=0.2406  train/pred_loss=0.07125  train/sigreg_loss=1.882  train/emb_std=0.9734  train/emb_norm=13.44  train/pred_vs_static=0.3057  train/grad_norm=0.6847  train/lr=4.992e-05  train/samples_per_sec=299.3
2026-10-04 10:50:04 [   9060] train/loss=0.2374  train/pred_loss=0.06862  train/sigreg_loss=1.875  train/emb_std=0.973  train/emb_norm=13.44  train/pred_vs_static=0.3029  train/grad_norm=0.6789  train/lr=4.992e-05  train/samples_per_sec=299.3
2026-10-04 10:50:13 [   9080] train/loss=0.241  train/pred_loss=0.07097  train/sigreg_loss=1.889  train/emb_std=0.9713  train/emb_norm=13.41  train/pred_vs_static=0.3047  train/grad_norm=0.6892  train/lr=4.992e-05  train/samples_per_sec=299.3
2026-10-04 10:50:21 [   9100] train/loss=0.2363  train/pred_loss=0.06973  train/sigreg_loss=1.852  train/emb_std=0.974  train/emb_norm=13.44  train/pred_vs_static=0.3038  train/grad_norm=0.6918  train/lr=4.992e-05  train/samples_per_sec=299.3
2026-10-04 10:50:30 [   9120] train/loss=0.2345  train/pred_loss=0.07173  train/sigreg_loss=1.808  train/emb_std=0.9723  train/emb_norm=13.43  train/pred_vs_static=0.3011  train/grad_norm=0.6765  train/lr=4.992e-05  train/samples_per_sec=299.2
2026-10-04 10:50:39 [   9140] train/loss=0.2366  train/pred_loss=0.06982  train/sigreg_loss=1.853  train/emb_std=0.9721  train/emb_norm=13.43  train/pred_vs_static=0.2976  train/grad_norm=0.6874  train/lr=4.992e-05  train/samples_per_sec=299.2
2026-10-04 10:50:47 [   9160] train/loss=0.2371  train/pred_loss=0.06918  train/sigreg_loss=1.866  train/emb_std=0.9736  train/emb_norm=13.43  train/pred_vs_static=0.2982  train/grad_norm=0.6887  train/lr=4.992e-05  train/samples_per_sec=299.3
2026-10-04 10:50:56 [   9180] train/loss=0.2348  train/pred_loss=0.0702  train/sigreg_loss=1.828  train/emb_std=0.973  train/emb_norm=13.44  train/pred_vs_static=0.3037  train/grad_norm=0.6656  train/lr=4.992e-05  train/samples_per_sec=299.3
2026-10-04 10:51:04 [   9200] train/loss=0.2407  train/pred_loss=0.07387  train/sigreg_loss=1.853  train/emb_std=0.9725  train/emb_norm=13.42  train/pred_vs_static=0.3061  train/grad_norm=0.7107  train/lr=4.991e-05  train/samples_per_sec=299.4
2026-10-04 10:51:13 [   9220] train/loss=0.2362  train/pred_loss=0.06987  train/sigreg_loss=1.847  train/emb_std=0.974  train/emb_norm=13.44  train/pred_vs_static=0.3027  train/grad_norm=0.6839  train/lr=4.991e-05  train/samples_per_sec=299.4
2026-10-04 10:51:21 [   9240] train/loss=0.2364  train/pred_loss=0.07092  train/sigreg_loss=1.838  train/emb_std=0.9734  train/emb_norm=13.45  train/pred_vs_static=0.3018  train/grad_norm=0.6459  train/lr=4.991e-05  train/samples_per_sec=299.4
2026-10-04 10:51:30 [   9260] train/loss=0.2338  train/pred_loss=0.06967  train/sigreg_loss=1.823  train/emb_std=0.9744  train/emb_norm=13.45  train/pred_vs_static=0.2966  train/grad_norm=0.6604  train/lr=4.991e-05  train/samples_per_sec=299.4
2026-10-04 10:51:38 [   9280] train/loss=0.2365  train/pred_loss=0.06873  train/sigreg_loss=1.864  train/emb_std=0.974  train/emb_norm=13.44  train/pred_vs_static=0.3009  train/grad_norm=0.6605  train/lr=4.991e-05  train/samples_per_sec=299.4
2026-10-04 10:51:47 [   9300] train/loss=0.2348  train/pred_loss=0.06932  train/sigreg_loss=1.839  train/emb_std=0.9721  train/emb_norm=13.42  train/pred_vs_static=0.2961  train/grad_norm=0.6634  train/lr=4.991e-05  train/samples_per_sec=299.5
2026-10-04 10:51:55 [   9320] train/loss=0.2375  train/pred_loss=0.0693  train/sigreg_loss=1.868  train/emb_std=0.9725  train/emb_norm=13.43  train/pred_vs_static=0.2911  train/grad_norm=0.6633  train/lr=4.991e-05  train/samples_per_sec=299.4
2026-10-04 10:52:04 [   9340] train/loss=0.2366  train/pred_loss=0.07114  train/sigreg_loss=1.837  train/emb_std=0.9725  train/emb_norm=13.43  train/pred_vs_static=0.2973  train/grad_norm=0.6518  train/lr=4.991e-05  train/samples_per_sec=299.4
2026-10-04 10:52:12 [   9360] train/loss=0.2386  train/pred_loss=0.07206  train/sigreg_loss=1.85  train/emb_std=0.9725  train/emb_norm=13.43  train/pred_vs_static=0.301  train/grad_norm=0.6827  train/lr=4.991e-05  train/samples_per_sec=299.4
2026-10-04 10:52:21 [   9380] train/loss=0.2392  train/pred_loss=0.07284  train/sigreg_loss=1.849  train/emb_std=0.9742  train/emb_norm=13.44  train/pred_vs_static=0.3093  train/grad_norm=0.6738  train/lr=4.991e-05  train/samples_per_sec=299.4
2026-10-04 10:52:29 [   9400] train/loss=0.2389  train/pred_loss=0.07285  train/sigreg_loss=1.845  train/emb_std=0.9734  train/emb_norm=13.44  train/pred_vs_static=0.3087  train/grad_norm=0.6606  train/lr=4.991e-05  train/samples_per_sec=299.4
2026-10-04 10:52:38 [   9420] train/loss=0.2397  train/pred_loss=0.07362  train/sigreg_loss=1.845  train/emb_std=0.9723  train/emb_norm=13.41  train/pred_vs_static=0.3087  train/grad_norm=0.6807  train/lr=4.991e-05  train/samples_per_sec=299.4
2026-10-04 10:52:47 [   9440] train/loss=0.2355  train/pred_loss=0.071  train/sigreg_loss=1.827  train/emb_std=0.9734  train/emb_norm=13.43  train/pred_vs_static=0.3063  train/grad_norm=0.6768  train/lr=4.991e-05  train/samples_per_sec=299.4
2026-10-04 10:52:55 [   9460] train/loss=0.2362  train/pred_loss=0.07094  train/sigreg_loss=1.835  train/emb_std=0.9729  train/emb_norm=13.43  train/pred_vs_static=0.3034  train/grad_norm=0.6755  train/lr=4.991e-05  train/samples_per_sec=299.4
2026-10-04 10:53:03 [   9480] train/loss=0.2422  train/pred_loss=0.07383  train/sigreg_loss=1.87  train/emb_std=0.973  train/emb_norm=13.44  train/pred_vs_static=0.3037  train/grad_norm=0.7023  train/lr=4.99e-05  train/samples_per_sec=299.5
2026-10-04 10:53:12 [   9500] train/loss=0.2398  train/pred_loss=0.07364  train/sigreg_loss=1.846  train/emb_std=0.9744  train/emb_norm=13.44  train/pred_vs_static=0.311  train/grad_norm=0.7084  train/lr=4.99e-05  train/samples_per_sec=299.4
2026-10-04 10:53:21 [   9520] train/loss=0.2388  train/pred_loss=0.07199  train/sigreg_loss=1.853  train/emb_std=0.9736  train/emb_norm=13.44  train/pred_vs_static=0.3  train/grad_norm=0.6807  train/lr=4.99e-05  train/samples_per_sec=299.5
2026-10-04 10:53:29 [   9540] train/loss=0.238  train/pred_loss=0.07365  train/sigreg_loss=1.825  train/emb_std=0.9744  train/emb_norm=13.45  train/pred_vs_static=0.3071  train/grad_norm=0.6961  train/lr=4.99e-05  train/samples_per_sec=299.5
2026-10-04 10:53:38 [   9560] train/loss=0.237  train/pred_loss=0.07088  train/sigreg_loss=1.846  train/emb_std=0.975  train/emb_norm=13.46  train/pred_vs_static=0.3009  train/grad_norm=0.6781  train/lr=4.99e-05  train/samples_per_sec=299.4
2026-10-04 10:53:46 [   9580] train/loss=0.2423  train/pred_loss=0.07336  train/sigreg_loss=1.876  train/emb_std=0.9713  train/emb_norm=13.41  train/pred_vs_static=0.309  train/grad_norm=0.6708  train/lr=4.99e-05  train/samples_per_sec=299.5
2026-10-04 10:53:55 [   9600] train/loss=0.2363  train/pred_loss=0.06954  train/sigreg_loss=1.852  train/emb_std=0.975  train/emb_norm=13.45  train/pred_vs_static=0.2971  train/grad_norm=0.6585  train/lr=4.99e-05  train/samples_per_sec=299.6
2026-10-04 10:54:03 [   9620] train/loss=0.2335  train/pred_loss=0.0698  train/sigreg_loss=1.82  train/emb_std=0.9746  train/emb_norm=13.45  train/pred_vs_static=0.2958  train/grad_norm=0.6613  train/lr=4.99e-05  train/samples_per_sec=299.6
2026-10-04 10:54:11 [   9640] train/loss=0.2357  train/pred_loss=0.06962  train/sigreg_loss=1.845  train/emb_std=0.9738  train/emb_norm=13.44  train/pred_vs_static=0.2957  train/grad_norm=0.6661  train/lr=4.99e-05  train/samples_per_sec=299.6
2026-10-04 10:54:20 [   9660] train/loss=0.2419  train/pred_loss=0.07403  train/sigreg_loss=1.864  train/emb_std=0.9732  train/emb_norm=13.42  train/pred_vs_static=0.3085  train/grad_norm=0.672  train/lr=4.99e-05  train/samples_per_sec=299.7
2026-10-04 10:54:28 [   9680] train/loss=0.234  train/pred_loss=0.06888  train/sigreg_loss=1.834  train/emb_std=0.9758  train/emb_norm=13.46  train/pred_vs_static=0.299  train/grad_norm=0.6959  train/lr=4.99e-05  train/samples_per_sec=299.7
2026-10-04 10:54:37 [   9700] train/loss=0.2428  train/pred_loss=0.07362  train/sigreg_loss=1.879  train/emb_std=0.9729  train/emb_norm=13.43  train/pred_vs_static=0.3002  train/grad_norm=0.6849  train/lr=4.99e-05  train/samples_per_sec=299.7
2026-10-04 10:54:45 [   9720] train/loss=0.2359  train/pred_loss=0.06947  train/sigreg_loss=1.85  train/emb_std=0.976  train/emb_norm=13.46  train/pred_vs_static=0.3005  train/grad_norm=0.6617  train/lr=4.99e-05  train/samples_per_sec=299.7
2026-10-04 10:54:54 [   9740] train/loss=0.2393  train/pred_loss=0.07361  train/sigreg_loss=1.841  train/emb_std=0.9746  train/emb_norm=13.44  train/pred_vs_static=0.3011  train/grad_norm=0.6683  train/lr=4.99e-05  train/samples_per_sec=299.7
2026-10-04 10:55:03 [   9760] train/loss=0.2344  train/pred_loss=0.06981  train/sigreg_loss=1.827  train/emb_std=0.9744  train/emb_norm=13.44  train/pred_vs_static=0.2999  train/grad_norm=0.6571  train/lr=4.989e-05  train/samples_per_sec=299.7
2026-10-04 10:55:11 [   9780] train/loss=0.2295  train/pred_loss=0.06745  train/sigreg_loss=1.8  train/emb_std=0.975  train/emb_norm=13.46  train/pred_vs_static=0.292  train/grad_norm=0.6451  train/lr=4.989e-05  train/samples_per_sec=299.8
2026-10-04 10:55:19 [   9800] train/loss=0.2332  train/pred_loss=0.06911  train/sigreg_loss=1.823  train/emb_std=0.974  train/emb_norm=13.44  train/pred_vs_static=0.2969  train/grad_norm=0.6342  train/lr=4.989e-05  train/samples_per_sec=299.8
2026-10-04 10:55:28 [   9820] train/loss=0.238  train/pred_loss=0.07151  train/sigreg_loss=1.852  train/emb_std=0.9756  train/emb_norm=13.46  train/pred_vs_static=0.2977  train/grad_norm=0.6514  train/lr=4.989e-05  train/samples_per_sec=299.8
2026-10-04 10:55:37 [   9840] train/loss=0.2382  train/pred_loss=0.07037  train/sigreg_loss=1.864  train/emb_std=0.9729  train/emb_norm=13.43  train/pred_vs_static=0.2968  train/grad_norm=0.6976  train/lr=4.989e-05  train/samples_per_sec=299.7
2026-10-04 10:55:45 [   9860] train/loss=0.2317  train/pred_loss=0.0689  train/sigreg_loss=1.81  train/emb_std=0.9748  train/emb_norm=13.46  train/pred_vs_static=0.2904  train/grad_norm=0.6622  train/lr=4.989e-05  train/samples_per_sec=299.6
2026-10-04 10:55:54 [   9880] train/loss=0.2389  train/pred_loss=0.07184  train/sigreg_loss=1.856  train/emb_std=0.9734  train/emb_norm=13.43  train/pred_vs_static=0.2948  train/grad_norm=0.6612  train/lr=4.989e-05  train/samples_per_sec=299.6
2026-10-04 10:56:03 [   9900] train/loss=0.2384  train/pred_loss=0.071  train/sigreg_loss=1.86  train/emb_std=0.9732  train/emb_norm=13.44  train/pred_vs_static=0.2988  train/grad_norm=0.6725  train/lr=4.989e-05  train/samples_per_sec=299.6
2026-10-04 10:56:11 [   9920] train/loss=0.2388  train/pred_loss=0.07319  train/sigreg_loss=1.84  train/emb_std=0.9742  train/emb_norm=13.44  train/pred_vs_static=0.3043  train/grad_norm=0.6554  train/lr=4.989e-05  train/samples_per_sec=299.6
2026-10-04 10:56:20 [   9940] train/loss=0.2326  train/pred_loss=0.0692  train/sigreg_loss=1.816  train/emb_std=0.9744  train/emb_norm=13.45  train/pred_vs_static=0.2978  train/grad_norm=0.6534  train/lr=4.989e-05  train/samples_per_sec=299.6
2026-10-04 10:56:28 [   9960] train/loss=0.2332  train/pred_loss=0.06826  train/sigreg_loss=1.832  train/emb_std=0.974  train/emb_norm=13.45  train/pred_vs_static=0.288  train/grad_norm=0.6573  train/lr=4.989e-05  train/samples_per_sec=299.7
2026-10-04 10:56:36 [   9980] train/loss=0.2346  train/pred_loss=0.07109  train/sigreg_loss=1.816  train/emb_std=0.976  train/emb_norm=13.47  train/pred_vs_static=0.2988  train/grad_norm=0.6431  train/lr=4.989e-05  train/samples_per_sec=299.7
2026-10-04 10:56:45 [  10000] train/loss=0.2362  train/pred_loss=0.07036  train/sigreg_loss=1.843  train/emb_std=0.9719  train/emb_norm=13.42  train/pred_vs_static=0.2921  train/grad_norm=0.6568  train/lr=4.989e-05  train/samples_per_sec=299.8
2026-10-04 10:56:45 [  10000] train_epoch/loss=0.2396  train_epoch/pred_loss=0.07142  train_epoch/sigreg_loss=1.869  train_epoch/emb_std=0.9731  train_epoch/emb_norm=13.43  train_epoch/pred_vs_static=0.3053  train_epoch/grad_norm=0.6838  train_epoch/lr=4.992e-05  train_epoch/epoch=4
2026-10-04 10:56:57 [  10000] val/loss=0.8469  val/pred_loss=0.07253  val/sigreg_loss=8.601  val/emb_std=0.9512  val/emb_norm=13.8  val/pred_vs_static=0.2861  val/epoch=4
2026-10-04 10:56:57 epoch   4 | val pred_vs_static 0.28607 | best 0.28607 @ epoch 4 | saved epoch_004.pt
2026-10-04 10:57:08 [  10020] train/loss=0.2352  train/pred_loss=0.07087  train/sigreg_loss=1.825  train/emb_std=0.9742  train/emb_norm=13.46  train/pred_vs_static=0.2915  train/grad_norm=0.6621  train/lr=4.989e-05  train/samples_per_sec=231.9
2026-10-04 10:57:17 [  10040] train/loss=0.239  train/pred_loss=0.07228  train/sigreg_loss=1.852  train/emb_std=0.9738  train/emb_norm=13.44  train/pred_vs_static=0.3074  train/grad_norm=0.6542  train/lr=4.988e-05  train/samples_per_sec=262.7
2026-10-04 10:57:25 [  10060] train/loss=0.2336  train/pred_loss=0.07116  train/sigreg_loss=1.805  train/emb_std=0.9738  train/emb_norm=13.45  train/pred_vs_static=0.2896  train/grad_norm=0.6495  train/lr=4.988e-05  train/samples_per_sec=273.4
2026-10-04 10:57:34 [  10080] train/loss=0.2368  train/pred_loss=0.06998  train/sigreg_loss=1.853  train/emb_std=0.9705  train/emb_norm=13.4  train/pred_vs_static=0.293  train/grad_norm=0.6894  train/lr=4.988e-05  train/samples_per_sec=280.7
2026-10-04 10:57:42 [  10100] train/loss=0.235  train/pred_loss=0.07038  train/sigreg_loss=1.829  train/emb_std=0.975  train/emb_norm=13.46  train/pred_vs_static=0.2986  train/grad_norm=0.6816  train/lr=4.988e-05  train/samples_per_sec=285.9
2026-10-04 10:57:51 [  10120] train/loss=0.2371  train/pred_loss=0.07076  train/sigreg_loss=1.848  train/emb_std=0.9736  train/emb_norm=13.44  train/pred_vs_static=0.2954  train/grad_norm=0.6761  train/lr=4.988e-05  train/samples_per_sec=287.8
2026-10-04 10:57:59 [  10140] train/loss=0.2331  train/pred_loss=0.07052  train/sigreg_loss=1.807  train/emb_std=0.9748  train/emb_norm=13.45  train/pred_vs_static=0.2892  train/grad_norm=0.6501  train/lr=4.988e-05  train/samples_per_sec=290.6
2026-10-04 10:58:07 [  10160] train/loss=0.2334  train/pred_loss=0.06877  train/sigreg_loss=1.829  train/emb_std=0.975  train/emb_norm=13.45  train/pred_vs_static=0.2918  train/grad_norm=0.6637  train/lr=4.988e-05  train/samples_per_sec=292.7
2026-10-04 10:58:16 [  10180] train/loss=0.2333  train/pred_loss=0.06973  train/sigreg_loss=1.816  train/emb_std=0.9744  train/emb_norm=13.45  train/pred_vs_static=0.3036  train/grad_norm=0.6558  train/lr=4.988e-05  train/samples_per_sec=294.2
2026-10-04 10:58:24 [  10200] train/loss=0.2363  train/pred_loss=0.07194  train/sigreg_loss=1.826  train/emb_std=0.974  train/emb_norm=13.45  train/pred_vs_static=0.2944  train/grad_norm=0.6584  train/lr=4.988e-05  train/samples_per_sec=295.4
2026-10-04 10:58:32 [  10220] train/loss=0.2319  train/pred_loss=0.06998  train/sigreg_loss=1.8  train/emb_std=0.976  train/emb_norm=13.47  train/pred_vs_static=0.2972  train/grad_norm=0.6773  train/lr=4.988e-05  train/samples_per_sec=296.5
2026-10-04 10:58:41 [  10240] train/loss=0.2355  train/pred_loss=0.07268  train/sigreg_loss=1.81  train/emb_std=0.9736  train/emb_norm=13.44  train/pred_vs_static=0.2876  train/grad_norm=0.6475  train/lr=4.988e-05  train/samples_per_sec=297.4
2026-10-04 10:58:49 [  10260] train/loss=0.2334  train/pred_loss=0.07044  train/sigreg_loss=1.811  train/emb_std=0.9738  train/emb_norm=13.44  train/pred_vs_static=0.2898  train/grad_norm=0.6806  train/lr=4.988e-05  train/samples_per_sec=298.2
2026-10-04 10:58:57 [  10280] train/loss=0.2316  train/pred_loss=0.06979  train/sigreg_loss=1.798  train/emb_std=0.9734  train/emb_norm=13.44  train/pred_vs_static=0.2899  train/grad_norm=0.6328  train/lr=4.988e-05  train/samples_per_sec=298.7
2026-10-04 10:59:06 [  10300] train/loss=0.2337  train/pred_loss=0.07053  train/sigreg_loss=1.812  train/emb_std=0.9742  train/emb_norm=13.45  train/pred_vs_static=0.2875  train/grad_norm=0.6373  train/lr=4.987e-05  train/samples_per_sec=298.7
2026-10-04 10:59:14 [  10320] train/loss=0.2323  train/pred_loss=0.06928  train/sigreg_loss=1.81  train/emb_std=0.9746  train/emb_norm=13.46  train/pred_vs_static=0.2955  train/grad_norm=0.6558  train/lr=4.987e-05  train/samples_per_sec=298.9
2026-10-04 10:59:23 [  10340] train/loss=0.2336  train/pred_loss=0.07013  train/sigreg_loss=1.817  train/emb_std=0.976  train/emb_norm=13.47  train/pred_vs_static=0.3008  train/grad_norm=0.6508  train/lr=4.987e-05  train/samples_per_sec=299.1
2026-10-04 10:59:31 [  10360] train/loss=0.2345  train/pred_loss=0.07161  train/sigreg_loss=1.809  train/emb_std=0.9732  train/emb_norm=13.45  train/pred_vs_static=0.286  train/grad_norm=0.6354  train/lr=4.987e-05  train/samples_per_sec=299.6
2026-10-04 10:59:40 [  10380] train/loss=0.2341  train/pred_loss=0.07147  train/sigreg_loss=1.807  train/emb_std=0.9754  train/emb_norm=13.45  train/pred_vs_static=0.2947  train/grad_norm=0.6531  train/lr=4.987e-05  train/samples_per_sec=299.5
2026-10-04 10:59:48 [  10400] train/loss=0.2347  train/pred_loss=0.06993  train/sigreg_loss=1.831  train/emb_std=0.9756  train/emb_norm=13.45  train/pred_vs_static=0.2828  train/grad_norm=0.6429  train/lr=4.987e-05  train/samples_per_sec=299.9
2026-10-04 10:59:56 [  10420] train/loss=0.2365  train/pred_loss=0.07343  train/sigreg_loss=1.812  train/emb_std=0.975  train/emb_norm=13.45  train/pred_vs_static=0.3037  train/grad_norm=0.6504  train/lr=4.987e-05  train/samples_per_sec=300.1
2026-10-04 11:00:05 [  10440] train/loss=0.2339  train/pred_loss=0.07216  train/sigreg_loss=1.798  train/emb_std=0.9746  train/emb_norm=13.45  train/pred_vs_static=0.3018  train/grad_norm=0.6495  train/lr=4.987e-05  train/samples_per_sec=300.4
2026-10-04 11:00:13 [  10460] train/loss=0.2319  train/pred_loss=0.07033  train/sigreg_loss=1.795  train/emb_std=0.974  train/emb_norm=13.45  train/pred_vs_static=0.2886  train/grad_norm=0.6519  train/lr=4.987e-05  train/samples_per_sec=300.4
2026-10-04 11:00:22 [  10480] train/loss=0.2314  train/pred_loss=0.0684  train/sigreg_loss=1.811  train/emb_std=0.9752  train/emb_norm=13.45  train/pred_vs_static=0.2834  train/grad_norm=0.6391  train/lr=4.987e-05  train/samples_per_sec=300.6
2026-10-04 11:00:30 [  10500] train/loss=0.2242  train/pred_loss=0.06665  train/sigreg_loss=1.75  train/emb_std=0.9766  train/emb_norm=13.48  train/pred_vs_static=0.2852  train/grad_norm=0.6468  train/lr=4.987e-05  train/samples_per_sec=300.7
2026-10-04 11:00:38 [  10520] train/loss=0.232  train/pred_loss=0.06977  train/sigreg_loss=1.803  train/emb_std=0.9732  train/emb_norm=13.44  train/pred_vs_static=0.2879  train/grad_norm=0.6571  train/lr=4.987e-05  train/samples_per_sec=301
2026-10-04 11:00:47 [  10540] train/loss=0.2327  train/pred_loss=0.0697  train/sigreg_loss=1.812  train/emb_std=0.973  train/emb_norm=13.44  train/pred_vs_static=0.2905  train/grad_norm=0.6424  train/lr=4.986e-05  train/samples_per_sec=301.2
2026-10-04 11:00:55 [  10560] train/loss=0.2335  train/pred_loss=0.06917  train/sigreg_loss=1.825  train/emb_std=0.9729  train/emb_norm=13.43  train/pred_vs_static=0.2885  train/grad_norm=0.6486  train/lr=4.986e-05  train/samples_per_sec=301.3
2026-10-04 11:01:04 [  10580] train/loss=0.2276  train/pred_loss=0.06687  train/sigreg_loss=1.786  train/emb_std=0.9732  train/emb_norm=13.43  train/pred_vs_static=0.2795  train/grad_norm=0.6465  train/lr=4.986e-05  train/samples_per_sec=301.5
2026-10-04 11:01:12 [  10600] train/loss=0.2322  train/pred_loss=0.06927  train/sigreg_loss=1.81  train/emb_std=0.976  train/emb_norm=13.46  train/pred_vs_static=0.2912  train/grad_norm=0.643  train/lr=4.986e-05  train/samples_per_sec=301.7
2026-10-04 11:01:20 [  10620] train/loss=0.2302  train/pred_loss=0.06926  train/sigreg_loss=1.788  train/emb_std=0.975  train/emb_norm=13.45  train/pred_vs_static=0.288  train/grad_norm=0.6386  train/lr=4.986e-05  train/samples_per_sec=301.7
2026-10-04 11:01:29 [  10640] train/loss=0.2322  train/pred_loss=0.07045  train/sigreg_loss=1.797  train/emb_std=0.9742  train/emb_norm=13.44  train/pred_vs_static=0.2813  train/grad_norm=0.6454  train/lr=4.986e-05  train/samples_per_sec=301.7
2026-10-04 11:01:37 [  10660] train/loss=0.2345  train/pred_loss=0.07073  train/sigreg_loss=1.819  train/emb_std=0.9762  train/emb_norm=13.47  train/pred_vs_static=0.2899  train/grad_norm=0.6471  train/lr=4.986e-05  train/samples_per_sec=301.9
2026-10-04 11:01:46 [  10680] train/loss=0.231  train/pred_loss=0.0692  train/sigreg_loss=1.799  train/emb_std=0.9764  train/emb_norm=13.47  train/pred_vs_static=0.2823  train/grad_norm=0.6389  train/lr=4.986e-05  train/samples_per_sec=302
2026-10-04 11:01:54 [  10700] train/loss=0.234  train/pred_loss=0.0712  train/sigreg_loss=1.81  train/emb_std=0.9725  train/emb_norm=13.43  train/pred_vs_static=0.2938  train/grad_norm=0.649  train/lr=4.986e-05  train/samples_per_sec=302.1
2026-10-04 11:02:02 [  10720] train/loss=0.2337  train/pred_loss=0.07066  train/sigreg_loss=1.812  train/emb_std=0.9746  train/emb_norm=13.45  train/pred_vs_static=0.287  train/grad_norm=0.6483  train/lr=4.986e-05  train/samples_per_sec=302.2
2026-10-04 11:02:11 [  10740] train/loss=0.2333  train/pred_loss=0.07115  train/sigreg_loss=1.801  train/emb_std=0.9744  train/emb_norm=13.44  train/pred_vs_static=0.294  train/grad_norm=0.6459  train/lr=4.986e-05  train/samples_per_sec=302.4
2026-10-04 11:02:19 [  10760] train/loss=0.2379  train/pred_loss=0.07227  train/sigreg_loss=1.84  train/emb_std=0.9736  train/emb_norm=13.43  train/pred_vs_static=0.2916  train/grad_norm=0.6668  train/lr=4.986e-05  train/samples_per_sec=302.3
2026-10-04 11:02:28 [  10780] train/loss=0.2346  train/pred_loss=0.07275  train/sigreg_loss=1.798  train/emb_std=0.9742  train/emb_norm=13.45  train/pred_vs_static=0.3029  train/grad_norm=0.664  train/lr=4.985e-05  train/samples_per_sec=302.3
2026-10-04 11:02:36 [  10800] train/loss=0.2368  train/pred_loss=0.07208  train/sigreg_loss=1.83  train/emb_std=0.974  train/emb_norm=13.45  train/pred_vs_static=0.2893  train/grad_norm=0.6651  train/lr=4.985e-05  train/samples_per_sec=302.3
2026-10-04 11:02:44 [  10820] train/loss=0.2303  train/pred_loss=0.06935  train/sigreg_loss=1.788  train/emb_std=0.9764  train/emb_norm=13.47  train/pred_vs_static=0.29  train/grad_norm=0.655  train/lr=4.985e-05  train/samples_per_sec=302.5
2026-10-04 11:02:53 [  10840] train/loss=0.233  train/pred_loss=0.07129  train/sigreg_loss=1.796  train/emb_std=0.9732  train/emb_norm=13.44  train/pred_vs_static=0.2938  train/grad_norm=0.6353  train/lr=4.985e-05  train/samples_per_sec=302.3
2026-10-04 11:03:01 [  10860] train/loss=0.2345  train/pred_loss=0.0703  train/sigreg_loss=1.825  train/emb_std=0.9742  train/emb_norm=13.44  train/pred_vs_static=0.2933  train/grad_norm=0.6957  train/lr=4.985e-05  train/samples_per_sec=302.4
2026-10-04 11:03:10 [  10880] train/loss=0.2321  train/pred_loss=0.07161  train/sigreg_loss=1.784  train/emb_std=0.974  train/emb_norm=13.45  train/pred_vs_static=0.2885  train/grad_norm=0.64  train/lr=4.985e-05  train/samples_per_sec=302.1
2026-10-04 11:03:18 [  10900] train/loss=0.2342  train/pred_loss=0.07107  train/sigreg_loss=1.812  train/emb_std=0.9738  train/emb_norm=13.45  train/pred_vs_static=0.2882  train/grad_norm=0.6544  train/lr=4.985e-05  train/samples_per_sec=302.3
2026-10-04 11:03:27 [  10920] train/loss=0.2314  train/pred_loss=0.07183  train/sigreg_loss=1.773  train/emb_std=0.9748  train/emb_norm=13.46  train/pred_vs_static=0.2949  train/grad_norm=0.6322  train/lr=4.985e-05  train/samples_per_sec=302.4
2026-10-04 11:03:35 [  10940] train/loss=0.2299  train/pred_loss=0.07121  train/sigreg_loss=1.762  train/emb_std=0.9756  train/emb_norm=13.46  train/pred_vs_static=0.2926  train/grad_norm=0.6514  train/lr=4.985e-05  train/samples_per_sec=302.3
2026-10-04 11:03:44 [  10960] train/loss=0.2281  train/pred_loss=0.06695  train/sigreg_loss=1.789  train/emb_std=0.974  train/emb_norm=13.44  train/pred_vs_static=0.272  train/grad_norm=0.6368  train/lr=4.985e-05  train/samples_per_sec=302.3
2026-10-04 11:03:52 [  10980] train/loss=0.2276  train/pred_loss=0.06945  train/sigreg_loss=1.757  train/emb_std=0.9754  train/emb_norm=13.47  train/pred_vs_static=0.2866  train/grad_norm=0.6355  train/lr=4.985e-05  train/samples_per_sec=302.3
2026-10-04 11:04:01 [  11000] train/loss=0.232  train/pred_loss=0.07111  train/sigreg_loss=1.788  train/emb_std=0.9762  train/emb_norm=13.46  train/pred_vs_static=0.3018  train/grad_norm=0.6378  train/lr=4.984e-05  train/samples_per_sec=302.4
2026-10-04 11:04:09 [  11020] train/loss=0.2295  train/pred_loss=0.0693  train/sigreg_loss=1.779  train/emb_std=0.9752  train/emb_norm=13.47  train/pred_vs_static=0.2869  train/grad_norm=0.651  train/lr=4.984e-05  train/samples_per_sec=302.2
2026-10-04 11:04:18 [  11040] train/loss=0.2324  train/pred_loss=0.07119  train/sigreg_loss=1.791  train/emb_std=0.9736  train/emb_norm=13.45  train/pred_vs_static=0.2871  train/grad_norm=0.6516  train/lr=4.984e-05  train/samples_per_sec=302.2
2026-10-04 11:04:26 [  11060] train/loss=0.2286  train/pred_loss=0.0679  train/sigreg_loss=1.786  train/emb_std=0.9729  train/emb_norm=13.44  train/pred_vs_static=0.28  train/grad_norm=0.6382  train/lr=4.984e-05  train/samples_per_sec=302.2
2026-10-04 11:04:35 [  11080] train/loss=0.2342  train/pred_loss=0.07109  train/sigreg_loss=1.812  train/emb_std=0.9723  train/emb_norm=13.42  train/pred_vs_static=0.2834  train/grad_norm=0.6341  train/lr=4.984e-05  train/samples_per_sec=302.2
2026-10-04 11:04:43 [  11100] train/loss=0.2281  train/pred_loss=0.06944  train/sigreg_loss=1.764  train/emb_std=0.9768  train/emb_norm=13.48  train/pred_vs_static=0.2792  train/grad_norm=0.6109  train/lr=4.984e-05  train/samples_per_sec=302.2
2026-10-04 11:04:52 [  11120] train/loss=0.2281  train/pred_loss=0.06868  train/sigreg_loss=1.77  train/emb_std=0.977  train/emb_norm=13.47  train/pred_vs_static=0.2841  train/grad_norm=0.6106  train/lr=4.984e-05  train/samples_per_sec=302.2
2026-10-04 11:05:00 [  11140] train/loss=0.2289  train/pred_loss=0.06804  train/sigreg_loss=1.789  train/emb_std=0.9758  train/emb_norm=13.47  train/pred_vs_static=0.2836  train/grad_norm=0.6529  train/lr=4.984e-05  train/samples_per_sec=302.2
2026-10-04 11:05:09 [  11160] train/loss=0.2324  train/pred_loss=0.07317  train/sigreg_loss=1.77  train/emb_std=0.974  train/emb_norm=13.44  train/pred_vs_static=0.2893  train/grad_norm=0.6408  train/lr=4.984e-05  train/samples_per_sec=302.1
2026-10-04 11:05:17 [  11180] train/loss=0.2284  train/pred_loss=0.06802  train/sigreg_loss=1.781  train/emb_std=0.9744  train/emb_norm=13.45  train/pred_vs_static=0.2881  train/grad_norm=0.6431  train/lr=4.984e-05  train/samples_per_sec=302
2026-10-04 11:05:26 [  11200] train/loss=0.2294  train/pred_loss=0.07088  train/sigreg_loss=1.76  train/emb_std=0.973  train/emb_norm=13.44  train/pred_vs_static=0.2946  train/grad_norm=0.6355  train/lr=4.984e-05  train/samples_per_sec=302
2026-10-04 11:05:34 [  11220] train/loss=0.2275  train/pred_loss=0.06733  train/sigreg_loss=1.78  train/emb_std=0.9748  train/emb_norm=13.46  train/pred_vs_static=0.284  train/grad_norm=0.6356  train/lr=4.983e-05  train/samples_per_sec=302.1
2026-10-04 11:05:43 [  11240] train/loss=0.2277  train/pred_loss=0.06856  train/sigreg_loss=1.768  train/emb_std=0.9752  train/emb_norm=13.45  train/pred_vs_static=0.2888  train/grad_norm=0.6212  train/lr=4.983e-05  train/samples_per_sec=301.9
2026-10-04 11:05:52 [  11260] train/loss=0.2295  train/pred_loss=0.07131  train/sigreg_loss=1.758  train/emb_std=0.9766  train/emb_norm=13.47  train/pred_vs_static=0.2865  train/grad_norm=0.6364  train/lr=4.983e-05  train/samples_per_sec=301.9
2026-10-04 11:06:00 [  11280] train/loss=0.2274  train/pred_loss=0.06885  train/sigreg_loss=1.762  train/emb_std=0.9766  train/emb_norm=13.47  train/pred_vs_static=0.2815  train/grad_norm=0.6235  train/lr=4.983e-05  train/samples_per_sec=301.7
2026-10-04 11:06:09 [  11300] train/loss=0.2274  train/pred_loss=0.06793  train/sigreg_loss=1.772  train/emb_std=0.9764  train/emb_norm=13.48  train/pred_vs_static=0.278  train/grad_norm=0.6292  train/lr=4.983e-05  train/samples_per_sec=301.8
2026-10-04 11:06:17 [  11320] train/loss=0.229  train/pred_loss=0.06933  train/sigreg_loss=1.774  train/emb_std=0.9742  train/emb_norm=13.45  train/pred_vs_static=0.2882  train/grad_norm=0.6425  train/lr=4.983e-05  train/samples_per_sec=301.7
2026-10-04 11:06:26 [  11340] train/loss=0.2284  train/pred_loss=0.06932  train/sigreg_loss=1.768  train/emb_std=0.9746  train/emb_norm=13.46  train/pred_vs_static=0.283  train/grad_norm=0.6364  train/lr=4.983e-05  train/samples_per_sec=301.7
2026-10-04 11:06:35 [  11360] train/loss=0.228  train/pred_loss=0.06764  train/sigreg_loss=1.782  train/emb_std=0.976  train/emb_norm=13.48  train/pred_vs_static=0.2847  train/grad_norm=0.6323  train/lr=4.983e-05  train/samples_per_sec=301.6
2026-10-04 11:06:43 [  11380] train/loss=0.2276  train/pred_loss=0.07079  train/sigreg_loss=1.743  train/emb_std=0.975  train/emb_norm=13.46  train/pred_vs_static=0.2859  train/grad_norm=0.6318  train/lr=4.983e-05  train/samples_per_sec=301.6
2026-10-04 11:06:52 [  11400] train/loss=0.2324  train/pred_loss=0.07026  train/sigreg_loss=1.802  train/emb_std=0.9754  train/emb_norm=13.47  train/pred_vs_static=0.2877  train/grad_norm=0.6243  train/lr=4.983e-05  train/samples_per_sec=301.6
2026-10-04 11:07:00 [  11420] train/loss=0.2288  train/pred_loss=0.06852  train/sigreg_loss=1.781  train/emb_std=0.9729  train/emb_norm=13.43  train/pred_vs_static=0.28  train/grad_norm=0.6288  train/lr=4.983e-05  train/samples_per_sec=301.6
2026-10-04 11:07:08 [  11440] train/loss=0.2289  train/pred_loss=0.06701  train/sigreg_loss=1.799  train/emb_std=0.9766  train/emb_norm=13.47  train/pred_vs_static=0.2818  train/grad_norm=0.626  train/lr=4.982e-05  train/samples_per_sec=301.6
2026-10-04 11:07:17 [  11460] train/loss=0.228  train/pred_loss=0.06967  train/sigreg_loss=1.758  train/emb_std=0.9752  train/emb_norm=13.46  train/pred_vs_static=0.2827  train/grad_norm=0.6477  train/lr=4.982e-05  train/samples_per_sec=301.7
2026-10-04 11:07:25 [  11480] train/loss=0.2338  train/pred_loss=0.07186  train/sigreg_loss=1.8  train/emb_std=0.9736  train/emb_norm=13.44  train/pred_vs_static=0.2885  train/grad_norm=0.6596  train/lr=4.982e-05  train/samples_per_sec=301.6
2026-10-04 11:07:34 [  11500] train/loss=0.2335  train/pred_loss=0.06925  train/sigreg_loss=1.825  train/emb_std=0.9762  train/emb_norm=13.47  train/pred_vs_static=0.2776  train/grad_norm=0.6306  train/lr=4.982e-05  train/samples_per_sec=301.5
2026-10-04 11:07:43 [  11520] train/loss=0.2296  train/pred_loss=0.07004  train/sigreg_loss=1.773  train/emb_std=0.9734  train/emb_norm=13.43  train/pred_vs_static=0.2869  train/grad_norm=0.6292  train/lr=4.982e-05  train/samples_per_sec=301.4
2026-10-04 11:07:51 [  11540] train/loss=0.2336  train/pred_loss=0.07093  train/sigreg_loss=1.809  train/emb_std=0.976  train/emb_norm=13.46  train/pred_vs_static=0.2851  train/grad_norm=0.657  train/lr=4.982e-05  train/samples_per_sec=301.4
2026-10-04 11:08:00 [  11560] train/loss=0.2274  train/pred_loss=0.06837  train/sigreg_loss=1.766  train/emb_std=0.9775  train/emb_norm=13.48  train/pred_vs_static=0.2747  train/grad_norm=0.6155  train/lr=4.982e-05  train/samples_per_sec=301.5
2026-10-04 11:08:08 [  11580] train/loss=0.2296  train/pred_loss=0.0685  train/sigreg_loss=1.789  train/emb_std=0.9768  train/emb_norm=13.47  train/pred_vs_static=0.2785  train/grad_norm=0.6203  train/lr=4.982e-05  train/samples_per_sec=301.4
2026-10-04 11:08:17 [  11600] train/loss=0.2304  train/pred_loss=0.07115  train/sigreg_loss=1.769  train/emb_std=0.9742  train/emb_norm=13.45  train/pred_vs_static=0.2824  train/grad_norm=0.6436  train/lr=4.982e-05  train/samples_per_sec=301.3
2026-10-04 11:08:26 [  11620] train/loss=0.2279  train/pred_loss=0.06815  train/sigreg_loss=1.775  train/emb_std=0.9752  train/emb_norm=13.46  train/pred_vs_static=0.2852  train/grad_norm=0.6408  train/lr=4.982e-05  train/samples_per_sec=301.2
2026-10-04 11:08:34 [  11640] train/loss=0.2311  train/pred_loss=0.07036  train/sigreg_loss=1.786  train/emb_std=0.9744  train/emb_norm=13.44  train/pred_vs_static=0.2876  train/grad_norm=0.6335  train/lr=4.982e-05  train/samples_per_sec=301.2
2026-10-04 11:08:43 [  11660] train/loss=0.2297  train/pred_loss=0.07101  train/sigreg_loss=1.764  train/emb_std=0.976  train/emb_norm=13.45  train/pred_vs_static=0.2834  train/grad_norm=0.6192  train/lr=4.981e-05  train/samples_per_sec=301.2
2026-10-04 11:08:51 [  11680] train/loss=0.2306  train/pred_loss=0.07079  train/sigreg_loss=1.775  train/emb_std=0.9781  train/emb_norm=13.5  train/pred_vs_static=0.2903  train/grad_norm=0.6573  train/lr=4.981e-05  train/samples_per_sec=301.1
2026-10-04 11:09:00 [  11700] train/loss=0.2242  train/pred_loss=0.06762  train/sigreg_loss=1.739  train/emb_std=0.976  train/emb_norm=13.47  train/pred_vs_static=0.2828  train/grad_norm=0.6393  train/lr=4.981e-05  train/samples_per_sec=301.1
2026-10-04 11:09:09 [  11720] train/loss=0.2306  train/pred_loss=0.06938  train/sigreg_loss=1.791  train/emb_std=0.9764  train/emb_norm=13.47  train/pred_vs_static=0.2791  train/grad_norm=0.6378  train/lr=4.981e-05  train/samples_per_sec=301
2026-10-04 11:09:18 [  11740] train/loss=0.231  train/pred_loss=0.07145  train/sigreg_loss=1.773  train/emb_std=0.9748  train/emb_norm=13.45  train/pred_vs_static=0.2859  train/grad_norm=0.6229  train/lr=4.981e-05  train/samples_per_sec=300.9
2026-10-04 11:09:26 [  11760] train/loss=0.226  train/pred_loss=0.06875  train/sigreg_loss=1.748  train/emb_std=0.9768  train/emb_norm=13.48  train/pred_vs_static=0.2782  train/grad_norm=0.6408  train/lr=4.981e-05  train/samples_per_sec=300.9
2026-10-04 11:09:35 [  11780] train/loss=0.2288  train/pred_loss=0.07021  train/sigreg_loss=1.761  train/emb_std=0.976  train/emb_norm=13.47  train/pred_vs_static=0.2897  train/grad_norm=0.6234  train/lr=4.981e-05  train/samples_per_sec=300.9
2026-10-04 11:09:43 [  11800] train/loss=0.2247  train/pred_loss=0.06651  train/sigreg_loss=1.759  train/emb_std=0.976  train/emb_norm=13.47  train/pred_vs_static=0.2734  train/grad_norm=0.6202  train/lr=4.981e-05  train/samples_per_sec=300.8
2026-10-04 11:09:52 [  11820] train/loss=0.2234  train/pred_loss=0.0671  train/sigreg_loss=1.736  train/emb_std=0.9746  train/emb_norm=13.45  train/pred_vs_static=0.2818  train/grad_norm=0.6259  train/lr=4.981e-05  train/samples_per_sec=300.8
2026-10-04 11:10:00 [  11840] train/loss=0.2279  train/pred_loss=0.069  train/sigreg_loss=1.765  train/emb_std=0.9746  train/emb_norm=13.45  train/pred_vs_static=0.2813  train/grad_norm=0.6251  train/lr=4.981e-05  train/samples_per_sec=300.8
2026-10-04 11:10:09 [  11860] train/loss=0.2264  train/pred_loss=0.06779  train/sigreg_loss=1.762  train/emb_std=0.9764  train/emb_norm=13.47  train/pred_vs_static=0.2752  train/grad_norm=0.6199  train/lr=4.98e-05  train/samples_per_sec=300.9
2026-10-04 11:10:17 [  11880] train/loss=0.2288  train/pred_loss=0.07144  train/sigreg_loss=1.747  train/emb_std=0.9758  train/emb_norm=13.46  train/pred_vs_static=0.2796  train/grad_norm=0.6574  train/lr=4.98e-05  train/samples_per_sec=300.8
2026-10-04 11:10:26 [  11900] train/loss=0.2294  train/pred_loss=0.06901  train/sigreg_loss=1.781  train/emb_std=0.9754  train/emb_norm=13.46  train/pred_vs_static=0.2791  train/grad_norm=0.6539  train/lr=4.98e-05  train/samples_per_sec=300.8
2026-10-04 11:10:34 [  11920] train/loss=0.2261  train/pred_loss=0.06904  train/sigreg_loss=1.745  train/emb_std=0.9744  train/emb_norm=13.44  train/pred_vs_static=0.2867  train/grad_norm=0.6162  train/lr=4.98e-05  train/samples_per_sec=300.8
2026-10-04 11:10:43 [  11940] train/loss=0.225  train/pred_loss=0.06787  train/sigreg_loss=1.746  train/emb_std=0.9762  train/emb_norm=13.45  train/pred_vs_static=0.2844  train/grad_norm=0.6225  train/lr=4.98e-05  train/samples_per_sec=300.7
2026-10-04 11:10:52 [  11960] train/loss=0.227  train/pred_loss=0.06928  train/sigreg_loss=1.752  train/emb_std=0.9758  train/emb_norm=13.46  train/pred_vs_static=0.2788  train/grad_norm=0.6428  train/lr=4.98e-05  train/samples_per_sec=300.7
2026-10-04 11:11:00 [  11980] train/loss=0.2284  train/pred_loss=0.06844  train/sigreg_loss=1.777  train/emb_std=0.9768  train/emb_norm=13.47  train/pred_vs_static=0.2767  train/grad_norm=0.6394  train/lr=4.98e-05  train/samples_per_sec=300.8
2026-10-04 11:11:08 [  12000] train/loss=0.2301  train/pred_loss=0.0704  train/sigreg_loss=1.774  train/emb_std=0.977  train/emb_norm=13.46  train/pred_vs_static=0.2864  train/grad_norm=0.6168  train/lr=4.98e-05  train/samples_per_sec=300.9
2026-10-04 11:11:08 [  12000] train_epoch/loss=0.231  train_epoch/pred_loss=0.0699  train_epoch/sigreg_loss=1.79  train_epoch/emb_std=0.9749  train_epoch/emb_norm=13.45  train_epoch/pred_vs_static=0.2874  train_epoch/grad_norm=0.6431  train_epoch/lr=4.984e-05  train_epoch/epoch=5
2026-10-04 11:11:21 [  12000] val/loss=0.8343  val/pred_loss=0.07285  val/sigreg_loss=8.463  val/emb_std=0.9607  val/emb_norm=13.91  val/pred_vs_static=0.2771  val/epoch=5
2026-10-04 11:11:21 epoch   5 | val pred_vs_static 0.27707 | best 0.27707 @ epoch 5 | saved epoch_005.pt
2026-10-04 11:11:32 [  12020] train/loss=0.2273  train/pred_loss=0.06797  train/sigreg_loss=1.77  train/emb_std=0.9758  train/emb_norm=13.46  train/pred_vs_static=0.2818  train/grad_norm=0.6168  train/lr=4.98e-05  train/samples_per_sec=230.5
2026-10-04 11:11:40 [  12040] train/loss=0.2309  train/pred_loss=0.07143  train/sigreg_loss=1.772  train/emb_std=0.975  train/emb_norm=13.46  train/pred_vs_static=0.2904  train/grad_norm=0.6394  train/lr=4.98e-05  train/samples_per_sec=262.3
2026-10-04 11:11:49 [  12060] train/loss=0.2304  train/pred_loss=0.07185  train/sigreg_loss=1.762  train/emb_std=0.9752  train/emb_norm=13.46  train/pred_vs_static=0.2861  train/grad_norm=0.6338  train/lr=4.979e-05  train/samples_per_sec=272.6
2026-10-04 11:11:58 [  12080] train/loss=0.2281  train/pred_loss=0.07043  train/sigreg_loss=1.752  train/emb_std=0.9762  train/emb_norm=13.47  train/pred_vs_static=0.2818  train/grad_norm=0.6278  train/lr=4.979e-05  train/samples_per_sec=279.5
2026-10-04 11:12:06 [  12100] train/loss=0.2229  train/pred_loss=0.06715  train/sigreg_loss=1.729  train/emb_std=0.974  train/emb_norm=13.44  train/pred_vs_static=0.2737  train/grad_norm=0.64  train/lr=4.979e-05  train/samples_per_sec=284.8
2026-10-04 11:12:14 [  12120] train/loss=0.2256  train/pred_loss=0.0683  train/sigreg_loss=1.747  train/emb_std=0.9754  train/emb_norm=13.46  train/pred_vs_static=0.2823  train/grad_norm=0.6296  train/lr=4.979e-05  train/samples_per_sec=288.1
2026-10-04 11:12:23 [  12140] train/loss=0.2252  train/pred_loss=0.06722  train/sigreg_loss=1.755  train/emb_std=0.9762  train/emb_norm=13.48  train/pred_vs_static=0.2717  train/grad_norm=0.6182  train/lr=4.979e-05  train/samples_per_sec=289.8
2026-10-04 11:12:31 [  12160] train/loss=0.225  train/pred_loss=0.06816  train/sigreg_loss=1.744  train/emb_std=0.974  train/emb_norm=13.45  train/pred_vs_static=0.2699  train/grad_norm=0.6145  train/lr=4.979e-05  train/samples_per_sec=291.7
2026-10-04 11:12:39 [  12180] train/loss=0.2262  train/pred_loss=0.06843  train/sigreg_loss=1.754  train/emb_std=0.9754  train/emb_norm=13.46  train/pred_vs_static=0.2791  train/grad_norm=0.611  train/lr=4.979e-05  train/samples_per_sec=293.3
2026-10-04 11:12:48 [  12200] train/loss=0.2247  train/pred_loss=0.06848  train/sigreg_loss=1.736  train/emb_std=0.9758  train/emb_norm=13.46  train/pred_vs_static=0.281  train/grad_norm=0.6188  train/lr=4.979e-05  train/samples_per_sec=294.5
2026-10-04 11:12:56 [  12220] train/loss=0.2264  train/pred_loss=0.06969  train/sigreg_loss=1.741  train/emb_std=0.9764  train/emb_norm=13.48  train/pred_vs_static=0.2784  train/grad_norm=0.6495  train/lr=4.979e-05  train/samples_per_sec=295.4
2026-10-04 11:13:05 [  12240] train/loss=0.2244  train/pred_loss=0.07064  train/sigreg_loss=1.71  train/emb_std=0.9738  train/emb_norm=13.43  train/pred_vs_static=0.2842  train/grad_norm=0.6217  train/lr=4.978e-05  train/samples_per_sec=296.1
2026-10-04 11:13:13 [  12260] train/loss=0.2255  train/pred_loss=0.06799  train/sigreg_loss=1.749  train/emb_std=0.9756  train/emb_norm=13.46  train/pred_vs_static=0.273  train/grad_norm=0.6131  train/lr=4.978e-05  train/samples_per_sec=296.3
2026-10-04 11:13:22 [  12280] train/loss=0.2284  train/pred_loss=0.07321  train/sigreg_loss=1.724  train/emb_std=0.9771  train/emb_norm=13.47  train/pred_vs_static=0.2807  train/grad_norm=0.6073  train/lr=4.978e-05  train/samples_per_sec=296.3
2026-10-04 11:13:30 [  12300] train/loss=0.2261  train/pred_loss=0.06762  train/sigreg_loss=1.762  train/emb_std=0.977  train/emb_norm=13.48  train/pred_vs_static=0.2703  train/grad_norm=0.6133  train/lr=4.978e-05  train/samples_per_sec=296.9
2026-10-04 11:13:39 [  12320] train/loss=0.227  train/pred_loss=0.06799  train/sigreg_loss=1.768  train/emb_std=0.9756  train/emb_norm=13.45  train/pred_vs_static=0.2801  train/grad_norm=0.6212  train/lr=4.978e-05  train/samples_per_sec=297
2026-10-04 11:13:47 [  12340] train/loss=0.2237  train/pred_loss=0.06989  train/sigreg_loss=1.708  train/emb_std=0.9764  train/emb_norm=13.47  train/pred_vs_static=0.2787  train/grad_norm=0.6089  train/lr=4.978e-05  train/samples_per_sec=297.4
2026-10-04 11:13:56 [  12360] train/loss=0.2253  train/pred_loss=0.06934  train/sigreg_loss=1.733  train/emb_std=0.9756  train/emb_norm=13.46  train/pred_vs_static=0.2831  train/grad_norm=0.6137  train/lr=4.978e-05  train/samples_per_sec=297.7
2026-10-04 11:14:04 [  12380] train/loss=0.2267  train/pred_loss=0.07118  train/sigreg_loss=1.729  train/emb_std=0.9768  train/emb_norm=13.47  train/pred_vs_static=0.2797  train/grad_norm=0.6083  train/lr=4.978e-05  train/samples_per_sec=297.9
2026-10-04 11:14:13 [  12400] train/loss=0.2234  train/pred_loss=0.06649  train/sigreg_loss=1.743  train/emb_std=0.9766  train/emb_norm=13.48  train/pred_vs_static=0.2751  train/grad_norm=0.6093  train/lr=4.978e-05  train/samples_per_sec=298.1
2026-10-04 11:14:21 [  12420] train/loss=0.2226  train/pred_loss=0.06699  train/sigreg_loss=1.73  train/emb_std=0.9758  train/emb_norm=13.46  train/pred_vs_static=0.2711  train/grad_norm=0.6043  train/lr=4.978e-05  train/samples_per_sec=298.6
2026-10-04 11:14:29 [  12440] train/loss=0.2288  train/pred_loss=0.07183  train/sigreg_loss=1.745  train/emb_std=0.9768  train/emb_norm=13.46  train/pred_vs_static=0.2902  train/grad_norm=0.6243  train/lr=4.977e-05  train/samples_per_sec=298.7
2026-10-04 11:14:38 [  12460] train/loss=0.2267  train/pred_loss=0.06887  train/sigreg_loss=1.754  train/emb_std=0.9768  train/emb_norm=13.48  train/pred_vs_static=0.2823  train/grad_norm=0.606  train/lr=4.977e-05  train/samples_per_sec=298.9
2026-10-04 11:14:47 [  12480] train/loss=0.2288  train/pred_loss=0.07115  train/sigreg_loss=1.751  train/emb_std=0.9766  train/emb_norm=13.46  train/pred_vs_static=0.2814  train/grad_norm=0.6323  train/lr=4.977e-05  train/samples_per_sec=298.7
2026-10-04 11:14:55 [  12500] train/loss=0.2247  train/pred_loss=0.06819  train/sigreg_loss=1.74  train/emb_std=0.9738  train/emb_norm=13.44  train/pred_vs_static=0.2733  train/grad_norm=0.6281  train/lr=4.977e-05  train/samples_per_sec=298.7
2026-10-04 11:15:04 [  12520] train/loss=0.2272  train/pred_loss=0.0695  train/sigreg_loss=1.752  train/emb_std=0.9766  train/emb_norm=13.47  train/pred_vs_static=0.2699  train/grad_norm=0.6273  train/lr=4.977e-05  train/samples_per_sec=298.9
2026-10-04 11:15:12 [  12540] train/loss=0.2227  train/pred_loss=0.06756  train/sigreg_loss=1.725  train/emb_std=0.976  train/emb_norm=13.47  train/pred_vs_static=0.2707  train/grad_norm=0.6115  train/lr=4.977e-05  train/samples_per_sec=299.2
2026-10-04 11:15:21 [  12560] train/loss=0.2245  train/pred_loss=0.06788  train/sigreg_loss=1.74  train/emb_std=0.9764  train/emb_norm=13.46  train/pred_vs_static=0.281  train/grad_norm=0.5947  train/lr=4.977e-05  train/samples_per_sec=298.8
2026-10-04 11:15:29 [  12580] train/loss=0.2238  train/pred_loss=0.06891  train/sigreg_loss=1.722  train/emb_std=0.9771  train/emb_norm=13.48  train/pred_vs_static=0.2737  train/grad_norm=0.6008  train/lr=4.977e-05  train/samples_per_sec=299.1
2026-10-04 11:15:38 [  12600] train/loss=0.2288  train/pred_loss=0.06962  train/sigreg_loss=1.769  train/emb_std=0.9736  train/emb_norm=13.42  train/pred_vs_static=0.2865  train/grad_norm=0.645  train/lr=4.977e-05  train/samples_per_sec=299.1
2026-10-04 11:15:46 [  12620] train/loss=0.224  train/pred_loss=0.06837  train/sigreg_loss=1.73  train/emb_std=0.977  train/emb_norm=13.46  train/pred_vs_static=0.2803  train/grad_norm=0.6358  train/lr=4.976e-05  train/samples_per_sec=299.2
2026-10-04 11:15:55 [  12640] train/loss=0.2249  train/pred_loss=0.0704  train/sigreg_loss=1.717  train/emb_std=0.9773  train/emb_norm=13.47  train/pred_vs_static=0.2777  train/grad_norm=0.6338  train/lr=4.976e-05  train/samples_per_sec=299.4
2026-10-04 11:16:03 [  12660] train/loss=0.2229  train/pred_loss=0.0664  train/sigreg_loss=1.739  train/emb_std=0.9768  train/emb_norm=13.47  train/pred_vs_static=0.2705  train/grad_norm=0.5975  train/lr=4.976e-05  train/samples_per_sec=299.6
2026-10-04 11:16:11 [  12680] train/loss=0.2241  train/pred_loss=0.06773  train/sigreg_loss=1.738  train/emb_std=0.9764  train/emb_norm=13.47  train/pred_vs_static=0.2776  train/grad_norm=0.6075  train/lr=4.976e-05  train/samples_per_sec=299.8
2026-10-04 11:16:20 [  12700] train/loss=0.228  train/pred_loss=0.0694  train/sigreg_loss=1.762  train/emb_std=0.9758  train/emb_norm=13.45  train/pred_vs_static=0.2724  train/grad_norm=0.6161  train/lr=4.976e-05  train/samples_per_sec=300
2026-10-04 11:16:28 [  12720] train/loss=0.2222  train/pred_loss=0.06889  train/sigreg_loss=1.703  train/emb_std=0.9785  train/emb_norm=13.49  train/pred_vs_static=0.2758  train/grad_norm=0.6015  train/lr=4.976e-05  train/samples_per_sec=300.1
2026-10-04 11:16:37 [  12740] train/loss=0.2237  train/pred_loss=0.06798  train/sigreg_loss=1.73  train/emb_std=0.9756  train/emb_norm=13.46  train/pred_vs_static=0.275  train/grad_norm=0.6115  train/lr=4.976e-05  train/samples_per_sec=300
2026-10-04 11:16:45 [  12760] train/loss=0.2284  train/pred_loss=0.06967  train/sigreg_loss=1.762  train/emb_std=0.9768  train/emb_norm=13.47  train/pred_vs_static=0.2716  train/grad_norm=0.6276  train/lr=4.976e-05  train/samples_per_sec=300.1
2026-10-04 11:16:53 [  12780] train/loss=0.2241  train/pred_loss=0.06798  train/sigreg_loss=1.735  train/emb_std=0.976  train/emb_norm=13.47  train/pred_vs_static=0.2798  train/grad_norm=0.6226  train/lr=4.976e-05  train/samples_per_sec=300.3
2026-10-04 11:17:02 [  12800] train/loss=0.2289  train/pred_loss=0.06901  train/sigreg_loss=1.776  train/emb_std=0.9771  train/emb_norm=13.48  train/pred_vs_static=0.2712  train/grad_norm=0.6341  train/lr=4.975e-05  train/samples_per_sec=300.4
2026-10-04 11:17:10 [  12820] train/loss=0.2284  train/pred_loss=0.07099  train/sigreg_loss=1.75  train/emb_std=0.9746  train/emb_norm=13.45  train/pred_vs_static=0.2872  train/grad_norm=0.628  train/lr=4.975e-05  train/samples_per_sec=300.6
2026-10-04 11:17:18 [  12840] train/loss=0.2228  train/pred_loss=0.06771  train/sigreg_loss=1.724  train/emb_std=0.9764  train/emb_norm=13.47  train/pred_vs_static=0.2775  train/grad_norm=0.6141  train/lr=4.975e-05  train/samples_per_sec=300.7
2026-10-04 11:17:27 [  12860] train/loss=0.224  train/pred_loss=0.06535  train/sigreg_loss=1.764  train/emb_std=0.9742  train/emb_norm=13.44  train/pred_vs_static=0.2656  train/grad_norm=0.6137  train/lr=4.975e-05  train/samples_per_sec=300.9
2026-10-04 11:17:35 [  12880] train/loss=0.2248  train/pred_loss=0.06998  train/sigreg_loss=1.72  train/emb_std=0.9768  train/emb_norm=13.47  train/pred_vs_static=0.2783  train/grad_norm=0.6086  train/lr=4.975e-05  train/samples_per_sec=300.8
2026-10-04 11:17:44 [  12900] train/loss=0.2205  train/pred_loss=0.0682  train/sigreg_loss=1.693  train/emb_std=0.9781  train/emb_norm=13.5  train/pred_vs_static=0.2789  train/grad_norm=0.5859  train/lr=4.975e-05  train/samples_per_sec=301
2026-10-04 11:17:52 [  12920] train/loss=0.2233  train/pred_loss=0.06725  train/sigreg_loss=1.734  train/emb_std=0.9768  train/emb_norm=13.46  train/pred_vs_static=0.2678  train/grad_norm=0.6249  train/lr=4.975e-05  train/samples_per_sec=301.1
2026-10-04 11:18:00 [  12940] train/loss=0.2266  train/pred_loss=0.06743  train/sigreg_loss=1.768  train/emb_std=0.9756  train/emb_norm=13.46  train/pred_vs_static=0.2714  train/grad_norm=0.6151  train/lr=4.975e-05  train/samples_per_sec=301.3
2026-10-04 11:18:09 [  12960] train/loss=0.2234  train/pred_loss=0.06741  train/sigreg_loss=1.733  train/emb_std=0.9768  train/emb_norm=13.48  train/pred_vs_static=0.2702  train/grad_norm=0.5991  train/lr=4.975e-05  train/samples_per_sec=301.4
2026-10-04 11:18:17 [  12980] train/loss=0.227  train/pred_loss=0.06986  train/sigreg_loss=1.746  train/emb_std=0.977  train/emb_norm=13.48  train/pred_vs_static=0.2752  train/grad_norm=0.6164  train/lr=4.974e-05  train/samples_per_sec=301.5
2026-10-04 11:18:25 [  13000] train/loss=0.2238  train/pred_loss=0.06918  train/sigreg_loss=1.717  train/emb_std=0.9764  train/emb_norm=13.47  train/pred_vs_static=0.2737  train/grad_norm=0.6046  train/lr=4.974e-05  train/samples_per_sec=301.5
2026-10-04 11:18:34 [  13020] train/loss=0.2243  train/pred_loss=0.06696  train/sigreg_loss=1.748  train/emb_std=0.9779  train/emb_norm=13.48  train/pred_vs_static=0.2569  train/grad_norm=0.603  train/lr=4.974e-05  train/samples_per_sec=301.6
2026-10-04 11:18:42 [  13040] train/loss=0.2308  train/pred_loss=0.07093  train/sigreg_loss=1.776  train/emb_std=0.9748  train/emb_norm=13.45  train/pred_vs_static=0.2786  train/grad_norm=0.6164  train/lr=4.974e-05  train/samples_per_sec=301.7
2026-10-04 11:18:50 [  13060] train/loss=0.2209  train/pred_loss=0.06773  train/sigreg_loss=1.701  train/emb_std=0.9781  train/emb_norm=13.5  train/pred_vs_static=0.2678  train/grad_norm=0.6022  train/lr=4.974e-05  train/samples_per_sec=301.8
2026-10-04 11:18:59 [  13080] train/loss=0.2266  train/pred_loss=0.06869  train/sigreg_loss=1.754  train/emb_std=0.9766  train/emb_norm=13.48  train/pred_vs_static=0.2753  train/grad_norm=0.608  train/lr=4.974e-05  train/samples_per_sec=301.9
2026-10-04 11:19:07 [  13100] train/loss=0.2249  train/pred_loss=0.06911  train/sigreg_loss=1.731  train/emb_std=0.9762  train/emb_norm=13.47  train/pred_vs_static=0.2683  train/grad_norm=0.596  train/lr=4.974e-05  train/samples_per_sec=302.1
2026-10-04 11:19:15 [  13120] train/loss=0.2213  train/pred_loss=0.06604  train/sigreg_loss=1.727  train/emb_std=0.9764  train/emb_norm=13.48  train/pred_vs_static=0.2709  train/grad_norm=0.6203  train/lr=4.974e-05  train/samples_per_sec=302.1
2026-10-04 11:19:24 [  13140] train/loss=0.2268  train/pred_loss=0.06915  train/sigreg_loss=1.752  train/emb_std=0.9768  train/emb_norm=13.48  train/pred_vs_static=0.2726  train/grad_norm=0.618  train/lr=4.974e-05  train/samples_per_sec=302.1
2026-10-04 11:19:32 [  13160] train/loss=0.2259  train/pred_loss=0.06815  train/sigreg_loss=1.752  train/emb_std=0.975  train/emb_norm=13.45  train/pred_vs_static=0.2711  train/grad_norm=0.5974  train/lr=4.973e-05  train/samples_per_sec=302.2
2026-10-04 11:19:41 [  13180] train/loss=0.2255  train/pred_loss=0.06874  train/sigreg_loss=1.741  train/emb_std=0.974  train/emb_norm=13.43  train/pred_vs_static=0.2727  train/grad_norm=0.6012  train/lr=4.973e-05  train/samples_per_sec=302.3
2026-10-04 11:19:49 [  13200] train/loss=0.2245  train/pred_loss=0.06992  train/sigreg_loss=1.718  train/emb_std=0.9758  train/emb_norm=13.46  train/pred_vs_static=0.2741  train/grad_norm=0.6022  train/lr=4.973e-05  train/samples_per_sec=302.3
2026-10-04 11:19:58 [  13220] train/loss=0.2279  train/pred_loss=0.07025  train/sigreg_loss=1.753  train/emb_std=0.9762  train/emb_norm=13.45  train/pred_vs_static=0.2792  train/grad_norm=0.6276  train/lr=4.973e-05  train/samples_per_sec=302.2
2026-10-04 11:20:06 [  13240] train/loss=0.2219  train/pred_loss=0.06673  train/sigreg_loss=1.724  train/emb_std=0.9781  train/emb_norm=13.48  train/pred_vs_static=0.2559  train/grad_norm=0.6044  train/lr=4.973e-05  train/samples_per_sec=302.2
2026-10-04 11:20:14 [  13260] train/loss=0.2248  train/pred_loss=0.06808  train/sigreg_loss=1.742  train/emb_std=0.9754  train/emb_norm=13.45  train/pred_vs_static=0.277  train/grad_norm=0.6179  train/lr=4.973e-05  train/samples_per_sec=302.3
2026-10-04 11:20:23 [  13280] train/loss=0.2278  train/pred_loss=0.07014  train/sigreg_loss=1.752  train/emb_std=0.9768  train/emb_norm=13.48  train/pred_vs_static=0.2733  train/grad_norm=0.6201  train/lr=4.973e-05  train/samples_per_sec=302.3
2026-10-04 11:20:31 [  13300] train/loss=0.2228  train/pred_loss=0.06886  train/sigreg_loss=1.709  train/emb_std=0.9756  train/emb_norm=13.46  train/pred_vs_static=0.2689  train/grad_norm=0.6053  train/lr=4.973e-05  train/samples_per_sec=302.3
2026-10-04 11:20:40 [  13320] train/loss=0.2236  train/pred_loss=0.06964  train/sigreg_loss=1.71  train/emb_std=0.9764  train/emb_norm=13.48  train/pred_vs_static=0.2697  train/grad_norm=0.6036  train/lr=4.972e-05  train/samples_per_sec=302.4
2026-10-04 11:20:48 [  13340] train/loss=0.2232  train/pred_loss=0.06932  train/sigreg_loss=1.711  train/emb_std=0.9756  train/emb_norm=13.45  train/pred_vs_static=0.2707  train/grad_norm=0.5935  train/lr=4.972e-05  train/samples_per_sec=302.5
2026-10-04 11:20:57 [  13360] train/loss=0.2218  train/pred_loss=0.0683  train/sigreg_loss=1.706  train/emb_std=0.976  train/emb_norm=13.46  train/pred_vs_static=0.2672  train/grad_norm=0.5981  train/lr=4.972e-05  train/samples_per_sec=302.4
2026-10-04 11:21:05 [  13380] train/loss=0.2235  train/pred_loss=0.069  train/sigreg_loss=1.717  train/emb_std=0.9768  train/emb_norm=13.47  train/pred_vs_static=0.2734  train/grad_norm=0.6398  train/lr=4.972e-05  train/samples_per_sec=302.4
2026-10-04 11:21:14 [  13400] train/loss=0.2245  train/pred_loss=0.06657  train/sigreg_loss=1.754  train/emb_std=0.9768  train/emb_norm=13.47  train/pred_vs_static=0.2671  train/grad_norm=0.6122  train/lr=4.972e-05  train/samples_per_sec=302.3
2026-10-04 11:21:22 [  13420] train/loss=0.2237  train/pred_loss=0.06991  train/sigreg_loss=1.709  train/emb_std=0.9771  train/emb_norm=13.48  train/pred_vs_static=0.277  train/grad_norm=0.6058  train/lr=4.972e-05  train/samples_per_sec=302.2
2026-10-04 11:21:31 [  13440] train/loss=0.2214  train/pred_loss=0.06745  train/sigreg_loss=1.712  train/emb_std=0.9768  train/emb_norm=13.47  train/pred_vs_static=0.271  train/grad_norm=0.6029  train/lr=4.972e-05  train/samples_per_sec=302.2
2026-10-04 11:21:39 [  13460] train/loss=0.2215  train/pred_loss=0.06815  train/sigreg_loss=1.704  train/emb_std=0.9768  train/emb_norm=13.47  train/pred_vs_static=0.2644  train/grad_norm=0.594  train/lr=4.972e-05  train/samples_per_sec=302.2
2026-10-04 11:21:48 [  13480] train/loss=0.2227  train/pred_loss=0.06721  train/sigreg_loss=1.727  train/emb_std=0.976  train/emb_norm=13.47  train/pred_vs_static=0.2678  train/grad_norm=0.6168  train/lr=4.972e-05  train/samples_per_sec=302.2
2026-10-04 11:21:56 [  13500] train/loss=0.219  train/pred_loss=0.06672  train/sigreg_loss=1.691  train/emb_std=0.9764  train/emb_norm=13.47  train/pred_vs_static=0.2689  train/grad_norm=0.5977  train/lr=4.971e-05  train/samples_per_sec=302.3
2026-10-04 11:22:05 [  13520] train/loss=0.2219  train/pred_loss=0.06849  train/sigreg_loss=1.705  train/emb_std=0.9766  train/emb_norm=13.47  train/pred_vs_static=0.2779  train/grad_norm=0.6263  train/lr=4.971e-05  train/samples_per_sec=302.3
2026-10-04 11:22:13 [  13540] train/loss=0.2212  train/pred_loss=0.06812  train/sigreg_loss=1.703  train/emb_std=0.9756  train/emb_norm=13.45  train/pred_vs_static=0.2726  train/grad_norm=0.6178  train/lr=4.971e-05  train/samples_per_sec=302.2
2026-10-04 11:22:21 [  13560] train/loss=0.2235  train/pred_loss=0.06957  train/sigreg_loss=1.711  train/emb_std=0.9748  train/emb_norm=13.45  train/pred_vs_static=0.2797  train/grad_norm=0.6046  train/lr=4.971e-05  train/samples_per_sec=302.3
2026-10-04 11:22:30 [  13580] train/loss=0.2264  train/pred_loss=0.07086  train/sigreg_loss=1.729  train/emb_std=0.9752  train/emb_norm=13.46  train/pred_vs_static=0.2734  train/grad_norm=0.6061  train/lr=4.971e-05  train/samples_per_sec=302.4
2026-10-04 11:22:38 [  13600] train/loss=0.2237  train/pred_loss=0.06914  train/sigreg_loss=1.716  train/emb_std=0.9756  train/emb_norm=13.45  train/pred_vs_static=0.2722  train/grad_norm=0.6023  train/lr=4.971e-05  train/samples_per_sec=302.4
2026-10-04 11:22:47 [  13620] train/loss=0.2199  train/pred_loss=0.0674  train/sigreg_loss=1.695  train/emb_std=0.9783  train/emb_norm=13.49  train/pred_vs_static=0.2639  train/grad_norm=0.6042  train/lr=4.971e-05  train/samples_per_sec=302.4
2026-10-04 11:22:55 [  13640] train/loss=0.2245  train/pred_loss=0.0705  train/sigreg_loss=1.71  train/emb_std=0.9766  train/emb_norm=13.48  train/pred_vs_static=0.28  train/grad_norm=0.6082  train/lr=4.971e-05  train/samples_per_sec=302.5
2026-10-04 11:23:03 [  13660] train/loss=0.22  train/pred_loss=0.06576  train/sigreg_loss=1.713  train/emb_std=0.9771  train/emb_norm=13.47  train/pred_vs_static=0.274  train/grad_norm=0.5964  train/lr=4.97e-05  train/samples_per_sec=302.6
2026-10-04 11:23:12 [  13680] train/loss=0.2224  train/pred_loss=0.06698  train/sigreg_loss=1.728  train/emb_std=0.9764  train/emb_norm=13.47  train/pred_vs_static=0.269  train/grad_norm=0.5991  train/lr=4.97e-05  train/samples_per_sec=302.5
2026-10-04 11:23:20 [  13700] train/loss=0.222  train/pred_loss=0.06767  train/sigreg_loss=1.716  train/emb_std=0.9777  train/emb_norm=13.47  train/pred_vs_static=0.2708  train/grad_norm=0.6144  train/lr=4.97e-05  train/samples_per_sec=302.5
2026-10-04 11:23:29 [  13720] train/loss=0.2271  train/pred_loss=0.06794  train/sigreg_loss=1.767  train/emb_std=0.9783  train/emb_norm=13.48  train/pred_vs_static=0.2736  train/grad_norm=0.6048  train/lr=4.97e-05  train/samples_per_sec=302.5
2026-10-04 11:23:37 [  13740] train/loss=0.2212  train/pred_loss=0.06674  train/sigreg_loss=1.716  train/emb_std=0.977  train/emb_norm=13.47  train/pred_vs_static=0.2712  train/grad_norm=0.6019  train/lr=4.97e-05  train/samples_per_sec=302.4
2026-10-04 11:23:46 [  13760] train/loss=0.2235  train/pred_loss=0.07035  train/sigreg_loss=1.702  train/emb_std=0.9773  train/emb_norm=13.48  train/pred_vs_static=0.2747  train/grad_norm=0.6118  train/lr=4.97e-05  train/samples_per_sec=302.4
2026-10-04 11:23:54 [  13780] train/loss=0.2239  train/pred_loss=0.06837  train/sigreg_loss=1.727  train/emb_std=0.9766  train/emb_norm=13.46  train/pred_vs_static=0.2701  train/grad_norm=0.6169  train/lr=4.97e-05  train/samples_per_sec=302.5
2026-10-04 11:24:02 [  13800] train/loss=0.2241  train/pred_loss=0.0693  train/sigreg_loss=1.721  train/emb_std=0.9773  train/emb_norm=13.48  train/pred_vs_static=0.2713  train/grad_norm=0.6134  train/lr=4.97e-05  train/samples_per_sec=302.5
2026-10-04 11:24:11 [  13820] train/loss=0.2247  train/pred_loss=0.06984  train/sigreg_loss=1.721  train/emb_std=0.9756  train/emb_norm=13.46  train/pred_vs_static=0.2751  train/grad_norm=0.6026  train/lr=4.969e-05  train/samples_per_sec=302.5
2026-10-04 11:24:19 [  13840] train/loss=0.2197  train/pred_loss=0.06541  train/sigreg_loss=1.714  train/emb_std=0.9768  train/emb_norm=13.47  train/pred_vs_static=0.2682  train/grad_norm=0.6013  train/lr=4.969e-05  train/samples_per_sec=302.5
2026-10-04 11:24:28 [  13860] train/loss=0.2236  train/pred_loss=0.06784  train/sigreg_loss=1.731  train/emb_std=0.9758  train/emb_norm=13.45  train/pred_vs_static=0.266  train/grad_norm=0.6133  train/lr=4.969e-05  train/samples_per_sec=302.4
2026-10-04 11:24:37 [  13880] train/loss=0.2222  train/pred_loss=0.06715  train/sigreg_loss=1.723  train/emb_std=0.9752  train/emb_norm=13.45  train/pred_vs_static=0.2681  train/grad_norm=0.6067  train/lr=4.969e-05  train/samples_per_sec=302.5
2026-10-04 11:24:45 [  13900] train/loss=0.2236  train/pred_loss=0.06933  train/sigreg_loss=1.712  train/emb_std=0.9797  train/emb_norm=13.51  train/pred_vs_static=0.2727  train/grad_norm=0.6059  train/lr=4.969e-05  train/samples_per_sec=302.4
2026-10-04 11:24:53 [  13920] train/loss=0.2181  train/pred_loss=0.06437  train/sigreg_loss=1.708  train/emb_std=0.9783  train/emb_norm=13.48  train/pred_vs_static=0.2515  train/grad_norm=0.5924  train/lr=4.969e-05  train/samples_per_sec=302.5
2026-10-04 11:25:02 [  13940] train/loss=0.2197  train/pred_loss=0.06506  train/sigreg_loss=1.718  train/emb_std=0.9768  train/emb_norm=13.45  train/pred_vs_static=0.2657  train/grad_norm=0.5886  train/lr=4.969e-05  train/samples_per_sec=302.5
2026-10-04 11:25:10 [  13960] train/loss=0.2209  train/pred_loss=0.06595  train/sigreg_loss=1.722  train/emb_std=0.9773  train/emb_norm=13.48  train/pred_vs_static=0.2566  train/grad_norm=0.6048  train/lr=4.969e-05  train/samples_per_sec=302.6
2026-10-04 11:25:18 [  13980] train/loss=0.2258  train/pred_loss=0.07275  train/sigreg_loss=1.702  train/emb_std=0.976  train/emb_norm=13.47  train/pred_vs_static=0.2822  train/grad_norm=0.6228  train/lr=4.968e-05  train/samples_per_sec=302.6
2026-10-04 11:25:27 [  14000] train/loss=0.2228  train/pred_loss=0.06831  train/sigreg_loss=1.717  train/emb_std=0.9764  train/emb_norm=13.47  train/pred_vs_static=0.2691  train/grad_norm=0.6163  train/lr=4.968e-05  train/samples_per_sec=302.7
2026-10-04 11:25:27 [  14000] train_epoch/loss=0.2245  train_epoch/pred_loss=0.06858  train_epoch/sigreg_loss=1.732  train_epoch/emb_std=0.9763  train_epoch/emb_norm=13.47  train_epoch/pred_vs_static=0.2739  train_epoch/grad_norm=0.6128  train_epoch/lr=4.974e-05  train_epoch/epoch=6
2026-10-04 11:25:39 [  14000] val/loss=0.8217  val/pred_loss=0.07214  val/sigreg_loss=8.33  val/emb_std=0.9623  val/emb_norm=13.94  val/pred_vs_static=0.2653  val/epoch=6
2026-10-04 11:25:39 epoch   6 | val pred_vs_static 0.26532 | best 0.26532 @ epoch 6 | saved epoch_006.pt
2026-10-04 11:25:39 === finished 2026-10-04 11:25:39 ===
