2026-09-16 07:05:05 === run oracle_full (exp_1789542305) started 2026-09-16 07:05:05 ===
2026-09-16 07:05:05 config: {"run_name": "oracle_full", "out_dir": "/home/world-models/lewm-cus/checkpoints", "exp_id": "exp_1789542305", "seed": 3072, "device": "cuda", "compile": false, "data": {"h5_path": "/home/world-models/.stable_worldmodel/datasets/ogbench/cube_single_expert.h5", "frameskip": 5, "history": 3, "num_preds": 1, "img_size": 224, "obs_key": "observation", "max_episodes": null, "val_episodes": 200, "stats_path": null, "stats_max_rows": 200000, "rdcc_mb": 256}, "model": {"encoder": "mlp", "vit_name": "vit_tiny_patch16_224", "vit_pretrained": false, "vit_pool": "cls", "mlp_hidden": 512, "embed_dim": 192, "act_smooth_dim": 64, "act_mlp_scale": 4, "depth": 6, "heads": 6, "dim_head": 64, "mlp_dim": 768, "dropout": 0.1, "use_projector": true, "proj_hidden": 1024, "proj_norm": "batch", "cost": "final_mse"}, "optim": {"epochs": 100, "batch_size": 512, "lr": 0.0003, "weight_decay": 0.001, "betas": [0.9, 0.999], "warmup_epochs": 2.0, "min_lr_scale": 0.01, "grad_clip": 1.0, "amp_dtype": "bf16", "num_workers": 6, "prefetch_factor": 4, "persistent_workers": true, "pin_memory": true, "steps_per_epoch": 2000, "val_steps": 100, "log_every": 20, "ckpt_every": 1, "select_metric": "pred_vs_static"}, "loss": {"sigreg_weight": 0.09, "sigreg_knots": 17, "sigreg_proj": 1024}, "plan": {"solver": "cem", "horizon": 5, "receding_horizon": 5, "action_block": 5, "history_len": 1, "warm_start": true, "num_samples": 300, "n_iters": 30, "topk": 30, "var_scale": 1.0, "momentum": 0.1, "min_std": 0.01, "temperature": 1.0, "chunk_size": 0}, "eval": {"num_eval": 50, "goal_offset": 25, "eval_budget": 50, "min_goal_distance": 0.1, "env_id": "swm/OGBCube-v0", "env_type": "single", "terminate_at_goal": true, "save_video": true, "video_fps": 10}, "rollout": {"num_sequences": 256, "horizon": 10, "batch_size": 32, "retrieval_video": true, "retrieval_bank": 2048, "num_videos": 4}, "wandb": {"enabled": true, "project": "lewm-cus", "entity": "maheshr19e0-vnrvjietofficial", "name": "oracle_full", "mode": "online"}}
2026-09-16 07:05:09 [     20] train/loss=11.89  train/pred_loss=0.2509  train/sigreg_loss=129.2  train/emb_std=0.3751  train/emb_norm=5.182  train/pred_vs_static=2.614  train/grad_norm=11.58  train/lr=7.875e-07  train/samples_per_sec=3789
2026-09-16 07:05:10 [     40] train/loss=11.86  train/pred_loss=0.248  train/sigreg_loss=129  train/emb_std=0.3795  train/emb_norm=5.146  train/pred_vs_static=2.606  train/grad_norm=11.5  train/lr=2.287e-06  train/samples_per_sec=6129
2026-09-16 07:05:11 [     60] train/loss=11.65  train/pred_loss=0.2454  train/sigreg_loss=126.7  train/emb_std=0.3866  train/emb_norm=5.21  train/pred_vs_static=2.599  train/grad_norm=11.54  train/lr=3.787e-06  train/samples_per_sec=7727
2026-09-16 07:05:11 [     80] train/loss=11.01  train/pred_loss=0.2423  train/sigreg_loss=119.6  train/emb_std=0.3994  train/emb_norm=5.44  train/pred_vs_static=2.429  train/grad_norm=11.57  train/lr=5.287e-06  train/samples_per_sec=8884
2026-09-16 07:05:12 [    100] train/loss=10.43  train/pred_loss=0.2397  train/sigreg_loss=113.1  train/emb_std=0.4168  train/emb_norm=5.671  train/pred_vs_static=2.229  train/grad_norm=11.54  train/lr=6.787e-06  train/samples_per_sec=9761
2026-09-16 07:05:13 [    120] train/loss=9.802  train/pred_loss=0.2367  train/sigreg_loss=106.3  train/emb_std=0.4368  train/emb_norm=5.9  train/pred_vs_static=2.116  train/grad_norm=11.58  train/lr=8.287e-06  train/samples_per_sec=1.045e+04
2026-09-16 07:05:13 [    140] train/loss=8.789  train/pred_loss=0.234  train/sigreg_loss=95.05  train/emb_std=0.4674  train/emb_norm=6.365  train/pred_vs_static=1.94  train/grad_norm=11.28  train/lr=9.787e-06  train/samples_per_sec=1.1e+04
2026-09-16 07:05:14 [    160] train/loss=7.907  train/pred_loss=0.2301  train/sigreg_loss=85.33  train/emb_std=0.5008  train/emb_norm=6.787  train/pred_vs_static=1.801  train/grad_norm=11.02  train/lr=1.129e-05  train/samples_per_sec=1.145e+04
2026-09-16 07:05:15 [    180] train/loss=6.827  train/pred_loss=0.2253  train/sigreg_loss=73.4  train/emb_std=0.5424  train/emb_norm=7.357  train/pred_vs_static=1.618  train/grad_norm=10.5  train/lr=1.279e-05  train/samples_per_sec=1.183e+04
2026-09-16 07:05:15 [    200] train/loss=5.68  train/pred_loss=0.2192  train/sigreg_loss=60.66  train/emb_std=0.592  train/emb_norm=8.054  train/pred_vs_static=1.437  train/grad_norm=9.48  train/lr=1.429e-05  train/samples_per_sec=1.215e+04
2026-09-16 07:05:16 [    220] train/loss=4.798  train/pred_loss=0.2099  train/sigreg_loss=50.95  train/emb_std=0.6461  train/emb_norm=8.774  train/pred_vs_static=1.274  train/grad_norm=8.493  train/lr=1.579e-05  train/samples_per_sec=1.243e+04
2026-09-16 07:05:16 [    240] train/loss=3.772  train/pred_loss=0.202  train/sigreg_loss=39.66  train/emb_std=0.7102  train/emb_norm=9.662  train/pred_vs_static=1.1  train/grad_norm=6.837  train/lr=1.729e-05  train/samples_per_sec=1.267e+04
2026-09-16 07:05:17 [    260] train/loss=3.017  train/pred_loss=0.1916  train/sigreg_loss=31.37  train/emb_std=0.7793  train/emb_norm=10.61  train/pred_vs_static=0.9394  train/grad_norm=5.378  train/lr=1.879e-05  train/samples_per_sec=1.287e+04
2026-09-16 07:05:18 [    280] train/loss=2.421  train/pred_loss=0.1747  train/sigreg_loss=24.95  train/emb_std=0.8436  train/emb_norm=11.51  train/pred_vs_static=0.7556  train/grad_norm=4.069  train/lr=2.029e-05  train/samples_per_sec=1.306e+04
2026-09-16 07:05:18 [    300] train/loss=2.01  train/pred_loss=0.1532  train/sigreg_loss=20.64  train/emb_std=0.8947  train/emb_norm=12.23  train/pred_vs_static=0.5999  train/grad_norm=3.263  train/lr=2.179e-05  train/samples_per_sec=1.322e+04
2026-09-16 07:05:19 [    320] train/loss=1.789  train/pred_loss=0.1314  train/sigreg_loss=18.42  train/emb_std=0.9219  train/emb_norm=12.62  train/pred_vs_static=0.4823  train/grad_norm=2.856  train/lr=2.329e-05  train/samples_per_sec=1.337e+04
2026-09-16 07:05:20 [    340] train/loss=1.582  train/pred_loss=0.1148  train/sigreg_loss=16.29  train/emb_std=0.9396  train/emb_norm=12.89  train/pred_vs_static=0.4055  train/grad_norm=2.55  train/lr=2.479e-05  train/samples_per_sec=1.35e+04
2026-09-16 07:05:20 [    360] train/loss=1.452  train/pred_loss=0.1024  train/sigreg_loss=14.99  train/emb_std=0.9535  train/emb_norm=13.1  train/pred_vs_static=0.3461  train/grad_norm=2.342  train/lr=2.629e-05  train/samples_per_sec=1.362e+04
2026-09-16 07:05:21 [    380] train/loss=1.352  train/pred_loss=0.0913  train/sigreg_loss=14.01  train/emb_std=0.9639  train/emb_norm=13.27  train/pred_vs_static=0.3046  train/grad_norm=2.152  train/lr=2.779e-05  train/samples_per_sec=1.373e+04
2026-09-16 07:05:22 [    400] train/loss=1.303  train/pred_loss=0.08288  train/sigreg_loss=13.55  train/emb_std=0.9695  train/emb_norm=13.35  train/pred_vs_static=0.2628  train/grad_norm=2.074  train/lr=2.929e-05  train/samples_per_sec=1.383e+04
2026-09-16 07:05:22 [    420] train/loss=1.256  train/pred_loss=0.07549  train/sigreg_loss=13.11  train/emb_std=0.9693  train/emb_norm=13.34  train/pred_vs_static=0.2315  train/grad_norm=2.048  train/lr=3.079e-05  train/samples_per_sec=1.392e+04
2026-09-16 07:05:23 [    440] train/loss=1.205  train/pred_loss=0.07031  train/sigreg_loss=12.61  train/emb_std=0.9777  train/emb_norm=13.45  train/pred_vs_static=0.207  train/grad_norm=1.969  train/lr=3.229e-05  train/samples_per_sec=1.401e+04
2026-09-16 07:05:23 [    460] train/loss=1.172  train/pred_loss=0.06702  train/sigreg_loss=12.27  train/emb_std=0.9768  train/emb_norm=13.42  train/pred_vs_static=0.1871  train/grad_norm=1.926  train/lr=3.379e-05  train/samples_per_sec=1.409e+04
2026-09-16 07:05:24 [    480] train/loss=1.164  train/pred_loss=0.06678  train/sigreg_loss=12.19  train/emb_std=0.9732  train/emb_norm=13.35  train/pred_vs_static=0.1807  train/grad_norm=1.961  train/lr=3.529e-05  train/samples_per_sec=1.416e+04
2026-09-16 07:05:25 [    500] train/loss=1.099  train/pred_loss=0.06138  train/sigreg_loss=11.53  train/emb_std=0.99  train/emb_norm=13.58  train/pred_vs_static=0.1551  train/grad_norm=1.826  train/lr=3.679e-05  train/samples_per_sec=1.423e+04
2026-09-16 07:05:25 [    520] train/loss=1.071  train/pred_loss=0.05921  train/sigreg_loss=11.24  train/emb_std=0.9838  train/emb_norm=13.47  train/pred_vs_static=0.1477  train/grad_norm=1.786  train/lr=3.829e-05  train/samples_per_sec=1.429e+04
2026-09-16 07:05:26 [    540] train/loss=1.056  train/pred_loss=0.05568  train/sigreg_loss=11.12  train/emb_std=0.99  train/emb_norm=13.56  train/pred_vs_static=0.134  train/grad_norm=1.767  train/lr=3.979e-05  train/samples_per_sec=1.435e+04
2026-09-16 07:05:27 [    560] train/loss=1.02  train/pred_loss=0.05321  train/sigreg_loss=10.74  train/emb_std=0.9922  train/emb_norm=13.59  train/pred_vs_static=0.1243  train/grad_norm=1.703  train/lr=4.129e-05  train/samples_per_sec=1.441e+04
2026-09-16 07:05:27 [    580] train/loss=1.006  train/pred_loss=0.053  train/sigreg_loss=10.58  train/emb_std=0.9873  train/emb_norm=13.5  train/pred_vs_static=0.1215  train/grad_norm=1.712  train/lr=4.279e-05  train/samples_per_sec=1.446e+04
2026-09-16 07:05:28 [    600] train/loss=0.985  train/pred_loss=0.05123  train/sigreg_loss=10.37  train/emb_std=0.9934  train/emb_norm=13.6  train/pred_vs_static=0.1134  train/grad_norm=1.652  train/lr=4.429e-05  train/samples_per_sec=1.451e+04
2026-09-16 07:05:29 [    620] train/loss=0.9781  train/pred_loss=0.05155  train/sigreg_loss=10.3  train/emb_std=0.9895  train/emb_norm=13.52  train/pred_vs_static=0.1123  train/grad_norm=1.68  train/lr=4.579e-05  train/samples_per_sec=1.455e+04
2026-09-16 07:05:29 [    640] train/loss=0.9574  train/pred_loss=0.05034  train/sigreg_loss=10.08  train/emb_std=0.9969  train/emb_norm=13.62  train/pred_vs_static=0.1023  train/grad_norm=1.629  train/lr=4.729e-05  train/samples_per_sec=1.46e+04
2026-09-16 07:05:30 [    660] train/loss=0.9182  train/pred_loss=0.05042  train/sigreg_loss=9.644  train/emb_std=0.9951  train/emb_norm=13.59  train/pred_vs_static=0.1003  train/grad_norm=1.599  train/lr=4.879e-05  train/samples_per_sec=1.464e+04
2026-09-16 07:05:30 [    680] train/loss=0.9034  train/pred_loss=0.05029  train/sigreg_loss=9.478  train/emb_std=1  train/emb_norm=13.65  train/pred_vs_static=0.09708  train/grad_norm=1.59  train/lr=5.029e-05  train/samples_per_sec=1.467e+04
2026-09-16 07:05:31 [    700] train/loss=0.894  train/pred_loss=0.04968  train/sigreg_loss=9.387  train/emb_std=0.9961  train/emb_norm=13.61  train/pred_vs_static=0.09505  train/grad_norm=1.567  train/lr=5.179e-05  train/samples_per_sec=1.471e+04
2026-09-16 07:05:32 [    720] train/loss=0.8605  train/pred_loss=0.04954  train/sigreg_loss=9.012  train/emb_std=0.9979  train/emb_norm=13.61  train/pred_vs_static=0.09269  train/grad_norm=1.544  train/lr=5.329e-05  train/samples_per_sec=1.474e+04
2026-09-16 07:05:32 [    740] train/loss=0.8379  train/pred_loss=0.05022  train/sigreg_loss=8.753  train/emb_std=1.001  train/emb_norm=13.66  train/pred_vs_static=0.09148  train/grad_norm=1.495  train/lr=5.479e-05  train/samples_per_sec=1.477e+04
2026-09-16 07:05:33 [    760] train/loss=0.8101  train/pred_loss=0.0505  train/sigreg_loss=8.441  train/emb_std=0.9988  train/emb_norm=13.63  train/pred_vs_static=0.09225  train/grad_norm=1.474  train/lr=5.629e-05  train/samples_per_sec=1.48e+04
2026-09-16 07:05:34 [    780] train/loss=0.779  train/pred_loss=0.05182  train/sigreg_loss=8.08  train/emb_std=0.9998  train/emb_norm=13.63  train/pred_vs_static=0.09357  train/grad_norm=1.443  train/lr=5.779e-05  train/samples_per_sec=1.483e+04
2026-09-16 07:05:34 [    800] train/loss=0.7663  train/pred_loss=0.0519  train/sigreg_loss=7.931  train/emb_std=1.004  train/emb_norm=13.69  train/pred_vs_static=0.09078  train/grad_norm=1.411  train/lr=5.929e-05  train/samples_per_sec=1.486e+04
2026-09-16 07:05:35 [    820] train/loss=0.7323  train/pred_loss=0.05146  train/sigreg_loss=7.562  train/emb_std=0.9979  train/emb_norm=13.61  train/pred_vs_static=0.09049  train/grad_norm=1.386  train/lr=6.079e-05  train/samples_per_sec=1.488e+04
2026-09-16 07:05:36 [    840] train/loss=0.7075  train/pred_loss=0.05149  train/sigreg_loss=7.287  train/emb_std=1.005  train/emb_norm=13.71  train/pred_vs_static=0.0899  train/grad_norm=1.35  train/lr=6.229e-05  train/samples_per_sec=1.491e+04
2026-09-16 07:05:36 [    860] train/loss=0.6891  train/pred_loss=0.05162  train/sigreg_loss=7.086  train/emb_std=1.002  train/emb_norm=13.66  train/pred_vs_static=0.09101  train/grad_norm=1.316  train/lr=6.379e-05  train/samples_per_sec=1.493e+04
2026-09-16 07:05:37 [    880] train/loss=0.6691  train/pred_loss=0.05172  train/sigreg_loss=6.858  train/emb_std=1.007  train/emb_norm=13.74  train/pred_vs_static=0.08956  train/grad_norm=1.318  train/lr=6.529e-05  train/samples_per_sec=1.496e+04
2026-09-16 07:05:37 [    900] train/loss=0.6429  train/pred_loss=0.0521  train/sigreg_loss=6.564  train/emb_std=1.003  train/emb_norm=13.67  train/pred_vs_static=0.0905  train/grad_norm=1.279  train/lr=6.679e-05  train/samples_per_sec=1.498e+04
2026-09-16 07:05:38 [    920] train/loss=0.6237  train/pred_loss=0.05139  train/sigreg_loss=6.361  train/emb_std=1.008  train/emb_norm=13.75  train/pred_vs_static=0.08868  train/grad_norm=1.251  train/lr=6.829e-05  train/samples_per_sec=1.5e+04
2026-09-16 07:05:39 [    940] train/loss=0.5977  train/pred_loss=0.05141  train/sigreg_loss=6.066  train/emb_std=1.004  train/emb_norm=13.7  train/pred_vs_static=0.0897  train/grad_norm=1.228  train/lr=6.979e-05  train/samples_per_sec=1.502e+04
2026-09-16 07:05:39 [    960] train/loss=0.5812  train/pred_loss=0.0517  train/sigreg_loss=5.883  train/emb_std=1.005  train/emb_norm=13.71  train/pred_vs_static=0.08975  train/grad_norm=1.206  train/lr=7.129e-05  train/samples_per_sec=1.504e+04
2026-09-16 07:05:40 [    980] train/loss=0.5632  train/pred_loss=0.05164  train/sigreg_loss=5.684  train/emb_std=1.006  train/emb_norm=13.73  train/pred_vs_static=0.09019  train/grad_norm=1.174  train/lr=7.279e-05  train/samples_per_sec=1.506e+04
2026-09-16 07:05:41 [   1000] train/loss=0.5497  train/pred_loss=0.0516  train/sigreg_loss=5.533  train/emb_std=1.007  train/emb_norm=13.75  train/pred_vs_static=0.08967  train/grad_norm=1.165  train/lr=7.429e-05  train/samples_per_sec=1.507e+04
2026-09-16 07:05:41 [   1020] train/loss=0.5366  train/pred_loss=0.05166  train/sigreg_loss=5.389  train/emb_std=1.008  train/emb_norm=13.76  train/pred_vs_static=0.0911  train/grad_norm=1.153  train/lr=7.579e-05  train/samples_per_sec=1.509e+04
2026-09-16 07:05:42 [   1040] train/loss=0.519  train/pred_loss=0.05109  train/sigreg_loss=5.198  train/emb_std=1.007  train/emb_norm=13.76  train/pred_vs_static=0.09057  train/grad_norm=1.134  train/lr=7.729e-05  train/samples_per_sec=1.511e+04
2026-09-16 07:05:43 [   1060] train/loss=0.5117  train/pred_loss=0.05099  train/sigreg_loss=5.119  train/emb_std=1.006  train/emb_norm=13.75  train/pred_vs_static=0.09027  train/grad_norm=1.118  train/lr=7.879e-05  train/samples_per_sec=1.513e+04
2026-09-16 07:05:43 [   1080] train/loss=0.495  train/pred_loss=0.05076  train/sigreg_loss=4.934  train/emb_std=1.009  train/emb_norm=13.79  train/pred_vs_static=0.09114  train/grad_norm=1.083  train/lr=8.029e-05  train/samples_per_sec=1.514e+04
2026-09-16 07:05:44 [   1100] train/loss=0.4854  train/pred_loss=0.05094  train/sigreg_loss=4.828  train/emb_std=1.008  train/emb_norm=13.78  train/pred_vs_static=0.09102  train/grad_norm=1.087  train/lr=8.179e-05  train/samples_per_sec=1.516e+04
2026-09-16 07:05:45 [   1120] train/loss=0.4735  train/pred_loss=0.04962  train/sigreg_loss=4.709  train/emb_std=1.007  train/emb_norm=13.79  train/pred_vs_static=0.08964  train/grad_norm=1.068  train/lr=8.329e-05  train/samples_per_sec=1.518e+04
2026-09-16 07:05:45 [   1140] train/loss=0.4739  train/pred_loss=0.05075  train/sigreg_loss=4.698  train/emb_std=1.008  train/emb_norm=13.79  train/pred_vs_static=0.09171  train/grad_norm=1.066  train/lr=8.479e-05  train/samples_per_sec=1.519e+04
2026-09-16 07:05:46 [   1160] train/loss=0.4612  train/pred_loss=0.05055  train/sigreg_loss=4.561  train/emb_std=1.007  train/emb_norm=13.77  train/pred_vs_static=0.09318  train/grad_norm=1.083  train/lr=8.629e-05  train/samples_per_sec=1.52e+04
2026-09-16 07:05:46 [   1180] train/loss=0.4475  train/pred_loss=0.04872  train/sigreg_loss=4.433  train/emb_std=1.006  train/emb_norm=13.78  train/pred_vs_static=0.0912  train/grad_norm=1.052  train/lr=8.779e-05  train/samples_per_sec=1.522e+04
2026-09-16 07:05:47 [   1200] train/loss=0.4375  train/pred_loss=0.04956  train/sigreg_loss=4.309  train/emb_std=1.008  train/emb_norm=13.78  train/pred_vs_static=0.09194  train/grad_norm=1.021  train/lr=8.929e-05  train/samples_per_sec=1.523e+04
2026-09-16 07:05:48 [   1220] train/loss=0.436  train/pred_loss=0.04732  train/sigreg_loss=4.319  train/emb_std=1.013  train/emb_norm=13.84  train/pred_vs_static=0.08784  train/grad_norm=1.014  train/lr=9.079e-05  train/samples_per_sec=1.524e+04
2026-09-16 07:05:48 [   1240] train/loss=0.4268  train/pred_loss=0.04757  train/sigreg_loss=4.211  train/emb_std=1.007  train/emb_norm=13.78  train/pred_vs_static=0.089  train/grad_norm=1.012  train/lr=9.229e-05  train/samples_per_sec=1.526e+04
2026-09-16 07:05:49 [   1260] train/loss=0.4233  train/pred_loss=0.04639  train/sigreg_loss=4.188  train/emb_std=1.009  train/emb_norm=13.82  train/pred_vs_static=0.08793  train/grad_norm=1.007  train/lr=9.379e-05  train/samples_per_sec=1.527e+04
2026-09-16 07:05:50 [   1280] train/loss=0.4137  train/pred_loss=0.04661  train/sigreg_loss=4.077  train/emb_std=1.007  train/emb_norm=13.79  train/pred_vs_static=0.08856  train/grad_norm=0.9801  train/lr=9.529e-05  train/samples_per_sec=1.528e+04
2026-09-16 07:05:50 [   1300] train/loss=0.3995  train/pred_loss=0.04633  train/sigreg_loss=3.92  train/emb_std=1.007  train/emb_norm=13.79  train/pred_vs_static=0.08853  train/grad_norm=0.978  train/lr=9.679e-05  train/samples_per_sec=1.529e+04
2026-09-16 07:05:51 [   1320] train/loss=0.4042  train/pred_loss=0.04566  train/sigreg_loss=3.982  train/emb_std=1.01  train/emb_norm=13.82  train/pred_vs_static=0.08787  train/grad_norm=0.9742  train/lr=9.829e-05  train/samples_per_sec=1.53e+04
2026-09-16 07:05:52 [   1340] train/loss=0.3945  train/pred_loss=0.04528  train/sigreg_loss=3.879  train/emb_std=1.007  train/emb_norm=13.79  train/pred_vs_static=0.08762  train/grad_norm=0.9765  train/lr=9.979e-05  train/samples_per_sec=1.531e+04
2026-09-16 07:05:52 [   1360] train/loss=0.3889  train/pred_loss=0.04454  train/sigreg_loss=3.825  train/emb_std=1.007  train/emb_norm=13.8  train/pred_vs_static=0.08542  train/grad_norm=0.9547  train/lr=0.0001013  train/samples_per_sec=1.532e+04
2026-09-16 07:05:53 [   1380] train/loss=0.3897  train/pred_loss=0.04583  train/sigreg_loss=3.821  train/emb_std=1.009  train/emb_norm=13.82  train/pred_vs_static=0.08838  train/grad_norm=0.9643  train/lr=0.0001028  train/samples_per_sec=1.533e+04
2026-09-16 07:05:53 [   1400] train/loss=0.3811  train/pred_loss=0.04475  train/sigreg_loss=3.735  train/emb_std=1.007  train/emb_norm=13.81  train/pred_vs_static=0.08672  train/grad_norm=0.9489  train/lr=0.0001043  train/samples_per_sec=1.534e+04
2026-09-16 07:05:54 [   1420] train/loss=0.3812  train/pred_loss=0.04337  train/sigreg_loss=3.753  train/emb_std=1.008  train/emb_norm=13.82  train/pred_vs_static=0.08421  train/grad_norm=0.948  train/lr=0.0001058  train/samples_per_sec=1.535e+04
2026-09-16 07:05:55 [   1440] train/loss=0.3696  train/pred_loss=0.04302  train/sigreg_loss=3.63  train/emb_std=1.007  train/emb_norm=13.82  train/pred_vs_static=0.08295  train/grad_norm=0.9312  train/lr=0.0001073  train/samples_per_sec=1.536e+04
2026-09-16 07:05:55 [   1460] train/loss=0.3744  train/pred_loss=0.043  train/sigreg_loss=3.684  train/emb_std=1.006  train/emb_norm=13.8  train/pred_vs_static=0.08302  train/grad_norm=0.9407  train/lr=0.0001088  train/samples_per_sec=1.537e+04
2026-09-16 07:05:56 [   1480] train/loss=0.3652  train/pred_loss=0.04227  train/sigreg_loss=3.589  train/emb_std=1.007  train/emb_norm=13.81  train/pred_vs_static=0.08241  train/grad_norm=0.9361  train/lr=0.0001103  train/samples_per_sec=1.538e+04
2026-09-16 07:05:57 [   1500] train/loss=0.3605  train/pred_loss=0.04166  train/sigreg_loss=3.545  train/emb_std=1.008  train/emb_norm=13.84  train/pred_vs_static=0.08018  train/grad_norm=0.9311  train/lr=0.0001118  train/samples_per_sec=1.539e+04
2026-09-16 07:05:57 [   1520] train/loss=0.3589  train/pred_loss=0.04138  train/sigreg_loss=3.528  train/emb_std=1.007  train/emb_norm=13.83  train/pred_vs_static=0.07916  train/grad_norm=0.9384  train/lr=0.0001133  train/samples_per_sec=1.539e+04
2026-09-16 07:05:58 [   1540] train/loss=0.3572  train/pred_loss=0.04164  train/sigreg_loss=3.507  train/emb_std=1.008  train/emb_norm=13.82  train/pred_vs_static=0.07978  train/grad_norm=0.9312  train/lr=0.0001148  train/samples_per_sec=1.54e+04
2026-09-16 07:05:59 [   1560] train/loss=0.3505  train/pred_loss=0.0406  train/sigreg_loss=3.441  train/emb_std=1.008  train/emb_norm=13.82  train/pred_vs_static=0.07834  train/grad_norm=0.9264  train/lr=0.0001163  train/samples_per_sec=1.541e+04
2026-09-16 07:05:59 [   1580] train/loss=0.3492  train/pred_loss=0.04009  train/sigreg_loss=3.431  train/emb_std=1.007  train/emb_norm=13.81  train/pred_vs_static=0.07823  train/grad_norm=0.9079  train/lr=0.0001178  train/samples_per_sec=1.542e+04
2026-09-16 07:06:00 [   1600] train/loss=0.3499  train/pred_loss=0.0402  train/sigreg_loss=3.443  train/emb_std=1.007  train/emb_norm=13.8  train/pred_vs_static=0.07896  train/grad_norm=0.9295  train/lr=0.0001193  train/samples_per_sec=1.542e+04
2026-09-16 07:06:00 [   1620] train/loss=0.3404  train/pred_loss=0.03851  train/sigreg_loss=3.354  train/emb_std=1.008  train/emb_norm=13.84  train/pred_vs_static=0.07537  train/grad_norm=0.9092  train/lr=0.0001208  train/samples_per_sec=1.543e+04
2026-09-16 07:06:01 [   1640] train/loss=0.3435  train/pred_loss=0.03992  train/sigreg_loss=3.375  train/emb_std=1.006  train/emb_norm=13.8  train/pred_vs_static=0.07834  train/grad_norm=0.9238  train/lr=0.0001223  train/samples_per_sec=1.544e+04
2026-09-16 07:06:02 [   1660] train/loss=0.3415  train/pred_loss=0.03935  train/sigreg_loss=3.357  train/emb_std=1.007  train/emb_norm=13.83  train/pred_vs_static=0.07685  train/grad_norm=0.9039  train/lr=0.0001238  train/samples_per_sec=1.544e+04
2026-09-16 07:06:02 [   1680] train/loss=0.3341  train/pred_loss=0.038  train/sigreg_loss=3.289  train/emb_std=1.005  train/emb_norm=13.8  train/pred_vs_static=0.07521  train/grad_norm=0.9043  train/lr=0.0001253  train/samples_per_sec=1.545e+04
2026-09-16 07:06:03 [   1700] train/loss=0.3368  train/pred_loss=0.03759  train/sigreg_loss=3.326  train/emb_std=1.005  train/emb_norm=13.81  train/pred_vs_static=0.07289  train/grad_norm=0.9059  train/lr=0.0001268  train/samples_per_sec=1.545e+04
2026-09-16 07:06:04 [   1720] train/loss=0.332  train/pred_loss=0.03694  train/sigreg_loss=3.278  train/emb_std=1.005  train/emb_norm=13.8  train/pred_vs_static=0.07286  train/grad_norm=0.9027  train/lr=0.0001283  train/samples_per_sec=1.546e+04
2026-09-16 07:06:04 [   1740] train/loss=0.3347  train/pred_loss=0.03764  train/sigreg_loss=3.298  train/emb_std=1.005  train/emb_norm=13.8  train/pred_vs_static=0.07442  train/grad_norm=0.9126  train/lr=0.0001298  train/samples_per_sec=1.547e+04
2026-09-16 07:06:05 [   1760] train/loss=0.3287  train/pred_loss=0.03696  train/sigreg_loss=3.241  train/emb_std=1.007  train/emb_norm=13.82  train/pred_vs_static=0.0723  train/grad_norm=0.8999  train/lr=0.0001313  train/samples_per_sec=1.547e+04
2026-09-16 07:06:06 [   1780] train/loss=0.3285  train/pred_loss=0.03661  train/sigreg_loss=3.245  train/emb_std=1.006  train/emb_norm=13.82  train/pred_vs_static=0.07207  train/grad_norm=0.9048  train/lr=0.0001328  train/samples_per_sec=1.548e+04
2026-09-16 07:06:06 [   1800] train/loss=0.3258  train/pred_loss=0.03654  train/sigreg_loss=3.215  train/emb_std=1.007  train/emb_norm=13.83  train/pred_vs_static=0.07206  train/grad_norm=0.8938  train/lr=0.0001343  train/samples_per_sec=1.548e+04
2026-09-16 07:06:07 [   1820] train/loss=0.3265  train/pred_loss=0.03612  train/sigreg_loss=3.227  train/emb_std=1.005  train/emb_norm=13.81  train/pred_vs_static=0.07114  train/grad_norm=0.8964  train/lr=0.0001358  train/samples_per_sec=1.549e+04
2026-09-16 07:06:08 [   1840] train/loss=0.3228  train/pred_loss=0.03607  train/sigreg_loss=3.188  train/emb_std=1.006  train/emb_norm=13.82  train/pred_vs_static=0.07039  train/grad_norm=0.9036  train/lr=0.0001373  train/samples_per_sec=1.549e+04
2026-09-16 07:06:08 [   1860] train/loss=0.322  train/pred_loss=0.03565  train/sigreg_loss=3.178  train/emb_std=1.006  train/emb_norm=13.83  train/pred_vs_static=0.0707  train/grad_norm=0.902  train/lr=0.0001388  train/samples_per_sec=1.55e+04
2026-09-16 07:06:09 [   1880] train/loss=0.3207  train/pred_loss=0.03599  train/sigreg_loss=3.164  train/emb_std=1.005  train/emb_norm=13.81  train/pred_vs_static=0.07046  train/grad_norm=0.9201  train/lr=0.0001403  train/samples_per_sec=1.55e+04
2026-09-16 07:06:09 [   1900] train/loss=0.3182  train/pred_loss=0.0354  train/sigreg_loss=3.144  train/emb_std=1.007  train/emb_norm=13.82  train/pred_vs_static=0.07033  train/grad_norm=0.8971  train/lr=0.0001418  train/samples_per_sec=1.551e+04
2026-09-16 07:06:10 [   1920] train/loss=0.314  train/pred_loss=0.03451  train/sigreg_loss=3.102  train/emb_std=1.004  train/emb_norm=13.8  train/pred_vs_static=0.06771  train/grad_norm=0.8847  train/lr=0.0001433  train/samples_per_sec=1.551e+04
2026-09-16 07:06:11 [   1940] train/loss=0.315  train/pred_loss=0.03517  train/sigreg_loss=3.107  train/emb_std=1.007  train/emb_norm=13.82  train/pred_vs_static=0.06828  train/grad_norm=0.901  train/lr=0.0001448  train/samples_per_sec=1.551e+04
2026-09-16 07:06:11 [   1960] train/loss=0.3087  train/pred_loss=0.03452  train/sigreg_loss=3.047  train/emb_std=1.006  train/emb_norm=13.83  train/pred_vs_static=0.06741  train/grad_norm=0.8788  train/lr=0.0001463  train/samples_per_sec=1.551e+04
2026-09-16 07:06:12 [   1980] train/loss=0.3084  train/pred_loss=0.03431  train/sigreg_loss=3.045  train/emb_std=1.004  train/emb_norm=13.79  train/pred_vs_static=0.06804  train/grad_norm=0.8623  train/lr=0.0001478  train/samples_per_sec=1.552e+04
2026-09-16 07:06:13 [   2000] train/loss=0.3055  train/pred_loss=0.03355  train/sigreg_loss=3.021  train/emb_std=1.006  train/emb_norm=13.82  train/pred_vs_static=0.066  train/grad_norm=0.8735  train/lr=0.0001493  train/samples_per_sec=1.553e+04
2026-09-16 07:06:13 [   2000] train_epoch/loss=1.645  train_epoch/pred_loss=0.07573  train_epoch/sigreg_loss=17.43  train_epoch/emb_std=0.9333  train_epoch/emb_norm=12.78  train_epoch/pred_vs_static=0.3536  train_epoch/grad_norm=2.46  train_epoch/lr=7.504e-05  train_epoch/epoch=0
2026-09-16 07:06:13 [   2000] val/loss=1.122  val/pred_loss=0.03056  val/sigreg_loss=12.13  val/emb_std=0.992  val/emb_norm=13.87  val/pred_vs_static=0.06066  val/epoch=0
2026-09-16 07:06:13 epoch   0 | val pred_vs_static 0.06066 | best 0.06066 @ epoch 0 | saved epoch_000.pt
2026-09-16 07:06:14 [   2020] train/loss=0.3048  train/pred_loss=0.03336  train/sigreg_loss=3.017  train/emb_std=1.005  train/emb_norm=13.81  train/pred_vs_static=0.06485  train/grad_norm=0.8782  train/lr=0.0001508  train/samples_per_sec=1.279e+04
2026-09-16 07:06:15 [   2040] train/loss=0.3013  train/pred_loss=0.03325  train/sigreg_loss=2.978  train/emb_std=1.005  train/emb_norm=13.82  train/pred_vs_static=0.06486  train/grad_norm=0.8766  train/lr=0.0001523  train/samples_per_sec=1.422e+04
2026-09-16 07:06:15 [   2060] train/loss=0.303  train/pred_loss=0.03349  train/sigreg_loss=2.995  train/emb_std=1.005  train/emb_norm=13.81  train/pred_vs_static=0.06571  train/grad_norm=0.8717  train/lr=0.0001538  train/samples_per_sec=1.481e+04
2026-09-16 07:06:16 [   2080] train/loss=0.3014  train/pred_loss=0.03373  train/sigreg_loss=2.972  train/emb_std=1.006  train/emb_norm=13.81  train/pred_vs_static=0.06575  train/grad_norm=0.8804  train/lr=0.0001553  train/samples_per_sec=1.51e+04
2026-09-16 07:06:17 [   2100] train/loss=0.2982  train/pred_loss=0.0327  train/sigreg_loss=2.95  train/emb_std=1.003  train/emb_norm=13.79  train/pred_vs_static=0.06515  train/grad_norm=0.8729  train/lr=0.0001568  train/samples_per_sec=1.529e+04
2026-09-16 07:06:17 [   2120] train/loss=0.2981  train/pred_loss=0.0325  train/sigreg_loss=2.95  train/emb_std=1.005  train/emb_norm=13.8  train/pred_vs_static=0.06427  train/grad_norm=0.8781  train/lr=0.0001583  train/samples_per_sec=1.543e+04
2026-09-16 07:06:18 [   2140] train/loss=0.2945  train/pred_loss=0.0319  train/sigreg_loss=2.917  train/emb_std=1.005  train/emb_norm=13.81  train/pred_vs_static=0.06307  train/grad_norm=0.8741  train/lr=0.0001598  train/samples_per_sec=1.552e+04
2026-09-16 07:06:19 [   2160] train/loss=0.2925  train/pred_loss=0.03215  train/sigreg_loss=2.892  train/emb_std=1.005  train/emb_norm=13.81  train/pred_vs_static=0.06301  train/grad_norm=0.8683  train/lr=0.0001613  train/samples_per_sec=1.559e+04
2026-09-16 07:06:19 [   2180] train/loss=0.2921  train/pred_loss=0.03195  train/sigreg_loss=2.89  train/emb_std=1.004  train/emb_norm=13.81  train/pred_vs_static=0.0626  train/grad_norm=0.8721  train/lr=0.0001628  train/samples_per_sec=1.565e+04
2026-09-16 07:06:20 [   2200] train/loss=0.2954  train/pred_loss=0.03206  train/sigreg_loss=2.927  train/emb_std=1.005  train/emb_norm=13.81  train/pred_vs_static=0.06291  train/grad_norm=0.8777  train/lr=0.0001643  train/samples_per_sec=1.569e+04
2026-09-16 07:06:21 [   2220] train/loss=0.2907  train/pred_loss=0.03154  train/sigreg_loss=2.88  train/emb_std=1.005  train/emb_norm=13.82  train/pred_vs_static=0.06212  train/grad_norm=0.8625  train/lr=0.0001658  train/samples_per_sec=1.573e+04
2026-09-16 07:06:21 [   2240] train/loss=0.2919  train/pred_loss=0.03124  train/sigreg_loss=2.897  train/emb_std=1.004  train/emb_norm=13.82  train/pred_vs_static=0.0613  train/grad_norm=0.8797  train/lr=0.0001673  train/samples_per_sec=1.576e+04
2026-09-16 07:06:22 [   2260] train/loss=0.2912  train/pred_loss=0.03135  train/sigreg_loss=2.884  train/emb_std=1.002  train/emb_norm=13.8  train/pred_vs_static=0.06143  train/grad_norm=0.8781  train/lr=0.0001688  train/samples_per_sec=1.578e+04
2026-09-16 07:06:22 [   2280] train/loss=0.2926  train/pred_loss=0.03151  train/sigreg_loss=2.9  train/emb_std=1.005  train/emb_norm=13.81  train/pred_vs_static=0.06209  train/grad_norm=0.8824  train/lr=0.0001703  train/samples_per_sec=1.58e+04
2026-09-16 07:06:23 [   2300] train/loss=0.2858  train/pred_loss=0.03067  train/sigreg_loss=2.837  train/emb_std=1.004  train/emb_norm=13.81  train/pred_vs_static=0.06035  train/grad_norm=0.8668  train/lr=0.0001718  train/samples_per_sec=1.582e+04
2026-09-16 07:06:24 [   2320] train/loss=0.2856  train/pred_loss=0.03016  train/sigreg_loss=2.839  train/emb_std=1.002  train/emb_norm=13.81  train/pred_vs_static=0.05923  train/grad_norm=0.8593  train/lr=0.0001733  train/samples_per_sec=1.584e+04
2026-09-16 07:06:24 [   2340] train/loss=0.288  train/pred_loss=0.03014  train/sigreg_loss=2.866  train/emb_std=1.005  train/emb_norm=13.82  train/pred_vs_static=0.05888  train/grad_norm=0.8656  train/lr=0.0001748  train/samples_per_sec=1.585e+04
2026-09-16 07:06:25 [   2360] train/loss=0.2831  train/pred_loss=0.03026  train/sigreg_loss=2.809  train/emb_std=1.005  train/emb_norm=13.8  train/pred_vs_static=0.05941  train/grad_norm=0.8927  train/lr=0.0001763  train/samples_per_sec=1.586e+04
2026-09-16 07:06:26 [   2380] train/loss=0.2842  train/pred_loss=0.03011  train/sigreg_loss=2.822  train/emb_std=1.006  train/emb_norm=13.84  train/pred_vs_static=0.05867  train/grad_norm=0.8737  train/lr=0.0001778  train/samples_per_sec=1.587e+04
2026-09-16 07:06:26 [   2400] train/loss=0.2836  train/pred_loss=0.02975  train/sigreg_loss=2.82  train/emb_std=1.005  train/emb_norm=13.82  train/pred_vs_static=0.05832  train/grad_norm=0.8654  train/lr=0.0001793  train/samples_per_sec=1.588e+04
2026-09-16 07:06:27 [   2420] train/loss=0.2816  train/pred_loss=0.0297  train/sigreg_loss=2.8  train/emb_std=1.004  train/emb_norm=13.81  train/pred_vs_static=0.05839  train/grad_norm=0.8781  train/lr=0.0001808  train/samples_per_sec=1.589e+04
2026-09-16 07:06:28 [   2440] train/loss=0.2805  train/pred_loss=0.02922  train/sigreg_loss=2.791  train/emb_std=1.004  train/emb_norm=13.81  train/pred_vs_static=0.05704  train/grad_norm=0.868  train/lr=0.0001823  train/samples_per_sec=1.589e+04
2026-09-16 07:06:28 [   2460] train/loss=0.2798  train/pred_loss=0.02917  train/sigreg_loss=2.785  train/emb_std=1.005  train/emb_norm=13.83  train/pred_vs_static=0.057  train/grad_norm=0.871  train/lr=0.0001838  train/samples_per_sec=1.59e+04
2026-09-16 07:06:29 [   2480] train/loss=0.2768  train/pred_loss=0.02899  train/sigreg_loss=2.753  train/emb_std=1.003  train/emb_norm=13.8  train/pred_vs_static=0.05698  train/grad_norm=0.8886  train/lr=0.0001853  train/samples_per_sec=1.59e+04
2026-09-16 07:06:29 [   2500] train/loss=0.2739  train/pred_loss=0.02896  train/sigreg_loss=2.72  train/emb_std=1.005  train/emb_norm=13.82  train/pred_vs_static=0.05611  train/grad_norm=0.8627  train/lr=0.0001868  train/samples_per_sec=1.591e+04
2026-09-16 07:06:30 [   2520] train/loss=0.2751  train/pred_loss=0.0283  train/sigreg_loss=2.744  train/emb_std=1.005  train/emb_norm=13.82  train/pred_vs_static=0.05505  train/grad_norm=0.8717  train/lr=0.0001883  train/samples_per_sec=1.591e+04
2026-09-16 07:06:31 [   2540] train/loss=0.2763  train/pred_loss=0.02849  train/sigreg_loss=2.755  train/emb_std=1.004  train/emb_norm=13.82  train/pred_vs_static=0.055  train/grad_norm=0.8761  train/lr=0.0001898  train/samples_per_sec=1.592e+04
2026-09-16 07:06:31 [   2560] train/loss=0.2748  train/pred_loss=0.02842  train/sigreg_loss=2.739  train/emb_std=1.005  train/emb_norm=13.82  train/pred_vs_static=0.05499  train/grad_norm=0.8673  train/lr=0.0001913  train/samples_per_sec=1.592e+04
2026-09-16 07:06:32 [   2580] train/loss=0.2773  train/pred_loss=0.02797  train/sigreg_loss=2.772  train/emb_std=1.005  train/emb_norm=13.82  train/pred_vs_static=0.05402  train/grad_norm=0.8562  train/lr=0.0001928  train/samples_per_sec=1.593e+04
2026-09-16 07:06:33 [   2600] train/loss=0.2696  train/pred_loss=0.02717  train/sigreg_loss=2.693  train/emb_std=1.004  train/emb_norm=13.82  train/pred_vs_static=0.05312  train/grad_norm=0.857  train/lr=0.0001943  train/samples_per_sec=1.593e+04
2026-09-16 07:06:33 [   2620] train/loss=0.2714  train/pred_loss=0.02754  train/sigreg_loss=2.711  train/emb_std=1.003  train/emb_norm=13.81  train/pred_vs_static=0.05326  train/grad_norm=0.8642  train/lr=0.0001958  train/samples_per_sec=1.593e+04
2026-09-16 07:06:34 [   2640] train/loss=0.2744  train/pred_loss=0.02733  train/sigreg_loss=2.745  train/emb_std=1.003  train/emb_norm=13.8  train/pred_vs_static=0.05298  train/grad_norm=0.8648  train/lr=0.0001973  train/samples_per_sec=1.594e+04
2026-09-16 07:06:35 [   2660] train/loss=0.2701  train/pred_loss=0.02776  train/sigreg_loss=2.693  train/emb_std=1.003  train/emb_norm=13.82  train/pred_vs_static=0.05329  train/grad_norm=0.8705  train/lr=0.0001988  train/samples_per_sec=1.594e+04
2026-09-16 07:06:35 [   2680] train/loss=0.2715  train/pred_loss=0.02783  train/sigreg_loss=2.708  train/emb_std=1.003  train/emb_norm=13.81  train/pred_vs_static=0.05381  train/grad_norm=0.8861  train/lr=0.0002003  train/samples_per_sec=1.594e+04
2026-09-16 07:06:36 [   2700] train/loss=0.2708  train/pred_loss=0.02728  train/sigreg_loss=2.705  train/emb_std=1.005  train/emb_norm=13.82  train/pred_vs_static=0.05169  train/grad_norm=0.854  train/lr=0.0002018  train/samples_per_sec=1.595e+04
2026-09-16 07:06:37 [   2720] train/loss=0.2696  train/pred_loss=0.02686  train/sigreg_loss=2.697  train/emb_std=1.005  train/emb_norm=13.83  train/pred_vs_static=0.05113  train/grad_norm=0.8625  train/lr=0.0002033  train/samples_per_sec=1.595e+04
2026-09-16 07:06:37 [   2740] train/loss=0.2679  train/pred_loss=0.02685  train/sigreg_loss=2.678  train/emb_std=1.007  train/emb_norm=13.83  train/pred_vs_static=0.05081  train/grad_norm=0.8571  train/lr=0.0002048  train/samples_per_sec=1.595e+04
2026-09-16 07:06:38 [   2760] train/loss=0.2651  train/pred_loss=0.02649  train/sigreg_loss=2.651  train/emb_std=1.004  train/emb_norm=13.82  train/pred_vs_static=0.05051  train/grad_norm=0.8672  train/lr=0.0002063  train/samples_per_sec=1.596e+04
2026-09-16 07:06:38 [   2780] train/loss=0.2659  train/pred_loss=0.02664  train/sigreg_loss=2.658  train/emb_std=1.004  train/emb_norm=13.82  train/pred_vs_static=0.05089  train/grad_norm=0.8827  train/lr=0.0002078  train/samples_per_sec=1.596e+04
2026-09-16 07:06:39 [   2800] train/loss=0.2639  train/pred_loss=0.02634  train/sigreg_loss=2.641  train/emb_std=1.003  train/emb_norm=13.81  train/pred_vs_static=0.05043  train/grad_norm=0.865  train/lr=0.0002093  train/samples_per_sec=1.596e+04
2026-09-16 07:06:40 [   2820] train/loss=0.2683  train/pred_loss=0.02647  train/sigreg_loss=2.688  train/emb_std=1.006  train/emb_norm=13.82  train/pred_vs_static=0.05034  train/grad_norm=0.8705  train/lr=0.0002108  train/samples_per_sec=1.596e+04
2026-09-16 07:06:40 [   2840] train/loss=0.2681  train/pred_loss=0.02649  train/sigreg_loss=2.685  train/emb_std=1.005  train/emb_norm=13.82  train/pred_vs_static=0.0508  train/grad_norm=0.8756  train/lr=0.0002123  train/samples_per_sec=1.596e+04
2026-09-16 07:06:41 [   2860] train/loss=0.2619  train/pred_loss=0.02594  train/sigreg_loss=2.622  train/emb_std=1.005  train/emb_norm=13.82  train/pred_vs_static=0.04861  train/grad_norm=0.8381  train/lr=0.0002138  train/samples_per_sec=1.597e+04
2026-09-16 07:06:42 [   2880] train/loss=0.2631  train/pred_loss=0.02583  train/sigreg_loss=2.636  train/emb_std=1.005  train/emb_norm=13.82  train/pred_vs_static=0.04864  train/grad_norm=0.8576  train/lr=0.0002153  train/samples_per_sec=1.597e+04
2026-09-16 07:06:42 [   2900] train/loss=0.2598  train/pred_loss=0.02586  train/sigreg_loss=2.6  train/emb_std=1.005  train/emb_norm=13.82  train/pred_vs_static=0.04886  train/grad_norm=0.8657  train/lr=0.0002168  train/samples_per_sec=1.597e+04
2026-09-16 07:06:43 [   2920] train/loss=0.2604  train/pred_loss=0.02582  train/sigreg_loss=2.606  train/emb_std=1.004  train/emb_norm=13.82  train/pred_vs_static=0.04841  train/grad_norm=0.8543  train/lr=0.0002183  train/samples_per_sec=1.597e+04
2026-09-16 07:06:44 [   2940] train/loss=0.2648  train/pred_loss=0.02537  train/sigreg_loss=2.662  train/emb_std=1.002  train/emb_norm=13.8  train/pred_vs_static=0.04789  train/grad_norm=0.8792  train/lr=0.0002198  train/samples_per_sec=1.597e+04
2026-09-16 07:06:44 [   2960] train/loss=0.2603  train/pred_loss=0.02577  train/sigreg_loss=2.605  train/emb_std=1.005  train/emb_norm=13.82  train/pred_vs_static=0.04806  train/grad_norm=0.8668  train/lr=0.0002213  train/samples_per_sec=1.597e+04
2026-09-16 07:06:45 [   2980] train/loss=0.2585  train/pred_loss=0.0255  train/sigreg_loss=2.588  train/emb_std=1.004  train/emb_norm=13.82  train/pred_vs_static=0.04799  train/grad_norm=0.8679  train/lr=0.0002228  train/samples_per_sec=1.598e+04
2026-09-16 07:06:45 [   3000] train/loss=0.2582  train/pred_loss=0.02519  train/sigreg_loss=2.59  train/emb_std=1.004  train/emb_norm=13.82  train/pred_vs_static=0.04736  train/grad_norm=0.8683  train/lr=0.0002243  train/samples_per_sec=1.598e+04
2026-09-16 07:06:46 [   3020] train/loss=0.2612  train/pred_loss=0.02552  train/sigreg_loss=2.617  train/emb_std=1.004  train/emb_norm=13.83  train/pred_vs_static=0.04801  train/grad_norm=0.8794  train/lr=0.0002258  train/samples_per_sec=1.598e+04
2026-09-16 07:06:47 [   3040] train/loss=0.2638  train/pred_loss=0.02581  train/sigreg_loss=2.644  train/emb_std=1.004  train/emb_norm=13.81  train/pred_vs_static=0.04804  train/grad_norm=0.9048  train/lr=0.0002273  train/samples_per_sec=1.598e+04
2026-09-16 07:06:47 [   3060] train/loss=0.2605  train/pred_loss=0.02558  train/sigreg_loss=2.609  train/emb_std=1.005  train/emb_norm=13.83  train/pred_vs_static=0.048  train/grad_norm=0.8667  train/lr=0.0002288  train/samples_per_sec=1.598e+04
2026-09-16 07:06:48 [   3080] train/loss=0.2598  train/pred_loss=0.02478  train/sigreg_loss=2.612  train/emb_std=1.002  train/emb_norm=13.81  train/pred_vs_static=0.0467  train/grad_norm=0.8794  train/lr=0.0002303  train/samples_per_sec=1.598e+04
2026-09-16 07:06:49 [   3100] train/loss=0.2584  train/pred_loss=0.02506  train/sigreg_loss=2.593  train/emb_std=1.004  train/emb_norm=13.83  train/pred_vs_static=0.0464  train/grad_norm=0.8636  train/lr=0.0002318  train/samples_per_sec=1.598e+04
2026-09-16 07:06:49 [   3120] train/loss=0.2591  train/pred_loss=0.02522  train/sigreg_loss=2.599  train/emb_std=1.004  train/emb_norm=13.83  train/pred_vs_static=0.04673  train/grad_norm=0.8844  train/lr=0.0002333  train/samples_per_sec=1.598e+04
2026-09-16 07:06:50 [   3140] train/loss=0.2587  train/pred_loss=0.02497  train/sigreg_loss=2.597  train/emb_std=1.006  train/emb_norm=13.83  train/pred_vs_static=0.04569  train/grad_norm=0.8838  train/lr=0.0002348  train/samples_per_sec=1.598e+04
2026-09-16 07:06:51 [   3160] train/loss=0.2613  train/pred_loss=0.02503  train/sigreg_loss=2.624  train/emb_std=1.005  train/emb_norm=13.82  train/pred_vs_static=0.04613  train/grad_norm=0.9097  train/lr=0.0002363  train/samples_per_sec=1.598e+04
2026-09-16 07:06:51 [   3180] train/loss=0.2568  train/pred_loss=0.02484  train/sigreg_loss=2.578  train/emb_std=1.005  train/emb_norm=13.83  train/pred_vs_static=0.0466  train/grad_norm=0.8916  train/lr=0.0002378  train/samples_per_sec=1.599e+04
2026-09-16 07:06:52 [   3200] train/loss=0.2583  train/pred_loss=0.02448  train/sigreg_loss=2.598  train/emb_std=1.003  train/emb_norm=13.81  train/pred_vs_static=0.0459  train/grad_norm=0.8781  train/lr=0.0002393  train/samples_per_sec=1.599e+04
2026-09-16 07:06:52 [   3220] train/loss=0.2555  train/pred_loss=0.02518  train/sigreg_loss=2.559  train/emb_std=1.004  train/emb_norm=13.81  train/pred_vs_static=0.04635  train/grad_norm=0.8741  train/lr=0.0002408  train/samples_per_sec=1.599e+04
2026-09-16 07:06:53 [   3240] train/loss=0.2559  train/pred_loss=0.0245  train/sigreg_loss=2.572  train/emb_std=1.006  train/emb_norm=13.83  train/pred_vs_static=0.04521  train/grad_norm=0.8629  train/lr=0.0002423  train/samples_per_sec=1.599e+04
2026-09-16 07:06:54 [   3260] train/loss=0.2553  train/pred_loss=0.02412  train/sigreg_loss=2.568  train/emb_std=1.005  train/emb_norm=13.83  train/pred_vs_static=0.04439  train/grad_norm=0.8659  train/lr=0.0002438  train/samples_per_sec=1.599e+04
2026-09-16 07:06:54 [   3280] train/loss=0.257  train/pred_loss=0.02396  train/sigreg_loss=2.588  train/emb_std=1.005  train/emb_norm=13.82  train/pred_vs_static=0.0442  train/grad_norm=0.8689  train/lr=0.0002453  train/samples_per_sec=1.599e+04
2026-09-16 07:06:55 [   3300] train/loss=0.2508  train/pred_loss=0.02424  train/sigreg_loss=2.518  train/emb_std=1.005  train/emb_norm=13.83  train/pred_vs_static=0.04448  train/grad_norm=0.8644  train/lr=0.0002468  train/samples_per_sec=1.599e+04
2026-09-16 07:06:56 [   3320] train/loss=0.2519  train/pred_loss=0.02414  train/sigreg_loss=2.531  train/emb_std=1.003  train/emb_norm=13.82  train/pred_vs_static=0.04486  train/grad_norm=0.8829  train/lr=0.0002483  train/samples_per_sec=1.599e+04
2026-09-16 07:06:56 [   3340] train/loss=0.255  train/pred_loss=0.02413  train/sigreg_loss=2.567  train/emb_std=1.003  train/emb_norm=13.81  train/pred_vs_static=0.04446  train/grad_norm=0.8955  train/lr=0.0002498  train/samples_per_sec=1.599e+04
2026-09-16 07:06:57 [   3360] train/loss=0.2491  train/pred_loss=0.02463  train/sigreg_loss=2.495  train/emb_std=1.005  train/emb_norm=13.82  train/pred_vs_static=0.04521  train/grad_norm=0.8794  train/lr=0.0002513  train/samples_per_sec=1.599e+04
2026-09-16 07:06:58 [   3380] train/loss=0.2515  train/pred_loss=0.02396  train/sigreg_loss=2.527  train/emb_std=1.005  train/emb_norm=13.82  train/pred_vs_static=0.04379  train/grad_norm=0.8622  train/lr=0.0002528  train/samples_per_sec=1.599e+04
2026-09-16 07:06:58 [   3400] train/loss=0.2517  train/pred_loss=0.02382  train/sigreg_loss=2.533  train/emb_std=1.003  train/emb_norm=13.82  train/pred_vs_static=0.04339  train/grad_norm=0.8689  train/lr=0.0002543  train/samples_per_sec=1.599e+04
2026-09-16 07:06:59 [   3420] train/loss=0.2516  train/pred_loss=0.02385  train/sigreg_loss=2.531  train/emb_std=1.005  train/emb_norm=13.83  train/pred_vs_static=0.04293  train/grad_norm=0.8597  train/lr=0.0002558  train/samples_per_sec=1.599e+04
2026-09-16 07:06:59 [   3440] train/loss=0.2496  train/pred_loss=0.02394  train/sigreg_loss=2.507  train/emb_std=1.006  train/emb_norm=13.83  train/pred_vs_static=0.04373  train/grad_norm=0.8691  train/lr=0.0002573  train/samples_per_sec=1.599e+04
2026-09-16 07:07:00 [   3460] train/loss=0.2504  train/pred_loss=0.02405  train/sigreg_loss=2.515  train/emb_std=1.004  train/emb_norm=13.82  train/pred_vs_static=0.04306  train/grad_norm=0.8843  train/lr=0.0002588  train/samples_per_sec=1.599e+04
2026-09-16 07:07:01 [   3480] train/loss=0.2472  train/pred_loss=0.02403  train/sigreg_loss=2.48  train/emb_std=1.006  train/emb_norm=13.83  train/pred_vs_static=0.04297  train/grad_norm=0.8755  train/lr=0.0002603  train/samples_per_sec=1.6e+04
2026-09-16 07:07:01 [   3500] train/loss=0.2499  train/pred_loss=0.02417  train/sigreg_loss=2.508  train/emb_std=1.004  train/emb_norm=13.83  train/pred_vs_static=0.04333  train/grad_norm=0.8832  train/lr=0.0002618  train/samples_per_sec=1.6e+04
2026-09-16 07:07:02 [   3520] train/loss=0.2467  train/pred_loss=0.0237  train/sigreg_loss=2.48  train/emb_std=1.002  train/emb_norm=13.8  train/pred_vs_static=0.04288  train/grad_norm=0.8608  train/lr=0.0002633  train/samples_per_sec=1.6e+04
2026-09-16 07:07:03 [   3540] train/loss=0.2475  train/pred_loss=0.02396  train/sigreg_loss=2.484  train/emb_std=1.006  train/emb_norm=13.84  train/pred_vs_static=0.04297  train/grad_norm=0.8565  train/lr=0.0002648  train/samples_per_sec=1.6e+04
2026-09-16 07:07:03 [   3560] train/loss=0.2465  train/pred_loss=0.02359  train/sigreg_loss=2.477  train/emb_std=1.005  train/emb_norm=13.83  train/pred_vs_static=0.04208  train/grad_norm=0.8723  train/lr=0.0002663  train/samples_per_sec=1.6e+04
2026-09-16 07:07:04 [   3580] train/loss=0.2483  train/pred_loss=0.02403  train/sigreg_loss=2.492  train/emb_std=1.005  train/emb_norm=13.83  train/pred_vs_static=0.04322  train/grad_norm=0.9035  train/lr=0.0002678  train/samples_per_sec=1.6e+04
2026-09-16 07:07:05 [   3600] train/loss=0.248  train/pred_loss=0.02366  train/sigreg_loss=2.491  train/emb_std=1.005  train/emb_norm=13.83  train/pred_vs_static=0.04226  train/grad_norm=0.8742  train/lr=0.0002693  train/samples_per_sec=1.6e+04
2026-09-16 07:07:05 [   3620] train/loss=0.2458  train/pred_loss=0.02401  train/sigreg_loss=2.464  train/emb_std=1.005  train/emb_norm=13.82  train/pred_vs_static=0.04231  train/grad_norm=0.8862  train/lr=0.0002708  train/samples_per_sec=1.6e+04
2026-09-16 07:07:06 [   3640] train/loss=0.2432  train/pred_loss=0.02373  train/sigreg_loss=2.438  train/emb_std=1.003  train/emb_norm=13.81  train/pred_vs_static=0.04202  train/grad_norm=0.8616  train/lr=0.0002723  train/samples_per_sec=1.6e+04
2026-09-16 07:07:07 [   3660] train/loss=0.2405  train/pred_loss=0.02313  train/sigreg_loss=2.416  train/emb_std=1.003  train/emb_norm=13.82  train/pred_vs_static=0.04113  train/grad_norm=0.8551  train/lr=0.0002738  train/samples_per_sec=1.6e+04
2026-09-16 07:07:07 [   3680] train/loss=0.241  train/pred_loss=0.02351  train/sigreg_loss=2.418  train/emb_std=1.006  train/emb_norm=13.83  train/pred_vs_static=0.0413  train/grad_norm=0.8758  train/lr=0.0002753  train/samples_per_sec=1.6e+04
2026-09-16 07:07:08 [   3700] train/loss=0.2453  train/pred_loss=0.02342  train/sigreg_loss=2.467  train/emb_std=1.003  train/emb_norm=13.81  train/pred_vs_static=0.04163  train/grad_norm=0.8947  train/lr=0.0002768  train/samples_per_sec=1.6e+04
2026-09-16 07:07:08 [   3720] train/loss=0.2461  train/pred_loss=0.02374  train/sigreg_loss=2.469  train/emb_std=1.005  train/emb_norm=13.84  train/pred_vs_static=0.04188  train/grad_norm=0.8926  train/lr=0.0002783  train/samples_per_sec=1.6e+04
2026-09-16 07:07:09 [   3740] train/loss=0.2453  train/pred_loss=0.02326  train/sigreg_loss=2.466  train/emb_std=1.005  train/emb_norm=13.83  train/pred_vs_static=0.04103  train/grad_norm=0.894  train/lr=0.0002798  train/samples_per_sec=1.601e+04
2026-09-16 07:07:10 [   3760] train/loss=0.2434  train/pred_loss=0.02324  train/sigreg_loss=2.445  train/emb_std=1.005  train/emb_norm=13.82  train/pred_vs_static=0.04085  train/grad_norm=0.8483  train/lr=0.0002813  train/samples_per_sec=1.601e+04
2026-09-16 07:07:10 [   3780] train/loss=0.2418  train/pred_loss=0.0233  train/sigreg_loss=2.427  train/emb_std=1.006  train/emb_norm=13.85  train/pred_vs_static=0.04112  train/grad_norm=0.867  train/lr=0.0002828  train/samples_per_sec=1.601e+04
2026-09-16 07:07:11 [   3800] train/loss=0.24  train/pred_loss=0.0234  train/sigreg_loss=2.407  train/emb_std=1.004  train/emb_norm=13.82  train/pred_vs_static=0.04105  train/grad_norm=0.867  train/lr=0.0002843  train/samples_per_sec=1.601e+04
2026-09-16 07:07:12 [   3820] train/loss=0.2399  train/pred_loss=0.02322  train/sigreg_loss=2.407  train/emb_std=1.005  train/emb_norm=13.83  train/pred_vs_static=0.04091  train/grad_norm=0.8956  train/lr=0.0002858  train/samples_per_sec=1.601e+04
2026-09-16 07:07:12 [   3840] train/loss=0.2424  train/pred_loss=0.02291  train/sigreg_loss=2.438  train/emb_std=1.004  train/emb_norm=13.83  train/pred_vs_static=0.04084  train/grad_norm=0.8749  train/lr=0.0002873  train/samples_per_sec=1.601e+04
2026-09-16 07:07:13 [   3860] train/loss=0.2401  train/pred_loss=0.02323  train/sigreg_loss=2.409  train/emb_std=1.005  train/emb_norm=13.83  train/pred_vs_static=0.04075  train/grad_norm=0.8847  train/lr=0.0002888  train/samples_per_sec=1.601e+04
2026-09-16 07:07:14 [   3880] train/loss=0.2401  train/pred_loss=0.02325  train/sigreg_loss=2.41  train/emb_std=1.004  train/emb_norm=13.82  train/pred_vs_static=0.04102  train/grad_norm=0.879  train/lr=0.0002903  train/samples_per_sec=1.601e+04
2026-09-16 07:07:14 [   3900] train/loss=0.2405  train/pred_loss=0.02314  train/sigreg_loss=2.414  train/emb_std=1.004  train/emb_norm=13.82  train/pred_vs_static=0.04106  train/grad_norm=0.8634  train/lr=0.0002918  train/samples_per_sec=1.601e+04
2026-09-16 07:07:15 [   3920] train/loss=0.2367  train/pred_loss=0.02299  train/sigreg_loss=2.374  train/emb_std=1.004  train/emb_norm=13.82  train/pred_vs_static=0.0402  train/grad_norm=0.869  train/lr=0.0002933  train/samples_per_sec=1.601e+04
2026-09-16 07:07:15 [   3940] train/loss=0.2416  train/pred_loss=0.02322  train/sigreg_loss=2.425  train/emb_std=1.006  train/emb_norm=13.84  train/pred_vs_static=0.04064  train/grad_norm=0.881  train/lr=0.0002948  train/samples_per_sec=1.601e+04
2026-09-16 07:07:16 [   3960] train/loss=0.2401  train/pred_loss=0.02274  train/sigreg_loss=2.414  train/emb_std=1.002  train/emb_norm=13.81  train/pred_vs_static=0.03987  train/grad_norm=0.895  train/lr=0.0002963  train/samples_per_sec=1.601e+04
2026-09-16 07:07:17 [   3980] train/loss=0.2402  train/pred_loss=0.02313  train/sigreg_loss=2.412  train/emb_std=1.005  train/emb_norm=13.83  train/pred_vs_static=0.04049  train/grad_norm=0.8923  train/lr=0.0002978  train/samples_per_sec=1.601e+04
2026-09-16 07:07:17 [   4000] train/loss=0.238  train/pred_loss=0.02297  train/sigreg_loss=2.389  train/emb_std=1.004  train/emb_norm=13.82  train/pred_vs_static=0.04033  train/grad_norm=0.8963  train/lr=0.0002993  train/samples_per_sec=1.601e+04
2026-09-16 07:07:17 [   4000] train_epoch/loss=0.2639  train_epoch/pred_loss=0.02648  train_epoch/sigreg_loss=2.638  train_epoch/emb_std=1.004  train_epoch/emb_norm=13.82  train_epoch/pred_vs_static=0.04972  train_epoch/grad_norm=0.8737  train_epoch/lr=0.000225  train_epoch/epoch=1
2026-09-16 07:07:18 [   4000] val/loss=0.9969  val/pred_loss=0.01971  val/sigreg_loss=10.86  val/emb_std=0.9911  val/emb_norm=13.87  val/pred_vs_static=0.03523  val/epoch=1
2026-09-16 07:07:18 epoch   1 | val pred_vs_static 0.03523 | best 0.03523 @ epoch 1 | saved epoch_001.pt
2026-09-16 07:07:19 [   4020] train/loss=0.2363  train/pred_loss=0.02295  train/sigreg_loss=2.371  train/emb_std=1.003  train/emb_norm=13.81  train/pred_vs_static=0.04039  train/grad_norm=0.8848  train/lr=0.0003  train/samples_per_sec=1.284e+04
2026-09-16 07:07:19 [   4040] train/loss=0.2401  train/pred_loss=0.02335  train/sigreg_loss=2.407  train/emb_std=1.004  train/emb_norm=13.83  train/pred_vs_static=0.04085  train/grad_norm=0.9069  train/lr=0.0003  train/samples_per_sec=1.423e+04
2026-09-16 07:07:20 [   4060] train/loss=0.2364  train/pred_loss=0.02274  train/sigreg_loss=2.374  train/emb_std=1.006  train/emb_norm=13.83  train/pred_vs_static=0.0392  train/grad_norm=0.8905  train/lr=0.0003  train/samples_per_sec=1.477e+04
2026-09-16 07:07:21 [   4080] train/loss=0.2346  train/pred_loss=0.02252  train/sigreg_loss=2.357  train/emb_std=1.004  train/emb_norm=13.83  train/pred_vs_static=0.03951  train/grad_norm=0.8596  train/lr=0.0003  train/samples_per_sec=1.507e+04
2026-09-16 07:07:21 [   4100] train/loss=0.2347  train/pred_loss=0.0222  train/sigreg_loss=2.362  train/emb_std=1.004  train/emb_norm=13.83  train/pred_vs_static=0.03883  train/grad_norm=0.8446  train/lr=0.0003  train/samples_per_sec=1.526e+04
2026-09-16 07:07:22 [   4120] train/loss=0.2325  train/pred_loss=0.02224  train/sigreg_loss=2.337  train/emb_std=1.005  train/emb_norm=13.83  train/pred_vs_static=0.03851  train/grad_norm=0.8659  train/lr=0.0003  train/samples_per_sec=1.539e+04
2026-09-16 07:07:23 [   4140] train/loss=0.236  train/pred_loss=0.02253  train/sigreg_loss=2.372  train/emb_std=1.004  train/emb_norm=13.83  train/pred_vs_static=0.03915  train/grad_norm=0.923  train/lr=0.0003  train/samples_per_sec=1.548e+04
2026-09-16 07:07:23 [   4160] train/loss=0.2332  train/pred_loss=0.02233  train/sigreg_loss=2.342  train/emb_std=1.005  train/emb_norm=13.84  train/pred_vs_static=0.03893  train/grad_norm=0.8753  train/lr=0.0003  train/samples_per_sec=1.555e+04
2026-09-16 07:07:24 [   4180] train/loss=0.2335  train/pred_loss=0.02192  train/sigreg_loss=2.351  train/emb_std=1.004  train/emb_norm=13.82  train/pred_vs_static=0.0384  train/grad_norm=0.8611  train/lr=0.0003  train/samples_per_sec=1.561e+04
2026-09-16 07:07:24 [   4200] train/loss=0.2297  train/pred_loss=0.02196  train/sigreg_loss=2.309  train/emb_std=1.004  train/emb_norm=13.82  train/pred_vs_static=0.03884  train/grad_norm=0.835  train/lr=0.0003  train/samples_per_sec=1.565e+04
2026-09-16 07:07:25 [   4220] train/loss=0.2285  train/pred_loss=0.02187  train/sigreg_loss=2.297  train/emb_std=1.005  train/emb_norm=13.83  train/pred_vs_static=0.03773  train/grad_norm=0.8402  train/lr=0.0003  train/samples_per_sec=1.568e+04
2026-09-16 07:07:26 [   4240] train/loss=0.2319  train/pred_loss=0.02165  train/sigreg_loss=2.336  train/emb_std=1.003  train/emb_norm=13.81  train/pred_vs_static=0.03769  train/grad_norm=0.8474  train/lr=0.0003  train/samples_per_sec=1.572e+04
2026-09-16 07:07:26 [   4260] train/loss=0.2324  train/pred_loss=0.02194  train/sigreg_loss=2.339  train/emb_std=1.004  train/emb_norm=13.82  train/pred_vs_static=0.03816  train/grad_norm=0.8963  train/lr=0.0003  train/samples_per_sec=1.574e+04
2026-09-16 07:07:27 [   4280] train/loss=0.2304  train/pred_loss=0.02184  train/sigreg_loss=2.317  train/emb_std=1.004  train/emb_norm=13.83  train/pred_vs_static=0.03781  train/grad_norm=0.8913  train/lr=0.0003  train/samples_per_sec=1.576e+04
2026-09-16 07:07:28 [   4300] train/loss=0.2297  train/pred_loss=0.02185  train/sigreg_loss=2.309  train/emb_std=1.004  train/emb_norm=13.82  train/pred_vs_static=0.03767  train/grad_norm=0.8911  train/lr=0.0003  train/samples_per_sec=1.578e+04
2026-09-16 07:07:28 [   4320] train/loss=0.2268  train/pred_loss=0.02163  train/sigreg_loss=2.279  train/emb_std=1.002  train/emb_norm=13.81  train/pred_vs_static=0.03773  train/grad_norm=0.8423  train/lr=0.0003  train/samples_per_sec=1.58e+04
2026-09-16 07:07:29 [   4340] train/loss=0.2268  train/pred_loss=0.02147  train/sigreg_loss=2.282  train/emb_std=1.002  train/emb_norm=13.81  train/pred_vs_static=0.03691  train/grad_norm=0.8523  train/lr=0.0003  train/samples_per_sec=1.581e+04
2026-09-16 07:07:30 [   4360] train/loss=0.2266  train/pred_loss=0.02151  train/sigreg_loss=2.279  train/emb_std=1.005  train/emb_norm=13.82  train/pred_vs_static=0.03698  train/grad_norm=0.8573  train/lr=0.0003  train/samples_per_sec=1.583e+04
2026-09-16 07:07:30 [   4380] train/loss=0.2286  train/pred_loss=0.02171  train/sigreg_loss=2.298  train/emb_std=1.005  train/emb_norm=13.84  train/pred_vs_static=0.03741  train/grad_norm=0.8759  train/lr=0.0003  train/samples_per_sec=1.584e+04
2026-09-16 07:07:31 [   4400] train/loss=0.2276  train/pred_loss=0.0221  train/sigreg_loss=2.283  train/emb_std=1.005  train/emb_norm=13.84  train/pred_vs_static=0.03809  train/grad_norm=0.865  train/lr=0.0003  train/samples_per_sec=1.585e+04
2026-09-16 07:07:31 [   4420] train/loss=0.2227  train/pred_loss=0.02104  train/sigreg_loss=2.242  train/emb_std=1.002  train/emb_norm=13.8  train/pred_vs_static=0.03653  train/grad_norm=0.8407  train/lr=0.0003  train/samples_per_sec=1.586e+04
2026-09-16 07:07:32 [   4440] train/loss=0.2242  train/pred_loss=0.02111  train/sigreg_loss=2.256  train/emb_std=1.003  train/emb_norm=13.82  train/pred_vs_static=0.03641  train/grad_norm=0.8338  train/lr=0.0003  train/samples_per_sec=1.587e+04
2026-09-16 07:07:33 [   4460] train/loss=0.2232  train/pred_loss=0.02118  train/sigreg_loss=2.245  train/emb_std=1.005  train/emb_norm=13.83  train/pred_vs_static=0.03617  train/grad_norm=0.826  train/lr=0.0003  train/samples_per_sec=1.588e+04
2026-09-16 07:07:33 [   4480] train/loss=0.2199  train/pred_loss=0.02126  train/sigreg_loss=2.207  train/emb_std=1.005  train/emb_norm=13.84  train/pred_vs_static=0.03621  train/grad_norm=0.8362  train/lr=0.0003  train/samples_per_sec=1.589e+04
2026-09-16 07:07:34 [   4500] train/loss=0.2253  train/pred_loss=0.0212  train/sigreg_loss=2.268  train/emb_std=1.004  train/emb_norm=13.83  train/pred_vs_static=0.03658  train/grad_norm=0.8438  train/lr=0.0003  train/samples_per_sec=1.589e+04
2026-09-16 07:07:35 [   4520] train/loss=0.2225  train/pred_loss=0.02151  train/sigreg_loss=2.234  train/emb_std=1.004  train/emb_norm=13.82  train/pred_vs_static=0.03698  train/grad_norm=0.856  train/lr=0.0003  train/samples_per_sec=1.59e+04
2026-09-16 07:07:35 [   4540] train/loss=0.2236  train/pred_loss=0.02111  train/sigreg_loss=2.251  train/emb_std=1.005  train/emb_norm=13.83  train/pred_vs_static=0.03589  train/grad_norm=0.8249  train/lr=0.0003  train/samples_per_sec=1.591e+04
2026-09-16 07:07:36 [   4560] train/loss=0.2218  train/pred_loss=0.02113  train/sigreg_loss=2.229  train/emb_std=1.003  train/emb_norm=13.82  train/pred_vs_static=0.03592  train/grad_norm=0.8244  train/lr=0.0003  train/samples_per_sec=1.591e+04
2026-09-16 07:07:37 [   4580] train/loss=0.2184  train/pred_loss=0.02094  train/sigreg_loss=2.194  train/emb_std=1.004  train/emb_norm=13.83  train/pred_vs_static=0.03579  train/grad_norm=0.81  train/lr=0.0003  train/samples_per_sec=1.592e+04
2026-09-16 07:07:37 [   4600] train/loss=0.2196  train/pred_loss=0.02132  train/sigreg_loss=2.203  train/emb_std=1.005  train/emb_norm=13.84  train/pred_vs_static=0.03646  train/grad_norm=0.8541  train/lr=0.0003  train/samples_per_sec=1.592e+04
2026-09-16 07:07:38 [   4620] train/loss=0.2214  train/pred_loss=0.02124  train/sigreg_loss=2.225  train/emb_std=1.004  train/emb_norm=13.81  train/pred_vs_static=0.03624  train/grad_norm=0.8515  train/lr=0.0003  train/samples_per_sec=1.592e+04
2026-09-16 07:07:38 [   4640] train/loss=0.2177  train/pred_loss=0.02074  train/sigreg_loss=2.188  train/emb_std=1.003  train/emb_norm=13.82  train/pred_vs_static=0.03504  train/grad_norm=0.8578  train/lr=0.0003  train/samples_per_sec=1.593e+04
2026-09-16 07:07:39 [   4660] train/loss=0.2218  train/pred_loss=0.02113  train/sigreg_loss=2.23  train/emb_std=1.003  train/emb_norm=13.83  train/pred_vs_static=0.036  train/grad_norm=0.8625  train/lr=0.0003  train/samples_per_sec=1.593e+04
2026-09-16 07:07:40 [   4680] train/loss=0.2196  train/pred_loss=0.02065  train/sigreg_loss=2.211  train/emb_std=1.004  train/emb_norm=13.83  train/pred_vs_static=0.03564  train/grad_norm=0.8287  train/lr=0.0003  train/samples_per_sec=1.594e+04
2026-09-16 07:07:40 [   4700] train/loss=0.2184  train/pred_loss=0.02049  train/sigreg_loss=2.199  train/emb_std=1.002  train/emb_norm=13.82  train/pred_vs_static=0.03562  train/grad_norm=0.8228  train/lr=0.0003  train/samples_per_sec=1.594e+04
2026-09-16 07:07:41 [   4720] train/loss=0.2159  train/pred_loss=0.0209  train/sigreg_loss=2.167  train/emb_std=1.004  train/emb_norm=13.82  train/pred_vs_static=0.03544  train/grad_norm=0.836  train/lr=0.0003  train/samples_per_sec=1.594e+04
2026-09-16 07:07:42 [   4740] train/loss=0.2202  train/pred_loss=0.02089  train/sigreg_loss=2.215  train/emb_std=1.004  train/emb_norm=13.82  train/pred_vs_static=0.03517  train/grad_norm=0.8251  train/lr=0.0003  train/samples_per_sec=1.595e+04
2026-09-16 07:07:42 [   4760] train/loss=0.2185  train/pred_loss=0.02057  train/sigreg_loss=2.198  train/emb_std=1.003  train/emb_norm=13.81  train/pred_vs_static=0.0352  train/grad_norm=0.818  train/lr=0.0003  train/samples_per_sec=1.595e+04
2026-09-16 07:07:43 [   4780] train/loss=0.2183  train/pred_loss=0.02045  train/sigreg_loss=2.198  train/emb_std=1.005  train/emb_norm=13.83  train/pred_vs_static=0.03499  train/grad_norm=0.832  train/lr=0.0003  train/samples_per_sec=1.595e+04
2026-09-16 07:07:44 [   4800] train/loss=0.2142  train/pred_loss=0.02035  train/sigreg_loss=2.156  train/emb_std=1.003  train/emb_norm=13.82  train/pred_vs_static=0.03511  train/grad_norm=0.8088  train/lr=0.0003  train/samples_per_sec=1.595e+04
2026-09-16 07:07:44 [   4820] train/loss=0.2174  train/pred_loss=0.02057  train/sigreg_loss=2.187  train/emb_std=1.004  train/emb_norm=13.83  train/pred_vs_static=0.03531  train/grad_norm=0.8128  train/lr=0.0003  train/samples_per_sec=1.596e+04
2026-09-16 07:07:45 [   4840] train/loss=0.2148  train/pred_loss=0.02017  train/sigreg_loss=2.164  train/emb_std=1.004  train/emb_norm=13.83  train/pred_vs_static=0.03429  train/grad_norm=0.8023  train/lr=0.0003  train/samples_per_sec=1.596e+04
2026-09-16 07:07:46 [   4860] train/loss=0.211  train/pred_loss=0.02022  train/sigreg_loss=2.119  train/emb_std=1.004  train/emb_norm=13.83  train/pred_vs_static=0.03446  train/grad_norm=0.7979  train/lr=0.0003  train/samples_per_sec=1.596e+04
2026-09-16 07:07:46 [   4880] train/loss=0.2152  train/pred_loss=0.02052  train/sigreg_loss=2.163  train/emb_std=1.003  train/emb_norm=13.82  train/pred_vs_static=0.03515  train/grad_norm=0.8166  train/lr=0.0003  train/samples_per_sec=1.596e+04
2026-09-16 07:07:47 [   4900] train/loss=0.2126  train/pred_loss=0.02018  train/sigreg_loss=2.139  train/emb_std=1.005  train/emb_norm=13.83  train/pred_vs_static=0.03428  train/grad_norm=0.8089  train/lr=0.0003  train/samples_per_sec=1.597e+04
2026-09-16 07:07:47 [   4920] train/loss=0.2118  train/pred_loss=0.02059  train/sigreg_loss=2.125  train/emb_std=1.003  train/emb_norm=13.82  train/pred_vs_static=0.03524  train/grad_norm=0.807  train/lr=0.0003  train/samples_per_sec=1.597e+04
2026-09-16 07:07:48 [   4940] train/loss=0.2149  train/pred_loss=0.02054  train/sigreg_loss=2.161  train/emb_std=1.004  train/emb_norm=13.83  train/pred_vs_static=0.03478  train/grad_norm=0.8412  train/lr=0.0003  train/samples_per_sec=1.597e+04
2026-09-16 07:07:49 [   4960] train/loss=0.2136  train/pred_loss=0.0204  train/sigreg_loss=2.146  train/emb_std=1.003  train/emb_norm=13.82  train/pred_vs_static=0.0345  train/grad_norm=0.838  train/lr=0.0003  train/samples_per_sec=1.597e+04
2026-09-16 07:07:49 [   4980] train/loss=0.2102  train/pred_loss=0.02031  train/sigreg_loss=2.11  train/emb_std=1.004  train/emb_norm=13.83  train/pred_vs_static=0.03426  train/grad_norm=0.8142  train/lr=0.0003  train/samples_per_sec=1.597e+04
2026-09-16 07:07:50 [   5000] train/loss=0.2143  train/pred_loss=0.02038  train/sigreg_loss=2.154  train/emb_std=1.004  train/emb_norm=13.83  train/pred_vs_static=0.03428  train/grad_norm=0.854  train/lr=0.0003  train/samples_per_sec=1.597e+04
2026-09-16 07:07:51 [   5020] train/loss=0.2129  train/pred_loss=0.02042  train/sigreg_loss=2.138  train/emb_std=1.004  train/emb_norm=13.83  train/pred_vs_static=0.03459  train/grad_norm=0.852  train/lr=0.0003  train/samples_per_sec=1.598e+04
2026-09-16 07:07:51 [   5040] train/loss=0.2139  train/pred_loss=0.01999  train/sigreg_loss=2.155  train/emb_std=1.004  train/emb_norm=13.82  train/pred_vs_static=0.03401  train/grad_norm=0.8271  train/lr=0.0003  train/samples_per_sec=1.598e+04
2026-09-16 07:07:52 [   5060] train/loss=0.2114  train/pred_loss=0.02028  train/sigreg_loss=2.124  train/emb_std=1.003  train/emb_norm=13.81  train/pred_vs_static=0.0343  train/grad_norm=0.8378  train/lr=0.0003  train/samples_per_sec=1.598e+04
2026-09-16 07:07:53 [   5080] train/loss=0.2121  train/pred_loss=0.02035  train/sigreg_loss=2.13  train/emb_std=1.003  train/emb_norm=13.81  train/pred_vs_static=0.03461  train/grad_norm=0.8035  train/lr=0.0003  train/samples_per_sec=1.598e+04
2026-09-16 07:07:53 [   5100] train/loss=0.2123  train/pred_loss=0.02003  train/sigreg_loss=2.136  train/emb_std=1.002  train/emb_norm=13.83  train/pred_vs_static=0.03434  train/grad_norm=0.84  train/lr=0.0003  train/samples_per_sec=1.598e+04
2026-09-16 07:07:54 [   5120] train/loss=0.2085  train/pred_loss=0.01995  train/sigreg_loss=2.095  train/emb_std=1.003  train/emb_norm=13.82  train/pred_vs_static=0.03357  train/grad_norm=0.8013  train/lr=0.0003  train/samples_per_sec=1.598e+04
2026-09-16 07:07:54 [   5140] train/loss=0.209  train/pred_loss=0.01982  train/sigreg_loss=2.101  train/emb_std=1.004  train/emb_norm=13.83  train/pred_vs_static=0.03382  train/grad_norm=0.8259  train/lr=0.0003  train/samples_per_sec=1.598e+04
2026-09-16 07:07:55 [   5160] train/loss=0.2097  train/pred_loss=0.02015  train/sigreg_loss=2.107  train/emb_std=1.003  train/emb_norm=13.82  train/pred_vs_static=0.03409  train/grad_norm=0.8321  train/lr=0.0003  train/samples_per_sec=1.599e+04
2026-09-16 07:07:56 [   5180] train/loss=0.2077  train/pred_loss=0.02008  train/sigreg_loss=2.084  train/emb_std=1.003  train/emb_norm=13.82  train/pred_vs_static=0.0345  train/grad_norm=0.7904  train/lr=0.0003  train/samples_per_sec=1.599e+04
2026-09-16 07:07:56 [   5200] train/loss=0.2085  train/pred_loss=0.02041  train/sigreg_loss=2.09  train/emb_std=1.003  train/emb_norm=13.82  train/pred_vs_static=0.03479  train/grad_norm=0.8033  train/lr=0.0003  train/samples_per_sec=1.599e+04
2026-09-16 07:07:57 [   5220] train/loss=0.2065  train/pred_loss=0.01973  train/sigreg_loss=2.074  train/emb_std=1.004  train/emb_norm=13.83  train/pred_vs_static=0.03369  train/grad_norm=0.8041  train/lr=0.0003  train/samples_per_sec=1.599e+04
2026-09-16 07:07:58 [   5240] train/loss=0.2069  train/pred_loss=0.01984  train/sigreg_loss=2.079  train/emb_std=1.003  train/emb_norm=13.82  train/pred_vs_static=0.03381  train/grad_norm=0.8155  train/lr=0.0003  train/samples_per_sec=1.599e+04
2026-09-16 07:07:58 [   5260] train/loss=0.2054  train/pred_loss=0.01965  train/sigreg_loss=2.064  train/emb_std=1.005  train/emb_norm=13.83  train/pred_vs_static=0.03324  train/grad_norm=0.8045  train/lr=0.0003  train/samples_per_sec=1.599e+04
2026-09-16 07:07:59 [   5280] train/loss=0.2061  train/pred_loss=0.01941  train/sigreg_loss=2.073  train/emb_std=1.005  train/emb_norm=13.83  train/pred_vs_static=0.03282  train/grad_norm=0.78  train/lr=0.0003  train/samples_per_sec=1.599e+04
2026-09-16 07:08:00 [   5300] train/loss=0.2034  train/pred_loss=0.01976  train/sigreg_loss=2.039  train/emb_std=1.005  train/emb_norm=13.84  train/pred_vs_static=0.03343  train/grad_norm=0.796  train/lr=0.0003  train/samples_per_sec=1.599e+04
2026-09-16 07:08:00 [   5320] train/loss=0.2046  train/pred_loss=0.01926  train/sigreg_loss=2.059  train/emb_std=1.003  train/emb_norm=13.82  train/pred_vs_static=0.03307  train/grad_norm=0.7889  train/lr=0.0003  train/samples_per_sec=1.599e+04
2026-09-16 07:08:01 [   5340] train/loss=0.2071  train/pred_loss=0.0197  train/sigreg_loss=2.081  train/emb_std=1.004  train/emb_norm=13.84  train/pred_vs_static=0.03338  train/grad_norm=0.8348  train/lr=0.0003  train/samples_per_sec=1.599e+04
2026-09-16 07:08:01 [   5360] train/loss=0.201  train/pred_loss=0.01921  train/sigreg_loss=2.019  train/emb_std=1.003  train/emb_norm=13.83  train/pred_vs_static=0.03287  train/grad_norm=0.7721  train/lr=0.0003  train/samples_per_sec=1.599e+04
2026-09-16 07:08:02 [   5380] train/loss=0.2047  train/pred_loss=0.01956  train/sigreg_loss=2.057  train/emb_std=1.005  train/emb_norm=13.83  train/pred_vs_static=0.03346  train/grad_norm=0.7908  train/lr=0.0003  train/samples_per_sec=1.6e+04
2026-09-16 07:08:03 [   5400] train/loss=0.2054  train/pred_loss=0.01947  train/sigreg_loss=2.065  train/emb_std=1.003  train/emb_norm=13.82  train/pred_vs_static=0.03324  train/grad_norm=0.7926  train/lr=0.0003  train/samples_per_sec=1.6e+04
2026-09-16 07:08:03 [   5420] train/loss=0.202  train/pred_loss=0.01936  train/sigreg_loss=2.029  train/emb_std=1.004  train/emb_norm=13.83  train/pred_vs_static=0.0327  train/grad_norm=0.794  train/lr=0.0003  train/samples_per_sec=1.6e+04
2026-09-16 07:08:04 [   5440] train/loss=0.2012  train/pred_loss=0.01929  train/sigreg_loss=2.022  train/emb_std=1.002  train/emb_norm=13.82  train/pred_vs_static=0.03302  train/grad_norm=0.7737  train/lr=0.0003  train/samples_per_sec=1.6e+04
2026-09-16 07:08:05 [   5460] train/loss=0.1999  train/pred_loss=0.01921  train/sigreg_loss=2.008  train/emb_std=1.003  train/emb_norm=13.81  train/pred_vs_static=0.03267  train/grad_norm=0.7749  train/lr=0.0003  train/samples_per_sec=1.6e+04
2026-09-16 07:08:05 [   5480] train/loss=0.2026  train/pred_loss=0.01941  train/sigreg_loss=2.035  train/emb_std=1.004  train/emb_norm=13.84  train/pred_vs_static=0.03304  train/grad_norm=0.7876  train/lr=0.0003  train/samples_per_sec=1.6e+04
2026-09-16 07:08:06 [   5500] train/loss=0.2009  train/pred_loss=0.0192  train/sigreg_loss=2.018  train/emb_std=1.004  train/emb_norm=13.83  train/pred_vs_static=0.03289  train/grad_norm=0.7897  train/lr=0.0003  train/samples_per_sec=1.6e+04
2026-09-16 07:08:07 [   5520] train/loss=0.2012  train/pred_loss=0.01902  train/sigreg_loss=2.024  train/emb_std=1.005  train/emb_norm=13.83  train/pred_vs_static=0.03232  train/grad_norm=0.806  train/lr=0.0003  train/samples_per_sec=1.6e+04
2026-09-16 07:08:07 [   5540] train/loss=0.2017  train/pred_loss=0.01918  train/sigreg_loss=2.029  train/emb_std=1.004  train/emb_norm=13.83  train/pred_vs_static=0.03253  train/grad_norm=0.7957  train/lr=0.0003  train/samples_per_sec=1.6e+04
2026-09-16 07:08:08 [   5560] train/loss=0.1989  train/pred_loss=0.01904  train/sigreg_loss=1.998  train/emb_std=1.004  train/emb_norm=13.82  train/pred_vs_static=0.0324  train/grad_norm=0.7899  train/lr=0.0003  train/samples_per_sec=1.6e+04
2026-09-16 07:08:08 [   5580] train/loss=0.1986  train/pred_loss=0.01916  train/sigreg_loss=1.994  train/emb_std=1.004  train/emb_norm=13.82  train/pred_vs_static=0.03261  train/grad_norm=0.8005  train/lr=0.0003  train/samples_per_sec=1.6e+04
2026-09-16 07:08:09 [   5600] train/loss=0.1992  train/pred_loss=0.01906  train/sigreg_loss=2  train/emb_std=1.002  train/emb_norm=13.81  train/pred_vs_static=0.03295  train/grad_norm=0.7688  train/lr=0.0003  train/samples_per_sec=1.6e+04
2026-09-16 07:08:10 [   5620] train/loss=0.1995  train/pred_loss=0.0191  train/sigreg_loss=2.005  train/emb_std=1.004  train/emb_norm=13.82  train/pred_vs_static=0.03308  train/grad_norm=0.7824  train/lr=0.0003  train/samples_per_sec=1.6e+04
2026-09-16 07:08:10 [   5640] train/loss=0.1967  train/pred_loss=0.01898  train/sigreg_loss=1.975  train/emb_std=1.003  train/emb_norm=13.82  train/pred_vs_static=0.03269  train/grad_norm=0.7718  train/lr=0.0002999  train/samples_per_sec=1.601e+04
2026-09-16 07:08:11 [   5660] train/loss=0.1994  train/pred_loss=0.0192  train/sigreg_loss=2  train/emb_std=1.002  train/emb_norm=13.82  train/pred_vs_static=0.03283  train/grad_norm=0.7768  train/lr=0.0002999  train/samples_per_sec=1.601e+04
2026-09-16 07:08:12 [   5680] train/loss=0.198  train/pred_loss=0.01911  train/sigreg_loss=1.987  train/emb_std=1.003  train/emb_norm=13.82  train/pred_vs_static=0.03283  train/grad_norm=0.7819  train/lr=0.0002999  train/samples_per_sec=1.601e+04
2026-09-16 07:08:12 [   5700] train/loss=0.1966  train/pred_loss=0.0189  train/sigreg_loss=1.974  train/emb_std=1.001  train/emb_norm=13.81  train/pred_vs_static=0.03244  train/grad_norm=0.7845  train/lr=0.0002999  train/samples_per_sec=1.601e+04
2026-09-16 07:08:13 [   5720] train/loss=0.1954  train/pred_loss=0.01913  train/sigreg_loss=1.957  train/emb_std=1.003  train/emb_norm=13.82  train/pred_vs_static=0.03266  train/grad_norm=0.7729  train/lr=0.0002999  train/samples_per_sec=1.601e+04
2026-09-16 07:08:14 [   5740] train/loss=0.1958  train/pred_loss=0.01865  train/sigreg_loss=1.968  train/emb_std=1.003  train/emb_norm=13.83  train/pred_vs_static=0.03189  train/grad_norm=0.7714  train/lr=0.0002999  train/samples_per_sec=1.601e+04
2026-09-16 07:08:14 [   5760] train/loss=0.1976  train/pred_loss=0.01902  train/sigreg_loss=1.984  train/emb_std=1.004  train/emb_norm=13.83  train/pred_vs_static=0.03266  train/grad_norm=0.8021  train/lr=0.0002999  train/samples_per_sec=1.601e+04
2026-09-16 07:08:15 [   5780] train/loss=0.1947  train/pred_loss=0.01871  train/sigreg_loss=1.955  train/emb_std=1.002  train/emb_norm=13.82  train/pred_vs_static=0.03197  train/grad_norm=0.7656  train/lr=0.0002999  train/samples_per_sec=1.601e+04
2026-09-16 07:08:15 [   5800] train/loss=0.1958  train/pred_loss=0.01872  train/sigreg_loss=1.967  train/emb_std=1.003  train/emb_norm=13.82  train/pred_vs_static=0.03231  train/grad_norm=0.7682  train/lr=0.0002999  train/samples_per_sec=1.601e+04
2026-09-16 07:08:16 [   5820] train/loss=0.1957  train/pred_loss=0.01886  train/sigreg_loss=1.964  train/emb_std=1.003  train/emb_norm=13.82  train/pred_vs_static=0.03241  train/grad_norm=0.7615  train/lr=0.0002999  train/samples_per_sec=1.601e+04
2026-09-16 07:08:17 [   5840] train/loss=0.1939  train/pred_loss=0.01883  train/sigreg_loss=1.944  train/emb_std=1.005  train/emb_norm=13.84  train/pred_vs_static=0.03225  train/grad_norm=0.7896  train/lr=0.0002999  train/samples_per_sec=1.601e+04
2026-09-16 07:08:17 [   5860] train/loss=0.1961  train/pred_loss=0.0189  train/sigreg_loss=1.968  train/emb_std=1.001  train/emb_norm=13.8  train/pred_vs_static=0.03258  train/grad_norm=0.786  train/lr=0.0002999  train/samples_per_sec=1.601e+04
2026-09-16 07:08:18 [   5880] train/loss=0.1954  train/pred_loss=0.01919  train/sigreg_loss=1.957  train/emb_std=1.001  train/emb_norm=13.81  train/pred_vs_static=0.03292  train/grad_norm=0.7924  train/lr=0.0002999  train/samples_per_sec=1.601e+04
2026-09-16 07:08:19 [   5900] train/loss=0.1959  train/pred_loss=0.01905  train/sigreg_loss=1.964  train/emb_std=1.003  train/emb_norm=13.83  train/pred_vs_static=0.03292  train/grad_norm=0.8081  train/lr=0.0002999  train/samples_per_sec=1.601e+04
2026-09-16 07:08:19 [   5920] train/loss=0.1941  train/pred_loss=0.01863  train/sigreg_loss=1.949  train/emb_std=1.003  train/emb_norm=13.82  train/pred_vs_static=0.03223  train/grad_norm=0.7983  train/lr=0.0002999  train/samples_per_sec=1.601e+04
2026-09-16 07:08:20 [   5940] train/loss=0.1945  train/pred_loss=0.01855  train/sigreg_loss=1.955  train/emb_std=1.003  train/emb_norm=13.83  train/pred_vs_static=0.03224  train/grad_norm=0.7958  train/lr=0.0002999  train/samples_per_sec=1.601e+04
2026-09-16 07:08:21 [   5960] train/loss=0.192  train/pred_loss=0.01823  train/sigreg_loss=1.93  train/emb_std=1.003  train/emb_norm=13.83  train/pred_vs_static=0.03118  train/grad_norm=0.77  train/lr=0.0002999  train/samples_per_sec=1.601e+04
2026-09-16 07:08:21 [   5980] train/loss=0.1919  train/pred_loss=0.01843  train/sigreg_loss=1.927  train/emb_std=1.002  train/emb_norm=13.81  train/pred_vs_static=0.03174  train/grad_norm=0.7712  train/lr=0.0002999  train/samples_per_sec=1.601e+04
2026-09-16 07:08:22 [   6000] train/loss=0.1923  train/pred_loss=0.01839  train/sigreg_loss=1.933  train/emb_std=1.002  train/emb_norm=13.82  train/pred_vs_static=0.03185  train/grad_norm=0.7773  train/lr=0.0002999  train/samples_per_sec=1.601e+04
2026-09-16 07:08:22 [   6000] train_epoch/loss=0.2125  train_epoch/pred_loss=0.02031  train_epoch/sigreg_loss=2.136  train_epoch/emb_std=1.004  train_epoch/emb_norm=13.82  train_epoch/pred_vs_static=0.03483  train_epoch/grad_norm=0.8199  train_epoch/lr=0.0003  train_epoch/epoch=2
2026-09-16 07:08:22 [   6000] val/loss=0.956  val/pred_loss=0.01567  val/sigreg_loss=10.44  val/emb_std=0.9885  val/emb_norm=13.84  val/pred_vs_static=0.02766  val/epoch=2
2026-09-16 07:08:22 epoch   2 | val pred_vs_static 0.02766 | best 0.02766 @ epoch 2 | saved epoch_002.pt
2026-09-16 07:08:23 [   6020] train/loss=0.1945  train/pred_loss=0.01842  train/sigreg_loss=1.955  train/emb_std=1.002  train/emb_norm=13.82  train/pred_vs_static=0.03172  train/grad_norm=0.7845  train/lr=0.0002999  train/samples_per_sec=1.281e+04
2026-09-16 07:08:24 [   6040] train/loss=0.1907  train/pred_loss=0.01854  train/sigreg_loss=1.913  train/emb_std=1.004  train/emb_norm=13.82  train/pred_vs_static=0.03199  train/grad_norm=0.7607  train/lr=0.0002999  train/samples_per_sec=1.422e+04
2026-09-16 07:08:25 [   6060] train/loss=0.1924  train/pred_loss=0.0184  train/sigreg_loss=1.932  train/emb_std=1.002  train/emb_norm=13.82  train/pred_vs_static=0.03181  train/grad_norm=0.7711  train/lr=0.0002999  train/samples_per_sec=1.479e+04
2026-09-16 07:08:25 [   6080] train/loss=0.1924  train/pred_loss=0.0183  train/sigreg_loss=1.934  train/emb_std=1.003  train/emb_norm=13.83  train/pred_vs_static=0.03132  train/grad_norm=0.8041  train/lr=0.0002999  train/samples_per_sec=1.508e+04
2026-09-16 07:08:26 [   6100] train/loss=0.1935  train/pred_loss=0.01864  train/sigreg_loss=1.944  train/emb_std=1.001  train/emb_norm=13.81  train/pred_vs_static=0.03187  train/grad_norm=0.7888  train/lr=0.0002999  train/samples_per_sec=1.526e+04
2026-09-16 07:08:26 [   6120] train/loss=0.191  train/pred_loss=0.01848  train/sigreg_loss=1.918  train/emb_std=1.004  train/emb_norm=13.83  train/pred_vs_static=0.03182  train/grad_norm=0.771  train/lr=0.0002999  train/samples_per_sec=1.537e+04
2026-09-16 07:08:27 [   6140] train/loss=0.1906  train/pred_loss=0.01815  train/sigreg_loss=1.915  train/emb_std=1.002  train/emb_norm=13.81  train/pred_vs_static=0.03117  train/grad_norm=0.7844  train/lr=0.0002999  train/samples_per_sec=1.545e+04
2026-09-16 07:08:28 [   6160] train/loss=0.1892  train/pred_loss=0.01811  train/sigreg_loss=1.901  train/emb_std=1.001  train/emb_norm=13.8  train/pred_vs_static=0.03165  train/grad_norm=0.7748  train/lr=0.0002999  train/samples_per_sec=1.551e+04
2026-09-16 07:08:28 [   6180] train/loss=0.1921  train/pred_loss=0.01822  train/sigreg_loss=1.93  train/emb_std=1.003  train/emb_norm=13.83  train/pred_vs_static=0.03162  train/grad_norm=0.7478  train/lr=0.0002999  train/samples_per_sec=1.556e+04
2026-09-16 07:08:29 [   6200] train/loss=0.1915  train/pred_loss=0.01821  train/sigreg_loss=1.924  train/emb_std=1.004  train/emb_norm=13.83  train/pred_vs_static=0.03144  train/grad_norm=0.7915  train/lr=0.0002999  train/samples_per_sec=1.56e+04
2026-09-16 07:08:30 [   6220] train/loss=0.1868  train/pred_loss=0.01818  train/sigreg_loss=1.875  train/emb_std=1.002  train/emb_norm=13.82  train/pred_vs_static=0.03159  train/grad_norm=0.7675  train/lr=0.0002999  train/samples_per_sec=1.563e+04
2026-09-16 07:08:30 [   6240] train/loss=0.1895  train/pred_loss=0.01822  train/sigreg_loss=1.903  train/emb_std=1.002  train/emb_norm=13.82  train/pred_vs_static=0.0314  train/grad_norm=0.7611  train/lr=0.0002999  train/samples_per_sec=1.566e+04
2026-09-16 07:08:31 [   6260] train/loss=0.1889  train/pred_loss=0.01829  train/sigreg_loss=1.896  train/emb_std=1.002  train/emb_norm=13.82  train/pred_vs_static=0.03144  train/grad_norm=0.7565  train/lr=0.0002999  train/samples_per_sec=1.568e+04
2026-09-16 07:08:32 [   6280] train/loss=0.1885  train/pred_loss=0.01802  train/sigreg_loss=1.894  train/emb_std=1.003  train/emb_norm=13.82  train/pred_vs_static=0.03141  train/grad_norm=0.7726  train/lr=0.0002999  train/samples_per_sec=1.57e+04
2026-09-16 07:08:32 [   6300] train/loss=0.1872  train/pred_loss=0.01834  train/sigreg_loss=1.876  train/emb_std=1.003  train/emb_norm=13.82  train/pred_vs_static=0.03204  train/grad_norm=0.7893  train/lr=0.0002999  train/samples_per_sec=1.572e+04
2026-09-16 07:08:33 [   6320] train/loss=0.1858  train/pred_loss=0.01823  train/sigreg_loss=1.863  train/emb_std=1.002  train/emb_norm=13.83  train/pred_vs_static=0.03171  train/grad_norm=0.7678  train/lr=0.0002999  train/samples_per_sec=1.574e+04
2026-09-16 07:08:33 [   6340] train/loss=0.1871  train/pred_loss=0.01794  train/sigreg_loss=1.88  train/emb_std=1.003  train/emb_norm=13.82  train/pred_vs_static=0.03099  train/grad_norm=0.7483  train/lr=0.0002999  train/samples_per_sec=1.576e+04
2026-09-16 07:08:34 [   6360] train/loss=0.1866  train/pred_loss=0.01798  train/sigreg_loss=1.874  train/emb_std=1.004  train/emb_norm=13.83  train/pred_vs_static=0.03123  train/grad_norm=0.767  train/lr=0.0002999  train/samples_per_sec=1.577e+04
2026-09-16 07:08:35 [   6380] train/loss=0.1852  train/pred_loss=0.01775  train/sigreg_loss=1.861  train/emb_std=1.002  train/emb_norm=13.81  train/pred_vs_static=0.03076  train/grad_norm=0.7814  train/lr=0.0002999  train/samples_per_sec=1.579e+04
2026-09-16 07:08:35 [   6400] train/loss=0.186  train/pred_loss=0.01771  train/sigreg_loss=1.87  train/emb_std=1.002  train/emb_norm=13.81  train/pred_vs_static=0.03056  train/grad_norm=0.7749  train/lr=0.0002999  train/samples_per_sec=1.58e+04
2026-09-16 07:08:36 [   6420] train/loss=0.1853  train/pred_loss=0.01785  train/sigreg_loss=1.862  train/emb_std=1.003  train/emb_norm=13.83  train/pred_vs_static=0.03097  train/grad_norm=0.782  train/lr=0.0002999  train/samples_per_sec=1.581e+04
2026-09-16 07:08:37 [   6440] train/loss=0.1858  train/pred_loss=0.01765  train/sigreg_loss=1.868  train/emb_std=1.003  train/emb_norm=13.82  train/pred_vs_static=0.03111  train/grad_norm=0.79  train/lr=0.0002999  train/samples_per_sec=1.582e+04
2026-09-16 07:08:37 [   6460] train/loss=0.1854  train/pred_loss=0.0178  train/sigreg_loss=1.863  train/emb_std=1.002  train/emb_norm=13.83  train/pred_vs_static=0.0311  train/grad_norm=0.7731  train/lr=0.0002999  train/samples_per_sec=1.583e+04
2026-09-16 07:08:38 [   6480] train/loss=0.1855  train/pred_loss=0.01776  train/sigreg_loss=1.864  train/emb_std=1.003  train/emb_norm=13.83  train/pred_vs_static=0.03122  train/grad_norm=0.7703  train/lr=0.0002999  train/samples_per_sec=1.584e+04
2026-09-16 07:08:39 [   6500] train/loss=0.1868  train/pred_loss=0.01774  train/sigreg_loss=1.879  train/emb_std=1.001  train/emb_norm=13.82  train/pred_vs_static=0.03092  train/grad_norm=0.7724  train/lr=0.0002999  train/samples_per_sec=1.585e+04
2026-09-16 07:08:39 [   6520] train/loss=0.1834  train/pred_loss=0.01767  train/sigreg_loss=1.842  train/emb_std=1.002  train/emb_norm=13.82  train/pred_vs_static=0.03083  train/grad_norm=0.7588  train/lr=0.0002999  train/samples_per_sec=1.586e+04
2026-09-16 07:08:40 [   6540] train/loss=0.1828  train/pred_loss=0.01734  train/sigreg_loss=1.84  train/emb_std=1.002  train/emb_norm=13.82  train/pred_vs_static=0.03011  train/grad_norm=0.7417  train/lr=0.0002999  train/samples_per_sec=1.586e+04
2026-09-16 07:08:40 [   6560] train/loss=0.1833  train/pred_loss=0.01766  train/sigreg_loss=1.841  train/emb_std=1.001  train/emb_norm=13.81  train/pred_vs_static=0.03084  train/grad_norm=0.7633  train/lr=0.0002999  train/samples_per_sec=1.587e+04
2026-09-16 07:08:41 [   6580] train/loss=0.1831  train/pred_loss=0.01749  train/sigreg_loss=1.84  train/emb_std=1.002  train/emb_norm=13.82  train/pred_vs_static=0.03069  train/grad_norm=0.7512  train/lr=0.0002999  train/samples_per_sec=1.588e+04
2026-09-16 07:08:42 [   6600] train/loss=0.1809  train/pred_loss=0.01743  train/sigreg_loss=1.816  train/emb_std=1.003  train/emb_norm=13.82  train/pred_vs_static=0.03068  train/grad_norm=0.7724  train/lr=0.0002999  train/samples_per_sec=1.588e+04
2026-09-16 07:08:42 [   6620] train/loss=0.1831  train/pred_loss=0.01736  train/sigreg_loss=1.842  train/emb_std=1.003  train/emb_norm=13.83  train/pred_vs_static=0.03049  train/grad_norm=0.7648  train/lr=0.0002999  train/samples_per_sec=1.589e+04
2026-09-16 07:08:43 [   6640] train/loss=0.1848  train/pred_loss=0.01781  train/sigreg_loss=1.857  train/emb_std=1.003  train/emb_norm=13.83  train/pred_vs_static=0.03108  train/grad_norm=0.7639  train/lr=0.0002999  train/samples_per_sec=1.589e+04
2026-09-16 07:08:44 [   6660] train/loss=0.1832  train/pred_loss=0.01734  train/sigreg_loss=1.843  train/emb_std=1.002  train/emb_norm=13.82  train/pred_vs_static=0.03039  train/grad_norm=0.7482  train/lr=0.0002999  train/samples_per_sec=1.59e+04
2026-09-16 07:08:44 [   6680] train/loss=0.1812  train/pred_loss=0.01742  train/sigreg_loss=1.821  train/emb_std=1.002  train/emb_norm=13.82  train/pred_vs_static=0.03052  train/grad_norm=0.7555  train/lr=0.0002999  train/samples_per_sec=1.59e+04
2026-09-16 07:08:45 [   6700] train/loss=0.1807  train/pred_loss=0.01754  train/sigreg_loss=1.812  train/emb_std=1.003  train/emb_norm=13.82  train/pred_vs_static=0.03049  train/grad_norm=0.756  train/lr=0.0002999  train/samples_per_sec=1.591e+04
2026-09-16 07:08:46 [   6720] train/loss=0.1804  train/pred_loss=0.0173  train/sigreg_loss=1.813  train/emb_std=1.002  train/emb_norm=13.82  train/pred_vs_static=0.0301  train/grad_norm=0.7351  train/lr=0.0002999  train/samples_per_sec=1.591e+04
2026-09-16 07:08:46 [   6740] train/loss=0.1825  train/pred_loss=0.01756  train/sigreg_loss=1.832  train/emb_std=1.001  train/emb_norm=13.81  train/pred_vs_static=0.03085  train/grad_norm=0.7517  train/lr=0.0002999  train/samples_per_sec=1.591e+04
2026-09-16 07:08:47 [   6760] train/loss=0.184  train/pred_loss=0.01756  train/sigreg_loss=1.848  train/emb_std=1.002  train/emb_norm=13.82  train/pred_vs_static=0.03074  train/grad_norm=0.7768  train/lr=0.0002999  train/samples_per_sec=1.592e+04
2026-09-16 07:08:48 [   6780] train/loss=0.1794  train/pred_loss=0.01748  train/sigreg_loss=1.799  train/emb_std=1.001  train/emb_norm=13.81  train/pred_vs_static=0.03054  train/grad_norm=0.7605  train/lr=0.0002999  train/samples_per_sec=1.592e+04
2026-09-16 07:08:48 [   6800] train/loss=0.178  train/pred_loss=0.01706  train/sigreg_loss=1.789  train/emb_std=1.004  train/emb_norm=13.83  train/pred_vs_static=0.02984  train/grad_norm=0.7439  train/lr=0.0002999  train/samples_per_sec=1.592e+04
2026-09-16 07:08:49 [   6820] train/loss=0.1809  train/pred_loss=0.01728  train/sigreg_loss=1.818  train/emb_std=1.002  train/emb_norm=13.81  train/pred_vs_static=0.03037  train/grad_norm=0.7361  train/lr=0.0002998  train/samples_per_sec=1.593e+04
2026-09-16 07:08:49 [   6840] train/loss=0.1797  train/pred_loss=0.01724  train/sigreg_loss=1.805  train/emb_std=1.004  train/emb_norm=13.83  train/pred_vs_static=0.03002  train/grad_norm=0.7581  train/lr=0.0002998  train/samples_per_sec=1.593e+04
2026-09-16 07:08:50 [   6860] train/loss=0.1802  train/pred_loss=0.01724  train/sigreg_loss=1.811  train/emb_std=1.001  train/emb_norm=13.82  train/pred_vs_static=0.03028  train/grad_norm=0.7783  train/lr=0.0002998  train/samples_per_sec=1.593e+04
2026-09-16 07:08:51 [   6880] train/loss=0.1792  train/pred_loss=0.01701  train/sigreg_loss=1.804  train/emb_std=1.003  train/emb_norm=13.82  train/pred_vs_static=0.02975  train/grad_norm=0.753  train/lr=0.0002998  train/samples_per_sec=1.593e+04
2026-09-16 07:08:51 [   6900] train/loss=0.1789  train/pred_loss=0.01717  train/sigreg_loss=1.797  train/emb_std=1.003  train/emb_norm=13.82  train/pred_vs_static=0.03049  train/grad_norm=0.7141  train/lr=0.0002998  train/samples_per_sec=1.594e+04
2026-09-16 07:08:52 [   6920] train/loss=0.1788  train/pred_loss=0.01686  train/sigreg_loss=1.799  train/emb_std=1.002  train/emb_norm=13.83  train/pred_vs_static=0.02992  train/grad_norm=0.7435  train/lr=0.0002998  train/samples_per_sec=1.594e+04
2026-09-16 07:08:53 [   6940] train/loss=0.1765  train/pred_loss=0.01688  train/sigreg_loss=1.774  train/emb_std=1.002  train/emb_norm=13.82  train/pred_vs_static=0.02995  train/grad_norm=0.7329  train/lr=0.0002998  train/samples_per_sec=1.594e+04
2026-09-16 07:08:53 [   6960] train/loss=0.1782  train/pred_loss=0.0169  train/sigreg_loss=1.79  train/emb_std=1.002  train/emb_norm=13.82  train/pred_vs_static=0.0301  train/grad_norm=0.7361  train/lr=0.0002998  train/samples_per_sec=1.594e+04
2026-09-16 07:08:54 [   6980] train/loss=0.1768  train/pred_loss=0.01689  train/sigreg_loss=1.777  train/emb_std=1.003  train/emb_norm=13.83  train/pred_vs_static=0.03001  train/grad_norm=0.7129  train/lr=0.0002998  train/samples_per_sec=1.594e+04
2026-09-16 07:08:55 [   7000] train/loss=0.1752  train/pred_loss=0.01685  train/sigreg_loss=1.759  train/emb_std=1  train/emb_norm=13.81  train/pred_vs_static=0.02982  train/grad_norm=0.7058  train/lr=0.0002998  train/samples_per_sec=1.594e+04
2026-09-16 07:08:55 [   7020] train/loss=0.1789  train/pred_loss=0.01686  train/sigreg_loss=1.801  train/emb_std=1.004  train/emb_norm=13.84  train/pred_vs_static=0.02974  train/grad_norm=0.7349  train/lr=0.0002998  train/samples_per_sec=1.595e+04
2026-09-16 07:08:56 [   7040] train/loss=0.1762  train/pred_loss=0.01677  train/sigreg_loss=1.773  train/emb_std=1.003  train/emb_norm=13.83  train/pred_vs_static=0.02972  train/grad_norm=0.7234  train/lr=0.0002998  train/samples_per_sec=1.595e+04
2026-09-16 07:08:56 [   7060] train/loss=0.177  train/pred_loss=0.01675  train/sigreg_loss=1.781  train/emb_std=1.001  train/emb_norm=13.82  train/pred_vs_static=0.02957  train/grad_norm=0.7418  train/lr=0.0002998  train/samples_per_sec=1.595e+04
2026-09-16 07:08:57 [   7080] train/loss=0.1758  train/pred_loss=0.01667  train/sigreg_loss=1.77  train/emb_std=1.001  train/emb_norm=13.81  train/pred_vs_static=0.02943  train/grad_norm=0.7467  train/lr=0.0002998  train/samples_per_sec=1.595e+04
2026-09-16 07:08:58 [   7100] train/loss=0.1764  train/pred_loss=0.01664  train/sigreg_loss=1.776  train/emb_std=1.004  train/emb_norm=13.83  train/pred_vs_static=0.02923  train/grad_norm=0.7357  train/lr=0.0002998  train/samples_per_sec=1.595e+04
2026-09-16 07:08:58 [   7120] train/loss=0.1749  train/pred_loss=0.01642  train/sigreg_loss=1.762  train/emb_std=1.002  train/emb_norm=13.81  train/pred_vs_static=0.02919  train/grad_norm=0.7332  train/lr=0.0002998  train/samples_per_sec=1.596e+04
2026-09-16 07:08:59 [   7140] train/loss=0.1785  train/pred_loss=0.01682  train/sigreg_loss=1.798  train/emb_std=1.002  train/emb_norm=13.81  train/pred_vs_static=0.02993  train/grad_norm=0.7676  train/lr=0.0002998  train/samples_per_sec=1.596e+04
2026-09-16 07:09:00 [   7160] train/loss=0.1789  train/pred_loss=0.01704  train/sigreg_loss=1.798  train/emb_std=1.002  train/emb_norm=13.82  train/pred_vs_static=0.03009  train/grad_norm=0.7551  train/lr=0.0002998  train/samples_per_sec=1.596e+04
2026-09-16 07:09:00 [   7180] train/loss=0.1769  train/pred_loss=0.0167  train/sigreg_loss=1.78  train/emb_std=1.001  train/emb_norm=13.82  train/pred_vs_static=0.02975  train/grad_norm=0.7644  train/lr=0.0002998  train/samples_per_sec=1.596e+04
2026-09-16 07:09:01 [   7200] train/loss=0.1762  train/pred_loss=0.01679  train/sigreg_loss=1.772  train/emb_std=1.002  train/emb_norm=13.81  train/pred_vs_static=0.02972  train/grad_norm=0.733  train/lr=0.0002998  train/samples_per_sec=1.596e+04
2026-09-16 07:09:02 [   7220] train/loss=0.1744  train/pred_loss=0.01665  train/sigreg_loss=1.752  train/emb_std=1.004  train/emb_norm=13.83  train/pred_vs_static=0.02995  train/grad_norm=0.7367  train/lr=0.0002998  train/samples_per_sec=1.596e+04
2026-09-16 07:09:02 [   7240] train/loss=0.175  train/pred_loss=0.01663  train/sigreg_loss=1.759  train/emb_std=1.001  train/emb_norm=13.81  train/pred_vs_static=0.02938  train/grad_norm=0.766  train/lr=0.0002998  train/samples_per_sec=1.596e+04
2026-09-16 07:09:03 [   7260] train/loss=0.1765  train/pred_loss=0.01661  train/sigreg_loss=1.778  train/emb_std=1.001  train/emb_norm=13.82  train/pred_vs_static=0.02938  train/grad_norm=0.7595  train/lr=0.0002998  train/samples_per_sec=1.596e+04
2026-09-16 07:09:03 [   7280] train/loss=0.1743  train/pred_loss=0.01654  train/sigreg_loss=1.752  train/emb_std=1.003  train/emb_norm=13.83  train/pred_vs_static=0.02944  train/grad_norm=0.739  train/lr=0.0002998  train/samples_per_sec=1.597e+04
2026-09-16 07:09:04 [   7300] train/loss=0.1732  train/pred_loss=0.01659  train/sigreg_loss=1.741  train/emb_std=1.001  train/emb_norm=13.82  train/pred_vs_static=0.02937  train/grad_norm=0.7529  train/lr=0.0002998  train/samples_per_sec=1.597e+04
2026-09-16 07:09:05 [   7320] train/loss=0.1721  train/pred_loss=0.01641  train/sigreg_loss=1.73  train/emb_std=1.002  train/emb_norm=13.82  train/pred_vs_static=0.02918  train/grad_norm=0.7523  train/lr=0.0002998  train/samples_per_sec=1.597e+04
2026-09-16 07:09:05 [   7340] train/loss=0.1743  train/pred_loss=0.01628  train/sigreg_loss=1.756  train/emb_std=1.003  train/emb_norm=13.83  train/pred_vs_static=0.02899  train/grad_norm=0.7643  train/lr=0.0002998  train/samples_per_sec=1.597e+04
2026-09-16 07:09:06 [   7360] train/loss=0.1728  train/pred_loss=0.0164  train/sigreg_loss=1.739  train/emb_std=1.001  train/emb_norm=13.82  train/pred_vs_static=0.0293  train/grad_norm=0.7497  train/lr=0.0002998  train/samples_per_sec=1.597e+04
2026-09-16 07:09:07 [   7380] train/loss=0.1735  train/pred_loss=0.01644  train/sigreg_loss=1.746  train/emb_std=1.001  train/emb_norm=13.81  train/pred_vs_static=0.0294  train/grad_norm=0.7258  train/lr=0.0002998  train/samples_per_sec=1.597e+04
2026-09-16 07:09:07 [   7400] train/loss=0.1747  train/pred_loss=0.01658  train/sigreg_loss=1.758  train/emb_std=1.002  train/emb_norm=13.82  train/pred_vs_static=0.02979  train/grad_norm=0.7694  train/lr=0.0002998  train/samples_per_sec=1.597e+04
2026-09-16 07:09:08 [   7420] train/loss=0.1759  train/pred_loss=0.01675  train/sigreg_loss=1.769  train/emb_std=1.004  train/emb_norm=13.83  train/pred_vs_static=0.02993  train/grad_norm=0.7614  train/lr=0.0002998  train/samples_per_sec=1.597e+04
2026-09-16 07:09:09 [   7440] train/loss=0.1719  train/pred_loss=0.01647  train/sigreg_loss=1.727  train/emb_std=1.004  train/emb_norm=13.83  train/pred_vs_static=0.02903  train/grad_norm=0.725  train/lr=0.0002998  train/samples_per_sec=1.597e+04
2026-09-16 07:09:09 [   7460] train/loss=0.173  train/pred_loss=0.01648  train/sigreg_loss=1.738  train/emb_std=1.003  train/emb_norm=13.83  train/pred_vs_static=0.02937  train/grad_norm=0.7254  train/lr=0.0002998  train/samples_per_sec=1.597e+04
2026-09-16 07:09:10 [   7480] train/loss=0.1736  train/pred_loss=0.0163  train/sigreg_loss=1.748  train/emb_std=1.002  train/emb_norm=13.82  train/pred_vs_static=0.02911  train/grad_norm=0.7437  train/lr=0.0002998  train/samples_per_sec=1.598e+04
2026-09-16 07:09:10 [   7500] train/loss=0.1727  train/pred_loss=0.0163  train/sigreg_loss=1.737  train/emb_std=1.002  train/emb_norm=13.83  train/pred_vs_static=0.02925  train/grad_norm=0.7388  train/lr=0.0002998  train/samples_per_sec=1.598e+04
2026-09-16 07:09:11 [   7520] train/loss=0.171  train/pred_loss=0.01615  train/sigreg_loss=1.72  train/emb_std=1.001  train/emb_norm=13.82  train/pred_vs_static=0.02908  train/grad_norm=0.7412  train/lr=0.0002998  train/samples_per_sec=1.598e+04
2026-09-16 07:09:12 [   7540] train/loss=0.1734  train/pred_loss=0.01647  train/sigreg_loss=1.743  train/emb_std=1.003  train/emb_norm=13.83  train/pred_vs_static=0.02943  train/grad_norm=0.7592  train/lr=0.0002998  train/samples_per_sec=1.598e+04
2026-09-16 07:09:12 [   7560] train/loss=0.1721  train/pred_loss=0.01632  train/sigreg_loss=1.731  train/emb_std=1.002  train/emb_norm=13.82  train/pred_vs_static=0.02938  train/grad_norm=0.7326  train/lr=0.0002998  train/samples_per_sec=1.598e+04
2026-09-16 07:09:13 [   7580] train/loss=0.1717  train/pred_loss=0.01618  train/sigreg_loss=1.729  train/emb_std=1.002  train/emb_norm=13.82  train/pred_vs_static=0.0286  train/grad_norm=0.7539  train/lr=0.0002998  train/samples_per_sec=1.598e+04
2026-09-16 07:09:14 [   7600] train/loss=0.1731  train/pred_loss=0.01646  train/sigreg_loss=1.741  train/emb_std=1.001  train/emb_norm=13.82  train/pred_vs_static=0.02924  train/grad_norm=0.7715  train/lr=0.0002998  train/samples_per_sec=1.598e+04
2026-09-16 07:09:14 [   7620] train/loss=0.1724  train/pred_loss=0.01624  train/sigreg_loss=1.735  train/emb_std=1.002  train/emb_norm=13.82  train/pred_vs_static=0.02882  train/grad_norm=0.7313  train/lr=0.0002998  train/samples_per_sec=1.598e+04
2026-09-16 07:09:15 [   7640] train/loss=0.17  train/pred_loss=0.01616  train/sigreg_loss=1.709  train/emb_std=1  train/emb_norm=13.81  train/pred_vs_static=0.02888  train/grad_norm=0.7204  train/lr=0.0002997  train/samples_per_sec=1.598e+04
2026-09-16 07:09:16 [   7660] train/loss=0.1687  train/pred_loss=0.01592  train/sigreg_loss=1.698  train/emb_std=1.003  train/emb_norm=13.83  train/pred_vs_static=0.02853  train/grad_norm=0.7281  train/lr=0.0002997  train/samples_per_sec=1.598e+04
2026-09-16 07:09:16 [   7680] train/loss=0.1706  train/pred_loss=0.01612  train/sigreg_loss=1.717  train/emb_std=1.002  train/emb_norm=13.82  train/pred_vs_static=0.02894  train/grad_norm=0.7355  train/lr=0.0002997  train/samples_per_sec=1.598e+04
2026-09-16 07:09:17 [   7700] train/loss=0.1707  train/pred_loss=0.01622  train/sigreg_loss=1.716  train/emb_std=1.002  train/emb_norm=13.83  train/pred_vs_static=0.02893  train/grad_norm=0.7435  train/lr=0.0002997  train/samples_per_sec=1.598e+04
2026-09-16 07:09:18 [   7720] train/loss=0.1698  train/pred_loss=0.01615  train/sigreg_loss=1.706  train/emb_std=1.001  train/emb_norm=13.82  train/pred_vs_static=0.02889  train/grad_norm=0.749  train/lr=0.0002997  train/samples_per_sec=1.598e+04
2026-09-16 07:09:18 [   7740] train/loss=0.1677  train/pred_loss=0.01614  train/sigreg_loss=1.683  train/emb_std=1.002  train/emb_norm=13.82  train/pred_vs_static=0.02897  train/grad_norm=0.7389  train/lr=0.0002997  train/samples_per_sec=1.599e+04
2026-09-16 07:09:19 [   7760] train/loss=0.1681  train/pred_loss=0.01619  train/sigreg_loss=1.688  train/emb_std=1.001  train/emb_norm=13.81  train/pred_vs_static=0.02921  train/grad_norm=0.6967  train/lr=0.0002997  train/samples_per_sec=1.599e+04
2026-09-16 07:09:19 [   7780] train/loss=0.1693  train/pred_loss=0.01622  train/sigreg_loss=1.7  train/emb_std=1.002  train/emb_norm=13.83  train/pred_vs_static=0.0292  train/grad_norm=0.7139  train/lr=0.0002997  train/samples_per_sec=1.599e+04
2026-09-16 07:09:20 [   7800] train/loss=0.1706  train/pred_loss=0.01588  train/sigreg_loss=1.719  train/emb_std=1.001  train/emb_norm=13.81  train/pred_vs_static=0.02852  train/grad_norm=0.7245  train/lr=0.0002997  train/samples_per_sec=1.599e+04
2026-09-16 07:09:21 [   7820] train/loss=0.1671  train/pred_loss=0.01593  train/sigreg_loss=1.679  train/emb_std=1.001  train/emb_norm=13.82  train/pred_vs_static=0.02885  train/grad_norm=0.7226  train/lr=0.0002997  train/samples_per_sec=1.599e+04
2026-09-16 07:09:21 [   7840] train/loss=0.1711  train/pred_loss=0.01624  train/sigreg_loss=1.721  train/emb_std=1.001  train/emb_norm=13.81  train/pred_vs_static=0.02923  train/grad_norm=0.7293  train/lr=0.0002997  train/samples_per_sec=1.599e+04
2026-09-16 07:09:22 [   7860] train/loss=0.1685  train/pred_loss=0.0157  train/sigreg_loss=1.698  train/emb_std=1.002  train/emb_norm=13.81  train/pred_vs_static=0.02849  train/grad_norm=0.7126  train/lr=0.0002997  train/samples_per_sec=1.599e+04
2026-09-16 07:09:23 [   7880] train/loss=0.1673  train/pred_loss=0.01616  train/sigreg_loss=1.679  train/emb_std=1.002  train/emb_norm=13.82  train/pred_vs_static=0.02949  train/grad_norm=0.7434  train/lr=0.0002997  train/samples_per_sec=1.599e+04
2026-09-16 07:09:23 [   7900] train/loss=0.1694  train/pred_loss=0.01626  train/sigreg_loss=1.7  train/emb_std=1.002  train/emb_norm=13.82  train/pred_vs_static=0.02961  train/grad_norm=0.7368  train/lr=0.0002997  train/samples_per_sec=1.599e+04
2026-09-16 07:09:24 [   7920] train/loss=0.169  train/pred_loss=0.01614  train/sigreg_loss=1.697  train/emb_std=1.003  train/emb_norm=13.83  train/pred_vs_static=0.02892  train/grad_norm=0.7339  train/lr=0.0002997  train/samples_per_sec=1.599e+04
2026-09-16 07:09:25 [   7940] train/loss=0.1676  train/pred_loss=0.01605  train/sigreg_loss=1.684  train/emb_std=1.002  train/emb_norm=13.83  train/pred_vs_static=0.02888  train/grad_norm=0.7105  train/lr=0.0002997  train/samples_per_sec=1.599e+04
2026-09-16 07:09:25 [   7960] train/loss=0.1692  train/pred_loss=0.01616  train/sigreg_loss=1.7  train/emb_std=1.002  train/emb_norm=13.82  train/pred_vs_static=0.0293  train/grad_norm=0.7568  train/lr=0.0002997  train/samples_per_sec=1.599e+04
2026-09-16 07:09:26 [   7980] train/loss=0.1692  train/pred_loss=0.01609  train/sigreg_loss=1.702  train/emb_std=1.002  train/emb_norm=13.82  train/pred_vs_static=0.02938  train/grad_norm=0.7504  train/lr=0.0002997  train/samples_per_sec=1.599e+04
2026-09-16 07:09:26 [   8000] train/loss=0.1651  train/pred_loss=0.01582  train/sigreg_loss=1.659  train/emb_std=1.003  train/emb_norm=13.83  train/pred_vs_static=0.02878  train/grad_norm=0.71  train/lr=0.0002997  train/samples_per_sec=1.599e+04
2026-09-16 07:09:26 [   8000] train_epoch/loss=0.1785  train_epoch/pred_loss=0.01704  train_epoch/sigreg_loss=1.795  train_epoch/emb_std=1.002  train_epoch/emb_norm=13.82  train_epoch/pred_vs_static=0.03007  train_epoch/grad_norm=0.7506  train_epoch/lr=0.0002998  train_epoch/epoch=3
2026-09-16 07:09:27 [   8000] val/loss=0.9848  val/pred_loss=0.01326  val/sigreg_loss=10.8  val/emb_std=0.9896  val/emb_norm=13.89  val/pred_vs_static=0.02464  val/epoch=3
2026-09-16 07:09:27 epoch   3 | val pred_vs_static 0.02464 | best 0.02464 @ epoch 3 | saved epoch_003.pt
2026-09-16 07:09:28 [   8020] train/loss=0.1669  train/pred_loss=0.01581  train/sigreg_loss=1.679  train/emb_std=1.002  train/emb_norm=13.82  train/pred_vs_static=0.02853  train/grad_norm=0.7119  train/lr=0.0002997  train/samples_per_sec=1.274e+04
2026-09-16 07:09:28 [   8040] train/loss=0.1669  train/pred_loss=0.01568  train/sigreg_loss=1.681  train/emb_std=1.001  train/emb_norm=13.81  train/pred_vs_static=0.02855  train/grad_norm=0.7512  train/lr=0.0002997  train/samples_per_sec=1.415e+04
2026-09-16 07:09:29 [   8060] train/loss=0.169  train/pred_loss=0.01575  train/sigreg_loss=1.702  train/emb_std=1.001  train/emb_norm=13.82  train/pred_vs_static=0.0286  train/grad_norm=0.741  train/lr=0.0002997  train/samples_per_sec=1.473e+04
2026-09-16 07:09:30 [   8080] train/loss=0.1669  train/pred_loss=0.01561  train/sigreg_loss=1.682  train/emb_std=1.001  train/emb_norm=13.82  train/pred_vs_static=0.02851  train/grad_norm=0.7304  train/lr=0.0002997  train/samples_per_sec=1.502e+04
2026-09-16 07:09:30 [   8100] train/loss=0.1648  train/pred_loss=0.01564  train/sigreg_loss=1.657  train/emb_std=1.001  train/emb_norm=13.81  train/pred_vs_static=0.02844  train/grad_norm=0.739  train/lr=0.0002997  train/samples_per_sec=1.521e+04
2026-09-16 07:09:31 [   8120] train/loss=0.1656  train/pred_loss=0.01539  train/sigreg_loss=1.669  train/emb_std=1.001  train/emb_norm=13.82  train/pred_vs_static=0.02782  train/grad_norm=0.7152  train/lr=0.0002997  train/samples_per_sec=1.535e+04
2026-09-16 07:09:32 [   8140] train/loss=0.1645  train/pred_loss=0.01572  train/sigreg_loss=1.654  train/emb_std=0.9998  train/emb_norm=13.81  train/pred_vs_static=0.02848  train/grad_norm=0.7418  train/lr=0.0002997  train/samples_per_sec=1.544e+04
2026-09-16 07:09:32 [   8160] train/loss=0.1659  train/pred_loss=0.01542  train/sigreg_loss=1.671  train/emb_std=1.002  train/emb_norm=13.82  train/pred_vs_static=0.02789  train/grad_norm=0.7239  train/lr=0.0002997  train/samples_per_sec=1.551e+04
2026-09-16 07:09:33 [   8180] train/loss=0.1665  train/pred_loss=0.01566  train/sigreg_loss=1.676  train/emb_std=1.002  train/emb_norm=13.82  train/pred_vs_static=0.02827  train/grad_norm=0.7325  train/lr=0.0002997  train/samples_per_sec=1.557e+04
2026-09-16 07:09:34 [   8200] train/loss=0.1663  train/pred_loss=0.01563  train/sigreg_loss=1.673  train/emb_std=1.002  train/emb_norm=13.82  train/pred_vs_static=0.02841  train/grad_norm=0.721  train/lr=0.0002997  train/samples_per_sec=1.561e+04
2026-09-16 07:09:34 [   8220] train/loss=0.1654  train/pred_loss=0.01549  train/sigreg_loss=1.665  train/emb_std=1.002  train/emb_norm=13.82  train/pred_vs_static=0.02803  train/grad_norm=0.7238  train/lr=0.0002997  train/samples_per_sec=1.565e+04
2026-09-16 07:09:35 [   8240] train/loss=0.1657  train/pred_loss=0.01578  train/sigreg_loss=1.665  train/emb_std=1.001  train/emb_norm=13.82  train/pred_vs_static=0.02876  train/grad_norm=0.714  train/lr=0.0002997  train/samples_per_sec=1.568e+04
2026-09-16 07:09:35 [   8260] train/loss=0.1638  train/pred_loss=0.01559  train/sigreg_loss=1.647  train/emb_std=1.001  train/emb_norm=13.82  train/pred_vs_static=0.0284  train/grad_norm=0.7192  train/lr=0.0002997  train/samples_per_sec=1.571e+04
2026-09-16 07:09:36 [   8280] train/loss=0.1641  train/pred_loss=0.01544  train/sigreg_loss=1.653  train/emb_std=1.002  train/emb_norm=13.82  train/pred_vs_static=0.02783  train/grad_norm=0.7194  train/lr=0.0002997  train/samples_per_sec=1.573e+04
2026-09-16 07:09:37 [   8300] train/loss=0.1652  train/pred_loss=0.01561  train/sigreg_loss=1.663  train/emb_std=1.001  train/emb_norm=13.83  train/pred_vs_static=0.02847  train/grad_norm=0.7453  train/lr=0.0002996  train/samples_per_sec=1.575e+04
2026-09-16 07:09:37 [   8320] train/loss=0.1662  train/pred_loss=0.01548  train/sigreg_loss=1.675  train/emb_std=0.9998  train/emb_norm=13.8  train/pred_vs_static=0.02824  train/grad_norm=0.7502  train/lr=0.0002996  train/samples_per_sec=1.576e+04
2026-09-16 07:09:38 [   8340] train/loss=0.1622  train/pred_loss=0.01526  train/sigreg_loss=1.633  train/emb_std=1.001  train/emb_norm=13.82  train/pred_vs_static=0.02773  train/grad_norm=0.7103  train/lr=0.0002996  train/samples_per_sec=1.578e+04
2026-09-16 07:09:39 [   8360] train/loss=0.1657  train/pred_loss=0.01539  train/sigreg_loss=1.669  train/emb_std=1.001  train/emb_norm=13.82  train/pred_vs_static=0.02804  train/grad_norm=0.7222  train/lr=0.0002996  train/samples_per_sec=1.579e+04
2026-09-16 07:09:39 [   8380] train/loss=0.165  train/pred_loss=0.01557  train/sigreg_loss=1.661  train/emb_std=1.002  train/emb_norm=13.82  train/pred_vs_static=0.02855  train/grad_norm=0.7302  train/lr=0.0002996  train/samples_per_sec=1.581e+04
2026-09-16 07:09:40 [   8400] train/loss=0.1635  train/pred_loss=0.01549  train/sigreg_loss=1.645  train/emb_std=1.004  train/emb_norm=13.83  train/pred_vs_static=0.02806  train/grad_norm=0.7317  train/lr=0.0002996  train/samples_per_sec=1.582e+04
2026-09-16 07:09:41 [   8420] train/loss=0.165  train/pred_loss=0.01554  train/sigreg_loss=1.659  train/emb_std=1.002  train/emb_norm=13.83  train/pred_vs_static=0.02828  train/grad_norm=0.7156  train/lr=0.0002996  train/samples_per_sec=1.583e+04
2026-09-16 07:09:41 [   8440] train/loss=0.1632  train/pred_loss=0.0152  train/sigreg_loss=1.645  train/emb_std=1.001  train/emb_norm=13.82  train/pred_vs_static=0.02777  train/grad_norm=0.7047  train/lr=0.0002996  train/samples_per_sec=1.584e+04
2026-09-16 07:09:42 [   8460] train/loss=0.1623  train/pred_loss=0.01533  train/sigreg_loss=1.634  train/emb_std=1.001  train/emb_norm=13.81  train/pred_vs_static=0.02801  train/grad_norm=0.712  train/lr=0.0002996  train/samples_per_sec=1.584e+04
2026-09-16 07:09:43 [   8480] train/loss=0.1619  train/pred_loss=0.0154  train/sigreg_loss=1.628  train/emb_std=1.001  train/emb_norm=13.82  train/pred_vs_static=0.02778  train/grad_norm=0.7297  train/lr=0.0002996  train/samples_per_sec=1.585e+04
2026-09-16 07:09:43 [   8500] train/loss=0.1638  train/pred_loss=0.01502  train/sigreg_loss=1.652  train/emb_std=1.002  train/emb_norm=13.82  train/pred_vs_static=0.0273  train/grad_norm=0.7175  train/lr=0.0002996  train/samples_per_sec=1.586e+04
2026-09-16 07:09:44 [   8520] train/loss=0.1621  train/pred_loss=0.01512  train/sigreg_loss=1.634  train/emb_std=1.002  train/emb_norm=13.82  train/pred_vs_static=0.02753  train/grad_norm=0.6858  train/lr=0.0002996  train/samples_per_sec=1.587e+04
2026-09-16 07:09:44 [   8540] train/loss=0.1612  train/pred_loss=0.01514  train/sigreg_loss=1.623  train/emb_std=1.002  train/emb_norm=13.83  train/pred_vs_static=0.02761  train/grad_norm=0.6943  train/lr=0.0002996  train/samples_per_sec=1.587e+04
2026-09-16 07:09:45 [   8560] train/loss=0.1622  train/pred_loss=0.0152  train/sigreg_loss=1.633  train/emb_std=1.001  train/emb_norm=13.82  train/pred_vs_static=0.02794  train/grad_norm=0.7216  train/lr=0.0002996  train/samples_per_sec=1.588e+04
2026-09-16 07:09:46 [   8580] train/loss=0.1626  train/pred_loss=0.01541  train/sigreg_loss=1.635  train/emb_std=1.004  train/emb_norm=13.84  train/pred_vs_static=0.02818  train/grad_norm=0.7257  train/lr=0.0002996  train/samples_per_sec=1.588e+04
2026-09-16 07:09:46 [   8600] train/loss=0.1646  train/pred_loss=0.01505  train/sigreg_loss=1.662  train/emb_std=1.001  train/emb_norm=13.82  train/pred_vs_static=0.02768  train/grad_norm=0.7118  train/lr=0.0002996  train/samples_per_sec=1.589e+04
2026-09-16 07:09:47 [   8620] train/loss=0.1607  train/pred_loss=0.01507  train/sigreg_loss=1.618  train/emb_std=1.003  train/emb_norm=13.83  train/pred_vs_static=0.02727  train/grad_norm=0.6939  train/lr=0.0002996  train/samples_per_sec=1.589e+04
2026-09-16 07:09:48 [   8640] train/loss=0.1617  train/pred_loss=0.01501  train/sigreg_loss=1.631  train/emb_std=1.001  train/emb_norm=13.82  train/pred_vs_static=0.02766  train/grad_norm=0.6982  train/lr=0.0002996  train/samples_per_sec=1.59e+04
2026-09-16 07:09:48 [   8660] train/loss=0.161  train/pred_loss=0.01512  train/sigreg_loss=1.622  train/emb_std=1.003  train/emb_norm=13.83  train/pred_vs_static=0.02766  train/grad_norm=0.6958  train/lr=0.0002996  train/samples_per_sec=1.59e+04
2026-09-16 07:09:49 [   8680] train/loss=0.1596  train/pred_loss=0.01477  train/sigreg_loss=1.611  train/emb_std=1.001  train/emb_norm=13.82  train/pred_vs_static=0.02705  train/grad_norm=0.6857  train/lr=0.0002996  train/samples_per_sec=1.59e+04
2026-09-16 07:09:50 [   8700] train/loss=0.1578  train/pred_loss=0.01498  train/sigreg_loss=1.588  train/emb_std=1.001  train/emb_norm=13.82  train/pred_vs_static=0.02767  train/grad_norm=0.6825  train/lr=0.0002996  train/samples_per_sec=1.591e+04
2026-09-16 07:09:50 [   8720] train/loss=0.161  train/pred_loss=0.01509  train/sigreg_loss=1.623  train/emb_std=1.002  train/emb_norm=13.83  train/pred_vs_static=0.02733  train/grad_norm=0.7156  train/lr=0.0002996  train/samples_per_sec=1.591e+04
2026-09-16 07:09:51 [   8740] train/loss=0.1612  train/pred_loss=0.01515  train/sigreg_loss=1.625  train/emb_std=1.003  train/emb_norm=13.83  train/pred_vs_static=0.0277  train/grad_norm=0.7222  train/lr=0.0002996  train/samples_per_sec=1.591e+04
2026-09-16 07:09:51 [   8760] train/loss=0.1619  train/pred_loss=0.01497  train/sigreg_loss=1.633  train/emb_std=1.001  train/emb_norm=13.82  train/pred_vs_static=0.02759  train/grad_norm=0.724  train/lr=0.0002996  train/samples_per_sec=1.592e+04
2026-09-16 07:09:52 [   8780] train/loss=0.1595  train/pred_loss=0.01506  train/sigreg_loss=1.605  train/emb_std=1.001  train/emb_norm=13.81  train/pred_vs_static=0.02765  train/grad_norm=0.7033  train/lr=0.0002996  train/samples_per_sec=1.592e+04
2026-09-16 07:09:53 [   8800] train/loss=0.1585  train/pred_loss=0.01453  train/sigreg_loss=1.599  train/emb_std=1  train/emb_norm=13.81  train/pred_vs_static=0.02695  train/grad_norm=0.6829  train/lr=0.0002996  train/samples_per_sec=1.592e+04
2026-09-16 07:09:53 [   8820] train/loss=0.1609  train/pred_loss=0.01496  train/sigreg_loss=1.622  train/emb_std=1.001  train/emb_norm=13.82  train/pred_vs_static=0.02759  train/grad_norm=0.7205  train/lr=0.0002996  train/samples_per_sec=1.592e+04
2026-09-16 07:09:54 [   8840] train/loss=0.1606  train/pred_loss=0.01504  train/sigreg_loss=1.618  train/emb_std=1.001  train/emb_norm=13.82  train/pred_vs_static=0.02772  train/grad_norm=0.7222  train/lr=0.0002996  train/samples_per_sec=1.593e+04
2026-09-16 07:09:55 [   8860] train/loss=0.1602  train/pred_loss=0.01496  train/sigreg_loss=1.614  train/emb_std=1.003  train/emb_norm=13.82  train/pred_vs_static=0.02766  train/grad_norm=0.7341  train/lr=0.0002996  train/samples_per_sec=1.593e+04
2026-09-16 07:09:55 [   8880] train/loss=0.159  train/pred_loss=0.01494  train/sigreg_loss=1.602  train/emb_std=1.002  train/emb_norm=13.82  train/pred_vs_static=0.02766  train/grad_norm=0.7027  train/lr=0.0002995  train/samples_per_sec=1.593e+04
2026-09-16 07:09:56 [   8900] train/loss=0.1603  train/pred_loss=0.01507  train/sigreg_loss=1.615  train/emb_std=1.001  train/emb_norm=13.82  train/pred_vs_static=0.02788  train/grad_norm=0.7263  train/lr=0.0002995  train/samples_per_sec=1.593e+04
2026-09-16 07:09:57 [   8920] train/loss=0.1578  train/pred_loss=0.01471  train/sigreg_loss=1.591  train/emb_std=0.9998  train/emb_norm=13.81  train/pred_vs_static=0.02729  train/grad_norm=0.7027  train/lr=0.0002995  train/samples_per_sec=1.594e+04
2026-09-16 07:09:57 [   8940] train/loss=0.1579  train/pred_loss=0.01457  train/sigreg_loss=1.593  train/emb_std=1.001  train/emb_norm=13.82  train/pred_vs_static=0.02682  train/grad_norm=0.6925  train/lr=0.0002995  train/samples_per_sec=1.594e+04
2026-09-16 07:09:58 [   8960] train/loss=0.1561  train/pred_loss=0.01454  train/sigreg_loss=1.574  train/emb_std=1.001  train/emb_norm=13.81  train/pred_vs_static=0.02685  train/grad_norm=0.6915  train/lr=0.0002995  train/samples_per_sec=1.594e+04
2026-09-16 07:09:58 [   8980] train/loss=0.1587  train/pred_loss=0.01461  train/sigreg_loss=1.602  train/emb_std=1.002  train/emb_norm=13.81  train/pred_vs_static=0.02688  train/grad_norm=0.7161  train/lr=0.0002995  train/samples_per_sec=1.594e+04
2026-09-16 07:09:59 [   9000] train/loss=0.1577  train/pred_loss=0.01469  train/sigreg_loss=1.589  train/emb_std=0.9998  train/emb_norm=13.81  train/pred_vs_static=0.02741  train/grad_norm=0.6762  train/lr=0.0002995  train/samples_per_sec=1.594e+04
2026-09-16 07:10:00 [   9020] train/loss=0.1605  train/pred_loss=0.01478  train/sigreg_loss=1.619  train/emb_std=1.001  train/emb_norm=13.82  train/pred_vs_static=0.02726  train/grad_norm=0.6989  train/lr=0.0002995  train/samples_per_sec=1.594e+04
2026-09-16 07:10:00 [   9040] train/loss=0.1598  train/pred_loss=0.01468  train/sigreg_loss=1.614  train/emb_std=1.001  train/emb_norm=13.81  train/pred_vs_static=0.02725  train/grad_norm=0.7089  train/lr=0.0002995  train/samples_per_sec=1.595e+04
2026-09-16 07:10:01 [   9060] train/loss=0.1573  train/pred_loss=0.01486  train/sigreg_loss=1.584  train/emb_std=1.001  train/emb_norm=13.81  train/pred_vs_static=0.02757  train/grad_norm=0.7247  train/lr=0.0002995  train/samples_per_sec=1.595e+04
2026-09-16 07:10:02 [   9080] train/loss=0.1622  train/pred_loss=0.0149  train/sigreg_loss=1.637  train/emb_std=1.003  train/emb_norm=13.83  train/pred_vs_static=0.02753  train/grad_norm=0.7182  train/lr=0.0002995  train/samples_per_sec=1.595e+04
2026-09-16 07:10:02 [   9100] train/loss=0.1578  train/pred_loss=0.01491  train/sigreg_loss=1.588  train/emb_std=1.001  train/emb_norm=13.82  train/pred_vs_static=0.02752  train/grad_norm=0.711  train/lr=0.0002995  train/samples_per_sec=1.595e+04
2026-09-16 07:10:03 [   9120] train/loss=0.1567  train/pred_loss=0.01469  train/sigreg_loss=1.579  train/emb_std=1.001  train/emb_norm=13.82  train/pred_vs_static=0.02715  train/grad_norm=0.6646  train/lr=0.0002995  train/samples_per_sec=1.595e+04
2026-09-16 07:10:04 [   9140] train/loss=0.1584  train/pred_loss=0.01467  train/sigreg_loss=1.597  train/emb_std=0.9998  train/emb_norm=13.82  train/pred_vs_static=0.02738  train/grad_norm=0.7051  train/lr=0.0002995  train/samples_per_sec=1.595e+04
2026-09-16 07:10:04 [   9160] train/loss=0.1569  train/pred_loss=0.01445  train/sigreg_loss=1.582  train/emb_std=1  train/emb_norm=13.82  train/pred_vs_static=0.02682  train/grad_norm=0.7099  train/lr=0.0002995  train/samples_per_sec=1.595e+04
2026-09-16 07:10:05 [   9180] train/loss=0.1582  train/pred_loss=0.01461  train/sigreg_loss=1.596  train/emb_std=1.001  train/emb_norm=13.81  train/pred_vs_static=0.02735  train/grad_norm=0.7107  train/lr=0.0002995  train/samples_per_sec=1.595e+04
2026-09-16 07:10:06 [   9200] train/loss=0.158  train/pred_loss=0.0146  train/sigreg_loss=1.595  train/emb_std=1.001  train/emb_norm=13.82  train/pred_vs_static=0.02724  train/grad_norm=0.7197  train/lr=0.0002995  train/samples_per_sec=1.595e+04
2026-09-16 07:10:06 [   9220] train/loss=0.1576  train/pred_loss=0.01452  train/sigreg_loss=1.589  train/emb_std=1.001  train/emb_norm=13.81  train/pred_vs_static=0.027  train/grad_norm=0.6999  train/lr=0.0002995  train/samples_per_sec=1.596e+04
2026-09-16 07:10:07 [   9240] train/loss=0.1577  train/pred_loss=0.01451  train/sigreg_loss=1.591  train/emb_std=1.001  train/emb_norm=13.82  train/pred_vs_static=0.02713  train/grad_norm=0.6834  train/lr=0.0002995  train/samples_per_sec=1.596e+04
2026-09-16 07:10:07 [   9260] train/loss=0.1575  train/pred_loss=0.01441  train/sigreg_loss=1.59  train/emb_std=1.001  train/emb_norm=13.82  train/pred_vs_static=0.02669  train/grad_norm=0.712  train/lr=0.0002995  train/samples_per_sec=1.596e+04
2026-09-16 07:10:08 [   9280] train/loss=0.1587  train/pred_loss=0.01492  train/sigreg_loss=1.598  train/emb_std=1.001  train/emb_norm=13.82  train/pred_vs_static=0.02763  train/grad_norm=0.7209  train/lr=0.0002995  train/samples_per_sec=1.596e+04
2026-09-16 07:10:09 [   9300] train/loss=0.1558  train/pred_loss=0.01446  train/sigreg_loss=1.569  train/emb_std=1.001  train/emb_norm=13.81  train/pred_vs_static=0.02683  train/grad_norm=0.6748  train/lr=0.0002995  train/samples_per_sec=1.596e+04
2026-09-16 07:10:09 [   9320] train/loss=0.1574  train/pred_loss=0.0143  train/sigreg_loss=1.591  train/emb_std=1.001  train/emb_norm=13.82  train/pred_vs_static=0.02653  train/grad_norm=0.6885  train/lr=0.0002995  train/samples_per_sec=1.596e+04
2026-09-16 07:10:10 [   9340] train/loss=0.1571  train/pred_loss=0.01459  train/sigreg_loss=1.583  train/emb_std=1.002  train/emb_norm=13.82  train/pred_vs_static=0.02717  train/grad_norm=0.6936  train/lr=0.0002995  train/samples_per_sec=1.596e+04
2026-09-16 07:10:11 [   9360] train/loss=0.1577  train/pred_loss=0.01438  train/sigreg_loss=1.593  train/emb_std=1.001  train/emb_norm=13.82  train/pred_vs_static=0.02706  train/grad_norm=0.7006  train/lr=0.0002995  train/samples_per_sec=1.596e+04
2026-09-16 07:10:11 [   9380] train/loss=0.1545  train/pred_loss=0.0143  train/sigreg_loss=1.557  train/emb_std=1  train/emb_norm=13.82  train/pred_vs_static=0.02663  train/grad_norm=0.6905  train/lr=0.0002995  train/samples_per_sec=1.596e+04
2026-09-16 07:10:12 [   9400] train/loss=0.1576  train/pred_loss=0.01433  train/sigreg_loss=1.591  train/emb_std=1  train/emb_norm=13.81  train/pred_vs_static=0.0267  train/grad_norm=0.6925  train/lr=0.0002994  train/samples_per_sec=1.596e+04
2026-09-16 07:10:13 [   9420] train/loss=0.1548  train/pred_loss=0.01427  train/sigreg_loss=1.561  train/emb_std=1.001  train/emb_norm=13.82  train/pred_vs_static=0.02648  train/grad_norm=0.6984  train/lr=0.0002994  train/samples_per_sec=1.596e+04
2026-09-16 07:10:13 [   9440] train/loss=0.1562  train/pred_loss=0.0142  train/sigreg_loss=1.578  train/emb_std=1.001  train/emb_norm=13.81  train/pred_vs_static=0.02631  train/grad_norm=0.6819  train/lr=0.0002994  train/samples_per_sec=1.596e+04
2026-09-16 07:10:14 [   9460] train/loss=0.155  train/pred_loss=0.01446  train/sigreg_loss=1.561  train/emb_std=1.002  train/emb_norm=13.81  train/pred_vs_static=0.02713  train/grad_norm=0.6961  train/lr=0.0002994  train/samples_per_sec=1.596e+04
2026-09-16 07:10:14 [   9480] train/loss=0.1538  train/pred_loss=0.01421  train/sigreg_loss=1.55  train/emb_std=1.001  train/emb_norm=13.82  train/pred_vs_static=0.02639  train/grad_norm=0.6807  train/lr=0.0002994  train/samples_per_sec=1.596e+04
2026-09-16 07:10:15 [   9500] train/loss=0.1557  train/pred_loss=0.01417  train/sigreg_loss=1.573  train/emb_std=1  train/emb_norm=13.82  train/pred_vs_static=0.02664  train/grad_norm=0.6862  train/lr=0.0002994  train/samples_per_sec=1.596e+04
2026-09-16 07:10:16 [   9520] train/loss=0.1556  train/pred_loss=0.01436  train/sigreg_loss=1.57  train/emb_std=1.002  train/emb_norm=13.82  train/pred_vs_static=0.0267  train/grad_norm=0.7067  train/lr=0.0002994  train/samples_per_sec=1.597e+04
2026-09-16 07:10:16 [   9540] train/loss=0.155  train/pred_loss=0.01419  train/sigreg_loss=1.562  train/emb_std=1  train/emb_norm=13.81  train/pred_vs_static=0.02646  train/grad_norm=0.6832  train/lr=0.0002994  train/samples_per_sec=1.597e+04
2026-09-16 07:10:17 [   9560] train/loss=0.155  train/pred_loss=0.01413  train/sigreg_loss=1.566  train/emb_std=1.002  train/emb_norm=13.82  train/pred_vs_static=0.02656  train/grad_norm=0.6812  train/lr=0.0002994  train/samples_per_sec=1.597e+04
2026-09-16 07:10:18 [   9580] train/loss=0.1555  train/pred_loss=0.01415  train/sigreg_loss=1.569  train/emb_std=1.001  train/emb_norm=13.82  train/pred_vs_static=0.02644  train/grad_norm=0.7011  train/lr=0.0002994  train/samples_per_sec=1.597e+04
2026-09-16 07:10:18 [   9600] train/loss=0.1558  train/pred_loss=0.01437  train/sigreg_loss=1.572  train/emb_std=1  train/emb_norm=13.82  train/pred_vs_static=0.02686  train/grad_norm=0.7211  train/lr=0.0002994  train/samples_per_sec=1.597e+04
2026-09-16 07:10:19 [   9620] train/loss=0.1547  train/pred_loss=0.01404  train/sigreg_loss=1.563  train/emb_std=1  train/emb_norm=13.82  train/pred_vs_static=0.02635  train/grad_norm=0.6946  train/lr=0.0002994  train/samples_per_sec=1.597e+04
2026-09-16 07:10:20 [   9640] train/loss=0.1557  train/pred_loss=0.01396  train/sigreg_loss=1.574  train/emb_std=1.001  train/emb_norm=13.82  train/pred_vs_static=0.02636  train/grad_norm=0.694  train/lr=0.0002994  train/samples_per_sec=1.597e+04
2026-09-16 07:10:20 [   9660] train/loss=0.1533  train/pred_loss=0.01395  train/sigreg_loss=1.55  train/emb_std=1.001  train/emb_norm=13.82  train/pred_vs_static=0.02606  train/grad_norm=0.7005  train/lr=0.0002994  train/samples_per_sec=1.597e+04
2026-09-16 07:10:21 [   9680] train/loss=0.154  train/pred_loss=0.01401  train/sigreg_loss=1.554  train/emb_std=1  train/emb_norm=13.8  train/pred_vs_static=0.02632  train/grad_norm=0.6972  train/lr=0.0002994  train/samples_per_sec=1.597e+04
2026-09-16 07:10:22 [   9700] train/loss=0.155  train/pred_loss=0.01415  train/sigreg_loss=1.565  train/emb_std=1.002  train/emb_norm=13.83  train/pred_vs_static=0.02638  train/grad_norm=0.6784  train/lr=0.0002994  train/samples_per_sec=1.597e+04
2026-09-16 07:10:22 [   9720] train/loss=0.1543  train/pred_loss=0.01417  train/sigreg_loss=1.557  train/emb_std=1.001  train/emb_norm=13.82  train/pred_vs_static=0.02638  train/grad_norm=0.6866  train/lr=0.0002994  train/samples_per_sec=1.597e+04
2026-09-16 07:10:23 [   9740] train/loss=0.1547  train/pred_loss=0.0142  train/sigreg_loss=1.56  train/emb_std=1.001  train/emb_norm=13.82  train/pred_vs_static=0.02682  train/grad_norm=0.7022  train/lr=0.0002994  train/samples_per_sec=1.597e+04
2026-09-16 07:10:23 [   9760] train/loss=0.1543  train/pred_loss=0.01417  train/sigreg_loss=1.556  train/emb_std=1.003  train/emb_norm=13.84  train/pred_vs_static=0.02676  train/grad_norm=0.6907  train/lr=0.0002994  train/samples_per_sec=1.597e+04
2026-09-16 07:10:24 [   9780] train/loss=0.1527  train/pred_loss=0.01414  train/sigreg_loss=1.539  train/emb_std=1.002  train/emb_norm=13.82  train/pred_vs_static=0.02654  train/grad_norm=0.7017  train/lr=0.0002994  train/samples_per_sec=1.597e+04
2026-09-16 07:10:25 [   9800] train/loss=0.1526  train/pred_loss=0.01429  train/sigreg_loss=1.537  train/emb_std=1.003  train/emb_norm=13.84  train/pred_vs_static=0.0266  train/grad_norm=0.6746  train/lr=0.0002994  train/samples_per_sec=1.597e+04
2026-09-16 07:10:25 [   9820] train/loss=0.1519  train/pred_loss=0.01398  train/sigreg_loss=1.533  train/emb_std=1  train/emb_norm=13.82  train/pred_vs_static=0.02627  train/grad_norm=0.6835  train/lr=0.0002994  train/samples_per_sec=1.597e+04
2026-09-16 07:10:26 [   9840] train/loss=0.1529  train/pred_loss=0.01399  train/sigreg_loss=1.543  train/emb_std=1  train/emb_norm=13.81  train/pred_vs_static=0.02653  train/grad_norm=0.7106  train/lr=0.0002994  train/samples_per_sec=1.597e+04
2026-09-16 07:10:27 [   9860] train/loss=0.1525  train/pred_loss=0.01398  train/sigreg_loss=1.538  train/emb_std=1.001  train/emb_norm=13.82  train/pred_vs_static=0.02637  train/grad_norm=0.7008  train/lr=0.0002993  train/samples_per_sec=1.597e+04
2026-09-16 07:10:27 [   9880] train/loss=0.1545  train/pred_loss=0.0141  train/sigreg_loss=1.56  train/emb_std=1.001  train/emb_norm=13.82  train/pred_vs_static=0.02665  train/grad_norm=0.6966  train/lr=0.0002993  train/samples_per_sec=1.597e+04
2026-09-16 07:10:28 [   9900] train/loss=0.1534  train/pred_loss=0.01422  train/sigreg_loss=1.546  train/emb_std=1.002  train/emb_norm=13.83  train/pred_vs_static=0.0267  train/grad_norm=0.7128  train/lr=0.0002993  train/samples_per_sec=1.598e+04
2026-09-16 07:10:29 [   9920] train/loss=0.1539  train/pred_loss=0.0142  train/sigreg_loss=1.553  train/emb_std=1.001  train/emb_norm=13.82  train/pred_vs_static=0.02653  train/grad_norm=0.7073  train/lr=0.0002993  train/samples_per_sec=1.598e+04
2026-09-16 07:10:29 [   9940] train/loss=0.1533  train/pred_loss=0.01407  train/sigreg_loss=1.547  train/emb_std=1.001  train/emb_norm=13.81  train/pred_vs_static=0.02619  train/grad_norm=0.6995  train/lr=0.0002993  train/samples_per_sec=1.598e+04
2026-09-16 07:10:30 [   9960] train/loss=0.1518  train/pred_loss=0.01403  train/sigreg_loss=1.531  train/emb_std=1.002  train/emb_norm=13.82  train/pred_vs_static=0.02639  train/grad_norm=0.6932  train/lr=0.0002993  train/samples_per_sec=1.598e+04
2026-09-16 07:10:30 [   9980] train/loss=0.1526  train/pred_loss=0.01391  train/sigreg_loss=1.54  train/emb_std=1.001  train/emb_norm=13.81  train/pred_vs_static=0.02607  train/grad_norm=0.6761  train/lr=0.0002993  train/samples_per_sec=1.598e+04
2026-09-16 07:10:31 [  10000] train/loss=0.1539  train/pred_loss=0.01397  train/sigreg_loss=1.555  train/emb_std=1.001  train/emb_norm=13.82  train/pred_vs_static=0.02624  train/grad_norm=0.7043  train/lr=0.0002993  train/samples_per_sec=1.598e+04
2026-09-16 07:10:31 [  10000] train_epoch/loss=0.1591  train_epoch/pred_loss=0.01478  train_epoch/sigreg_loss=1.604  train_epoch/emb_std=1.001  train_epoch/emb_norm=13.82  train_epoch/pred_vs_static=0.02729  train_epoch/grad_norm=0.7065  train_epoch/lr=0.0002995  train_epoch/epoch=4
2026-09-16 07:10:32 [  10000] val/loss=0.9993  val/pred_loss=0.01145  val/sigreg_loss=10.98  val/emb_std=0.9881  val/emb_norm=13.88  val/pred_vs_static=0.02207  val/epoch=4
2026-09-16 07:10:32 epoch   4 | val pred_vs_static 0.02207 | best 0.02207 @ epoch 4 | saved epoch_004.pt
2026-09-16 07:10:32 [  10020] train/loss=0.1527  train/pred_loss=0.0139  train/sigreg_loss=1.542  train/emb_std=1.001  train/emb_norm=13.81  train/pred_vs_static=0.02601  train/grad_norm=0.6942  train/lr=0.0002993  train/samples_per_sec=1.279e+04
2026-09-16 07:10:33 [  10040] train/loss=0.1544  train/pred_loss=0.01388  train/sigreg_loss=1.562  train/emb_std=1.001  train/emb_norm=13.82  train/pred_vs_static=0.02614  train/grad_norm=0.6764  train/lr=0.0002993  train/samples_per_sec=1.418e+04
2026-09-16 07:10:34 [  10060] train/loss=0.1511  train/pred_loss=0.01392  train/sigreg_loss=1.524  train/emb_std=1.001  train/emb_norm=13.82  train/pred_vs_static=0.02616  train/grad_norm=0.661  train/lr=0.0002993  train/samples_per_sec=1.475e+04
2026-09-16 07:10:34 [  10080] train/loss=0.151  train/pred_loss=0.01373  train/sigreg_loss=1.524  train/emb_std=1.001  train/emb_norm=13.81  train/pred_vs_static=0.02605  train/grad_norm=0.6661  train/lr=0.0002993  train/samples_per_sec=1.503e+04
2026-09-16 07:10:35 [  10100] train/loss=0.1523  train/pred_loss=0.01393  train/sigreg_loss=1.539  train/emb_std=1.001  train/emb_norm=13.83  train/pred_vs_static=0.02635  train/grad_norm=0.682  train/lr=0.0002993  train/samples_per_sec=1.522e+04
2026-09-16 07:10:36 [  10120] train/loss=0.1506  train/pred_loss=0.01364  train/sigreg_loss=1.521  train/emb_std=1  train/emb_norm=13.81  train/pred_vs_static=0.02605  train/grad_norm=0.6393  train/lr=0.0002993  train/samples_per_sec=1.535e+04
2026-09-16 07:10:36 [  10140] train/loss=0.1505  train/pred_loss=0.01379  train/sigreg_loss=1.519  train/emb_std=1.001  train/emb_norm=13.82  train/pred_vs_static=0.02592  train/grad_norm=0.6769  train/lr=0.0002993  train/samples_per_sec=1.544e+04
2026-09-16 07:10:37 [  10160] train/loss=0.1523  train/pred_loss=0.01374  train/sigreg_loss=1.539  train/emb_std=0.9996  train/emb_norm=13.81  train/pred_vs_static=0.02595  train/grad_norm=0.668  train/lr=0.0002993  train/samples_per_sec=1.55e+04
2026-09-16 07:10:38 [  10180] train/loss=0.1514  train/pred_loss=0.01392  train/sigreg_loss=1.528  train/emb_std=1.002  train/emb_norm=13.82  train/pred_vs_static=0.02607  train/grad_norm=0.6879  train/lr=0.0002993  train/samples_per_sec=1.554e+04
2026-09-16 07:10:38 [  10200] train/loss=0.1504  train/pred_loss=0.01372  train/sigreg_loss=1.518  train/emb_std=1  train/emb_norm=13.82  train/pred_vs_static=0.02604  train/grad_norm=0.6583  train/lr=0.0002993  train/samples_per_sec=1.557e+04
2026-09-16 07:10:39 [  10220] train/loss=0.1511  train/pred_loss=0.01353  train/sigreg_loss=1.528  train/emb_std=0.9998  train/emb_norm=13.8  train/pred_vs_static=0.02577  train/grad_norm=0.6699  train/lr=0.0002993  train/samples_per_sec=1.56e+04
2026-09-16 07:10:40 [  10240] train/loss=0.1501  train/pred_loss=0.01392  train/sigreg_loss=1.513  train/emb_std=1.002  train/emb_norm=13.84  train/pred_vs_static=0.02602  train/grad_norm=0.6911  train/lr=0.0002993  train/samples_per_sec=1.562e+04
2026-09-16 07:10:40 [  10260] train/loss=0.1504  train/pred_loss=0.0137  train/sigreg_loss=1.518  train/emb_std=1.001  train/emb_norm=13.81  train/pred_vs_static=0.02594  train/grad_norm=0.6687  train/lr=0.0002993  train/samples_per_sec=1.564e+04
2026-09-16 07:10:41 [  10280] train/loss=0.1522  train/pred_loss=0.01394  train/sigreg_loss=1.537  train/emb_std=1.001  train/emb_norm=13.82  train/pred_vs_static=0.02665  train/grad_norm=0.6737  train/lr=0.0002993  train/samples_per_sec=1.566e+04
2026-09-16 07:10:41 [  10300] train/loss=0.151  train/pred_loss=0.01376  train/sigreg_loss=1.525  train/emb_std=1  train/emb_norm=13.82  train/pred_vs_static=0.02619  train/grad_norm=0.6924  train/lr=0.0002992  train/samples_per_sec=1.567e+04
2026-09-16 07:10:42 [  10320] train/loss=0.151  train/pred_loss=0.01356  train/sigreg_loss=1.527  train/emb_std=1  train/emb_norm=13.81  train/pred_vs_static=0.02589  train/grad_norm=0.6705  train/lr=0.0002992  train/samples_per_sec=1.568e+04
2026-09-16 07:10:43 [  10340] train/loss=0.1491  train/pred_loss=0.01382  train/sigreg_loss=1.502  train/emb_std=1.001  train/emb_norm=13.82  train/pred_vs_static=0.02641  train/grad_norm=0.6608  train/lr=0.0002992  train/samples_per_sec=1.569e+04
2026-09-16 07:10:43 [  10360] train/loss=0.1495  train/pred_loss=0.0136  train/sigreg_loss=1.511  train/emb_std=1.002  train/emb_norm=13.83  train/pred_vs_static=0.02577  train/grad_norm=0.6623  train/lr=0.0002992  train/samples_per_sec=1.57e+04
2026-09-16 07:10:44 [  10380] train/loss=0.1489  train/pred_loss=0.01338  train/sigreg_loss=1.505  train/emb_std=1  train/emb_norm=13.82  train/pred_vs_static=0.02545  train/grad_norm=0.6673  train/lr=0.0002992  train/samples_per_sec=1.571e+04
2026-09-16 07:10:45 [  10400] train/loss=0.1503  train/pred_loss=0.01349  train/sigreg_loss=1.518  train/emb_std=1  train/emb_norm=13.81  train/pred_vs_static=0.02583  train/grad_norm=0.6593  train/lr=0.0002992  train/samples_per_sec=1.572e+04
2026-09-16 07:10:45 [  10420] train/loss=0.1497  train/pred_loss=0.01357  train/sigreg_loss=1.513  train/emb_std=1.001  train/emb_norm=13.82  train/pred_vs_static=0.02578  train/grad_norm=0.6821  train/lr=0.0002992  train/samples_per_sec=1.573e+04
2026-09-16 07:10:46 [  10440] train/loss=0.15  train/pred_loss=0.01371  train/sigreg_loss=1.514  train/emb_std=1.001  train/emb_norm=13.81  train/pred_vs_static=0.02583  train/grad_norm=0.6898  train/lr=0.0002992  train/samples_per_sec=1.573e+04
2026-09-16 07:10:47 [  10460] train/loss=0.15  train/pred_loss=0.01387  train/sigreg_loss=1.512  train/emb_std=1  train/emb_norm=13.82  train/pred_vs_static=0.02637  train/grad_norm=0.695  train/lr=0.0002992  train/samples_per_sec=1.574e+04
2026-09-16 07:10:47 [  10480] train/loss=0.1494  train/pred_loss=0.01374  train/sigreg_loss=1.507  train/emb_std=1.001  train/emb_norm=13.82  train/pred_vs_static=0.02619  train/grad_norm=0.6958  train/lr=0.0002992  train/samples_per_sec=1.575e+04
2026-09-16 07:10:48 [  10500] train/loss=0.1478  train/pred_loss=0.01355  train/sigreg_loss=1.492  train/emb_std=1.001  train/emb_norm=13.83  train/pred_vs_static=0.02562  train/grad_norm=0.6904  train/lr=0.0002992  train/samples_per_sec=1.575e+04
2026-09-16 07:10:49 [  10520] train/loss=0.1483  train/pred_loss=0.01324  train/sigreg_loss=1.499  train/emb_std=0.9998  train/emb_norm=13.82  train/pred_vs_static=0.02528  train/grad_norm=0.6515  train/lr=0.0002992  train/samples_per_sec=1.576e+04
2026-09-16 07:10:49 [  10540] train/loss=0.1517  train/pred_loss=0.01354  train/sigreg_loss=1.534  train/emb_std=1  train/emb_norm=13.81  train/pred_vs_static=0.02559  train/grad_norm=0.6941  train/lr=0.0002992  train/samples_per_sec=1.576e+04
2026-09-16 07:10:50 [  10560] train/loss=0.1493  train/pred_loss=0.01372  train/sigreg_loss=1.507  train/emb_std=1.002  train/emb_norm=13.83  train/pred_vs_static=0.02613  train/grad_norm=0.6741  train/lr=0.0002992  train/samples_per_sec=1.577e+04
2026-09-16 07:10:50 [  10580] train/loss=0.149  train/pred_loss=0.01366  train/sigreg_loss=1.503  train/emb_std=1  train/emb_norm=13.8  train/pred_vs_static=0.02617  train/grad_norm=0.6636  train/lr=0.0002992  train/samples_per_sec=1.577e+04
2026-09-16 07:10:51 [  10600] train/loss=0.1494  train/pred_loss=0.01356  train/sigreg_loss=1.508  train/emb_std=1.001  train/emb_norm=13.82  train/pred_vs_static=0.02572  train/grad_norm=0.6717  train/lr=0.0002992  train/samples_per_sec=1.577e+04
2026-09-16 07:10:52 [  10620] train/loss=0.1497  train/pred_loss=0.01356  train/sigreg_loss=1.512  train/emb_std=1.001  train/emb_norm=13.83  train/pred_vs_static=0.02572  train/grad_norm=0.642  train/lr=0.0002992  train/samples_per_sec=1.578e+04
2026-09-16 07:10:52 [  10640] train/loss=0.1485  train/pred_loss=0.01361  train/sigreg_loss=1.498  train/emb_std=0.9996  train/emb_norm=13.82  train/pred_vs_static=0.0262  train/grad_norm=0.6793  train/lr=0.0002992  train/samples_per_sec=1.578e+04
2026-09-16 07:10:53 [  10660] train/loss=0.1499  train/pred_loss=0.01364  train/sigreg_loss=1.514  train/emb_std=1  train/emb_norm=13.82  train/pred_vs_static=0.02598  train/grad_norm=0.6945  train/lr=0.0002992  train/samples_per_sec=1.578e+04
2026-09-16 07:10:54 [  10680] train/loss=0.1495  train/pred_loss=0.0136  train/sigreg_loss=1.511  train/emb_std=1  train/emb_norm=13.82  train/pred_vs_static=0.02621  train/grad_norm=0.6942  train/lr=0.0002992  train/samples_per_sec=1.579e+04
2026-09-16 07:10:54 [  10700] train/loss=0.1499  train/pred_loss=0.01348  train/sigreg_loss=1.514  train/emb_std=1  train/emb_norm=13.81  train/pred_vs_static=0.02565  train/grad_norm=0.6918  train/lr=0.0002991  train/samples_per_sec=1.579e+04
2026-09-16 07:10:55 [  10720] train/loss=0.1461  train/pred_loss=0.0132  train/sigreg_loss=1.476  train/emb_std=1  train/emb_norm=13.81  train/pred_vs_static=0.02516  train/grad_norm=0.6598  train/lr=0.0002991  train/samples_per_sec=1.579e+04
2026-09-16 07:10:56 [  10740] train/loss=0.1475  train/pred_loss=0.01312  train/sigreg_loss=1.493  train/emb_std=1.001  train/emb_norm=13.82  train/pred_vs_static=0.02524  train/grad_norm=0.6623  train/lr=0.0002991  train/samples_per_sec=1.579e+04
2026-09-16 07:10:56 [  10760] train/loss=0.1474  train/pred_loss=0.01335  train/sigreg_loss=1.489  train/emb_std=1.001  train/emb_norm=13.82  train/pred_vs_static=0.02554  train/grad_norm=0.6744  train/lr=0.0002991  train/samples_per_sec=1.579e+04
2026-09-16 07:10:57 [  10780] train/loss=0.148  train/pred_loss=0.0134  train/sigreg_loss=1.496  train/emb_std=1  train/emb_norm=13.81  train/pred_vs_static=0.02594  train/grad_norm=0.6526  train/lr=0.0002991  train/samples_per_sec=1.58e+04
2026-09-16 07:10:58 [  10800] train/loss=0.1473  train/pred_loss=0.01338  train/sigreg_loss=1.487  train/emb_std=1.001  train/emb_norm=13.82  train/pred_vs_static=0.02556  train/grad_norm=0.6663  train/lr=0.0002991  train/samples_per_sec=1.58e+04
2026-09-16 07:10:58 [  10820] train/loss=0.1476  train/pred_loss=0.0132  train/sigreg_loss=1.494  train/emb_std=1  train/emb_norm=13.81  train/pred_vs_static=0.02517  train/grad_norm=0.6499  train/lr=0.0002991  train/samples_per_sec=1.58e+04
2026-09-16 07:10:59 [  10840] train/loss=0.147  train/pred_loss=0.01329  train/sigreg_loss=1.486  train/emb_std=1.001  train/emb_norm=13.82  train/pred_vs_static=0.0254  train/grad_norm=0.6498  train/lr=0.0002991  train/samples_per_sec=1.581e+04
2026-09-16 07:11:00 [  10860] train/loss=0.1482  train/pred_loss=0.01325  train/sigreg_loss=1.5  train/emb_std=1  train/emb_norm=13.82  train/pred_vs_static=0.0252  train/grad_norm=0.6578  train/lr=0.0002991  train/samples_per_sec=1.581e+04
2026-09-16 07:11:00 [  10880] train/loss=0.1477  train/pred_loss=0.01328  train/sigreg_loss=1.493  train/emb_std=1.001  train/emb_norm=13.82  train/pred_vs_static=0.02561  train/grad_norm=0.6697  train/lr=0.0002991  train/samples_per_sec=1.581e+04
2026-09-16 07:11:01 [  10900] train/loss=0.1482  train/pred_loss=0.01348  train/sigreg_loss=1.498  train/emb_std=0.9998  train/emb_norm=13.81  train/pred_vs_static=0.02565  train/grad_norm=0.663  train/lr=0.0002991  train/samples_per_sec=1.581e+04
2026-09-16 07:11:01 [  10920] train/loss=0.15  train/pred_loss=0.01323  train/sigreg_loss=1.52  train/emb_std=1.002  train/emb_norm=13.83  train/pred_vs_static=0.02514  train/grad_norm=0.6796  train/lr=0.0002991  train/samples_per_sec=1.581e+04
2026-09-16 07:11:02 [  10940] train/loss=0.1477  train/pred_loss=0.0132  train/sigreg_loss=1.494  train/emb_std=1.002  train/emb_norm=13.82  train/pred_vs_static=0.02511  train/grad_norm=0.6803  train/lr=0.0002991  train/samples_per_sec=1.581e+04
2026-09-16 07:11:03 [  10960] train/loss=0.1455  train/pred_loss=0.01302  train/sigreg_loss=1.473  train/emb_std=1.001  train/emb_norm=13.82  train/pred_vs_static=0.02473  train/grad_norm=0.6428  train/lr=0.0002991  train/samples_per_sec=1.581e+04
2026-09-16 07:11:03 [  10980] train/loss=0.1464  train/pred_loss=0.01307  train/sigreg_loss=1.481  train/emb_std=1  train/emb_norm=13.82  train/pred_vs_static=0.02516  train/grad_norm=0.6684  train/lr=0.0002991  train/samples_per_sec=1.581e+04
2026-09-16 07:11:04 [  11000] train/loss=0.1475  train/pred_loss=0.01321  train/sigreg_loss=1.491  train/emb_std=0.9998  train/emb_norm=13.81  train/pred_vs_static=0.02532  train/grad_norm=0.6642  train/lr=0.0002991  train/samples_per_sec=1.581e+04
2026-09-16 07:11:05 [  11020] train/loss=0.1485  train/pred_loss=0.01332  train/sigreg_loss=1.502  train/emb_std=1  train/emb_norm=13.82  train/pred_vs_static=0.02523  train/grad_norm=0.682  train/lr=0.0002991  train/samples_per_sec=1.582e+04
2026-09-16 07:11:05 [  11040] train/loss=0.1466  train/pred_loss=0.01306  train/sigreg_loss=1.484  train/emb_std=1  train/emb_norm=13.82  train/pred_vs_static=0.02493  train/grad_norm=0.6529  train/lr=0.0002991  train/samples_per_sec=1.582e+04
2026-09-16 07:11:06 [  11060] train/loss=0.1454  train/pred_loss=0.01286  train/sigreg_loss=1.472  train/emb_std=0.9994  train/emb_norm=13.8  train/pred_vs_static=0.02485  train/grad_norm=0.6182  train/lr=0.0002991  train/samples_per_sec=1.582e+04
2026-09-16 07:11:07 [  11080] train/loss=0.147  train/pred_loss=0.01316  train/sigreg_loss=1.487  train/emb_std=1.001  train/emb_norm=13.81  train/pred_vs_static=0.02544  train/grad_norm=0.6652  train/lr=0.000299  train/samples_per_sec=1.582e+04
2026-09-16 07:11:07 [  11100] train/loss=0.1482  train/pred_loss=0.01356  train/sigreg_loss=1.496  train/emb_std=1.001  train/emb_norm=13.82  train/pred_vs_static=0.02606  train/grad_norm=0.7048  train/lr=0.000299  train/samples_per_sec=1.582e+04
2026-09-16 07:11:08 [  11120] train/loss=0.1463  train/pred_loss=0.01326  train/sigreg_loss=1.477  train/emb_std=1  train/emb_norm=13.82  train/pred_vs_static=0.02545  train/grad_norm=0.6821  train/lr=0.000299  train/samples_per_sec=1.582e+04
2026-09-16 07:11:09 [  11140] train/loss=0.1446  train/pred_loss=0.01294  train/sigreg_loss=1.462  train/emb_std=1.001  train/emb_norm=13.82  train/pred_vs_static=0.02493  train/grad_norm=0.6337  train/lr=0.000299  train/samples_per_sec=1.582e+04
2026-09-16 07:11:09 [  11160] train/loss=0.1456  train/pred_loss=0.01304  train/sigreg_loss=1.473  train/emb_std=1.001  train/emb_norm=13.82  train/pred_vs_static=0.02512  train/grad_norm=0.6697  train/lr=0.000299  train/samples_per_sec=1.582e+04
2026-09-16 07:11:10 [  11180] train/loss=0.1477  train/pred_loss=0.01327  train/sigreg_loss=1.493  train/emb_std=1.001  train/emb_norm=13.83  train/pred_vs_static=0.0256  train/grad_norm=0.6815  train/lr=0.000299  train/samples_per_sec=1.582e+04
2026-09-16 07:11:10 [  11200] train/loss=0.1458  train/pred_loss=0.01311  train/sigreg_loss=1.475  train/emb_std=0.9994  train/emb_norm=13.8  train/pred_vs_static=0.02512  train/grad_norm=0.6649  train/lr=0.000299  train/samples_per_sec=1.582e+04
2026-09-16 07:11:11 [  11220] train/loss=0.1491  train/pred_loss=0.01341  train/sigreg_loss=1.508  train/emb_std=1.001  train/emb_norm=13.82  train/pred_vs_static=0.02594  train/grad_norm=0.6961  train/lr=0.000299  train/samples_per_sec=1.582e+04
2026-09-16 07:11:12 [  11240] train/loss=0.147  train/pred_loss=0.01327  train/sigreg_loss=1.485  train/emb_std=1.002  train/emb_norm=13.83  train/pred_vs_static=0.02551  train/grad_norm=0.6643  train/lr=0.000299  train/samples_per_sec=1.582e+04
2026-09-16 07:11:12 [  11260] train/loss=0.1465  train/pred_loss=0.01299  train/sigreg_loss=1.482  train/emb_std=1.001  train/emb_norm=13.83  train/pred_vs_static=0.02511  train/grad_norm=0.657  train/lr=0.000299  train/samples_per_sec=1.582e+04
2026-09-16 07:11:13 [  11280] train/loss=0.1463  train/pred_loss=0.01293  train/sigreg_loss=1.481  train/emb_std=1  train/emb_norm=13.81  train/pred_vs_static=0.02529  train/grad_norm=0.6665  train/lr=0.000299  train/samples_per_sec=1.583e+04
2026-09-16 07:11:14 [  11300] train/loss=0.1454  train/pred_loss=0.0129  train/sigreg_loss=1.472  train/emb_std=1.001  train/emb_norm=13.81  train/pred_vs_static=0.02478  train/grad_norm=0.6432  train/lr=0.000299  train/samples_per_sec=1.583e+04
2026-09-16 07:11:14 [  11320] train/loss=0.1438  train/pred_loss=0.01292  train/sigreg_loss=1.454  train/emb_std=1  train/emb_norm=13.82  train/pred_vs_static=0.02509  train/grad_norm=0.6714  train/lr=0.000299  train/samples_per_sec=1.583e+04
2026-09-16 07:11:15 [  11340] train/loss=0.1472  train/pred_loss=0.01305  train/sigreg_loss=1.49  train/emb_std=1  train/emb_norm=13.82  train/pred_vs_static=0.02526  train/grad_norm=0.6833  train/lr=0.000299  train/samples_per_sec=1.583e+04
2026-09-16 07:11:16 [  11360] train/loss=0.1473  train/pred_loss=0.01318  train/sigreg_loss=1.489  train/emb_std=1.001  train/emb_norm=13.82  train/pred_vs_static=0.02542  train/grad_norm=0.6782  train/lr=0.000299  train/samples_per_sec=1.583e+04
2026-09-16 07:11:16 [  11380] train/loss=0.1453  train/pred_loss=0.01316  train/sigreg_loss=1.468  train/emb_std=1  train/emb_norm=13.82  train/pred_vs_static=0.02537  train/grad_norm=0.6717  train/lr=0.000299  train/samples_per_sec=1.583e+04
2026-09-16 07:11:17 [  11400] train/loss=0.144  train/pred_loss=0.01305  train/sigreg_loss=1.457  train/emb_std=1.001  train/emb_norm=13.82  train/pred_vs_static=0.02544  train/grad_norm=0.6493  train/lr=0.000299  train/samples_per_sec=1.583e+04
2026-09-16 07:11:18 [  11420] train/loss=0.1455  train/pred_loss=0.01293  train/sigreg_loss=1.473  train/emb_std=1  train/emb_norm=13.81  train/pred_vs_static=0.02502  train/grad_norm=0.6429  train/lr=0.000299  train/samples_per_sec=1.583e+04
2026-09-16 07:11:18 [  11440] train/loss=0.1449  train/pred_loss=0.01296  train/sigreg_loss=1.466  train/emb_std=1  train/emb_norm=13.82  train/pred_vs_static=0.02516  train/grad_norm=0.6584  train/lr=0.0002989  train/samples_per_sec=1.583e+04
2026-09-16 07:11:19 [  11460] train/loss=0.1441  train/pred_loss=0.01286  train/sigreg_loss=1.459  train/emb_std=1.001  train/emb_norm=13.82  train/pred_vs_static=0.02488  train/grad_norm=0.6582  train/lr=0.0002989  train/samples_per_sec=1.583e+04
2026-09-16 07:11:20 [  11480] train/loss=0.1432  train/pred_loss=0.0129  train/sigreg_loss=1.448  train/emb_std=1.001  train/emb_norm=13.82  train/pred_vs_static=0.02494  train/grad_norm=0.6517  train/lr=0.0002989  train/samples_per_sec=1.583e+04
2026-09-16 07:11:20 [  11500] train/loss=0.143  train/pred_loss=0.01269  train/sigreg_loss=1.448  train/emb_std=1  train/emb_norm=13.82  train/pred_vs_static=0.0247  train/grad_norm=0.6371  train/lr=0.0002989  train/samples_per_sec=1.583e+04
2026-09-16 07:11:21 [  11520] train/loss=0.1451  train/pred_loss=0.0126  train/sigreg_loss=1.472  train/emb_std=1  train/emb_norm=13.81  train/pred_vs_static=0.02437  train/grad_norm=0.6731  train/lr=0.0002989  train/samples_per_sec=1.583e+04
2026-09-16 07:11:21 [  11540] train/loss=0.1464  train/pred_loss=0.01288  train/sigreg_loss=1.484  train/emb_std=0.9998  train/emb_norm=13.82  train/pred_vs_static=0.02487  train/grad_norm=0.679  train/lr=0.0002989  train/samples_per_sec=1.583e+04
2026-09-16 07:11:22 [  11560] train/loss=0.1452  train/pred_loss=0.01286  train/sigreg_loss=1.471  train/emb_std=1.001  train/emb_norm=13.83  train/pred_vs_static=0.0251  train/grad_norm=0.6668  train/lr=0.0002989  train/samples_per_sec=1.583e+04
2026-09-16 07:11:23 [  11580] train/loss=0.1449  train/pred_loss=0.01268  train/sigreg_loss=1.468  train/emb_std=1.001  train/emb_norm=13.82  train/pred_vs_static=0.02475  train/grad_norm=0.6524  train/lr=0.0002989  train/samples_per_sec=1.583e+04
2026-09-16 07:11:23 [  11600] train/loss=0.1451  train/pred_loss=0.01275  train/sigreg_loss=1.471  train/emb_std=1.001  train/emb_norm=13.81  train/pred_vs_static=0.02463  train/grad_norm=0.6757  train/lr=0.0002989  train/samples_per_sec=1.583e+04
2026-09-16 07:11:24 [  11620] train/loss=0.1451  train/pred_loss=0.01312  train/sigreg_loss=1.466  train/emb_std=1  train/emb_norm=13.81  train/pred_vs_static=0.0255  train/grad_norm=0.6708  train/lr=0.0002989  train/samples_per_sec=1.584e+04
2026-09-16 07:11:25 [  11640] train/loss=0.1448  train/pred_loss=0.01287  train/sigreg_loss=1.466  train/emb_std=1  train/emb_norm=13.82  train/pred_vs_static=0.02491  train/grad_norm=0.6723  train/lr=0.0002989  train/samples_per_sec=1.584e+04
2026-09-16 07:11:25 [  11660] train/loss=0.1453  train/pred_loss=0.01303  train/sigreg_loss=1.468  train/emb_std=1  train/emb_norm=13.82  train/pred_vs_static=0.02518  train/grad_norm=0.6731  train/lr=0.0002989  train/samples_per_sec=1.584e+04
2026-09-16 07:11:26 [  11680] train/loss=0.1448  train/pred_loss=0.01293  train/sigreg_loss=1.466  train/emb_std=1.001  train/emb_norm=13.82  train/pred_vs_static=0.02529  train/grad_norm=0.6582  train/lr=0.0002989  train/samples_per_sec=1.584e+04
2026-09-16 07:11:27 [  11700] train/loss=0.1433  train/pred_loss=0.01282  train/sigreg_loss=1.452  train/emb_std=1  train/emb_norm=13.82  train/pred_vs_static=0.02485  train/grad_norm=0.6403  train/lr=0.0002989  train/samples_per_sec=1.584e+04
2026-09-16 07:11:27 [  11720] train/loss=0.143  train/pred_loss=0.01255  train/sigreg_loss=1.451  train/emb_std=0.9992  train/emb_norm=13.81  train/pred_vs_static=0.02464  train/grad_norm=0.6195  train/lr=0.0002989  train/samples_per_sec=1.584e+04
2026-09-16 07:11:28 [  11740] train/loss=0.1425  train/pred_loss=0.01265  train/sigreg_loss=1.442  train/emb_std=1  train/emb_norm=13.82  train/pred_vs_static=0.02447  train/grad_norm=0.625  train/lr=0.0002989  train/samples_per_sec=1.584e+04
2026-09-16 07:11:29 [  11760] train/loss=0.1422  train/pred_loss=0.01258  train/sigreg_loss=1.44  train/emb_std=1  train/emb_norm=13.82  train/pred_vs_static=0.0245  train/grad_norm=0.635  train/lr=0.0002989  train/samples_per_sec=1.584e+04
2026-09-16 07:11:29 [  11780] train/loss=0.1425  train/pred_loss=0.01255  train/sigreg_loss=1.443  train/emb_std=1.001  train/emb_norm=13.82  train/pred_vs_static=0.02428  train/grad_norm=0.6588  train/lr=0.0002988  train/samples_per_sec=1.584e+04
2026-09-16 07:11:30 [  11800] train/loss=0.1442  train/pred_loss=0.01275  train/sigreg_loss=1.459  train/emb_std=0.9998  train/emb_norm=13.82  train/pred_vs_static=0.0247  train/grad_norm=0.6232  train/lr=0.0002988  train/samples_per_sec=1.584e+04
2026-09-16 07:11:30 [  11820] train/loss=0.1422  train/pred_loss=0.01252  train/sigreg_loss=1.439  train/emb_std=1  train/emb_norm=13.82  train/pred_vs_static=0.0243  train/grad_norm=0.6285  train/lr=0.0002988  train/samples_per_sec=1.584e+04
2026-09-16 07:11:31 [  11840] train/loss=0.1445  train/pred_loss=0.01258  train/sigreg_loss=1.466  train/emb_std=1.001  train/emb_norm=13.81  train/pred_vs_static=0.02441  train/grad_norm=0.6623  train/lr=0.0002988  train/samples_per_sec=1.584e+04
2026-09-16 07:11:32 [  11860] train/loss=0.1434  train/pred_loss=0.01276  train/sigreg_loss=1.452  train/emb_std=1.002  train/emb_norm=13.84  train/pred_vs_static=0.02494  train/grad_norm=0.6525  train/lr=0.0002988  train/samples_per_sec=1.584e+04
2026-09-16 07:11:32 [  11880] train/loss=0.143  train/pred_loss=0.01246  train/sigreg_loss=1.451  train/emb_std=1  train/emb_norm=13.82  train/pred_vs_static=0.02436  train/grad_norm=0.6204  train/lr=0.0002988  train/samples_per_sec=1.584e+04
2026-09-16 07:11:33 [  11900] train/loss=0.1437  train/pred_loss=0.01257  train/sigreg_loss=1.457  train/emb_std=1  train/emb_norm=13.82  train/pred_vs_static=0.02471  train/grad_norm=0.6243  train/lr=0.0002988  train/samples_per_sec=1.584e+04
2026-09-16 07:11:34 [  11920] train/loss=0.1433  train/pred_loss=0.01258  train/sigreg_loss=1.452  train/emb_std=1  train/emb_norm=13.81  train/pred_vs_static=0.02458  train/grad_norm=0.6524  train/lr=0.0002988  train/samples_per_sec=1.584e+04
2026-09-16 07:11:34 [  11940] train/loss=0.1425  train/pred_loss=0.01275  train/sigreg_loss=1.442  train/emb_std=1  train/emb_norm=13.82  train/pred_vs_static=0.02477  train/grad_norm=0.6637  train/lr=0.0002988  train/samples_per_sec=1.584e+04
2026-09-16 07:11:35 [  11960] train/loss=0.1426  train/pred_loss=0.01275  train/sigreg_loss=1.444  train/emb_std=1.001  train/emb_norm=13.83  train/pred_vs_static=0.02444  train/grad_norm=0.6591  train/lr=0.0002988  train/samples_per_sec=1.584e+04
2026-09-16 07:11:36 [  11980] train/loss=0.1425  train/pred_loss=0.01261  train/sigreg_loss=1.445  train/emb_std=0.9998  train/emb_norm=13.82  train/pred_vs_static=0.02459  train/grad_norm=0.6388  train/lr=0.0002988  train/samples_per_sec=1.584e+04
2026-09-16 07:11:36 [  12000] train/loss=0.1423  train/pred_loss=0.01254  train/sigreg_loss=1.443  train/emb_std=1  train/emb_norm=13.81  train/pred_vs_static=0.02458  train/grad_norm=0.6329  train/lr=0.0002988  train/samples_per_sec=1.585e+04
2026-09-16 07:11:36 [  12000] train_epoch/loss=0.1472  train_epoch/pred_loss=0.01322  train_epoch/sigreg_loss=1.488  train_epoch/emb_std=1.001  train_epoch/emb_norm=13.82  train_epoch/pred_vs_static=0.02537  train_epoch/grad_norm=0.6642  train_epoch/lr=0.0002991  train_epoch/epoch=5
2026-09-16 07:11:37 [  12000] val/loss=0.99  val/pred_loss=0.009976  val/sigreg_loss=10.89  val/emb_std=0.987  val/emb_norm=13.86  val/pred_vs_static=0.01993  val/epoch=5
2026-09-16 07:11:37 epoch   5 | val pred_vs_static 0.01993 | best 0.01993 @ epoch 5 | saved epoch_005.pt
2026-09-16 07:11:38 [  12020] train/loss=0.1427  train/pred_loss=0.01274  train/sigreg_loss=1.444  train/emb_std=1  train/emb_norm=13.83  train/pred_vs_static=0.02471  train/grad_norm=0.642  train/lr=0.0002988  train/samples_per_sec=1.269e+04
2026-09-16 07:11:38 [  12040] train/loss=0.1429  train/pred_loss=0.01258  train/sigreg_loss=1.446  train/emb_std=0.9998  train/emb_norm=13.81  train/pred_vs_static=0.02481  train/grad_norm=0.6417  train/lr=0.0002988  train/samples_per_sec=1.409e+04
2026-09-16 07:11:39 [  12060] train/loss=0.1416  train/pred_loss=0.01266  train/sigreg_loss=1.434  train/emb_std=1.001  train/emb_norm=13.82  train/pred_vs_static=0.02479  train/grad_norm=0.6407  train/lr=0.0002988  train/samples_per_sec=1.464e+04
2026-09-16 07:11:40 [  12080] train/loss=0.143  train/pred_loss=0.01271  train/sigreg_loss=1.448  train/emb_std=1  train/emb_norm=13.83  train/pred_vs_static=0.02473  train/grad_norm=0.6333  train/lr=0.0002988  train/samples_per_sec=1.494e+04
2026-09-16 07:11:40 [  12100] train/loss=0.1417  train/pred_loss=0.01275  train/sigreg_loss=1.432  train/emb_std=1  train/emb_norm=13.82  train/pred_vs_static=0.02482  train/grad_norm=0.6395  train/lr=0.0002988  train/samples_per_sec=1.514e+04
2026-09-16 07:11:41 [  12120] train/loss=0.1432  train/pred_loss=0.01272  train/sigreg_loss=1.45  train/emb_std=1  train/emb_norm=13.82  train/pred_vs_static=0.02486  train/grad_norm=0.6731  train/lr=0.0002987  train/samples_per_sec=1.528e+04
2026-09-16 07:11:42 [  12140] train/loss=0.1422  train/pred_loss=0.01266  train/sigreg_loss=1.441  train/emb_std=1  train/emb_norm=13.82  train/pred_vs_static=0.02471  train/grad_norm=0.6672  train/lr=0.0002987  train/samples_per_sec=1.537e+04
2026-09-16 07:11:42 [  12160] train/loss=0.1453  train/pred_loss=0.01253  train/sigreg_loss=1.477  train/emb_std=1  train/emb_norm=13.82  train/pred_vs_static=0.02433  train/grad_norm=0.6697  train/lr=0.0002987  train/samples_per_sec=1.544e+04
2026-09-16 07:11:43 [  12180] train/loss=0.143  train/pred_loss=0.01235  train/sigreg_loss=1.452  train/emb_std=1  train/emb_norm=13.82  train/pred_vs_static=0.02454  train/grad_norm=0.6565  train/lr=0.0002987  train/samples_per_sec=1.549e+04
2026-09-16 07:11:43 [  12200] train/loss=0.1406  train/pred_loss=0.01257  train/sigreg_loss=1.424  train/emb_std=1.001  train/emb_norm=13.82  train/pred_vs_static=0.02455  train/grad_norm=0.6499  train/lr=0.0002987  train/samples_per_sec=1.553e+04
2026-09-16 07:11:44 [  12220] train/loss=0.1424  train/pred_loss=0.01254  train/sigreg_loss=1.442  train/emb_std=1  train/emb_norm=13.82  train/pred_vs_static=0.02468  train/grad_norm=0.6461  train/lr=0.0002987  train/samples_per_sec=1.557e+04
2026-09-16 07:11:45 [  12240] train/loss=0.143  train/pred_loss=0.01254  train/sigreg_loss=1.451  train/emb_std=1  train/emb_norm=13.82  train/pred_vs_static=0.02466  train/grad_norm=0.6635  train/lr=0.0002987  train/samples_per_sec=1.56e+04
2026-09-16 07:11:45 [  12260] train/loss=0.1416  train/pred_loss=0.01241  train/sigreg_loss=1.436  train/emb_std=1  train/emb_norm=13.81  train/pred_vs_static=0.02444  train/grad_norm=0.6331  train/lr=0.0002987  train/samples_per_sec=1.563e+04
2026-09-16 07:11:46 [  12280] train/loss=0.1412  train/pred_loss=0.01224  train/sigreg_loss=1.434  train/emb_std=1.001  train/emb_norm=13.81  train/pred_vs_static=0.02415  train/grad_norm=0.625  train/lr=0.0002987  train/samples_per_sec=1.565e+04
2026-09-16 07:11:47 [  12300] train/loss=0.1399  train/pred_loss=0.01229  train/sigreg_loss=1.42  train/emb_std=1.001  train/emb_norm=13.81  train/pred_vs_static=0.0243  train/grad_norm=0.6392  train/lr=0.0002987  train/samples_per_sec=1.567e+04
2026-09-16 07:11:47 [  12320] train/loss=0.142  train/pred_loss=0.0124  train/sigreg_loss=1.44  train/emb_std=0.9996  train/emb_norm=13.81  train/pred_vs_static=0.02428  train/grad_norm=0.6379  train/lr=0.0002987  train/samples_per_sec=1.568e+04
2026-09-16 07:11:48 [  12340] train/loss=0.1416  train/pred_loss=0.01239  train/sigreg_loss=1.436  train/emb_std=0.9996  train/emb_norm=13.81  train/pred_vs_static=0.024  train/grad_norm=0.6442  train/lr=0.0002987  train/samples_per_sec=1.57e+04
2026-09-16 07:11:49 [  12360] train/loss=0.1429  train/pred_loss=0.01281  train/sigreg_loss=1.447  train/emb_std=1.001  train/emb_norm=13.82  train/pred_vs_static=0.02491  train/grad_norm=0.6801  train/lr=0.0002987  train/samples_per_sec=1.571e+04
2026-09-16 07:11:49 [  12380] train/loss=0.1406  train/pred_loss=0.0123  train/sigreg_loss=1.427  train/emb_std=1.001  train/emb_norm=13.82  train/pred_vs_static=0.02403  train/grad_norm=0.6421  train/lr=0.0002987  train/samples_per_sec=1.572e+04
2026-09-16 07:11:50 [  12400] train/loss=0.1414  train/pred_loss=0.01234  train/sigreg_loss=1.434  train/emb_std=1  train/emb_norm=13.82  train/pred_vs_static=0.02411  train/grad_norm=0.626  train/lr=0.0002987  train/samples_per_sec=1.573e+04
2026-09-16 07:11:51 [  12420] train/loss=0.1427  train/pred_loss=0.01241  train/sigreg_loss=1.446  train/emb_std=1  train/emb_norm=13.83  train/pred_vs_static=0.02452  train/grad_norm=0.6436  train/lr=0.0002987  train/samples_per_sec=1.574e+04
2026-09-16 07:11:51 [  12440] train/loss=0.1411  train/pred_loss=0.01234  train/sigreg_loss=1.43  train/emb_std=1.001  train/emb_norm=13.82  train/pred_vs_static=0.02441  train/grad_norm=0.6219  train/lr=0.0002986  train/samples_per_sec=1.575e+04
2026-09-16 07:11:52 [  12460] train/loss=0.1418  train/pred_loss=0.01248  train/sigreg_loss=1.438  train/emb_std=1.001  train/emb_norm=13.82  train/pred_vs_static=0.0246  train/grad_norm=0.6354  train/lr=0.0002986  train/samples_per_sec=1.576e+04
2026-09-16 07:11:52 [  12480] train/loss=0.1409  train/pred_loss=0.01239  train/sigreg_loss=1.429  train/emb_std=1  train/emb_norm=13.82  train/pred_vs_static=0.02423  train/grad_norm=0.6525  train/lr=0.0002986  train/samples_per_sec=1.577e+04
2026-09-16 07:11:53 [  12500] train/loss=0.1418  train/pred_loss=0.0126  train/sigreg_loss=1.436  train/emb_std=0.9998  train/emb_norm=13.82  train/pred_vs_static=0.02475  train/grad_norm=0.65  train/lr=0.0002986  train/samples_per_sec=1.577e+04
2026-09-16 07:11:54 [  12520] train/loss=0.1416  train/pred_loss=0.01238  train/sigreg_loss=1.435  train/emb_std=0.999  train/emb_norm=13.8  train/pred_vs_static=0.02464  train/grad_norm=0.6211  train/lr=0.0002986  train/samples_per_sec=1.578e+04
2026-09-16 07:11:54 [  12540] train/loss=0.1414  train/pred_loss=0.01244  train/sigreg_loss=1.433  train/emb_std=0.9998  train/emb_norm=13.82  train/pred_vs_static=0.02479  train/grad_norm=0.64  train/lr=0.0002986  train/samples_per_sec=1.578e+04
2026-09-16 07:11:55 [  12560] train/loss=0.1411  train/pred_loss=0.01238  train/sigreg_loss=1.431  train/emb_std=1  train/emb_norm=13.81  train/pred_vs_static=0.02441  train/grad_norm=0.6466  train/lr=0.0002986  train/samples_per_sec=1.579e+04
2026-09-16 07:11:56 [  12580] train/loss=0.1407  train/pred_loss=0.01248  train/sigreg_loss=1.425  train/emb_std=1  train/emb_norm=13.82  train/pred_vs_static=0.02452  train/grad_norm=0.6513  train/lr=0.0002986  train/samples_per_sec=1.579e+04
2026-09-16 07:11:56 [  12600] train/loss=0.1395  train/pred_loss=0.01223  train/sigreg_loss=1.414  train/emb_std=1  train/emb_norm=13.81  train/pred_vs_static=0.02421  train/grad_norm=0.6153  train/lr=0.0002986  train/samples_per_sec=1.58e+04
2026-09-16 07:11:57 [  12620] train/loss=0.139  train/pred_loss=0.01226  train/sigreg_loss=1.408  train/emb_std=1  train/emb_norm=13.81  train/pred_vs_static=0.02415  train/grad_norm=0.629  train/lr=0.0002986  train/samples_per_sec=1.58e+04
2026-09-16 07:11:58 [  12640] train/loss=0.1399  train/pred_loss=0.01235  train/sigreg_loss=1.417  train/emb_std=1  train/emb_norm=13.82  train/pred_vs_static=0.02425  train/grad_norm=0.648  train/lr=0.0002986  train/samples_per_sec=1.581e+04
2026-09-16 07:11:58 [  12660] train/loss=0.1403  train/pred_loss=0.01227  train/sigreg_loss=1.422  train/emb_std=0.9996  train/emb_norm=13.8  train/pred_vs_static=0.02403  train/grad_norm=0.6207  train/lr=0.0002986  train/samples_per_sec=1.581e+04
2026-09-16 07:11:59 [  12680] train/loss=0.1415  train/pred_loss=0.01228  train/sigreg_loss=1.435  train/emb_std=1  train/emb_norm=13.82  train/pred_vs_static=0.02424  train/grad_norm=0.6318  train/lr=0.0002986  train/samples_per_sec=1.581e+04
2026-09-16 07:12:00 [  12700] train/loss=0.138  train/pred_loss=0.01211  train/sigreg_loss=1.4  train/emb_std=1.001  train/emb_norm=13.82  train/pred_vs_static=0.02393  train/grad_norm=0.6047  train/lr=0.0002986  train/samples_per_sec=1.582e+04
2026-09-16 07:12:00 [  12720] train/loss=0.1416  train/pred_loss=0.0123  train/sigreg_loss=1.436  train/emb_std=1  train/emb_norm=13.82  train/pred_vs_static=0.02414  train/grad_norm=0.6334  train/lr=0.0002986  train/samples_per_sec=1.582e+04
2026-09-16 07:12:01 [  12740] train/loss=0.1388  train/pred_loss=0.01225  train/sigreg_loss=1.407  train/emb_std=1  train/emb_norm=13.82  train/pred_vs_static=0.02431  train/grad_norm=0.6349  train/lr=0.0002985  train/samples_per_sec=1.582e+04
2026-09-16 07:12:01 [  12760] train/loss=0.1389  train/pred_loss=0.01222  train/sigreg_loss=1.408  train/emb_std=1.001  train/emb_norm=13.82  train/pred_vs_static=0.02415  train/grad_norm=0.6017  train/lr=0.0002985  train/samples_per_sec=1.583e+04
2026-09-16 07:12:02 [  12780] train/loss=0.1408  train/pred_loss=0.01214  train/sigreg_loss=1.43  train/emb_std=0.9986  train/emb_norm=13.81  train/pred_vs_static=0.0239  train/grad_norm=0.6014  train/lr=0.0002985  train/samples_per_sec=1.583e+04
2026-09-16 07:12:03 [  12800] train/loss=0.1396  train/pred_loss=0.0124  train/sigreg_loss=1.414  train/emb_std=1  train/emb_norm=13.82  train/pred_vs_static=0.02448  train/grad_norm=0.6347  train/lr=0.0002985  train/samples_per_sec=1.583e+04
2026-09-16 07:12:03 [  12820] train/loss=0.1378  train/pred_loss=0.01236  train/sigreg_loss=1.395  train/emb_std=1.001  train/emb_norm=13.82  train/pred_vs_static=0.02446  train/grad_norm=0.6179  train/lr=0.0002985  train/samples_per_sec=1.583e+04
2026-09-16 07:12:04 [  12840] train/loss=0.1392  train/pred_loss=0.01215  train/sigreg_loss=1.413  train/emb_std=0.9998  train/emb_norm=13.81  train/pred_vs_static=0.02432  train/grad_norm=0.6217  train/lr=0.0002985  train/samples_per_sec=1.584e+04
2026-09-16 07:12:05 [  12860] train/loss=0.1395  train/pred_loss=0.01206  train/sigreg_loss=1.417  train/emb_std=1  train/emb_norm=13.82  train/pred_vs_static=0.02384  train/grad_norm=0.6326  train/lr=0.0002985  train/samples_per_sec=1.584e+04
2026-09-16 07:12:05 [  12880] train/loss=0.1418  train/pred_loss=0.01234  train/sigreg_loss=1.438  train/emb_std=0.9998  train/emb_norm=13.82  train/pred_vs_static=0.02427  train/grad_norm=0.6483  train/lr=0.0002985  train/samples_per_sec=1.584e+04
2026-09-16 07:12:06 [  12900] train/loss=0.1408  train/pred_loss=0.01229  train/sigreg_loss=1.427  train/emb_std=1  train/emb_norm=13.82  train/pred_vs_static=0.02424  train/grad_norm=0.6498  train/lr=0.0002985  train/samples_per_sec=1.584e+04
2026-09-16 07:12:07 [  12920] train/loss=0.1418  train/pred_loss=0.01223  train/sigreg_loss=1.44  train/emb_std=1  train/emb_norm=13.82  train/pred_vs_static=0.02429  train/grad_norm=0.6516  train/lr=0.0002985  train/samples_per_sec=1.584e+04
2026-09-16 07:12:07 [  12940] train/loss=0.1384  train/pred_loss=0.01215  train/sigreg_loss=1.404  train/emb_std=0.9994  train/emb_norm=13.81  train/pred_vs_static=0.02397  train/grad_norm=0.6258  train/lr=0.0002985  train/samples_per_sec=1.585e+04
2026-09-16 07:12:08 [  12960] train/loss=0.1396  train/pred_loss=0.01206  train/sigreg_loss=1.416  train/emb_std=1  train/emb_norm=13.82  train/pred_vs_static=0.02418  train/grad_norm=0.6219  train/lr=0.0002985  train/samples_per_sec=1.585e+04
2026-09-16 07:12:09 [  12980] train/loss=0.1385  train/pred_loss=0.0121  train/sigreg_loss=1.405  train/emb_std=1  train/emb_norm=13.82  train/pred_vs_static=0.02423  train/grad_norm=0.636  train/lr=0.0002985  train/samples_per_sec=1.585e+04
2026-09-16 07:12:09 [  13000] train/loss=0.1402  train/pred_loss=0.0121  train/sigreg_loss=1.423  train/emb_std=0.9996  train/emb_norm=13.82  train/pred_vs_static=0.02408  train/grad_norm=0.6223  train/lr=0.0002985  train/samples_per_sec=1.585e+04
2026-09-16 07:12:10 [  13020] train/loss=0.139  train/pred_loss=0.0122  train/sigreg_loss=1.409  train/emb_std=0.9994  train/emb_norm=13.82  train/pred_vs_static=0.02429  train/grad_norm=0.6217  train/lr=0.0002985  train/samples_per_sec=1.585e+04
2026-09-16 07:12:10 [  13040] train/loss=0.1397  train/pred_loss=0.01214  train/sigreg_loss=1.417  train/emb_std=1  train/emb_norm=13.81  train/pred_vs_static=0.02419  train/grad_norm=0.6229  train/lr=0.0002984  train/samples_per_sec=1.585e+04
2026-09-16 07:12:11 [  13060] train/loss=0.1396  train/pred_loss=0.01227  train/sigreg_loss=1.415  train/emb_std=0.9996  train/emb_norm=13.82  train/pred_vs_static=0.0245  train/grad_norm=0.6422  train/lr=0.0002984  train/samples_per_sec=1.585e+04
2026-09-16 07:12:12 [  13080] train/loss=0.1378  train/pred_loss=0.01205  train/sigreg_loss=1.396  train/emb_std=1  train/emb_norm=13.81  train/pred_vs_static=0.02408  train/grad_norm=0.6073  train/lr=0.0002984  train/samples_per_sec=1.586e+04
2026-09-16 07:12:12 [  13100] train/loss=0.1382  train/pred_loss=0.01199  train/sigreg_loss=1.403  train/emb_std=1.001  train/emb_norm=13.82  train/pred_vs_static=0.02388  train/grad_norm=0.6321  train/lr=0.0002984  train/samples_per_sec=1.586e+04
2026-09-16 07:12:13 [  13120] train/loss=0.1374  train/pred_loss=0.01205  train/sigreg_loss=1.393  train/emb_std=1.001  train/emb_norm=13.82  train/pred_vs_static=0.02421  train/grad_norm=0.6126  train/lr=0.0002984  train/samples_per_sec=1.586e+04
2026-09-16 07:12:14 [  13140] train/loss=0.1389  train/pred_loss=0.01184  train/sigreg_loss=1.412  train/emb_std=1  train/emb_norm=13.83  train/pred_vs_static=0.02347  train/grad_norm=0.6184  train/lr=0.0002984  train/samples_per_sec=1.586e+04
2026-09-16 07:12:14 [  13160] train/loss=0.1378  train/pred_loss=0.01191  train/sigreg_loss=1.399  train/emb_std=1.001  train/emb_norm=13.83  train/pred_vs_static=0.02371  train/grad_norm=0.6192  train/lr=0.0002984  train/samples_per_sec=1.586e+04
2026-09-16 07:12:15 [  13180] train/loss=0.1376  train/pred_loss=0.01214  train/sigreg_loss=1.393  train/emb_std=1.001  train/emb_norm=13.81  train/pred_vs_static=0.02399  train/grad_norm=0.6285  train/lr=0.0002984  train/samples_per_sec=1.586e+04
2026-09-16 07:12:16 [  13200] train/loss=0.1402  train/pred_loss=0.01208  train/sigreg_loss=1.423  train/emb_std=1  train/emb_norm=13.82  train/pred_vs_static=0.02398  train/grad_norm=0.6432  train/lr=0.0002984  train/samples_per_sec=1.586e+04
2026-09-16 07:12:16 [  13220] train/loss=0.1385  train/pred_loss=0.01209  train/sigreg_loss=1.405  train/emb_std=0.9996  train/emb_norm=13.81  train/pred_vs_static=0.02386  train/grad_norm=0.6193  train/lr=0.0002984  train/samples_per_sec=1.587e+04
2026-09-16 07:12:17 [  13240] train/loss=0.138  train/pred_loss=0.01204  train/sigreg_loss=1.398  train/emb_std=1  train/emb_norm=13.81  train/pred_vs_static=0.02404  train/grad_norm=0.6397  train/lr=0.0002984  train/samples_per_sec=1.587e+04
2026-09-16 07:12:18 [  13260] train/loss=0.1395  train/pred_loss=0.01197  train/sigreg_loss=1.417  train/emb_std=1.001  train/emb_norm=13.82  train/pred_vs_static=0.02396  train/grad_norm=0.6196  train/lr=0.0002984  train/samples_per_sec=1.587e+04
2026-09-16 07:12:18 [  13280] train/loss=0.1389  train/pred_loss=0.01206  train/sigreg_loss=1.41  train/emb_std=0.9998  train/emb_norm=13.81  train/pred_vs_static=0.02434  train/grad_norm=0.6363  train/lr=0.0002984  train/samples_per_sec=1.587e+04
2026-09-16 07:12:19 [  13300] train/loss=0.1408  train/pred_loss=0.01208  train/sigreg_loss=1.431  train/emb_std=0.9994  train/emb_norm=13.8  train/pred_vs_static=0.0242  train/grad_norm=0.6356  train/lr=0.0002984  train/samples_per_sec=1.587e+04
2026-09-16 07:12:19 [  13320] train/loss=0.136  train/pred_loss=0.01208  train/sigreg_loss=1.377  train/emb_std=1  train/emb_norm=13.82  train/pred_vs_static=0.02416  train/grad_norm=0.6265  train/lr=0.0002983  train/samples_per_sec=1.587e+04
2026-09-16 07:12:20 [  13340] train/loss=0.1379  train/pred_loss=0.01188  train/sigreg_loss=1.4  train/emb_std=1  train/emb_norm=13.81  train/pred_vs_static=0.0238  train/grad_norm=0.638  train/lr=0.0002983  train/samples_per_sec=1.587e+04
2026-09-16 07:12:21 [  13360] train/loss=0.1388  train/pred_loss=0.0118  train/sigreg_loss=1.411  train/emb_std=0.9996  train/emb_norm=13.81  train/pred_vs_static=0.02354  train/grad_norm=0.634  train/lr=0.0002983  train/samples_per_sec=1.587e+04
2026-09-16 07:12:21 [  13380] train/loss=0.1373  train/pred_loss=0.01187  train/sigreg_loss=1.394  train/emb_std=0.9994  train/emb_norm=13.81  train/pred_vs_static=0.02363  train/grad_norm=0.6455  train/lr=0.0002983  train/samples_per_sec=1.587e+04
2026-09-16 07:12:22 [  13400] train/loss=0.137  train/pred_loss=0.01175  train/sigreg_loss=1.391  train/emb_std=1  train/emb_norm=13.82  train/pred_vs_static=0.02342  train/grad_norm=0.6321  train/lr=0.0002983  train/samples_per_sec=1.587e+04
2026-09-16 07:12:23 [  13420] train/loss=0.1368  train/pred_loss=0.01174  train/sigreg_loss=1.39  train/emb_std=0.9996  train/emb_norm=13.81  train/pred_vs_static=0.02353  train/grad_norm=0.6219  train/lr=0.0002983  train/samples_per_sec=1.587e+04
2026-09-16 07:12:23 [  13440] train/loss=0.1383  train/pred_loss=0.01197  train/sigreg_loss=1.405  train/emb_std=1  train/emb_norm=13.82  train/pred_vs_static=0.02379  train/grad_norm=0.613  train/lr=0.0002983  train/samples_per_sec=1.587e+04
2026-09-16 07:12:24 [  13460] train/loss=0.1372  train/pred_loss=0.01202  train/sigreg_loss=1.391  train/emb_std=1  train/emb_norm=13.82  train/pred_vs_static=0.02399  train/grad_norm=0.6117  train/lr=0.0002983  train/samples_per_sec=1.587e+04
2026-09-16 07:12:25 [  13480] train/loss=0.1366  train/pred_loss=0.01187  train/sigreg_loss=1.387  train/emb_std=0.9992  train/emb_norm=13.82  train/pred_vs_static=0.02374  train/grad_norm=0.6118  train/lr=0.0002983  train/samples_per_sec=1.587e+04
2026-09-16 07:12:25 [  13500] train/loss=0.1371  train/pred_loss=0.01187  train/sigreg_loss=1.391  train/emb_std=1  train/emb_norm=13.82  train/pred_vs_static=0.02356  train/grad_norm=0.6224  train/lr=0.0002983  train/samples_per_sec=1.588e+04
2026-09-16 07:12:26 [  13520] train/loss=0.1378  train/pred_loss=0.01191  train/sigreg_loss=1.4  train/emb_std=0.9998  train/emb_norm=13.81  train/pred_vs_static=0.02384  train/grad_norm=0.649  train/lr=0.0002983  train/samples_per_sec=1.588e+04
2026-09-16 07:12:27 [  13540] train/loss=0.1387  train/pred_loss=0.01201  train/sigreg_loss=1.408  train/emb_std=0.9996  train/emb_norm=13.81  train/pred_vs_static=0.02426  train/grad_norm=0.6593  train/lr=0.0002983  train/samples_per_sec=1.588e+04
2026-09-16 07:12:27 [  13560] train/loss=0.1373  train/pred_loss=0.01183  train/sigreg_loss=1.394  train/emb_std=0.9998  train/emb_norm=13.82  train/pred_vs_static=0.02377  train/grad_norm=0.6243  train/lr=0.0002983  train/samples_per_sec=1.588e+04
2026-09-16 07:12:28 [  13580] train/loss=0.1364  train/pred_loss=0.01179  train/sigreg_loss=1.384  train/emb_std=0.9998  train/emb_norm=13.81  train/pred_vs_static=0.02383  train/grad_norm=0.6133  train/lr=0.0002983  train/samples_per_sec=1.588e+04
2026-09-16 07:12:28 [  13600] train/loss=0.1363  train/pred_loss=0.01186  train/sigreg_loss=1.382  train/emb_std=1.001  train/emb_norm=13.83  train/pred_vs_static=0.02391  train/grad_norm=0.6297  train/lr=0.0002982  train/samples_per_sec=1.588e+04
2026-09-16 07:12:29 [  13620] train/loss=0.1377  train/pred_loss=0.0119  train/sigreg_loss=1.398  train/emb_std=0.9998  train/emb_norm=13.81  train/pred_vs_static=0.02393  train/grad_norm=0.6284  train/lr=0.0002982  train/samples_per_sec=1.588e+04
2026-09-16 07:12:30 [  13640] train/loss=0.1361  train/pred_loss=0.01183  train/sigreg_loss=1.38  train/emb_std=1  train/emb_norm=13.83  train/pred_vs_static=0.0238  train/grad_norm=0.6178  train/lr=0.0002982  train/samples_per_sec=1.588e+04
2026-09-16 07:12:30 [  13660] train/loss=0.136  train/pred_loss=0.01186  train/sigreg_loss=1.38  train/emb_std=1  train/emb_norm=13.81  train/pred_vs_static=0.02379  train/grad_norm=0.6043  train/lr=0.0002982  train/samples_per_sec=1.588e+04
2026-09-16 07:12:31 [  13680] train/loss=0.1357  train/pred_loss=0.01171  train/sigreg_loss=1.378  train/emb_std=1  train/emb_norm=13.82  train/pred_vs_static=0.02354  train/grad_norm=0.6252  train/lr=0.0002982  train/samples_per_sec=1.588e+04
2026-09-16 07:12:32 [  13700] train/loss=0.1369  train/pred_loss=0.0118  train/sigreg_loss=1.39  train/emb_std=1  train/emb_norm=13.82  train/pred_vs_static=0.02373  train/grad_norm=0.6348  train/lr=0.0002982  train/samples_per_sec=1.588e+04
2026-09-16 07:12:32 [  13720] train/loss=0.1358  train/pred_loss=0.01166  train/sigreg_loss=1.379  train/emb_std=0.9996  train/emb_norm=13.82  train/pred_vs_static=0.02347  train/grad_norm=0.6143  train/lr=0.0002982  train/samples_per_sec=1.588e+04
2026-09-16 07:12:33 [  13740] train/loss=0.1344  train/pred_loss=0.01173  train/sigreg_loss=1.363  train/emb_std=1  train/emb_norm=13.82  train/pred_vs_static=0.02373  train/grad_norm=0.6047  train/lr=0.0002982  train/samples_per_sec=1.588e+04
2026-09-16 07:12:34 [  13760] train/loss=0.1377  train/pred_loss=0.01198  train/sigreg_loss=1.397  train/emb_std=0.9996  train/emb_norm=13.82  train/pred_vs_static=0.0241  train/grad_norm=0.6489  train/lr=0.0002982  train/samples_per_sec=1.588e+04
2026-09-16 07:12:34 [  13780] train/loss=0.1352  train/pred_loss=0.01178  train/sigreg_loss=1.371  train/emb_std=0.9996  train/emb_norm=13.82  train/pred_vs_static=0.02355  train/grad_norm=0.6502  train/lr=0.0002982  train/samples_per_sec=1.588e+04
2026-09-16 07:12:35 [  13800] train/loss=0.137  train/pred_loss=0.01187  train/sigreg_loss=1.391  train/emb_std=0.9998  train/emb_norm=13.81  train/pred_vs_static=0.02379  train/grad_norm=0.6325  train/lr=0.0002982  train/samples_per_sec=1.588e+04
2026-09-16 07:12:36 [  13820] train/loss=0.1334  train/pred_loss=0.01164  train/sigreg_loss=1.353  train/emb_std=0.999  train/emb_norm=13.81  train/pred_vs_static=0.02341  train/grad_norm=0.5985  train/lr=0.0002982  train/samples_per_sec=1.588e+04
2026-09-16 07:12:36 [  13840] train/loss=0.1371  train/pred_loss=0.01161  train/sigreg_loss=1.394  train/emb_std=0.9998  train/emb_norm=13.81  train/pred_vs_static=0.0234  train/grad_norm=0.6205  train/lr=0.0002982  train/samples_per_sec=1.588e+04
2026-09-16 07:12:37 [  13860] train/loss=0.1338  train/pred_loss=0.01156  train/sigreg_loss=1.359  train/emb_std=0.9998  train/emb_norm=13.82  train/pred_vs_static=0.02333  train/grad_norm=0.6261  train/lr=0.0002982  train/samples_per_sec=1.589e+04
2026-09-16 07:12:37 [  13880] train/loss=0.1358  train/pred_loss=0.01161  train/sigreg_loss=1.38  train/emb_std=0.9996  train/emb_norm=13.82  train/pred_vs_static=0.02353  train/grad_norm=0.6055  train/lr=0.0002981  train/samples_per_sec=1.589e+04
2026-09-16 07:12:38 [  13900] train/loss=0.1377  train/pred_loss=0.0119  train/sigreg_loss=1.398  train/emb_std=0.9998  train/emb_norm=13.81  train/pred_vs_static=0.02382  train/grad_norm=0.6411  train/lr=0.0002981  train/samples_per_sec=1.589e+04
2026-09-16 07:12:39 [  13920] train/loss=0.1363  train/pred_loss=0.01174  train/sigreg_loss=1.386  train/emb_std=0.9994  train/emb_norm=13.82  train/pred_vs_static=0.02354  train/grad_norm=0.64  train/lr=0.0002981  train/samples_per_sec=1.589e+04
2026-09-16 07:12:39 [  13940] train/loss=0.1361  train/pred_loss=0.01165  train/sigreg_loss=1.382  train/emb_std=0.9996  train/emb_norm=13.82  train/pred_vs_static=0.0234  train/grad_norm=0.6162  train/lr=0.0002981  train/samples_per_sec=1.589e+04
2026-09-16 07:12:40 [  13960] train/loss=0.135  train/pred_loss=0.01175  train/sigreg_loss=1.371  train/emb_std=0.9998  train/emb_norm=13.81  train/pred_vs_static=0.02361  train/grad_norm=0.6037  train/lr=0.0002981  train/samples_per_sec=1.589e+04
2026-09-16 07:12:41 [  13980] train/loss=0.1362  train/pred_loss=0.01166  train/sigreg_loss=1.384  train/emb_std=0.9994  train/emb_norm=13.82  train/pred_vs_static=0.02344  train/grad_norm=0.6268  train/lr=0.0002981  train/samples_per_sec=1.589e+04
2026-09-16 07:12:41 [  14000] train/loss=0.1353  train/pred_loss=0.01184  train/sigreg_loss=1.371  train/emb_std=0.9998  train/emb_norm=13.83  train/pred_vs_static=0.02392  train/grad_norm=0.6156  train/lr=0.0002981  train/samples_per_sec=1.589e+04
2026-09-16 07:12:41 [  14000] train_epoch/loss=0.1391  train_epoch/pred_loss=0.01213  train_epoch/sigreg_loss=1.411  train_epoch/emb_std=1  train_epoch/emb_norm=13.82  train_epoch/pred_vs_static=0.02409  train_epoch/grad_norm=0.6318  train_epoch/lr=0.0002985  train_epoch/epoch=6
2026-09-16 07:12:42 [  14000] val/loss=0.9872  val/pred_loss=0.009739  val/sigreg_loss=10.86  val/emb_std=0.9883  val/emb_norm=13.89  val/pred_vs_static=0.02007  val/epoch=6
2026-09-16 07:12:42 epoch   6 | val pred_vs_static 0.02007 | best 0.01993 @ epoch 5 | saved epoch_006.pt
2026-09-16 07:12:43 [  14020] train/loss=0.1366  train/pred_loss=0.01173  train/sigreg_loss=1.387  train/emb_std=1  train/emb_norm=13.82  train/pred_vs_static=0.02363  train/grad_norm=0.6188  train/lr=0.0002981  train/samples_per_sec=1.281e+04
2026-09-16 07:12:43 [  14040] train/loss=0.1355  train/pred_loss=0.01156  train/sigreg_loss=1.378  train/emb_std=0.9996  train/emb_norm=13.82  train/pred_vs_static=0.02331  train/grad_norm=0.6005  train/lr=0.0002981  train/samples_per_sec=1.418e+04
2026-09-16 07:12:44 [  14060] train/loss=0.1364  train/pred_loss=0.01172  train/sigreg_loss=1.386  train/emb_std=1  train/emb_norm=13.82  train/pred_vs_static=0.0235  train/grad_norm=0.6163  train/lr=0.0002981  train/samples_per_sec=1.474e+04
2026-09-16 07:12:45 [  14080] train/loss=0.1355  train/pred_loss=0.01166  train/sigreg_loss=1.376  train/emb_std=0.9994  train/emb_norm=13.82  train/pred_vs_static=0.02346  train/grad_norm=0.6337  train/lr=0.0002981  train/samples_per_sec=1.502e+04
2026-09-16 07:12:45 [  14100] train/loss=0.1347  train/pred_loss=0.01155  train/sigreg_loss=1.368  train/emb_std=1  train/emb_norm=13.81  train/pred_vs_static=0.02357  train/grad_norm=0.6054  train/lr=0.0002981  train/samples_per_sec=1.52e+04
2026-09-16 07:12:46 [  14120] train/loss=0.1367  train/pred_loss=0.01157  train/sigreg_loss=1.391  train/emb_std=1  train/emb_norm=13.82  train/pred_vs_static=0.0233  train/grad_norm=0.6137  train/lr=0.0002981  train/samples_per_sec=1.533e+04
2026-09-16 07:12:46 [  14140] train/loss=0.136  train/pred_loss=0.01149  train/sigreg_loss=1.385  train/emb_std=1  train/emb_norm=13.83  train/pred_vs_static=0.02317  train/grad_norm=0.6127  train/lr=0.000298  train/samples_per_sec=1.542e+04
2026-09-16 07:12:47 [  14160] train/loss=0.1351  train/pred_loss=0.01164  train/sigreg_loss=1.373  train/emb_std=0.9998  train/emb_norm=13.81  train/pred_vs_static=0.02344  train/grad_norm=0.5921  train/lr=0.000298  train/samples_per_sec=1.549e+04
2026-09-16 07:12:48 [  14180] train/loss=0.1354  train/pred_loss=0.01173  train/sigreg_loss=1.375  train/emb_std=1.001  train/emb_norm=13.82  train/pred_vs_static=0.0237  train/grad_norm=0.6096  train/lr=0.000298  train/samples_per_sec=1.555e+04
2026-09-16 07:12:48 [  14200] train/loss=0.1334  train/pred_loss=0.0115  train/sigreg_loss=1.354  train/emb_std=1  train/emb_norm=13.83  train/pred_vs_static=0.0233  train/grad_norm=0.6129  train/lr=0.000298  train/samples_per_sec=1.559e+04
2026-09-16 07:12:49 [  14220] train/loss=0.134  train/pred_loss=0.01145  train/sigreg_loss=1.361  train/emb_std=1.001  train/emb_norm=13.83  train/pred_vs_static=0.02298  train/grad_norm=0.5994  train/lr=0.000298  train/samples_per_sec=1.563e+04
2026-09-16 07:12:50 [  14240] train/loss=0.1355  train/pred_loss=0.01159  train/sigreg_loss=1.377  train/emb_std=0.9996  train/emb_norm=13.81  train/pred_vs_static=0.02339  train/grad_norm=0.6249  train/lr=0.000298  train/samples_per_sec=1.566e+04
2026-09-16 07:12:50 [  14260] train/loss=0.1341  train/pred_loss=0.01157  train/sigreg_loss=1.362  train/emb_std=1  train/emb_norm=13.81  train/pred_vs_static=0.02343  train/grad_norm=0.6231  train/lr=0.000298  train/samples_per_sec=1.568e+04
2026-09-16 07:12:51 [  14280] train/loss=0.1355  train/pred_loss=0.01154  train/sigreg_loss=1.377  train/emb_std=1  train/emb_norm=13.82  train/pred_vs_static=0.02335  train/grad_norm=0.6245  train/lr=0.000298  train/samples_per_sec=1.57e+04
2026-09-16 07:12:52 [  14300] train/loss=0.1353  train/pred_loss=0.01172  train/sigreg_loss=1.373  train/emb_std=0.9998  train/emb_norm=13.82  train/pred_vs_static=0.02386  train/grad_norm=0.6244  train/lr=0.000298  train/samples_per_sec=1.572e+04
2026-09-16 07:12:52 [  14320] train/loss=0.1371  train/pred_loss=0.01172  train/sigreg_loss=1.393  train/emb_std=0.9996  train/emb_norm=13.82  train/pred_vs_static=0.02365  train/grad_norm=0.6241  train/lr=0.000298  train/samples_per_sec=1.574e+04
2026-09-16 07:12:53 [  14340] train/loss=0.1348  train/pred_loss=0.01147  train/sigreg_loss=1.37  train/emb_std=1  train/emb_norm=13.81  train/pred_vs_static=0.02309  train/grad_norm=0.6198  train/lr=0.000298  train/samples_per_sec=1.575e+04
2026-09-16 07:12:54 [  14360] train/loss=0.1337  train/pred_loss=0.01149  train/sigreg_loss=1.358  train/emb_std=1  train/emb_norm=13.82  train/pred_vs_static=0.02308  train/grad_norm=0.5871  train/lr=0.000298  train/samples_per_sec=1.577e+04
2026-09-16 07:12:54 [  14380] train/loss=0.1343  train/pred_loss=0.01155  train/sigreg_loss=1.364  train/emb_std=0.9998  train/emb_norm=13.81  train/pred_vs_static=0.02362  train/grad_norm=0.6133  train/lr=0.000298  train/samples_per_sec=1.578e+04
2026-09-16 07:12:55 [  14400] train/loss=0.1337  train/pred_loss=0.01143  train/sigreg_loss=1.359  train/emb_std=0.9994  train/emb_norm=13.82  train/pred_vs_static=0.02337  train/grad_norm=0.6119  train/lr=0.0002979  train/samples_per_sec=1.579e+04
2026-09-16 07:12:55 [  14420] train/loss=0.1339  train/pred_loss=0.01129  train/sigreg_loss=1.362  train/emb_std=0.9994  train/emb_norm=13.81  train/pred_vs_static=0.02299  train/grad_norm=0.5979  train/lr=0.0002979  train/samples_per_sec=1.58e+04
2026-09-16 07:12:56 [  14440] train/loss=0.1341  train/pred_loss=0.0114  train/sigreg_loss=1.363  train/emb_std=0.9994  train/emb_norm=13.82  train/pred_vs_static=0.02315  train/grad_norm=0.5955  train/lr=0.0002979  train/samples_per_sec=1.58e+04
2026-09-16 07:12:57 [  14460] train/loss=0.1333  train/pred_loss=0.0114  train/sigreg_loss=1.355  train/emb_std=0.9992  train/emb_norm=13.81  train/pred_vs_static=0.02292  train/grad_norm=0.5946  train/lr=0.0002979  train/samples_per_sec=1.581e+04
2026-09-16 07:12:57 [  14480] train/loss=0.1335  train/pred_loss=0.01141  train/sigreg_loss=1.356  train/emb_std=0.9998  train/emb_norm=13.82  train/pred_vs_static=0.02307  train/grad_norm=0.5812  train/lr=0.0002979  train/samples_per_sec=1.582e+04
2026-09-16 07:12:58 [  14500] train/loss=0.1347  train/pred_loss=0.01141  train/sigreg_loss=1.37  train/emb_std=1  train/emb_norm=13.82  train/pred_vs_static=0.02327  train/grad_norm=0.5903  train/lr=0.0002979  train/samples_per_sec=1.582e+04
2026-09-16 07:12:59 [  14520] train/loss=0.1336  train/pred_loss=0.01148  train/sigreg_loss=1.357  train/emb_std=0.9994  train/emb_norm=13.82  train/pred_vs_static=0.02322  train/grad_norm=0.6093  train/lr=0.0002979  train/samples_per_sec=1.583e+04
2026-09-16 07:12:59 [  14540] train/loss=0.134  train/pred_loss=0.01141  train/sigreg_loss=1.363  train/emb_std=0.9996  train/emb_norm=13.82  train/pred_vs_static=0.02326  train/grad_norm=0.6012  train/lr=0.0002979  train/samples_per_sec=1.583e+04
2026-09-16 07:13:00 [  14560] train/loss=0.1321  train/pred_loss=0.01134  train/sigreg_loss=1.342  train/emb_std=0.9998  train/emb_norm=13.82  train/pred_vs_static=0.02321  train/grad_norm=0.5967  train/lr=0.0002979  train/samples_per_sec=1.584e+04
2026-09-16 07:13:01 [  14580] train/loss=0.133  train/pred_loss=0.01139  train/sigreg_loss=1.35  train/emb_std=0.9998  train/emb_norm=13.81  train/pred_vs_static=0.02332  train/grad_norm=0.6051  train/lr=0.0002979  train/samples_per_sec=1.584e+04
2026-09-16 07:13:01 [  14600] train/loss=0.1338  train/pred_loss=0.01128  train/sigreg_loss=1.361  train/emb_std=0.999  train/emb_norm=13.81  train/pred_vs_static=0.02326  train/grad_norm=0.5824  train/lr=0.0002979  train/samples_per_sec=1.585e+04
2026-09-16 07:13:02 [  14620] train/loss=0.1344  train/pred_loss=0.01151  train/sigreg_loss=1.366  train/emb_std=1  train/emb_norm=13.82  train/pred_vs_static=0.0237  train/grad_norm=0.6028  train/lr=0.0002979  train/samples_per_sec=1.585e+04
2026-09-16 07:13:03 [  14640] train/loss=0.1326  train/pred_loss=0.01131  train/sigreg_loss=1.347  train/emb_std=0.9998  train/emb_norm=13.82  train/pred_vs_static=0.02324  train/grad_norm=0.6031  train/lr=0.0002978  train/samples_per_sec=1.586e+04
2026-09-16 07:13:03 [  14660] train/loss=0.1327  train/pred_loss=0.01126  train/sigreg_loss=1.35  train/emb_std=0.9992  train/emb_norm=13.81  train/pred_vs_static=0.02301  train/grad_norm=0.6137  train/lr=0.0002978  train/samples_per_sec=1.586e+04
2026-09-16 07:13:04 [  14680] train/loss=0.1345  train/pred_loss=0.01153  train/sigreg_loss=1.366  train/emb_std=1.001  train/emb_norm=13.82  train/pred_vs_static=0.02348  train/grad_norm=0.6137  train/lr=0.0002978  train/samples_per_sec=1.587e+04
2026-09-16 07:13:04 [  14700] train/loss=0.1346  train/pred_loss=0.01153  train/sigreg_loss=1.368  train/emb_std=1.001  train/emb_norm=13.83  train/pred_vs_static=0.02356  train/grad_norm=0.5959  train/lr=0.0002978  train/samples_per_sec=1.587e+04
2026-09-16 07:13:05 [  14720] train/loss=0.134  train/pred_loss=0.01127  train/sigreg_loss=1.363  train/emb_std=0.9998  train/emb_norm=13.81  train/pred_vs_static=0.02307  train/grad_norm=0.5995  train/lr=0.0002978  train/samples_per_sec=1.587e+04
2026-09-16 07:13:06 [  14740] train/loss=0.1339  train/pred_loss=0.01129  train/sigreg_loss=1.362  train/emb_std=1  train/emb_norm=13.83  train/pred_vs_static=0.02293  train/grad_norm=0.6031  train/lr=0.0002978  train/samples_per_sec=1.588e+04
2026-09-16 07:13:06 [  14760] train/loss=0.1316  train/pred_loss=0.01126  train/sigreg_loss=1.337  train/emb_std=1  train/emb_norm=13.82  train/pred_vs_static=0.02276  train/grad_norm=0.5936  train/lr=0.0002978  train/samples_per_sec=1.588e+04
2026-09-16 07:13:07 [  14780] train/loss=0.133  train/pred_loss=0.01143  train/sigreg_loss=1.351  train/emb_std=0.9992  train/emb_norm=13.81  train/pred_vs_static=0.02336  train/grad_norm=0.6025  train/lr=0.0002978  train/samples_per_sec=1.588e+04
2026-09-16 07:13:08 [  14800] train/loss=0.1331  train/pred_loss=0.01136  train/sigreg_loss=1.353  train/emb_std=0.9996  train/emb_norm=13.82  train/pred_vs_static=0.0232  train/grad_norm=0.6188  train/lr=0.0002978  train/samples_per_sec=1.588e+04
2026-09-16 07:13:08 [  14820] train/loss=0.1334  train/pred_loss=0.01158  train/sigreg_loss=1.352  train/emb_std=0.9994  train/emb_norm=13.81  train/pred_vs_static=0.02373  train/grad_norm=0.6064  train/lr=0.0002978  train/samples_per_sec=1.589e+04
2026-09-16 07:13:09 [  14840] train/loss=0.135  train/pred_loss=0.01151  train/sigreg_loss=1.371  train/emb_std=1  train/emb_norm=13.83  train/pred_vs_static=0.02352  train/grad_norm=0.6268  train/lr=0.0002978  train/samples_per_sec=1.589e+04
2026-09-16 07:13:10 [  14860] train/loss=0.1336  train/pred_loss=0.0114  train/sigreg_loss=1.358  train/emb_std=1  train/emb_norm=13.82  train/pred_vs_static=0.02308  train/grad_norm=0.6083  train/lr=0.0002978  train/samples_per_sec=1.589e+04
2026-09-16 07:13:10 [  14880] train/loss=0.1351  train/pred_loss=0.01152  train/sigreg_loss=1.374  train/emb_std=0.9996  train/emb_norm=13.82  train/pred_vs_static=0.02388  train/grad_norm=0.6297  train/lr=0.0002978  train/samples_per_sec=1.589e+04
2026-09-16 07:13:11 [  14900] train/loss=0.1347  train/pred_loss=0.0115  train/sigreg_loss=1.369  train/emb_std=0.9998  train/emb_norm=13.82  train/pred_vs_static=0.0238  train/grad_norm=0.6412  train/lr=0.0002977  train/samples_per_sec=1.589e+04
2026-09-16 07:13:11 [  14920] train/loss=0.1337  train/pred_loss=0.01144  train/sigreg_loss=1.359  train/emb_std=1  train/emb_norm=13.83  train/pred_vs_static=0.02349  train/grad_norm=0.6234  train/lr=0.0002977  train/samples_per_sec=1.589e+04
2026-09-16 07:13:12 [  14940] train/loss=0.1338  train/pred_loss=0.01139  train/sigreg_loss=1.36  train/emb_std=1  train/emb_norm=13.81  train/pred_vs_static=0.02331  train/grad_norm=0.593  train/lr=0.0002977  train/samples_per_sec=1.589e+04
2026-09-16 07:13:13 [  14960] train/loss=0.1323  train/pred_loss=0.01137  train/sigreg_loss=1.344  train/emb_std=1.001  train/emb_norm=13.82  train/pred_vs_static=0.02317  train/grad_norm=0.5945  train/lr=0.0002977  train/samples_per_sec=1.589e+04
2026-09-16 07:13:13 [  14980] train/loss=0.1342  train/pred_loss=0.01136  train/sigreg_loss=1.365  train/emb_std=0.9992  train/emb_norm=13.81  train/pred_vs_static=0.0233  train/grad_norm=0.6106  train/lr=0.0002977  train/samples_per_sec=1.589e+04
2026-09-16 07:13:14 [  15000] train/loss=0.1343  train/pred_loss=0.01136  train/sigreg_loss=1.366  train/emb_std=0.9998  train/emb_norm=13.82  train/pred_vs_static=0.02326  train/grad_norm=0.6216  train/lr=0.0002977  train/samples_per_sec=1.589e+04
2026-09-16 07:13:15 [  15020] train/loss=0.1328  train/pred_loss=0.01136  train/sigreg_loss=1.349  train/emb_std=0.9994  train/emb_norm=13.81  train/pred_vs_static=0.02308  train/grad_norm=0.5975  train/lr=0.0002977  train/samples_per_sec=1.589e+04
2026-09-16 07:13:15 [  15040] train/loss=0.1312  train/pred_loss=0.01134  train/sigreg_loss=1.332  train/emb_std=0.9994  train/emb_norm=13.81  train/pred_vs_static=0.02319  train/grad_norm=0.5973  train/lr=0.0002977  train/samples_per_sec=1.589e+04
2026-09-16 07:13:16 [  15060] train/loss=0.1331  train/pred_loss=0.01136  train/sigreg_loss=1.353  train/emb_std=0.9998  train/emb_norm=13.82  train/pred_vs_static=0.02329  train/grad_norm=0.6108  train/lr=0.0002977  train/samples_per_sec=1.589e+04
2026-09-16 07:13:17 [  15080] train/loss=0.1324  train/pred_loss=0.01137  train/sigreg_loss=1.345  train/emb_std=0.9996  train/emb_norm=13.82  train/pred_vs_static=0.02336  train/grad_norm=0.5963  train/lr=0.0002977  train/samples_per_sec=1.589e+04
2026-09-16 07:13:17 [  15100] train/loss=0.1331  train/pred_loss=0.01136  train/sigreg_loss=1.353  train/emb_std=0.9998  train/emb_norm=13.81  train/pred_vs_static=0.02333  train/grad_norm=0.6096  train/lr=0.0002977  train/samples_per_sec=1.589e+04
2026-09-16 07:13:18 [  15120] train/loss=0.1325  train/pred_loss=0.01115  train/sigreg_loss=1.348  train/emb_std=0.9996  train/emb_norm=13.8  train/pred_vs_static=0.02292  train/grad_norm=0.6113  train/lr=0.0002977  train/samples_per_sec=1.589e+04
2026-09-16 07:13:19 [  15140] train/loss=0.1347  train/pred_loss=0.01139  train/sigreg_loss=1.37  train/emb_std=0.9994  train/emb_norm=13.81  train/pred_vs_static=0.02348  train/grad_norm=0.6217  train/lr=0.0002976  train/samples_per_sec=1.59e+04
2026-09-16 07:13:19 [  15160] train/loss=0.1321  train/pred_loss=0.01134  train/sigreg_loss=1.342  train/emb_std=1  train/emb_norm=13.82  train/pred_vs_static=0.02329  train/grad_norm=0.6124  train/lr=0.0002976  train/samples_per_sec=1.59e+04
2026-09-16 07:13:20 [  15180] train/loss=0.1321  train/pred_loss=0.01126  train/sigreg_loss=1.343  train/emb_std=0.9996  train/emb_norm=13.82  train/pred_vs_static=0.02278  train/grad_norm=0.5902  train/lr=0.0002976  train/samples_per_sec=1.59e+04
2026-09-16 07:13:20 [  15200] train/loss=0.133  train/pred_loss=0.0112  train/sigreg_loss=1.352  train/emb_std=1  train/emb_norm=13.81  train/pred_vs_static=0.02294  train/grad_norm=0.6283  train/lr=0.0002976  train/samples_per_sec=1.59e+04
2026-09-16 07:13:21 [  15220] train/loss=0.1315  train/pred_loss=0.01119  train/sigreg_loss=1.337  train/emb_std=0.9998  train/emb_norm=13.81  train/pred_vs_static=0.02297  train/grad_norm=0.6068  train/lr=0.0002976  train/samples_per_sec=1.59e+04
2026-09-16 07:13:22 [  15240] train/loss=0.1334  train/pred_loss=0.0112  train/sigreg_loss=1.358  train/emb_std=0.9996  train/emb_norm=13.82  train/pred_vs_static=0.02295  train/grad_norm=0.6027  train/lr=0.0002976  train/samples_per_sec=1.59e+04
2026-09-16 07:13:22 [  15260] train/loss=0.1316  train/pred_loss=0.01109  train/sigreg_loss=1.339  train/emb_std=0.9994  train/emb_norm=13.81  train/pred_vs_static=0.02293  train/grad_norm=0.5867  train/lr=0.0002976  train/samples_per_sec=1.59e+04
2026-09-16 07:13:23 [  15280] train/loss=0.13  train/pred_loss=0.011  train/sigreg_loss=1.322  train/emb_std=0.9998  train/emb_norm=13.81  train/pred_vs_static=0.02276  train/grad_norm=0.5775  train/lr=0.0002976  train/samples_per_sec=1.591e+04
2026-09-16 07:13:24 [  15300] train/loss=0.1309  train/pred_loss=0.01117  train/sigreg_loss=1.33  train/emb_std=0.9994  train/emb_norm=13.81  train/pred_vs_static=0.02292  train/grad_norm=0.5923  train/lr=0.0002976  train/samples_per_sec=1.591e+04
2026-09-16 07:13:24 [  15320] train/loss=0.1311  train/pred_loss=0.01117  train/sigreg_loss=1.332  train/emb_std=0.9994  train/emb_norm=13.82  train/pred_vs_static=0.02297  train/grad_norm=0.5905  train/lr=0.0002976  train/samples_per_sec=1.591e+04
2026-09-16 07:13:25 [  15340] train/loss=0.132  train/pred_loss=0.01109  train/sigreg_loss=1.344  train/emb_std=0.9996  train/emb_norm=13.82  train/pred_vs_static=0.02288  train/grad_norm=0.5982  train/lr=0.0002976  train/samples_per_sec=1.591e+04
2026-09-16 07:13:26 [  15360] train/loss=0.1329  train/pred_loss=0.01096  train/sigreg_loss=1.355  train/emb_std=0.9998  train/emb_norm=13.81  train/pred_vs_static=0.0224  train/grad_norm=0.6211  train/lr=0.0002975  train/samples_per_sec=1.591e+04
2026-09-16 07:13:26 [  15380] train/loss=0.1316  train/pred_loss=0.01111  train/sigreg_loss=1.339  train/emb_std=1  train/emb_norm=13.82  train/pred_vs_static=0.02277  train/grad_norm=0.6014  train/lr=0.0002975  train/samples_per_sec=1.591e+04
2026-09-16 07:13:27 [  15400] train/loss=0.1315  train/pred_loss=0.01116  train/sigreg_loss=1.337  train/emb_std=0.9994  train/emb_norm=13.81  train/pred_vs_static=0.02319  train/grad_norm=0.592  train/lr=0.0002975  train/samples_per_sec=1.591e+04
2026-09-16 07:13:28 [  15420] train/loss=0.1325  train/pred_loss=0.01127  train/sigreg_loss=1.347  train/emb_std=1  train/emb_norm=13.82  train/pred_vs_static=0.02326  train/grad_norm=0.6193  train/lr=0.0002975  train/samples_per_sec=1.591e+04
2026-09-16 07:13:28 [  15440] train/loss=0.1303  train/pred_loss=0.01118  train/sigreg_loss=1.324  train/emb_std=1  train/emb_norm=13.82  train/pred_vs_static=0.02303  train/grad_norm=0.6007  train/lr=0.0002975  train/samples_per_sec=1.591e+04
2026-09-16 07:13:29 [  15460] train/loss=0.1325  train/pred_loss=0.01125  train/sigreg_loss=1.347  train/emb_std=0.9998  train/emb_norm=13.81  train/pred_vs_static=0.0231  train/grad_norm=0.5953  train/lr=0.0002975  train/samples_per_sec=1.591e+04
2026-09-16 07:13:29 [  15480] train/loss=0.1311  train/pred_loss=0.01112  train/sigreg_loss=1.332  train/emb_std=0.9994  train/emb_norm=13.82  train/pred_vs_static=0.02293  train/grad_norm=0.5889  train/lr=0.0002975  train/samples_per_sec=1.591e+04
2026-09-16 07:13:30 [  15500] train/loss=0.1319  train/pred_loss=0.01121  train/sigreg_loss=1.341  train/emb_std=0.9998  train/emb_norm=13.82  train/pred_vs_static=0.02324  train/grad_norm=0.6164  train/lr=0.0002975  train/samples_per_sec=1.592e+04
2026-09-16 07:13:31 [  15520] train/loss=0.1315  train/pred_loss=0.01114  train/sigreg_loss=1.337  train/emb_std=0.9998  train/emb_norm=13.81  train/pred_vs_static=0.02316  train/grad_norm=0.5956  train/lr=0.0002975  train/samples_per_sec=1.592e+04
2026-09-16 07:13:31 [  15540] train/loss=0.1316  train/pred_loss=0.01113  train/sigreg_loss=1.338  train/emb_std=1.001  train/emb_norm=13.83  train/pred_vs_static=0.02301  train/grad_norm=0.6141  train/lr=0.0002975  train/samples_per_sec=1.592e+04
2026-09-16 07:13:32 [  15560] train/loss=0.1312  train/pred_loss=0.01093  train/sigreg_loss=1.336  train/emb_std=1  train/emb_norm=13.82  train/pred_vs_static=0.02252  train/grad_norm=0.5825  train/lr=0.0002975  train/samples_per_sec=1.592e+04
2026-09-16 07:13:33 [  15580] train/loss=0.1322  train/pred_loss=0.01114  train/sigreg_loss=1.345  train/emb_std=0.9994  train/emb_norm=13.82  train/pred_vs_static=0.02306  train/grad_norm=0.6115  train/lr=0.0002975  train/samples_per_sec=1.592e+04
2026-09-16 07:13:33 [  15600] train/loss=0.1317  train/pred_loss=0.01103  train/sigreg_loss=1.341  train/emb_std=0.9992  train/emb_norm=13.8  train/pred_vs_static=0.02303  train/grad_norm=0.595  train/lr=0.0002974  train/samples_per_sec=1.592e+04
2026-09-16 07:13:34 [  15620] train/loss=0.1307  train/pred_loss=0.01102  train/sigreg_loss=1.33  train/emb_std=1  train/emb_norm=13.83  train/pred_vs_static=0.02287  train/grad_norm=0.5858  train/lr=0.0002974  train/samples_per_sec=1.592e+04
2026-09-16 07:13:35 [  15640] train/loss=0.1304  train/pred_loss=0.01096  train/sigreg_loss=1.328  train/emb_std=0.9994  train/emb_norm=13.81  train/pred_vs_static=0.02294  train/grad_norm=0.5901  train/lr=0.0002974  train/samples_per_sec=1.592e+04
2026-09-16 07:13:35 [  15660] train/loss=0.1309  train/pred_loss=0.01097  train/sigreg_loss=1.332  train/emb_std=0.9994  train/emb_norm=13.81  train/pred_vs_static=0.02277  train/grad_norm=0.5697  train/lr=0.0002974  train/samples_per_sec=1.592e+04
2026-09-16 07:13:36 [  15680] train/loss=0.1288  train/pred_loss=0.01069  train/sigreg_loss=1.312  train/emb_std=0.9994  train/emb_norm=13.81  train/pred_vs_static=0.02226  train/grad_norm=0.5563  train/lr=0.0002974  train/samples_per_sec=1.592e+04
2026-09-16 07:13:37 [  15700] train/loss=0.1305  train/pred_loss=0.01098  train/sigreg_loss=1.327  train/emb_std=1.001  train/emb_norm=13.82  train/pred_vs_static=0.02264  train/grad_norm=0.5633  train/lr=0.0002974  train/samples_per_sec=1.592e+04
2026-09-16 07:13:37 [  15720] train/loss=0.1295  train/pred_loss=0.0108  train/sigreg_loss=1.32  train/emb_std=0.9996  train/emb_norm=13.81  train/pred_vs_static=0.02263  train/grad_norm=0.5639  train/lr=0.0002974  train/samples_per_sec=1.592e+04
2026-09-16 07:13:38 [  15740] train/loss=0.13  train/pred_loss=0.01101  train/sigreg_loss=1.323  train/emb_std=0.9998  train/emb_norm=13.81  train/pred_vs_static=0.02277  train/grad_norm=0.568  train/lr=0.0002974  train/samples_per_sec=1.592e+04
2026-09-16 07:13:38 [  15760] train/loss=0.1287  train/pred_loss=0.01084  train/sigreg_loss=1.309  train/emb_std=0.9996  train/emb_norm=13.82  train/pred_vs_static=0.02246  train/grad_norm=0.5615  train/lr=0.0002974  train/samples_per_sec=1.592e+04
2026-09-16 07:13:39 [  15780] train/loss=0.13  train/pred_loss=0.01101  train/sigreg_loss=1.323  train/emb_std=0.9996  train/emb_norm=13.82  train/pred_vs_static=0.02291  train/grad_norm=0.5913  train/lr=0.0002974  train/samples_per_sec=1.592e+04
2026-09-16 07:13:40 [  15800] train/loss=0.1298  train/pred_loss=0.01092  train/sigreg_loss=1.321  train/emb_std=0.9996  train/emb_norm=13.81  train/pred_vs_static=0.02279  train/grad_norm=0.596  train/lr=0.0002974  train/samples_per_sec=1.592e+04
2026-09-16 07:13:40 [  15820] train/loss=0.1314  train/pred_loss=0.01091  train/sigreg_loss=1.34  train/emb_std=0.9996  train/emb_norm=13.82  train/pred_vs_static=0.02257  train/grad_norm=0.5969  train/lr=0.0002973  train/samples_per_sec=1.593e+04
2026-09-16 07:13:41 [  15840] train/loss=0.13  train/pred_loss=0.01081  train/sigreg_loss=1.324  train/emb_std=0.9996  train/emb_norm=13.82  train/pred_vs_static=0.02239  train/grad_norm=0.5768  train/lr=0.0002973  train/samples_per_sec=1.593e+04
2026-09-16 07:13:42 [  15860] train/loss=0.132  train/pred_loss=0.01109  train/sigreg_loss=1.343  train/emb_std=0.9986  train/emb_norm=13.81  train/pred_vs_static=0.02292  train/grad_norm=0.6104  train/lr=0.0002973  train/samples_per_sec=1.593e+04
2026-09-16 07:13:42 [  15880] train/loss=0.1301  train/pred_loss=0.01112  train/sigreg_loss=1.322  train/emb_std=1.001  train/emb_norm=13.83  train/pred_vs_static=0.02299  train/grad_norm=0.5935  train/lr=0.0002973  train/samples_per_sec=1.593e+04
2026-09-16 07:13:43 [  15900] train/loss=0.1311  train/pred_loss=0.01083  train/sigreg_loss=1.337  train/emb_std=0.9996  train/emb_norm=13.82  train/pred_vs_static=0.02263  train/grad_norm=0.5842  train/lr=0.0002973  train/samples_per_sec=1.593e+04
2026-09-16 07:13:44 [  15920] train/loss=0.1297  train/pred_loss=0.01083  train/sigreg_loss=1.321  train/emb_std=1  train/emb_norm=13.82  train/pred_vs_static=0.02253  train/grad_norm=0.5631  train/lr=0.0002973  train/samples_per_sec=1.593e+04
2026-09-16 07:13:44 [  15940] train/loss=0.1299  train/pred_loss=0.01095  train/sigreg_loss=1.322  train/emb_std=0.9992  train/emb_norm=13.81  train/pred_vs_static=0.02256  train/grad_norm=0.5711  train/lr=0.0002973  train/samples_per_sec=1.593e+04
2026-09-16 07:13:45 [  15960] train/loss=0.1313  train/pred_loss=0.01108  train/sigreg_loss=1.336  train/emb_std=0.9998  train/emb_norm=13.82  train/pred_vs_static=0.0228  train/grad_norm=0.5907  train/lr=0.0002973  train/samples_per_sec=1.593e+04
2026-09-16 07:13:45 [  15980] train/loss=0.131  train/pred_loss=0.01112  train/sigreg_loss=1.332  train/emb_std=1  train/emb_norm=13.82  train/pred_vs_static=0.02305  train/grad_norm=0.5982  train/lr=0.0002973  train/samples_per_sec=1.593e+04
2026-09-16 07:13:46 [  16000] train/loss=0.1309  train/pred_loss=0.01107  train/sigreg_loss=1.332  train/emb_std=0.9998  train/emb_norm=13.81  train/pred_vs_static=0.02308  train/grad_norm=0.6194  train/lr=0.0002973  train/samples_per_sec=1.593e+04
2026-09-16 07:13:46 [  16000] train_epoch/loss=0.1328  train_epoch/pred_loss=0.01128  train_epoch/sigreg_loss=1.35  train_epoch/emb_std=0.9998  train_epoch/emb_norm=13.82  train_epoch/pred_vs_static=0.02312  train_epoch/grad_norm=0.6014  train_epoch/lr=0.0002977  train_epoch/epoch=7
2026-09-16 07:13:47 [  16000] val/loss=1.007  val/pred_loss=0.008824  val/sigreg_loss=11.09  val/emb_std=0.9876  val/emb_norm=13.89  val/pred_vs_static=0.0188  val/epoch=7
2026-09-16 07:13:47 epoch   7 | val pred_vs_static 0.01880 | best 0.01880 @ epoch 7 | saved epoch_007.pt
2026-09-16 07:13:47 [  16020] train/loss=0.1314  train/pred_loss=0.01127  train/sigreg_loss=1.335  train/emb_std=0.9994  train/emb_norm=13.81  train/pred_vs_static=0.02349  train/grad_norm=0.6022  train/lr=0.0002973  train/samples_per_sec=1.277e+04
2026-09-16 07:13:48 [  16040] train/loss=0.1316  train/pred_loss=0.01114  train/sigreg_loss=1.339  train/emb_std=0.9996  train/emb_norm=13.81  train/pred_vs_static=0.02335  train/grad_norm=0.5996  train/lr=0.0002972  train/samples_per_sec=1.417e+04
2026-09-16 07:13:49 [  16060] train/loss=0.129  train/pred_loss=0.01093  train/sigreg_loss=1.312  train/emb_std=1  train/emb_norm=13.82  train/pred_vs_static=0.02282  train/grad_norm=0.5912  train/lr=0.0002972  train/samples_per_sec=1.47e+04
2026-09-16 07:13:49 [  16080] train/loss=0.1288  train/pred_loss=0.01076  train/sigreg_loss=1.312  train/emb_std=1  train/emb_norm=13.82  train/pred_vs_static=0.02231  train/grad_norm=0.5683  train/lr=0.0002972  train/samples_per_sec=1.5e+04
2026-09-16 07:13:50 [  16100] train/loss=0.1298  train/pred_loss=0.01084  train/sigreg_loss=1.321  train/emb_std=0.9998  train/emb_norm=13.82  train/pred_vs_static=0.02241  train/grad_norm=0.5629  train/lr=0.0002972  train/samples_per_sec=1.517e+04
2026-09-16 07:13:51 [  16120] train/loss=0.1295  train/pred_loss=0.01114  train/sigreg_loss=1.315  train/emb_std=1  train/emb_norm=13.81  train/pred_vs_static=0.02318  train/grad_norm=0.5747  train/lr=0.0002972  train/samples_per_sec=1.529e+04
2026-09-16 07:13:51 [  16140] train/loss=0.1293  train/pred_loss=0.01087  train/sigreg_loss=1.316  train/emb_std=1  train/emb_norm=13.82  train/pred_vs_static=0.02272  train/grad_norm=0.5793  train/lr=0.0002972  train/samples_per_sec=1.538e+04
2026-09-16 07:13:52 [  16160] train/loss=0.128  train/pred_loss=0.01076  train/sigreg_loss=1.303  train/emb_std=0.9992  train/emb_norm=13.81  train/pred_vs_static=0.0224  train/grad_norm=0.575  train/lr=0.0002972  train/samples_per_sec=1.545e+04
2026-09-16 07:13:53 [  16180] train/loss=0.1309  train/pred_loss=0.01101  train/sigreg_loss=1.332  train/emb_std=0.9998  train/emb_norm=13.81  train/pred_vs_static=0.02284  train/grad_norm=0.5673  train/lr=0.0002972  train/samples_per_sec=1.551e+04
2026-09-16 07:13:53 [  16200] train/loss=0.1286  train/pred_loss=0.01078  train/sigreg_loss=1.31  train/emb_std=1  train/emb_norm=13.82  train/pred_vs_static=0.0226  train/grad_norm=0.5771  train/lr=0.0002972  train/samples_per_sec=1.555e+04
2026-09-16 07:13:54 [  16220] train/loss=0.1298  train/pred_loss=0.01087  train/sigreg_loss=1.322  train/emb_std=0.9992  train/emb_norm=13.81  train/pred_vs_static=0.02265  train/grad_norm=0.5865  train/lr=0.0002972  train/samples_per_sec=1.558e+04
2026-09-16 07:13:55 [  16240] train/loss=0.1306  train/pred_loss=0.01098  train/sigreg_loss=1.328  train/emb_std=0.999  train/emb_norm=13.81  train/pred_vs_static=0.02292  train/grad_norm=0.6054  train/lr=0.0002972  train/samples_per_sec=1.562e+04
2026-09-16 07:13:55 [  16260] train/loss=0.1301  train/pred_loss=0.01107  train/sigreg_loss=1.323  train/emb_std=1  train/emb_norm=13.82  train/pred_vs_static=0.02317  train/grad_norm=0.5882  train/lr=0.0002971  train/samples_per_sec=1.564e+04
2026-09-16 07:13:56 [  16280] train/loss=0.1304  train/pred_loss=0.01086  train/sigreg_loss=1.329  train/emb_std=1.001  train/emb_norm=13.83  train/pred_vs_static=0.02272  train/grad_norm=0.598  train/lr=0.0002971  train/samples_per_sec=1.566e+04
2026-09-16 07:13:56 [  16300] train/loss=0.1316  train/pred_loss=0.01108  train/sigreg_loss=1.338  train/emb_std=1.001  train/emb_norm=13.82  train/pred_vs_static=0.02298  train/grad_norm=0.6044  train/lr=0.0002971  train/samples_per_sec=1.569e+04
2026-09-16 07:13:57 [  16320] train/loss=0.1309  train/pred_loss=0.01095  train/sigreg_loss=1.333  train/emb_std=0.9998  train/emb_norm=13.82  train/pred_vs_static=0.02284  train/grad_norm=0.5868  train/lr=0.0002971  train/samples_per_sec=1.57e+04
2026-09-16 07:13:58 [  16340] train/loss=0.1298  train/pred_loss=0.01088  train/sigreg_loss=1.321  train/emb_std=1  train/emb_norm=13.82  train/pred_vs_static=0.02265  train/grad_norm=0.589  train/lr=0.0002971  train/samples_per_sec=1.572e+04
2026-09-16 07:13:58 [  16360] train/loss=0.1293  train/pred_loss=0.01059  train/sigreg_loss=1.319  train/emb_std=0.9994  train/emb_norm=13.81  train/pred_vs_static=0.02232  train/grad_norm=0.6033  train/lr=0.0002971  train/samples_per_sec=1.573e+04
2026-09-16 07:13:59 [  16380] train/loss=0.1289  train/pred_loss=0.01076  train/sigreg_loss=1.312  train/emb_std=0.999  train/emb_norm=13.81  train/pred_vs_static=0.02256  train/grad_norm=0.585  train/lr=0.0002971  train/samples_per_sec=1.574e+04
2026-09-16 07:14:00 [  16400] train/loss=0.1293  train/pred_loss=0.01079  train/sigreg_loss=1.317  train/emb_std=0.9994  train/emb_norm=13.82  train/pred_vs_static=0.02247  train/grad_norm=0.5819  train/lr=0.0002971  train/samples_per_sec=1.576e+04
2026-09-16 07:14:00 [  16420] train/loss=0.1292  train/pred_loss=0.01081  train/sigreg_loss=1.316  train/emb_std=0.999  train/emb_norm=13.81  train/pred_vs_static=0.02264  train/grad_norm=0.5767  train/lr=0.0002971  train/samples_per_sec=1.577e+04
2026-09-16 07:14:01 [  16440] train/loss=0.129  train/pred_loss=0.01082  train/sigreg_loss=1.312  train/emb_std=1  train/emb_norm=13.82  train/pred_vs_static=0.02253  train/grad_norm=0.5794  train/lr=0.0002971  train/samples_per_sec=1.577e+04
2026-09-16 07:14:02 [  16460] train/loss=0.1281  train/pred_loss=0.01062  train/sigreg_loss=1.306  train/emb_std=0.9998  train/emb_norm=13.81  train/pred_vs_static=0.02224  train/grad_norm=0.576  train/lr=0.0002971  train/samples_per_sec=1.578e+04
2026-09-16 07:14:02 [  16480] train/loss=0.1301  train/pred_loss=0.01072  train/sigreg_loss=1.326  train/emb_std=0.9994  train/emb_norm=13.82  train/pred_vs_static=0.02242  train/grad_norm=0.6033  train/lr=0.000297  train/samples_per_sec=1.579e+04
2026-09-16 07:14:03 [  16500] train/loss=0.1287  train/pred_loss=0.01056  train/sigreg_loss=1.313  train/emb_std=0.9994  train/emb_norm=13.82  train/pred_vs_static=0.02212  train/grad_norm=0.5986  train/lr=0.000297  train/samples_per_sec=1.58e+04
2026-09-16 07:14:04 [  16520] train/loss=0.1274  train/pred_loss=0.01079  train/sigreg_loss=1.295  train/emb_std=0.9992  train/emb_norm=13.81  train/pred_vs_static=0.02253  train/grad_norm=0.5687  train/lr=0.000297  train/samples_per_sec=1.58e+04
2026-09-16 07:14:04 [  16540] train/loss=0.1293  train/pred_loss=0.01074  train/sigreg_loss=1.318  train/emb_std=0.9994  train/emb_norm=13.81  train/pred_vs_static=0.02242  train/grad_norm=0.5712  train/lr=0.000297  train/samples_per_sec=1.581e+04
2026-09-16 07:14:05 [  16560] train/loss=0.1293  train/pred_loss=0.01064  train/sigreg_loss=1.318  train/emb_std=0.999  train/emb_norm=13.81  train/pred_vs_static=0.02217  train/grad_norm=0.5673  train/lr=0.000297  train/samples_per_sec=1.582e+04
2026-09-16 07:14:05 [  16580] train/loss=0.129  train/pred_loss=0.01074  train/sigreg_loss=1.314  train/emb_std=0.9994  train/emb_norm=13.81  train/pred_vs_static=0.02255  train/grad_norm=0.5748  train/lr=0.000297  train/samples_per_sec=1.582e+04
2026-09-16 07:14:06 [  16600] train/loss=0.1281  train/pred_loss=0.01084  train/sigreg_loss=1.304  train/emb_std=1  train/emb_norm=13.81  train/pred_vs_static=0.02267  train/grad_norm=0.5746  train/lr=0.000297  train/samples_per_sec=1.583e+04
2026-09-16 07:14:07 [  16620] train/loss=0.1291  train/pred_loss=0.01073  train/sigreg_loss=1.315  train/emb_std=1  train/emb_norm=13.82  train/pred_vs_static=0.02247  train/grad_norm=0.5702  train/lr=0.000297  train/samples_per_sec=1.583e+04
2026-09-16 07:14:07 [  16640] train/loss=0.1289  train/pred_loss=0.01065  train/sigreg_loss=1.314  train/emb_std=0.9992  train/emb_norm=13.8  train/pred_vs_static=0.02245  train/grad_norm=0.5692  train/lr=0.000297  train/samples_per_sec=1.584e+04
2026-09-16 07:14:08 [  16660] train/loss=0.1289  train/pred_loss=0.01061  train/sigreg_loss=1.314  train/emb_std=1  train/emb_norm=13.83  train/pred_vs_static=0.02236  train/grad_norm=0.5754  train/lr=0.000297  train/samples_per_sec=1.584e+04
2026-09-16 07:14:09 [  16680] train/loss=0.128  train/pred_loss=0.01059  train/sigreg_loss=1.305  train/emb_std=0.9998  train/emb_norm=13.82  train/pred_vs_static=0.02236  train/grad_norm=0.5679  train/lr=0.0002969  train/samples_per_sec=1.584e+04
2026-09-16 07:14:09 [  16700] train/loss=0.1287  train/pred_loss=0.01073  train/sigreg_loss=1.311  train/emb_std=0.9994  train/emb_norm=13.82  train/pred_vs_static=0.02246  train/grad_norm=0.5611  train/lr=0.0002969  train/samples_per_sec=1.585e+04
2026-09-16 07:14:10 [  16720] train/loss=0.1275  train/pred_loss=0.01055  train/sigreg_loss=1.3  train/emb_std=0.9988  train/emb_norm=13.8  train/pred_vs_static=0.0223  train/grad_norm=0.5598  train/lr=0.0002969  train/samples_per_sec=1.585e+04
2026-09-16 07:14:11 [  16740] train/loss=0.1284  train/pred_loss=0.01062  train/sigreg_loss=1.309  train/emb_std=0.9996  train/emb_norm=13.81  train/pred_vs_static=0.02227  train/grad_norm=0.5633  train/lr=0.0002969  train/samples_per_sec=1.586e+04
2026-09-16 07:14:11 [  16760] train/loss=0.1288  train/pred_loss=0.01058  train/sigreg_loss=1.314  train/emb_std=0.9996  train/emb_norm=13.81  train/pred_vs_static=0.02203  train/grad_norm=0.5419  train/lr=0.0002969  train/samples_per_sec=1.586e+04
2026-09-16 07:14:12 [  16780] train/loss=0.1268  train/pred_loss=0.01042  train/sigreg_loss=1.293  train/emb_std=0.9994  train/emb_norm=13.81  train/pred_vs_static=0.02163  train/grad_norm=0.5722  train/lr=0.0002969  train/samples_per_sec=1.586e+04
2026-09-16 07:14:12 [  16800] train/loss=0.1269  train/pred_loss=0.01063  train/sigreg_loss=1.292  train/emb_std=0.9998  train/emb_norm=13.82  train/pred_vs_static=0.02221  train/grad_norm=0.5541  train/lr=0.0002969  train/samples_per_sec=1.586e+04
2026-09-16 07:14:13 [  16820] train/loss=0.1277  train/pred_loss=0.01052  train/sigreg_loss=1.302  train/emb_std=0.9994  train/emb_norm=13.81  train/pred_vs_static=0.02222  train/grad_norm=0.5781  train/lr=0.0002969  train/samples_per_sec=1.587e+04
2026-09-16 07:14:14 [  16840] train/loss=0.129  train/pred_loss=0.01073  train/sigreg_loss=1.314  train/emb_std=0.9994  train/emb_norm=13.8  train/pred_vs_static=0.0227  train/grad_norm=0.57  train/lr=0.0002969  train/samples_per_sec=1.587e+04
2026-09-16 07:14:14 [  16860] train/loss=0.1285  train/pred_loss=0.01059  train/sigreg_loss=1.31  train/emb_std=0.9996  train/emb_norm=13.82  train/pred_vs_static=0.02248  train/grad_norm=0.5545  train/lr=0.0002969  train/samples_per_sec=1.587e+04
2026-09-16 07:14:15 [  16880] train/loss=0.1264  train/pred_loss=0.0106  train/sigreg_loss=1.287  train/emb_std=0.9994  train/emb_norm=13.81  train/pred_vs_static=0.0225  train/grad_norm=0.5608  train/lr=0.0002969  train/samples_per_sec=1.587e+04
2026-09-16 07:14:16 [  16900] train/loss=0.1284  train/pred_loss=0.01061  train/sigreg_loss=1.309  train/emb_std=0.9996  train/emb_norm=13.81  train/pred_vs_static=0.02245  train/grad_norm=0.5875  train/lr=0.0002968  train/samples_per_sec=1.587e+04
2026-09-16 07:14:16 [  16920] train/loss=0.1273  train/pred_loss=0.01071  train/sigreg_loss=1.296  train/emb_std=0.9998  train/emb_norm=13.82  train/pred_vs_static=0.0226  train/grad_norm=0.5848  train/lr=0.0002968  train/samples_per_sec=1.588e+04
2026-09-16 07:14:17 [  16940] train/loss=0.1274  train/pred_loss=0.01056  train/sigreg_loss=1.298  train/emb_std=0.9996  train/emb_norm=13.81  train/pred_vs_static=0.02219  train/grad_norm=0.5584  train/lr=0.0002968  train/samples_per_sec=1.588e+04
2026-09-16 07:14:18 [  16960] train/loss=0.1261  train/pred_loss=0.01041  train/sigreg_loss=1.286  train/emb_std=0.9992  train/emb_norm=13.81  train/pred_vs_static=0.02203  train/grad_norm=0.5405  train/lr=0.0002968  train/samples_per_sec=1.588e+04
2026-09-16 07:14:18 [  16980] train/loss=0.1278  train/pred_loss=0.01056  train/sigreg_loss=1.302  train/emb_std=0.9996  train/emb_norm=13.82  train/pred_vs_static=0.02244  train/grad_norm=0.57  train/lr=0.0002968  train/samples_per_sec=1.588e+04
2026-09-16 07:14:19 [  17000] train/loss=0.129  train/pred_loss=0.01084  train/sigreg_loss=1.314  train/emb_std=0.9994  train/emb_norm=13.81  train/pred_vs_static=0.02293  train/grad_norm=0.5877  train/lr=0.0002968  train/samples_per_sec=1.588e+04
2026-09-16 07:14:20 [  17020] train/loss=0.1276  train/pred_loss=0.01041  train/sigreg_loss=1.303  train/emb_std=0.9998  train/emb_norm=13.81  train/pred_vs_static=0.0221  train/grad_norm=0.5555  train/lr=0.0002968  train/samples_per_sec=1.589e+04
2026-09-16 07:14:20 [  17040] train/loss=0.128  train/pred_loss=0.01056  train/sigreg_loss=1.305  train/emb_std=1  train/emb_norm=13.82  train/pred_vs_static=0.02235  train/grad_norm=0.5788  train/lr=0.0002968  train/samples_per_sec=1.589e+04
2026-09-16 07:14:21 [  17060] train/loss=0.1276  train/pred_loss=0.01055  train/sigreg_loss=1.3  train/emb_std=0.999  train/emb_norm=13.81  train/pred_vs_static=0.0223  train/grad_norm=0.5548  train/lr=0.0002968  train/samples_per_sec=1.589e+04
2026-09-16 07:14:21 [  17080] train/loss=0.1278  train/pred_loss=0.01038  train/sigreg_loss=1.305  train/emb_std=0.9998  train/emb_norm=13.83  train/pred_vs_static=0.02186  train/grad_norm=0.5618  train/lr=0.0002968  train/samples_per_sec=1.589e+04
2026-09-16 07:14:22 [  17100] train/loss=0.128  train/pred_loss=0.01047  train/sigreg_loss=1.305  train/emb_std=0.9994  train/emb_norm=13.81  train/pred_vs_static=0.02216  train/grad_norm=0.5724  train/lr=0.0002967  train/samples_per_sec=1.589e+04
2026-09-16 07:14:23 [  17120] train/loss=0.1261  train/pred_loss=0.01066  train/sigreg_loss=1.282  train/emb_std=0.9998  train/emb_norm=13.81  train/pred_vs_static=0.02235  train/grad_norm=0.5689  train/lr=0.0002967  train/samples_per_sec=1.589e+04
2026-09-16 07:14:23 [  17140] train/loss=0.1291  train/pred_loss=0.01065  train/sigreg_loss=1.316  train/emb_std=0.9996  train/emb_norm=13.82  train/pred_vs_static=0.02247  train/grad_norm=0.5948  train/lr=0.0002967  train/samples_per_sec=1.589e+04
2026-09-16 07:14:24 [  17160] train/loss=0.1272  train/pred_loss=0.01062  train/sigreg_loss=1.296  train/emb_std=0.9998  train/emb_norm=13.82  train/pred_vs_static=0.02253  train/grad_norm=0.5764  train/lr=0.0002967  train/samples_per_sec=1.59e+04
2026-09-16 07:14:25 [  17180] train/loss=0.1271  train/pred_loss=0.01037  train/sigreg_loss=1.298  train/emb_std=0.999  train/emb_norm=13.81  train/pred_vs_static=0.02189  train/grad_norm=0.5713  train/lr=0.0002967  train/samples_per_sec=1.59e+04
2026-09-16 07:14:25 [  17200] train/loss=0.129  train/pred_loss=0.01046  train/sigreg_loss=1.317  train/emb_std=0.9992  train/emb_norm=13.81  train/pred_vs_static=0.02218  train/grad_norm=0.5831  train/lr=0.0002967  train/samples_per_sec=1.59e+04
2026-09-16 07:14:26 [  17220] train/loss=0.127  train/pred_loss=0.01037  train/sigreg_loss=1.296  train/emb_std=1  train/emb_norm=13.82  train/pred_vs_static=0.02185  train/grad_norm=0.555  train/lr=0.0002967  train/samples_per_sec=1.59e+04
2026-09-16 07:14:27 [  17240] train/loss=0.1258  train/pred_loss=0.01042  train/sigreg_loss=1.283  train/emb_std=0.999  train/emb_norm=13.81  train/pred_vs_static=0.0221  train/grad_norm=0.5655  train/lr=0.0002967  train/samples_per_sec=1.59e+04
2026-09-16 07:14:27 [  17260] train/loss=0.1275  train/pred_loss=0.01034  train/sigreg_loss=1.302  train/emb_std=0.9986  train/emb_norm=13.81  train/pred_vs_static=0.02189  train/grad_norm=0.5738  train/lr=0.0002967  train/samples_per_sec=1.59e+04
2026-09-16 07:14:28 [  17280] train/loss=0.1278  train/pred_loss=0.01052  train/sigreg_loss=1.303  train/emb_std=1  train/emb_norm=13.82  train/pred_vs_static=0.0221  train/grad_norm=0.5854  train/lr=0.0002967  train/samples_per_sec=1.59e+04
2026-09-16 07:14:29 [  17300] train/loss=0.1273  train/pred_loss=0.01051  train/sigreg_loss=1.297  train/emb_std=0.9996  train/emb_norm=13.82  train/pred_vs_static=0.02229  train/grad_norm=0.5838  train/lr=0.0002966  train/samples_per_sec=1.59e+04
2026-09-16 07:14:29 [  17320] train/loss=0.1266  train/pred_loss=0.01042  train/sigreg_loss=1.29  train/emb_std=0.9998  train/emb_norm=13.82  train/pred_vs_static=0.02202  train/grad_norm=0.5544  train/lr=0.0002966  train/samples_per_sec=1.591e+04
2026-09-16 07:14:30 [  17340] train/loss=0.127  train/pred_loss=0.01034  train/sigreg_loss=1.296  train/emb_std=0.9998  train/emb_norm=13.82  train/pred_vs_static=0.02181  train/grad_norm=0.5605  train/lr=0.0002966  train/samples_per_sec=1.591e+04
2026-09-16 07:14:30 [  17360] train/loss=0.1272  train/pred_loss=0.01035  train/sigreg_loss=1.299  train/emb_std=0.9998  train/emb_norm=13.82  train/pred_vs_static=0.02196  train/grad_norm=0.5652  train/lr=0.0002966  train/samples_per_sec=1.591e+04
2026-09-16 07:14:31 [  17380] train/loss=0.1276  train/pred_loss=0.01048  train/sigreg_loss=1.301  train/emb_std=0.9996  train/emb_norm=13.81  train/pred_vs_static=0.02214  train/grad_norm=0.5686  train/lr=0.0002966  train/samples_per_sec=1.591e+04
2026-09-16 07:14:32 [  17400] train/loss=0.1259  train/pred_loss=0.01055  train/sigreg_loss=1.282  train/emb_std=0.9992  train/emb_norm=13.82  train/pred_vs_static=0.02235  train/grad_norm=0.5578  train/lr=0.0002966  train/samples_per_sec=1.591e+04
2026-09-16 07:14:32 [  17420] train/loss=0.1275  train/pred_loss=0.01036  train/sigreg_loss=1.302  train/emb_std=0.9992  train/emb_norm=13.8  train/pred_vs_static=0.02193  train/grad_norm=0.5547  train/lr=0.0002966  train/samples_per_sec=1.591e+04
2026-09-16 07:14:33 [  17440] train/loss=0.127  train/pred_loss=0.01045  train/sigreg_loss=1.295  train/emb_std=1  train/emb_norm=13.82  train/pred_vs_static=0.02232  train/grad_norm=0.5671  train/lr=0.0002966  train/samples_per_sec=1.591e+04
2026-09-16 07:14:34 [  17460] train/loss=0.128  train/pred_loss=0.01065  train/sigreg_loss=1.305  train/emb_std=0.9998  train/emb_norm=13.82  train/pred_vs_static=0.02258  train/grad_norm=0.5694  train/lr=0.0002966  train/samples_per_sec=1.591e+04
2026-09-16 07:14:34 [  17480] train/loss=0.1256  train/pred_loss=0.01034  train/sigreg_loss=1.281  train/emb_std=0.9996  train/emb_norm=13.81  train/pred_vs_static=0.02198  train/grad_norm=0.559  train/lr=0.0002966  train/samples_per_sec=1.591e+04
2026-09-16 07:14:35 [  17500] train/loss=0.1272  train/pred_loss=0.01037  train/sigreg_loss=1.297  train/emb_std=1  train/emb_norm=13.82  train/pred_vs_static=0.02211  train/grad_norm=0.562  train/lr=0.0002965  train/samples_per_sec=1.591e+04
2026-09-16 07:14:36 [  17520] train/loss=0.1265  train/pred_loss=0.01049  train/sigreg_loss=1.29  train/emb_std=0.9992  train/emb_norm=13.82  train/pred_vs_static=0.02222  train/grad_norm=0.563  train/lr=0.0002965  train/samples_per_sec=1.592e+04
2026-09-16 07:14:36 [  17540] train/loss=0.128  train/pred_loss=0.01043  train/sigreg_loss=1.306  train/emb_std=0.999  train/emb_norm=13.81  train/pred_vs_static=0.02226  train/grad_norm=0.5775  train/lr=0.0002965  train/samples_per_sec=1.592e+04
2026-09-16 07:14:37 [  17560] train/loss=0.1268  train/pred_loss=0.01043  train/sigreg_loss=1.293  train/emb_std=1  train/emb_norm=13.82  train/pred_vs_static=0.02227  train/grad_norm=0.5602  train/lr=0.0002965  train/samples_per_sec=1.592e+04
2026-09-16 07:14:37 [  17580] train/loss=0.127  train/pred_loss=0.01058  train/sigreg_loss=1.294  train/emb_std=0.9992  train/emb_norm=13.81  train/pred_vs_static=0.02275  train/grad_norm=0.5661  train/lr=0.0002965  train/samples_per_sec=1.592e+04
2026-09-16 07:14:38 [  17600] train/loss=0.1271  train/pred_loss=0.01036  train/sigreg_loss=1.297  train/emb_std=1  train/emb_norm=13.82  train/pred_vs_static=0.02201  train/grad_norm=0.5724  train/lr=0.0002965  train/samples_per_sec=1.592e+04
2026-09-16 07:14:39 [  17620] train/loss=0.127  train/pred_loss=0.01028  train/sigreg_loss=1.297  train/emb_std=0.9988  train/emb_norm=13.81  train/pred_vs_static=0.02212  train/grad_norm=0.5722  train/lr=0.0002965  train/samples_per_sec=1.592e+04
2026-09-16 07:14:39 [  17640] train/loss=0.1271  train/pred_loss=0.01037  train/sigreg_loss=1.298  train/emb_std=0.9998  train/emb_norm=13.82  train/pred_vs_static=0.02222  train/grad_norm=0.5732  train/lr=0.0002965  train/samples_per_sec=1.592e+04
2026-09-16 07:14:40 [  17660] train/loss=0.1258  train/pred_loss=0.01035  train/sigreg_loss=1.283  train/emb_std=0.9996  train/emb_norm=13.81  train/pred_vs_static=0.02212  train/grad_norm=0.5531  train/lr=0.0002965  train/samples_per_sec=1.592e+04
2026-09-16 07:14:41 [  17680] train/loss=0.1249  train/pred_loss=0.01036  train/sigreg_loss=1.273  train/emb_std=1  train/emb_norm=13.81  train/pred_vs_static=0.02219  train/grad_norm=0.5401  train/lr=0.0002964  train/samples_per_sec=1.592e+04
2026-09-16 07:14:41 [  17700] train/loss=0.1257  train/pred_loss=0.01022  train/sigreg_loss=1.282  train/emb_std=0.9998  train/emb_norm=13.82  train/pred_vs_static=0.02168  train/grad_norm=0.5244  train/lr=0.0002964  train/samples_per_sec=1.592e+04
2026-09-16 07:14:42 [  17720] train/loss=0.1265  train/pred_loss=0.0104  train/sigreg_loss=1.29  train/emb_std=0.9998  train/emb_norm=13.82  train/pred_vs_static=0.02213  train/grad_norm=0.5712  train/lr=0.0002964  train/samples_per_sec=1.592e+04
2026-09-16 07:14:43 [  17740] train/loss=0.1275  train/pred_loss=0.01051  train/sigreg_loss=1.3  train/emb_std=0.9992  train/emb_norm=13.81  train/pred_vs_static=0.02242  train/grad_norm=0.5535  train/lr=0.0002964  train/samples_per_sec=1.592e+04
2026-09-16 07:14:43 [  17760] train/loss=0.1261  train/pred_loss=0.01031  train/sigreg_loss=1.286  train/emb_std=0.9994  train/emb_norm=13.81  train/pred_vs_static=0.0219  train/grad_norm=0.5523  train/lr=0.0002964  train/samples_per_sec=1.592e+04
2026-09-16 07:14:44 [  17780] train/loss=0.1269  train/pred_loss=0.01045  train/sigreg_loss=1.294  train/emb_std=0.999  train/emb_norm=13.81  train/pred_vs_static=0.02239  train/grad_norm=0.5732  train/lr=0.0002964  train/samples_per_sec=1.593e+04
2026-09-16 07:14:45 [  17800] train/loss=0.1251  train/pred_loss=0.01035  train/sigreg_loss=1.275  train/emb_std=0.9996  train/emb_norm=13.82  train/pred_vs_static=0.02199  train/grad_norm=0.573  train/lr=0.0002964  train/samples_per_sec=1.593e+04
2026-09-16 07:14:45 [  17820] train/loss=0.1258  train/pred_loss=0.01017  train/sigreg_loss=1.285  train/emb_std=0.9994  train/emb_norm=13.81  train/pred_vs_static=0.02172  train/grad_norm=0.5444  train/lr=0.0002964  train/samples_per_sec=1.593e+04
2026-09-16 07:14:46 [  17840] train/loss=0.1263  train/pred_loss=0.01035  train/sigreg_loss=1.289  train/emb_std=0.999  train/emb_norm=13.81  train/pred_vs_static=0.0222  train/grad_norm=0.5447  train/lr=0.0002964  train/samples_per_sec=1.593e+04
2026-09-16 07:14:46 [  17860] train/loss=0.1265  train/pred_loss=0.01028  train/sigreg_loss=1.291  train/emb_std=0.9996  train/emb_norm=13.81  train/pred_vs_static=0.02205  train/grad_norm=0.5582  train/lr=0.0002964  train/samples_per_sec=1.593e+04
2026-09-16 07:14:47 [  17880] train/loss=0.1253  train/pred_loss=0.01028  train/sigreg_loss=1.279  train/emb_std=0.9994  train/emb_norm=13.81  train/pred_vs_static=0.02218  train/grad_norm=0.5568  train/lr=0.0002963  train/samples_per_sec=1.593e+04
2026-09-16 07:14:48 [  17900] train/loss=0.1254  train/pred_loss=0.01027  train/sigreg_loss=1.278  train/emb_std=1  train/emb_norm=13.82  train/pred_vs_static=0.02207  train/grad_norm=0.5487  train/lr=0.0002963  train/samples_per_sec=1.593e+04
2026-09-16 07:14:48 [  17920] train/loss=0.1256  train/pred_loss=0.0102  train/sigreg_loss=1.282  train/emb_std=0.9996  train/emb_norm=13.81  train/pred_vs_static=0.02182  train/grad_norm=0.5708  train/lr=0.0002963  train/samples_per_sec=1.593e+04
2026-09-16 07:14:49 [  17940] train/loss=0.1263  train/pred_loss=0.0104  train/sigreg_loss=1.288  train/emb_std=0.9992  train/emb_norm=13.81  train/pred_vs_static=0.02214  train/grad_norm=0.5523  train/lr=0.0002963  train/samples_per_sec=1.593e+04
2026-09-16 07:14:50 [  17960] train/loss=0.1262  train/pred_loss=0.01021  train/sigreg_loss=1.289  train/emb_std=1  train/emb_norm=13.82  train/pred_vs_static=0.02185  train/grad_norm=0.5704  train/lr=0.0002963  train/samples_per_sec=1.593e+04
2026-09-16 07:14:50 [  17980] train/loss=0.1266  train/pred_loss=0.01031  train/sigreg_loss=1.292  train/emb_std=1  train/emb_norm=13.82  train/pred_vs_static=0.02219  train/grad_norm=0.5623  train/lr=0.0002963  train/samples_per_sec=1.593e+04
2026-09-16 07:14:51 [  18000] train/loss=0.1266  train/pred_loss=0.01021  train/sigreg_loss=1.293  train/emb_std=0.9992  train/emb_norm=13.81  train/pred_vs_static=0.02192  train/grad_norm=0.5794  train/lr=0.0002963  train/samples_per_sec=1.593e+04
2026-09-16 07:14:51 [  18000] train_epoch/loss=0.1279  train_epoch/pred_loss=0.01058  train_epoch/sigreg_loss=1.303  train_epoch/emb_std=0.9996  train_epoch/emb_norm=13.81  train_epoch/pred_vs_static=0.02233  train_epoch/grad_norm=0.5706  train_epoch/lr=0.0002968  train_epoch/epoch=8
2026-09-16 07:14:51 [  18000] val/loss=1.013  val/pred_loss=0.008027  val/sigreg_loss=11.17  val/emb_std=0.9859  val/emb_norm=13.87  val/pred_vs_static=0.01767  val/epoch=8
2026-09-16 07:14:52 epoch   8 | val pred_vs_static 0.01767 | best 0.01767 @ epoch 8 | saved epoch_008.pt
2026-09-16 07:14:52 [  18020] train/loss=0.1255  train/pred_loss=0.01034  train/sigreg_loss=1.28  train/emb_std=0.9996  train/emb_norm=13.82  train/pred_vs_static=0.02223  train/grad_norm=0.5543  train/lr=0.0002963  train/samples_per_sec=1.28e+04
2026-09-16 07:14:53 [  18040] train/loss=0.1253  train/pred_loss=0.01026  train/sigreg_loss=1.278  train/emb_std=1  train/emb_norm=13.81  train/pred_vs_static=0.02182  train/grad_norm=0.5412  train/lr=0.0002963  train/samples_per_sec=1.417e+04
2026-09-16 07:14:54 [  18060] train/loss=0.126  train/pred_loss=0.01023  train/sigreg_loss=1.286  train/emb_std=0.9994  train/emb_norm=13.81  train/pred_vs_static=0.02189  train/grad_norm=0.5605  train/lr=0.0002962  train/samples_per_sec=1.473e+04
2026-09-16 07:14:54 [  18080] train/loss=0.1266  train/pred_loss=0.01015  train/sigreg_loss=1.294  train/emb_std=0.9988  train/emb_norm=13.81  train/pred_vs_static=0.02175  train/grad_norm=0.5831  train/lr=0.0002962  train/samples_per_sec=1.501e+04
2026-09-16 07:14:55 [  18100] train/loss=0.1249  train/pred_loss=0.01026  train/sigreg_loss=1.274  train/emb_std=0.999  train/emb_norm=13.8  train/pred_vs_static=0.02197  train/grad_norm=0.5618  train/lr=0.0002962  train/samples_per_sec=1.519e+04
2026-09-16 07:14:56 [  18120] train/loss=0.1249  train/pred_loss=0.01019  train/sigreg_loss=1.274  train/emb_std=1  train/emb_norm=13.83  train/pred_vs_static=0.02167  train/grad_norm=0.5602  train/lr=0.0002962  train/samples_per_sec=1.532e+04
2026-09-16 07:14:56 [  18140] train/loss=0.1239  train/pred_loss=0.0101  train/sigreg_loss=1.265  train/emb_std=0.9998  train/emb_norm=13.81  train/pred_vs_static=0.02173  train/grad_norm=0.5464  train/lr=0.0002962  train/samples_per_sec=1.54e+04
2026-09-16 07:14:57 [  18160] train/loss=0.1245  train/pred_loss=0.01025  train/sigreg_loss=1.27  train/emb_std=0.9994  train/emb_norm=13.82  train/pred_vs_static=0.02174  train/grad_norm=0.5429  train/lr=0.0002962  train/samples_per_sec=1.546e+04
2026-09-16 07:14:57 [  18180] train/loss=0.1265  train/pred_loss=0.01028  train/sigreg_loss=1.292  train/emb_std=0.9996  train/emb_norm=13.81  train/pred_vs_static=0.02213  train/grad_norm=0.5642  train/lr=0.0002962  train/samples_per_sec=1.551e+04
2026-09-16 07:14:58 [  18200] train/loss=0.1248  train/pred_loss=0.01023  train/sigreg_loss=1.273  train/emb_std=0.999  train/emb_norm=13.81  train/pred_vs_static=0.02184  train/grad_norm=0.5591  train/lr=0.0002962  train/samples_per_sec=1.555e+04
2026-09-16 07:14:59 [  18220] train/loss=0.1252  train/pred_loss=0.01024  train/sigreg_loss=1.278  train/emb_std=0.9986  train/emb_norm=13.81  train/pred_vs_static=0.02203  train/grad_norm=0.5634  train/lr=0.0002962  train/samples_per_sec=1.558e+04
2026-09-16 07:14:59 [  18240] train/loss=0.1253  train/pred_loss=0.01024  train/sigreg_loss=1.279  train/emb_std=0.9996  train/emb_norm=13.82  train/pred_vs_static=0.02191  train/grad_norm=0.5608  train/lr=0.0002962  train/samples_per_sec=1.561e+04
